id,level,operation,prediction_vi,"chrf_char_order=4,word_order=0","chrf_char_order=4,word_order=2","chrf_char_order=6,word_order=0","chrf_char_order=6,word_order=2"
vi-zh-2022-test-0001,0,identity,Năm 2022 là năm có ý nghĩa quan trọng trong phục hồi và phát triển kinh tế Việt Nam sau những tác động của dịch COVID - 19.,1.0,1.0,1.0,1.0
vi-zh-2022-test-0001,1,remove_one_tone,Nam 2022 là năm có ý nghĩa quan trọng trong phục hồi và phát triển kinh tế Việt Nam sau những tác động của dịch COVID - 19.,0.9814371824164049,0.9759252808884407,0.9803385962088024,0.97647931661473
vi-zh-2022-test-0001,2,remove_tones_and_drop_one_word,Nam 2022 la nam co y nghia quan trong trong phuc hoi va phat kinh te Viet Nam sau nhung tac đong cua dich COVID - 19.,0.5193087813711356,0.4280606294507118,0.41981191664370326,0.37625021632218003
vi-zh-2022-test-0001,3,word_dropout_15pct,Năm 2022 là có ý quan trọng trong phục hồi và kinh tế Việt Nam sau những tác động của dịch COVID - 19.,0.8008360989486544,0.8103794270263766,0.7703411238922946,0.7851319609660217
vi-zh-2022-test-0001,4,word_dropout_30pct_and_swap,Năm là 2022 có quan trọng phục hồi và phát triển kinh tế Việt Nam sau những tác động COVID,0.6947515691328175,0.6685086292407076,0.6500410977888997,0.6415360245567697
vi-zh-2022-test-0001,5,word_dropout_50pct_and_punctuation_remove,năm có ý nghĩa quan trong phục phát tế Việt động dịch COVID 19,0.4779528785202598,0.45507855789370744,0.4139976921446783,0.4128261940718499
vi-zh-2022-test-0002,0,identity,Sống chung với dịch COVID-19 không chỉ là vấn đề về y tế mà còn liên quan tới cả cách thức vận hành nền kinh tế và mọi hoạt động của xã hội.,1.0,1.0,1.0,1.0
vi-zh-2022-test-0002,1,remove_one_tone,Song chung với dịch COVID-19 không chỉ là vấn đề về y tế mà còn liên quan tới cả cách thức vận hành nền kinh tế và mọi hoạt động của xã hội.,0.9835334020949433,0.9790698022284768,0.9825808939034749,0.979471321051492
vi-zh-2022-test-0002,2,remove_tones_and_drop_one_word,Song chung voi dich COVID-19 khong chi la van đe ve y te ma con lien toi ca cach thuc van hanh nen kinh te va moi hoat đong cua xa hoi.,0.4093767298990929,0.29757289179286656,0.3134663310901982,0.2535910616918891
vi-zh-2022-test-0002,3,word_dropout_15pct,Sống chung dịch COVID-19 không chỉ là vấn về y tế mà còn liên quan tới cả cách thức hành nền kinh tế mọi động của xã hội.,0.8190701607191597,0.8123144088422096,0.7727578711978689,0.7792688820189612
vi-zh-2022-test-0002,4,word_dropout_30pct_and_swap,Sống dịch chung COVID-19 không chỉ là vấn đề mà liên quan tới cách thức hành kinh tế và hoạt động của hội.,0.6723747531394957,0.6433169773218447,0.5832926069231794,0.5837741920431265
vi-zh-2022-test-0002,5,word_dropout_50pct_and_punctuation_remove,chung dịch COVID-19 vấn về mà còn quan tới vận hành nền kinh động xã hội,0.4610316143135339,0.4348771441362025,0.38590394342911677,0.38506643328317286
vi-zh-2022-test-0003,0,identity,"Để nền kinh tế phát triển ổn định, sớm phục hồi, đại biểu Lê Minh Hoan, đoàn đại biểu Quốc hội tỉnh Đồng Tháp, cho rằng cần xem xét đến tính tự chủ của nền kinh tế, có chính sách nâng cao sức chủ động, sức chống chịu, tính tự chủ của nền kinh tế.",1.0,1.0,1.0,1.0
vi-zh-2022-test-0003,1,remove_one_tone,"Đe nền kinh tế phát triển ổn định, sớm phục hồi, đại biểu Lê Minh Hoan, đoàn đại biểu Quốc hội tỉnh Đồng Tháp, cho rằng cần xem xét đến tính tự chủ của nền kinh tế, có chính sách nâng cao sức chủ động, sức chống chịu, tính tự chủ của nền kinh tế.",0.9908030340266752,0.9885350146626033,0.990313108511431,0.9887345753671881
vi-zh-2022-test-0003,2,remove_tones_and_drop_one_word,"Đe nen kinh te phat trien on đinh, som phuc hoi, đai bieu Le Minh Hoan, đoan đai bieu Quoc hoi tinh Đong Thap, cho rang can xet đen tinh tu chu cua nen kinh te, co chinh sach nang cao suc chu đong, suc chong chiu, tinh tu chu cua nen kinh te.",0.4199517130987233,0.3278673412042108,0.30492246298607556,0.26461649654641356
vi-zh-2022-test-0003,3,word_dropout_15pct,"Để nền kinh tế phát triển ổn định, sớm phục hồi, biểu Lê Minh Hoan, đại biểu Quốc hội tỉnh Tháp, cho xem xét tính tự chủ của nền kinh tế, có chính sách nâng sức chủ động, sức chịu, tính tự chủ của nền kinh tế.",0.8308660797566002,0.8356769219528064,0.7942154349699684,0.8069891713175494
vi-zh-2022-test-0003,4,word_dropout_30pct_and_swap,"nền tế kinh phát định, sớm phục hồi, đại biểu Lê Minh Hoan, đại biểu Quốc hội Đồng Tháp, cho rằng cần xem đến tự chủ của nền kinh cao chủ động, chống chịu, tính tự chủ kinh",0.6570005932410425,0.6506497134419196,0.6007726615634398,0.6100662196173557
vi-zh-2022-test-0003,5,word_dropout_50pct_and_punctuation_remove,kinh phát triển ổn phục biểu Minh Hoan đại hội tỉnh Đồng Tháp xem đến tính tự nền kinh tế có sách nâng chủ động chống chịu tự,0.4537161361293252,0.4253676158765731,0.3834681575429617,0.3797705631919731
vi-zh-2022-test-0004,0,identity,"Sớm phục hồi kinh tế, sống chung an toàn với dịch COVID - 19",1.0,1.0,1.0,1.0
vi-zh-2022-test-0004,1,remove_one_tone,"Som phục hồi kinh tế, sống chung an toàn với dịch COVID - 19",0.9613365383716911,0.9512084858985879,0.9585359129934566,0.951640029983188
vi-zh-2022-test-0004,2,remove_tones_and_drop_one_word,"Som phuc hoi kinh te, song chung toan voi dich COVID - 19",0.538543620951455,0.45075883301319786,0.43411648144934906,0.3943846070381644
vi-zh-2022-test-0004,3,word_dropout_15pct,Sớm phục hồi kinh sống chung an toàn với dịch - 19,0.7844424060385733,0.7738280919124052,0.7429491438346397,0.7453580027979018
vi-zh-2022-test-0004,4,word_dropout_30pct_and_swap,"Sớm kinh hồi tế, sống an dịch COVID - 19",0.5463304827974087,0.5566581027169847,0.448958178904435,0.48107853997217026
vi-zh-2022-test-0004,5,word_dropout_50pct_and_punctuation_remove,hồi kinh tế toàn với - 19,0.3613783799702005,0.38194757358019615,0.3041043380819897,0.33391108317588314
vi-zh-2022-test-0005,0,identity,"Ngoài ra, một số tín hiệu về xuất nhập khẩu vẫn tăng trưởng.",1.0,1.0,1.0,1.0
vi-zh-2022-test-0005,1,remove_one_tone,"Ngoai ra, một số tín hiệu về xuất nhập khẩu vẫn tăng trưởng.",0.9456267987460172,0.9407353261481383,0.933095808043504,0.9325599512707231
vi-zh-2022-test-0005,2,remove_tones_and_drop_one_word,"Ngoai ra, mot so tin hieu xuat nhap khau van tang truong.",0.36287311706586173,0.28778091823376706,0.24573804755077064,0.21870266167745092
vi-zh-2022-test-0005,3,word_dropout_15pct,"Ngoài ra, một số tín hiệu xuất nhập vẫn tăng trưởng.",0.8264916245274503,0.8219491697115926,0.7754749653672215,0.7848213633323367
vi-zh-2022-test-0005,4,word_dropout_30pct_and_swap,một tín số về nhập khẩu vẫn tăng trưởng.,0.5748329291522069,0.5663788661858716,0.5279602094539034,0.5333396948769346
vi-zh-2022-test-0005,5,word_dropout_50pct_and_punctuation_remove,Ngoài tín hiệu về xuất nhập,0.4589564228009331,0.4365770432310172,0.4190826398804173,0.4122327753928131
vi-zh-2022-test-0006,0,identity,Chắc chắn Quốc hội sẽ ban hành Nghị quyết nói rõ vấn đề này.,1.0,1.0,1.0,1.0
vi-zh-2022-test-0006,1,remove_one_tone,Chac chắn Quốc hội sẽ ban hành Nghị quyết nói rõ vấn đề này.,0.9500991646343173,0.9437169034070052,0.9432001075413722,0.9401381758941245
vi-zh-2022-test-0006,2,remove_tones_and_drop_one_word,Chac chan Quoc hoi se ban hanh quyet noi ro van đe nay.,0.2958431530565861,0.2197526580017212,0.1972287687043908,0.1648144935012909
vi-zh-2022-test-0006,3,word_dropout_15pct,Quốc hội sẽ ban hành Nghị quyết nói rõ vấn đề này.,0.8541227980632506,0.8649332485135833,0.8505873301650015,0.8595952577897686
vi-zh-2022-test-0006,4,word_dropout_30pct_and_swap,Chắc sẽ chắn ban hành Nghị quyết rõ vấn đề,0.6002445482689174,0.5833624517264044,0.5176372243289653,0.5256205902870029
vi-zh-2022-test-0006,5,word_dropout_50pct_and_punctuation_remove,hội ban Nghị quyết nói rõ vấn,0.4526535949924339,0.4426403698981509,0.41230811886687113,0.414873302632224
vi-zh-2022-test-0007,0,identity,"Về phòng chống dịch, cần đặt trọng tâm vào chủ trương thích ứng an toàn, linh hoạt và có hiệu quả với dịch bệnh, điều kiện tiên quyết là bao phủ vaccine.",1.0,1.0,1.0,1.0
vi-zh-2022-test-0007,1,remove_one_tone,"Ve phòng chống dịch, cần đặt trọng tâm vào chủ trương thích ứng an toàn, linh hoạt và có hiệu quả với dịch bệnh, điều kiện tiên quyết là bao phủ vaccine.",0.9854502409282369,0.9809086262272902,0.9846262990127596,0.9814260734659189
vi-zh-2022-test-0007,2,remove_tones_and_drop_one_word,"Ve phong chong dich, can đat trong tam vao chu truong thich ung an toan, linh va co hieu qua voi dich benh, đieu kien tien quyet la bao phu vaccine.",0.432347503961023,0.33505433683693225,0.3096239210886458,0.26733494619454556
vi-zh-2022-test-0007,3,word_dropout_15pct,"Về phòng chống dịch, cần đặt trọng tâm vào chủ trương thích an toàn, linh hoạt và với bệnh, điều kiện tiên quyết là bao phủ vaccine.",0.8522291860528819,0.8481273614996624,0.8291481145480603,0.8318417249953192
vi-zh-2022-test-0007,4,word_dropout_30pct_and_swap,"Về chống phòng dịch, cần đặt tâm vào thích an toàn, linh hoạt hiệu quả với dịch bệnh, điều là bao phủ",0.6125882718870751,0.6130248593038008,0.545830140996261,0.562856623932426
vi-zh-2022-test-0007,5,word_dropout_50pct_and_punctuation_remove,phòng trọng tâm vào chủ trương ứng toàn linh và có hiệu kiện tiên quyết phủ,0.45482508088621076,0.4296521515415927,0.3951702696474986,0.39120013958311534
vi-zh-2022-test-0008,0,identity,"Việt Nam không thể đóng cửa mãi, mà phải mở cửa để giải quyết việc làm, thu nhập, phát triển kinh tế - xã hội.",1.0,1.0,1.0,1.0
vi-zh-2022-test-0008,1,remove_one_tone,"Viet Nam không thể đóng cửa mãi, mà phải mở cửa để giải quyết việc làm, thu nhập, phát triển kinh tế - xã hội.",0.9732459543077528,0.9704644621493393,0.9698935690567193,0.9686455462506678
vi-zh-2022-test-0008,2,remove_tones_and_drop_one_word,"Viet Nam khong the đong cua mai, ma phai mo cua đe quyet viec lam, thu nhap, phat trien kinh te - xa hoi.",0.4123071608267378,0.3271640837402636,0.29755182302012295,0.2623833814916948
vi-zh-2022-test-0008,3,word_dropout_15pct,"Việt Nam không đóng cửa mãi, mà phải cửa để quyết việc làm, thu nhập, phát triển kinh tế - hội.",0.8193989634273753,0.8165730524074504,0.7690052648365442,0.7794837671300385
vi-zh-2022-test-0008,4,word_dropout_30pct_and_swap,"Việt đóng thể mãi, mà phải mở cửa để giải quyết việc làm, nhập, kinh tế - xã",0.6469868699039969,0.6538177142268153,0.5845853143207256,0.6053211122314458
vi-zh-2022-test-0008,5,word_dropout_50pct_and_punctuation_remove,không đóng cửa mãi phải mở để làm kinh tế xã hội,0.3600124978870416,0.3520222313555035,0.2841046249281621,0.29708644150722974
vi-zh-2022-test-0009,0,identity,Năm 2021 là năm Việt Nam bắt đầu thực hiện Chiến lược bình đẳng giới của giai đoạn mới (2021- 2026).,1.0,1.0,1.0,1.0
vi-zh-2022-test-0009,1,remove_one_tone,Nam 2021 là năm Việt Nam bắt đầu thực hiện Chiến lược bình đẳng giới của giai đoạn mới (2021- 2026).,0.9776421231721867,0.9702726143941058,0.9762643394247327,0.9710816537780356
vi-zh-2022-test-0009,2,remove_tones_and_drop_one_word,Nam 2021 la nam Viet Nam bat đau thuc hien luoc binh đang gioi cua giai đoan moi (2021- 2026).,0.4876393108361631,0.3992021122681059,0.3832010519042661,0.34298293422674475
vi-zh-2022-test-0009,3,word_dropout_15pct,Năm năm Việt Nam bắt đầu thực hiện lược bình đẳng giới của giai đoạn mới (2021- 2026).,0.8547807908029833,0.8510643534337102,0.8335925317965542,0.8361032722436534
vi-zh-2022-test-0009,4,word_dropout_30pct_and_swap,2021 năm là Việt Nam bắt đầu thực hiện Chiến lược của mới (2021- 2026).,0.6517571762864243,0.6526430528573997,0.603737250631332,0.616414475781597
vi-zh-2022-test-0009,5,word_dropout_50pct_and_punctuation_remove,Năm 2021 năm Nam hiện lược đẳng của giai đoạn,0.3749956944123891,0.35748204960261654,0.2974309721733958,0.3036847274971703
vi-zh-2022-test-0010,0,identity,"Các nghiên cứu khác cũng cho thấy dịch Covid-19 đã tác động sâu sắc đối với phụ nữ, những người có nguy cơ mất việc làm cao hơn nhiều so với nam giới, trong khi vẫn phải đảm nhận gánh nặng trong sóc gia đình, con cái khi các trường học bị đóng cửa.",1.0,1.0,1.0,1.0
vi-zh-2022-test-0010,1,remove_one_tone,"Cac nghiên cứu khác cũng cho thấy dịch Covid-19 đã tác động sâu sắc đối với phụ nữ, những người có nguy cơ mất việc làm cao hơn nhiều so với nam giới, trong khi vẫn phải đảm nhận gánh nặng trong sóc gia đình, con cái khi các trường học bị đóng cửa.",0.9909457888885237,0.9881663194324378,0.9904642725960234,0.988500049577084
vi-zh-2022-test-0010,2,remove_tones_and_drop_one_word,"Cac nghien cuu khac cung cho thay dich Covid-19 đa tac đong sau sac đoi voi phu nu, nhung nguoi co nguy co mat viec lam cao nhieu so voi nam gioi, trong khi van phai đam nhan ganh nang trong soc gia đinh, con cai khi cac truong hoc bi đong cua.",0.4731596311408628,0.3703786981030728,0.3592996955985418,0.3106789793509657
vi-zh-2022-test-0010,3,word_dropout_15pct,"Các nghiên cứu khác cũng cho thấy dịch đã động sâu sắc đối phụ những người có nguy cơ mất việc làm cao hơn nhiều so với nam giới, trong khi vẫn phải đảm gánh trong sóc gia đình, con khi các trường học đóng cửa.",0.8184042601241164,0.8116903114053815,0.7795533055159541,0.7842305419881807
vi-zh-2022-test-0010,4,word_dropout_30pct_and_swap,"Các khác nghiên cũng cho thấy dịch Covid-19 sâu sắc đối phụ nữ, người nguy cơ mất việc làm cao hơn nhiều với trong khi vẫn phải đảm gánh nặng trong gia đình, con các trường học đóng",0.7006162244551429,0.6708628077693386,0.637140617882994,0.6306972184144432
vi-zh-2022-test-0010,5,word_dropout_50pct_and_punctuation_remove,nghiên cứu cũng thấy Covid-19 tác sâu đối phụ những có mất việc làm hơn so với nam giới trong đảm nhận nặng trong đình trường đóng,0.4442301739198623,0.4094238083715657,0.3560999858040854,0.35202913793362983
vi-zh-2022-test-0011,0,identity,"Riêng đối với Việt Nam, từ năm 2020 đến nay, Việt Nam đã trải qua 4 đợt bùng phát dịch, tác động nghiêm trọng tới tất cả các lĩnh vực của nền kinh tế - xã hội, gây thách thức cho việc thực hiện bình đẳng giới và vì sự tiến bộ phụ nữ cũng như việc triển khai thực hiện các mục tiêu chiến lược quốc gia về bình đẳng giới.",1.0,1.0,1.0,1.0
vi-zh-2022-test-0011,1,remove_one_tone,"Rieng đối với Việt Nam, từ năm 2020 đến nay, Việt Nam đã trải qua 4 đợt bùng phát dịch, tác động nghiêm trọng tới tất cả các lĩnh vực của nền kinh tế - xã hội, gây thách thức cho việc thực hiện bình đẳng giới và vì sự tiến bộ phụ nữ cũng như việc triển khai thực hiện các mục tiêu chiến lược quốc gia về bình đẳng giới.",0.9908576390082946,0.9895476080515538,0.9897982991756031,0.9890806109162206
vi-zh-2022-test-0011,2,remove_tones_and_drop_one_word,"Rieng đoi voi Viet Nam, tu nam 2020 đen nay, Viet Nam đa trai qua 4 đot bung phat dich, tac đong nghiem trong toi tat ca cac linh vuc cua nen kinh te - xa gay thach thuc cho viec thuc hien binh đang gioi va vi su tien bo phu nu cung nhu viec trien khai thuc hien cac muc tieu chien luoc quoc gia ve binh đang gioi.",0.4192204376142535,0.31873167510554984,0.30006779752223667,0.25448938788679787
vi-zh-2022-test-0011,3,word_dropout_15pct,"Riêng đối Việt Nam, từ năm đến nay, Việt Nam đã trải 4 đợt bùng phát dịch, tác động tới cả các lĩnh vực nền tế - xã hội, gây thách thức cho việc thực hiện bình đẳng giới và vì sự phụ nữ cũng như việc triển khai thực hiện các mục tiêu chiến lược quốc về bình đẳng giới.",0.8174302996583468,0.8184928544908888,0.7820254401708833,0.791675326343245
vi-zh-2022-test-0011,4,word_dropout_30pct_and_swap,"đối từ với năm 2020 đến nay, Việt Nam trải đợt phát trọng tới tất cả các lĩnh của nền kinh tế - xã hội, gây thách thức cho việc thực hiện bình giới và vì bộ nữ như việc thực hiện các mục tiêu chiến lược quốc gia đẳng",0.6379832929058313,0.6325474261330581,0.592493860416214,0.5997895213629951
vi-zh-2022-test-0011,5,word_dropout_50pct_and_punctuation_remove,Riêng với Việt Nam từ năm đến trải đợt phát dịch trọng tới tất cả lĩnh của nền xã hội gây thức thực bình đẳng vì bộ nữ việc triển thực mục lược gia đẳng giới,0.41404782221035596,0.3927595633993874,0.3264013413728432,0.33234618326991805
vi-zh-2022-test-0012,0,identity,"Báo cáo về tình hình kinh tế - xã hội năm 2021 dự kiến kế hoạch phát triển kinh tế xã hội năm 2022, tại phiên khai mạc kỳ họp thứ 2, Quốc hội khóa XV sáng 20/10, Thủ tướng Phạm Minh Chính khái quát lại những kết quả quan trọng mà Việt Nam đạt được trên các lĩnh vực, trong đó đặc biệt nhấn mạnh đến công tác phòng chống dịch COVID - 19.",1.0,1.0,1.0,1.0
vi-zh-2022-test-0012,1,remove_one_tone,"Bao cáo về tình hình kinh tế - xã hội năm 2021 dự kiến kế hoạch phát triển kinh tế xã hội năm 2022, tại phiên khai mạc kỳ họp thứ 2, Quốc hội khóa XV sáng 20/10, Thủ tướng Phạm Minh Chính khái quát lại những kết quả quan trọng mà Việt Nam đạt được trên các lĩnh vực, trong đó đặc biệt nhấn mạnh đến công tác phòng chống dịch COVID - 19.",0.9932765138608782,0.9913246379325686,0.9929286693819502,0.99155172355545
vi-zh-2022-test-0012,2,remove_tones_and_drop_one_word,"Bao cao ve tinh hinh kinh te - xa hoi nam 2021 du kien ke hoach phat trien kinh te xa hoi nam 2022, tai phien khai mac ky hop thu 2, Quoc hoi khoa XV sang Thu tuong Pham Minh Chinh khai quat lai nhung ket qua quan trong ma Viet Nam đat đuoc tren cac linh vuc, trong đo đac biet nhan manh đen cong tac phong chong dich COVID - 19.",0.4396939068028277,0.34563419448086163,0.3243301262567803,0.28262628682410296
vi-zh-2022-test-0012,3,word_dropout_15pct,"Báo cáo về kinh tế - xã hội 2021 dự kiến kế phát tế xã hội năm 2022, tại phiên khai mạc kỳ họp thứ 2, Quốc hội khóa XV sáng 20/10, Thủ tướng Phạm Minh khái quát những kết quả mà Việt Nam đạt được trên các lĩnh vực, trong đó đặc biệt mạnh đến công tác phòng chống dịch COVID - 19.",0.8156158856357315,0.8218214216848824,0.783362366980737,0.7960860263381258
vi-zh-2022-test-0012,4,word_dropout_30pct_and_swap,"Báo tình về hình kinh tế - xã năm 2021 dự kiến kế hoạch kinh tế 2022, tại phiên khai kỳ họp thứ 2, hội XV sáng 20/10, Thủ tướng Phạm Minh Chính quát lại kết quả quan trọng mà được trên các lĩnh vực, nhấn công tác phòng COVID - 19.",0.6413423694749352,0.6454347646840336,0.5859805892217744,0.6028946569188758
vi-zh-2022-test-0012,5,word_dropout_50pct_and_punctuation_remove,cáo về kinh tế - năm 2021 dự phát triển tế xã hội 2022 kỳ hội sáng 20/10 Thủ tướng Minh Chính quát những kết quả trọng mà lĩnh vực đặc nhấn mạnh đến tác phòng dịch -,0.4339070469629819,0.4202257542207717,0.36149465027927297,0.36933615786561264
vi-zh-2022-test-0013,0,identity,"Tập trung phục hồi kinh tế, duy trì các động lực tăng trưởng",1.0,1.0,1.0,1.0
vi-zh-2022-test-0013,1,remove_one_tone,"Tap trung phục hồi kinh tế, duy trì các động lực tăng trưởng",0.9621726924658239,0.9500565202519412,0.9594540994169622,0.9510466185187656
vi-zh-2022-test-0013,2,remove_tones_and_drop_one_word,"Tap trung phuc hoi kinh te, tri cac đong luc tang truong",0.4253953707365333,0.3198291259883098,0.3223618132909547,0.26894548452753975
vi-zh-2022-test-0013,3,word_dropout_15pct,Tập trung phục hồi kinh duy trì động lực tăng trưởng,0.8264916245274503,0.7956486654006073,0.7754749653672215,0.7651069575299492
vi-zh-2022-test-0013,4,word_dropout_30pct_and_swap,Tập phục trung hồi duy trì các động lực,0.5479882792860847,0.5362743168801516,0.46500537063696534,0.4769658408274349
vi-zh-2022-test-0013,5,word_dropout_50pct_and_punctuation_remove,phục hồi kinh động tăng trưởng,0.48749672449874687,0.4498962456751485,0.427773260241513,0.41447503525448576
vi-zh-2022-test-0014,0,identity,"Công tác phòng, chống dịch COVID-19 là ưu tiên hàng đầu trong chỉ đạo, điều hành",1.0,1.0,1.0,1.0
vi-zh-2022-test-0014,1,remove_one_tone,"Cong tác phòng, chống dịch COVID-19 là ưu tiên hàng đầu trong chỉ đạo, điều hành",0.9723403220883061,0.9624970338976507,0.9705401782956646,0.9636077481008336
vi-zh-2022-test-0014,2,remove_tones_and_drop_one_word,"Cong tac phong, chong dich COVID-19 la uu hang đau trong chi đao, đieu hanh",0.48712623272866656,0.36220429427138223,0.38331135808997546,0.3155736608028889
vi-zh-2022-test-0014,3,word_dropout_15pct,"Công tác phòng, chống dịch COVID-19 là ưu tiên hàng đầu trong đạo, hành",0.8608207676357208,0.8559188776452963,0.830503272759801,0.8344059601743823
vi-zh-2022-test-0014,4,word_dropout_30pct_and_swap,"Công chống phòng, dịch COVID-19 là ưu hàng đạo, điều hành",0.6619903415356662,0.6416976962911433,0.5671652194313505,0.5756521512420817
vi-zh-2022-test-0014,5,word_dropout_50pct_and_punctuation_remove,Công phòng chống dịch COVID-19 tiên trong hành,0.5298732092927814,0.45960716253484163,0.43455811420772206,0.40568881021361547
vi-zh-2022-test-0015,0,identity,"Tập trung khôi phục kinh tế , duy trì động lực tăng trưởng , không để suy giảm động lực tăng trưởng",1.0,1.0,1.0,1.0
vi-zh-2022-test-0015,1,remove_one_tone,"Tap trung khôi phục kinh tế , duy trì động lực tăng trưởng , không để suy giảm động lực tăng trưởng",0.9770557512662776,0.9691915686652528,0.9756331196273517,0.9700906405863147
vi-zh-2022-test-0015,2,remove_tones_and_drop_one_word,"Tap trung khoi phuc kinh te , duy tri đong luc truong , khong đe suy giam đong luc tang truong",0.45944449280327754,0.36018101544110304,0.34060704146271076,0.2958688175048881
vi-zh-2022-test-0015,3,word_dropout_15pct,"Tập trung khôi phục kinh tế , duy trì động lực tăng trưởng không để suy động tăng trưởng",0.853771870501756,0.8397486105467518,0.8125388779542788,0.8123305949921932
vi-zh-2022-test-0015,4,word_dropout_30pct_and_swap,"Tập tế trung , duy động lực tăng trưởng để giảm động lực tăng trưởng",0.6438206702398038,0.61860677947424,0.5723080210137766,0.5712743302076337
vi-zh-2022-test-0015,5,word_dropout_50pct_and_punctuation_remove,khôi tế duy trì động tăng trưởng không giảm động lực,0.5038870217070649,0.472905646994696,0.42885778083715087,0.4243725222158085
vi-zh-2022-test-0016,0,identity,"Thủ tướng Phạm Minh Chính khẳng định trong những tháng cuối năm, sẽ tập trung nỗ lực cao nhất cho phòng, chống dịch COVID-19, có lộ trình thích ứng an toàn, linh hoạt, phấn đấu kiểm soát hiệu quả dịch bệnh trên phạm vi toàn quốc để tập trung khắc phục hậu quả của dịch bệnh và khôi phục, phát triển kinh tế xã hội.",1.0,1.0,1.0,1.0
vi-zh-2022-test-0016,1,remove_one_tone,"Thu tướng Phạm Minh Chính khẳng định trong những tháng cuối năm, sẽ tập trung nỗ lực cao nhất cho phòng, chống dịch COVID-19, có lộ trình thích ứng an toàn, linh hoạt, phấn đấu kiểm soát hiệu quả dịch bệnh trên phạm vi toàn quốc để tập trung khắc phục hậu quả của dịch bệnh và khôi phục, phát triển kinh tế xã hội.",0.9909313370761352,0.9892919920622331,0.9898808880656899,0.9889139915578744
vi-zh-2022-test-0016,2,remove_tones_and_drop_one_word,"Thu tuong Pham Minh Chinh khang đinh trong nhung thang cuoi nam, se tap trung no luc cao nhat cho phong, chong dich COVID-19, co lo trinh thich ung an toan, linh phan đau kiem soat hieu qua dich benh tren pham vi toan quoc đe tap trung khac phuc hau qua cua dich benh va khoi phuc, phat trien kinh te xa hoi.",0.477863349944946,0.36286908263835554,0.3580954734042034,0.30179174372869155
vi-zh-2022-test-0016,3,word_dropout_15pct,"Thủ tướng Phạm Chính khẳng trong những tháng cuối năm, tập trung lực nhất cho phòng, chống dịch COVID-19, lộ thích ứng an toàn, linh hoạt, phấn đấu kiểm soát quả dịch bệnh trên phạm vi toàn quốc để trung khắc phục hậu quả của dịch bệnh và khôi phục, phát triển kinh xã hội.",0.8417279942258713,0.8319675730087411,0.8042101067154239,0.8062695196992871
vi-zh-2022-test-0016,4,word_dropout_30pct_and_swap,"Thủ khẳng tướng trong những tháng cuối năm, tập trung nỗ lực cho phòng, chống dịch COVID-19, lộ ứng an toàn, hoạt, phấn đấu hiệu quả dịch bệnh trên phạm vi toàn quốc để tập phục hậu quả dịch và khôi phục, phát kinh tế hội.",0.6687804436586572,0.6696502213257429,0.6140201398957156,0.628366510639439
vi-zh-2022-test-0016,5,word_dropout_50pct_and_punctuation_remove,tướng Phạm Minh Chính khẳng những cuối sẽ trung nỗ lực cao nhất cho chống có thích toàn dịch bệnh phạm vi tập hậu quả và khôi phục phát tế xã hội,0.4334651426647839,0.4146439976058149,0.3729399611876593,0.3739546240835375
vi-zh-2022-test-0017,0,identity,"Chính phủ cũng sẽ điều chỉnh linh hoạt chính sách tài khóa, tiền tệ và các chính sách khác để giữ vững ổn định vĩ mô, bảo đảm các cân đối lớn, thúc đẩy sản xuất kinh doanh, tập trung ưu tiên triển khai các cơ chế, chính sách hỗ trợ thiết thực, hiệu quả .",1.0,1.0,1.0,1.0
vi-zh-2022-test-0017,1,remove_one_tone,"Chinh phủ cũng sẽ điều chỉnh linh hoạt chính sách tài khóa, tiền tệ và các chính sách khác để giữ vững ổn định vĩ mô, bảo đảm các cân đối lớn, thúc đẩy sản xuất kinh doanh, tập trung ưu tiên triển khai các cơ chế, chính sách hỗ trợ thiết thực, hiệu quả .",0.9885848288564826,0.9869694734241524,0.98724846375259,0.9863710384543158
vi-zh-2022-test-0017,2,remove_tones_and_drop_one_word,"Chinh phu cung se đieu chinh linh hoat chinh sach tai khoa, tien te va cac chinh sach khac đe giu vung on đinh vi mo, bao đam can đoi lon, thuc đay san xuat kinh doanh, tap trung uu tien trien khai cac co che, chinh sach ho tro thiet thuc, hieu qua .",0.4088083220372095,0.3103838028115794,0.2965975643990943,0.25083186424499815
vi-zh-2022-test-0017,3,word_dropout_15pct,"Chính phủ cũng sẽ điều linh hoạt sách tài khóa, tiền tệ và các chính sách khác để giữ vững ổn vĩ bảo các cân đối lớn, thúc đẩy xuất kinh doanh, trung ưu tiên triển khai các cơ chế, chính sách hỗ trợ thực, hiệu quả .",0.8191586829938434,0.8167169778242108,0.7841864634885576,0.7910990826214802
vi-zh-2022-test-0017,4,word_dropout_30pct_and_swap,"phủ sẽ cũng điều chỉnh linh hoạt chính khóa, tiền tệ và các chính sách khác để vững ổn vĩ đảm các cân đối đẩy sản xuất trung ưu triển cơ chế, chính hỗ trợ thiết hiệu quả .",0.6208146142711194,0.6113277444172032,0.5591003245111325,0.5674133389217613
vi-zh-2022-test-0017,5,word_dropout_50pct_and_punctuation_remove,Chính phủ sẽ điều chỉnh hoạt sách khóa tiền tệ sách khác mô bảo các đối sản kinh trung ưu tiên khai các cơ sách hỗ thiết hiệu,0.42236959637853727,0.3969288741028231,0.34179798027707536,0.34285951700613
vi-zh-2022-test-0018,0,identity,"Để thực hiện 16 chỉ tiêu này là 12 nhiệm vụ, giải pháp chủ yếu, trong đó đầu tiên là tập trung thực hiện linh hoạt, hiệu quả mục tiêu vừa phòng, chống dịch COVID-19, vừa phục hồi, phát triển KTXH; tiếp đó là ưu tiên công tác xây dựng, hoàn thiện thể chế, tập trung tháo gỡ khó khăn, cải cách thủ tục hành chính, cải thiện môi trường đầu tư kinh doanh.",1.0,1.0,1.0,1.0
vi-zh-2022-test-0018,1,remove_one_tone,"Đe thực hiện 16 chỉ tiêu này là 12 nhiệm vụ, giải pháp chủ yếu, trong đó đầu tiên là tập trung thực hiện linh hoạt, hiệu quả mục tiêu vừa phòng, chống dịch COVID-19, vừa phục hồi, phát triển KTXH; tiếp đó là ưu tiên công tác xây dựng, hoàn thiện thể chế, tập trung tháo gỡ khó khăn, cải cách thủ tục hành chính, cải thiện môi trường đầu tư kinh doanh.",0.9936658892517555,0.991878490691321,0.9933397132680036,0.9920807083436156
vi-zh-2022-test-0018,2,remove_tones_and_drop_one_word,"Đe thuc hien 16 chi tieu nay la 12 nhiem vu, giai phap chu yeu, trong đo đau tien la tap trung thuc hien linh hoat, hieu qua muc tieu vua phong, chong dich COVID-19, vua phuc phat trien KTXH; tiep đo la uu tien cong tac xay dung, hoan thien the che, tap trung thao go kho khan, cai cach thu tuc hanh chinh, cai thien moi truong đau tu kinh doanh.",0.4543510308532221,0.35363937644440957,0.341392340668889,0.2940982774142445
vi-zh-2022-test-0018,3,word_dropout_15pct,"Để thực hiện 16 chỉ tiêu này 12 nhiệm vụ, giải pháp chủ yếu, trong đầu tiên là trung hiện linh hoạt, hiệu quả mục vừa phòng, chống dịch COVID-19, vừa hồi, phát triển KTXH; tiếp đó là tiên công tác xây dựng, hoàn thiện thể chế, tập trung tháo gỡ khó khăn, cách thủ tục hành cải thiện môi tư kinh doanh.",0.8446706059623401,0.8377603479091014,0.8089918847483676,0.8127289010877363
vi-zh-2022-test-0018,4,word_dropout_30pct_and_swap,"Để hiện thực chỉ tiêu này là 12 vụ, giải pháp chủ yếu, trong đó tiên là thực hiện hoạt, hiệu quả mục tiêu phòng, chống COVID-19, vừa hồi, đó là ưu công tác xây thiện thể chế, trung tháo gỡ khó khăn, cải cách chính, cải thiện môi trường đầu tư",0.6568172057601764,0.6571616651678444,0.6018623669540359,0.6158622115330002
vi-zh-2022-test-0018,5,word_dropout_50pct_and_punctuation_remove,hiện chỉ là 12 vụ pháp yếu đó thực hiện mục tiêu vừa dịch vừa phục phát triển tiếp là ưu công tác hoàn chế trung tháo khó cách chính cải thiện môi trường đầu tư kinh,0.3978284049031617,0.3794324287376836,0.32812779067006,0.33175560389528114
vi-zh-2022-test-0019,0,identity,"Triển khai đồng bộ, hiệu quả hoạt động đối ngoại, chủ động, tích cực hội nhập quốc tế, góp phần củng cố vị thế, uy tín của Việt Nam trên trường quốc tế.",1.0,1.0,1.0,1.0
vi-zh-2022-test-0019,1,remove_one_tone,"Trien khai đồng bộ, hiệu quả hoạt động đối ngoại, chủ động, tích cực hội nhập quốc tế, góp phần củng cố vị thế, uy tín của Việt Nam trên trường quốc tế.",0.9788120452439995,0.9772152276435481,0.974330468943276,0.9742532498181184
vi-zh-2022-test-0019,2,remove_tones_and_drop_one_word,"Trien khai đong bo, hieu qua hoat đong đoi ngoai, chu đong, tich cuc hoi nhap te, gop phan cung co vi the, uy tin cua Viet Nam tren truong quoc te.",0.3843208657308883,0.2992832542862663,0.2649198048381061,0.230991865273062
vi-zh-2022-test-0019,3,word_dropout_15pct,"Triển khai đồng hiệu hoạt động đối ngoại, chủ động, tích cực hội nhập tế, góp phần củng cố vị uy tín của Việt Nam trên trường tế.",0.8089082740165723,0.7995457467479566,0.7686221454871077,0.7716723319106698
vi-zh-2022-test-0019,4,word_dropout_30pct_and_swap,"Triển bộ, đồng động đối ngoại, chủ cực hội quốc tế, góp củng cố thế, tín của Việt Nam trên trường quốc tế.",0.637072580887836,0.6399940102066787,0.5662593919394304,0.5861569855940462
vi-zh-2022-test-0019,5,word_dropout_50pct_and_punctuation_remove,bộ hiệu quả động đối ngoại cực hội nhập quốc tế phần tín của trên tế,0.4012453971025422,0.38497737268655574,0.3441879045761659,0.3462469442345836
vi-zh-2022-test-0020,0,identity,"Tăng cường các hoạt động ngoại giao cấp cao, khai thác hiệu quả các khuôn khổ quan hệ đối tác chiến lược, đối tác toàn diện, các hiệp định thương mại tự do (FTA).",1.0,1.0,1.0,1.0
vi-zh-2022-test-0020,1,remove_one_tone,"Tang cường các hoạt động ngoại giao cấp cao, khai thác hiệu quả các khuôn khổ quan hệ đối tác chiến lược, đối tác toàn diện, các hiệp định thương mại tự do (FTA).",0.9862505036616063,0.9819431996909523,0.9854788303980603,0.9824412707359562
vi-zh-2022-test-0020,2,remove_tones_and_drop_one_word,"Tang cuong cac hoat đong ngoai giao cap cao, khai thac hieu qua cac khuon kho quan đoi tac chien luoc, đoi tac toan dien, cac hiep đinh thuong mai tu do (FTA).",0.44852624560843585,0.3612261619967117,0.3312284478904451,0.2950778416684964
vi-zh-2022-test-0020,3,word_dropout_15pct,"Tăng cường các hoạt động ngoại cấp cao, khai thác hiệu các khuôn quan hệ đối tác chiến đối tác toàn các hiệp định thương mại tự do (FTA).",0.8092914801621625,0.7977669369200077,0.7663302595766252,0.7684277655386942
vi-zh-2022-test-0020,4,word_dropout_30pct_and_swap,"các động hoạt ngoại giao cấp cao, khai thác hiệu các khuôn khổ quan hệ tác lược, diện, hiệp thương mại tự do (FTA).",0.6403222568607816,0.642246254611742,0.5734536669566553,0.5916179247547829
vi-zh-2022-test-0020,5,word_dropout_50pct_and_punctuation_remove,cường động ngoại giao cấp cao khai các khuôn khổ tác chiến lược các hiệp định thương,0.5111957951617722,0.4807959161903039,0.46395354584346327,0.4529663822437072
vi-zh-2022-test-0021,0,identity,"Làm tốt hơn nữa công tác thông tin đối ngoại, ngoại giao văn hóa, công tác người Việt Nam ở nước ngoài và bảo hộ công dân"".",1.0,1.0,1.0,1.0
vi-zh-2022-test-0021,1,remove_one_tone,"Lam tốt hơn nữa công tác thông tin đối ngoại, ngoại giao văn hóa, công tác người Việt Nam ở nước ngoài và bảo hộ công dân"".",0.9816320402481307,0.9764520115064167,0.9805472757022755,0.9769334452824538
vi-zh-2022-test-0021,2,remove_tones_and_drop_one_word,"Lam tot hon nua cong tac thong tin đoi ngoai, ngoai giao van cong tac nguoi Viet Nam o nuoc ngoai va bao ho cong dan"".",0.3854348140713857,0.28511246886011316,0.2696498409239115,0.22335432315728496
vi-zh-2022-test-0021,3,word_dropout_15pct,"tốt hơn nữa tác thông tin đối ngoại, giao văn hóa, công tác người Việt Nam nước ngoài và bảo hộ công dân"".",0.8391550538250843,0.8378624688565381,0.8041200697954118,0.8119094828010622
vi-zh-2022-test-0021,4,word_dropout_30pct_and_swap,"Làm nữa hơn công thông đối ngoại giao hóa, công tác Nam ở nước ngoài và bảo hộ dân"".",0.5950359061885844,0.594348944464269,0.5163679761629387,0.5355237562835675
vi-zh-2022-test-0021,5,word_dropout_50pct_and_punctuation_remove,"nữa tin đối giao hóa công tác người Việt Nam ở và bảo dân""",0.4249267592122137,0.40845644154865984,0.36038934617334384,0.3641828213381533
vi-zh-2022-test-0022,0,identity,"Người đứng đầu Chính phủ tin tưởng với sức mạnh đại đoàn kết toàn dân tộc và niềm tin của Nhân dân vào sự lãnh đạo của Đảng, nhất định Việt Nam sẽ sớm đẩy lùi dịch bệnh để phục hồi và phát triển KTXH, đưa đất nước vững bước tiến lên trên con đường đổi mới, hội nhập và phát triển.",1.0,1.0,1.0,1.0
vi-zh-2022-test-0022,1,remove_one_tone,"Nguoi đứng đầu Chính phủ tin tưởng với sức mạnh đại đoàn kết toàn dân tộc và niềm tin của Nhân dân vào sự lãnh đạo của Đảng, nhất định Việt Nam sẽ sớm đẩy lùi dịch bệnh để phục hồi và phát triển KTXH, đưa đất nước vững bước tiến lên trên con đường đổi mới, hội nhập và phát triển.",0.9850386034441867,0.9849363805401028,0.9838096956381512,0.9840402554115972
vi-zh-2022-test-0022,2,remove_tones_and_drop_one_word,"Nguoi đung đau Chinh phu tin tuong voi suc manh đai đoan ket toan dan toc va niem tin cua Nhan dan vao su lanh đao cua Đang, nhat đinh Viet se som đay lui dich benh đe phuc hoi va phat trien KTXH, đua đat nuoc vung buoc tien len tren con đuong đoi moi, hoi nhap va phat trien.",0.35029256191482055,0.2563638225915846,0.23975456563677877,0.19694251018322195
vi-zh-2022-test-0022,3,word_dropout_15pct,"Người đứng đầu Chính phủ tin tưởng với mạnh đại đoàn kết toàn dân tộc và niềm tin của Nhân vào sự lãnh đạo của Đảng, nhất định Nam sớm đẩy lùi để phục hồi và phát đưa đất nước vững bước tiến lên trên con đổi mới, hội nhập và phát triển.",0.830000708724805,0.8261538781064514,0.7983017854364364,0.8033419791861011
vi-zh-2022-test-0022,4,word_dropout_30pct_and_swap,"Người Chính đầu phủ tin tưởng với đại đoàn kết toàn dân tộc và niềm dân sự lãnh của Đảng, nhất định Việt Nam sẽ đẩy lùi dịch bệnh để triển KTXH, đất nước vững bước tiến lên trên đổi nhập và triển.",0.6622051910012787,0.6525594854561574,0.6027394527711071,0.6103713123562174
vi-zh-2022-test-0022,5,word_dropout_50pct_and_punctuation_remove,đầu phủ tưởng mạnh đại kết tin Nhân vào đạo của Đảng nhất định sớm lùi dịch để phục phát triển KTXH đưa bước tiến lên trên con đổi mới nhập,0.44451151071799333,0.4212965109587976,0.36991119600422023,0.37114906009349097
vi-zh-2022-test-0023,0,identity,"Chính phủ Syria và phe đối lập vừa chính thức nhất trí khởi động tiến trình soạn thảo nội dung sửa đổi hiếp pháp, dưới sự tham gia của Liên Hợp Quốc.",1.0,1.0,1.0,1.0
vi-zh-2022-test-0023,1,remove_one_tone,"Chinh phủ Syria và phe đối lập vừa chính thức nhất trí khởi động tiến trình soạn thảo nội dung sửa đổi hiếp pháp, dưới sự tham gia của Liên Hợp Quốc.",0.980620595286885,0.9771279310231047,0.9782696531845807,0.9762378905123215
vi-zh-2022-test-0023,2,remove_tones_and_drop_one_word,"Chinh phu Syria va phe đoi lap vua chinh thuc nhat tri khoi đong tien trinh thao noi dung sua đoi hiep phap, duoi su tham gia cua Lien Hop Quoc.",0.4147610661641098,0.3161055680489713,0.2957131572080752,0.25148351442570244
vi-zh-2022-test-0023,3,word_dropout_15pct,"Chính phủ Syria và đối lập vừa chính nhất trí khởi động tiến trình soạn thảo nội dung hiếp pháp, dưới tham gia của Liên Hợp Quốc.",0.8410063557279696,0.8321508325489246,0.8034777512120747,0.8062182690637176
vi-zh-2022-test-0023,4,word_dropout_30pct_and_swap,phủ và Syria đối lập nhất trí khởi động tiến soạn thảo nội dung sửa đổi hiếp dưới sự tham gia Quốc.,0.6098482133111253,0.608289580195098,0.5518662209487576,0.56519592947775
vi-zh-2022-test-0023,5,word_dropout_50pct_and_punctuation_remove,và phe lập vừa thức nhất khởi động tiến dung đổi hiếp tham của Liên Quốc,0.41608391442392967,0.40479947607678873,0.33657654220076333,0.3479886611546463
vi-zh-2022-test-0024,0,identity,"Vòng đàm phán Ủy ban Hiến pháp Syria (SCC) tiến hành tại Geneva lần này dự kiến kéo dài trong 1 tuần, với mong muốn đạt được một cơ sở pháp lý toàn diện, lâu dài, khắc phục sự khác biệt giữa các đảng phái tại Syria và mở ra cánh cửa cho một tiến trình chính trị rộng lớn hơn.",1.0,1.0,1.0,1.0
vi-zh-2022-test-0024,1,remove_one_tone,"Vong đàm phán Ủy ban Hiến pháp Syria (SCC) tiến hành tại Geneva lần này dự kiến kéo dài trong 1 tuần, với mong muốn đạt được một cơ sở pháp lý toàn diện, lâu dài, khắc phục sự khác biệt giữa các đảng phái tại Syria và mở ra cánh cửa cho một tiến trình chính trị rộng lớn hơn.",0.9917948522977814,0.9894405464424991,0.9913628211135891,0.9897050995181754
vi-zh-2022-test-0024,2,remove_tones_and_drop_one_word,"Vong đam phan Uy ban Hien phap Syria (SCC) tien hanh tai Geneva lan nay du kien keo dai trong 1 tuan, voi mong muon đat đuoc mot co so ly toan dien, lau dai, khac phuc su khac biet giua cac đang phai tai Syria va mo ra canh cua cho mot tien trinh chinh tri rong lon hon.",0.43493724879003665,0.33566821532881247,0.32730006481410695,0.2797575878645433
vi-zh-2022-test-0024,3,word_dropout_15pct,"Vòng đàm phán Ủy ban pháp (SCC) tiến hành tại Geneva này dự kiến dài trong 1 tuần, với mong muốn đạt được một cơ sở lý toàn diện, lâu dài, khắc phục sự khác biệt giữa các đảng phái mở ra cánh cửa cho một tiến trình trị rộng lớn hơn.",0.8271053778407064,0.8286157021323362,0.7935753859661148,0.80309306637552
vi-zh-2022-test-0024,4,word_dropout_30pct_and_swap,"Vòng Ủy phán ban Hiến pháp Syria (SCC) tiến tại lần này dự kéo dài 1 muốn đạt được cơ sở pháp lý toàn dài, khắc phục sự khác biệt các đảng phái tại Syria ra cánh cửa cho một tiến trình rộng",0.6437015907189132,0.6354721393115251,0.5899450863122663,0.5972120370130471
vi-zh-2022-test-0024,5,word_dropout_50pct_and_punctuation_remove,Vòng đàm phán Ủy Hiến (SCC) tiến hành Geneva kiến 1 với mong muốn sở toàn diện phục sự khác các phái và mở cửa cho một trình trị lớn,0.4259805622463867,0.41179126514195047,0.35573824282187066,0.3626562260271418
vi-zh-2022-test-0025,0,identity,"Trong 2 năm qua, ủy ban này đã nhóm họp 5 lần, nhưng kết quả thu lại không đáng kể do các bất đồng giữa phe đối lập và Chính phủ Syria, bất chấp việc hàng triệu người dân quốc gia Trung Đông vẫn đang mòn mỏi chờ đợi một cuộc bầu cử quy mô toàn quốc, vốn chỉ được tiến hành sau khi có hiến pháp mới.",1.0,1.0,1.0,1.0
vi-zh-2022-test-0025,1,remove_one_tone,"Trong 2 nam qua, ủy ban này đã nhóm họp 5 lần, nhưng kết quả thu lại không đáng kể do các bất đồng giữa phe đối lập và Chính phủ Syria, bất chấp việc hàng triệu người dân quốc gia Trung Đông vẫn đang mòn mỏi chờ đợi một cuộc bầu cử quy mô toàn quốc, vốn chỉ được tiến hành sau khi có hiến pháp mới.",0.9890827617916842,0.9858091065419954,0.9846259904803842,0.9832849418709425
vi-zh-2022-test-0025,2,remove_tones_and_drop_one_word,"Trong 2 nam qua, uy ban nay đa nhom hop 5 lan, nhung ket qua thu lai khong đang ke do cac bat đong giua phe đoi lap va Chinh phu Syria, bat chap hang trieu nguoi dan quoc gia Trung Đong van đang mon moi cho đoi mot cuoc bau cu quy mo toan quoc, von chi đuoc tien hanh sau khi co hien phap moi.",0.4350700332375702,0.34744065275945524,0.31735450444581803,0.281061353404743
vi-zh-2022-test-0025,3,word_dropout_15pct,"Trong 2 năm qua, ủy ban này đã nhóm họp lần, nhưng kết quả thu lại không đáng do các bất đồng giữa phe đối và Chính phủ Syria, bất chấp triệu người dân Trung Đông vẫn mòn mỏi chờ đợi một cuộc bầu cử quy mô quốc, vốn chỉ được hành sau khi có hiến pháp mới.",0.830892252416255,0.8303882299851518,0.7926589043351453,0.8018395473714602
vi-zh-2022-test-0025,4,word_dropout_30pct_and_swap,"Trong năm 2 qua, ủy ban này đã nhóm họp 5 lần, nhưng lại kể do các bất đồng giữa phe lập và Chính bất chấp hàng người dân Trung đang mòn chờ đợi một bầu cử quy mô quốc, vốn được tiến khi có hiến pháp mới.",0.6260334428372689,0.6294018933205449,0.5551063700892739,0.5753693551325121
vi-zh-2022-test-0025,5,word_dropout_50pct_and_punctuation_remove,Trong 2 ủy ban nhóm họp quả lại không đáng do các bất đồng giữa đối và Chính bất dân quốc gia vẫn đang mòn chờ cuộc mô quốc vốn có hiến pháp mới,0.42533078458651696,0.41460745987990705,0.36008064736107925,0.36834981513020293
vi-zh-2022-test-0026,0,identity,"Vì vậy, giới quan sát hy vọng vòng đối thoại lần này giúp Syria có một bản hiến pháp mới mà các bên cùng có thể chấp nhận.",1.0,1.0,1.0,1.0
vi-zh-2022-test-0026,1,remove_one_tone,"Vi vậy, giới quan sát hy vọng vòng đối thoại lần này giúp Syria có một bản hiến pháp mới mà các bên cùng có thể chấp nhận.",0.981238145421744,0.9761894149554923,0.980125389581122,0.9766170306915886
vi-zh-2022-test-0026,2,remove_tones_and_drop_one_word,"Vi vay, gioi quan sat hy vong vong đoi thoai lan nay giup Syria mot ban hien phap moi ma cac ben cung co the chap nhan.",0.3811268764521879,0.2820494053525499,0.2651631753474066,0.21984599659543322
vi-zh-2022-test-0026,3,word_dropout_15pct,"Vì vậy, giới sát hy vọng vòng đối thoại lần này Syria có bản hiến pháp mới mà các cùng có thể chấp nhận.",0.8097275871760675,0.8123411902684003,0.7621211922827942,0.7759848883847088
vi-zh-2022-test-0026,4,word_dropout_30pct_and_swap,Vì quan giới sát hy vọng vòng thoại lần này một bản hiến mới mà bên cùng thể chấp nhận.,0.6201536987917148,0.6110883856070131,0.5347991846624801,0.5493374994478877
vi-zh-2022-test-0026,5,word_dropout_50pct_and_punctuation_remove,giới quan hy vọng vòng đối thoại giúp có một bản pháp cùng có,0.4746887409412481,0.45526834591819765,0.4088866584895971,0.41076599164445726
vi-zh-2022-test-0027,0,identity,"Hơn 10 năm xung đột ở Syria, với sự bất đồng sâu sắc giữa một bên là các nước phương Tây cùng khối Arab và bên kia là Nga, Trung Quốc và Iran.",1.0,1.0,1.0,1.0
vi-zh-2022-test-0027,1,remove_one_tone,"Hon 10 năm xung đột ở Syria, với sự bất đồng sâu sắc giữa một bên là các nước phương Tây cùng khối Arab và bên kia là Nga, Trung Quốc và Iran.",0.9838375899380787,0.9798335255671847,0.9829058026960656,0.9801357012283983
vi-zh-2022-test-0027,2,remove_tones_and_drop_one_word,"Hon 10 nam xung đot o Syria, voi su bat đong sau sac giua mot ben cac nuoc phuong Tay cung khoi Arab va ben kia la Nga, Trung Quoc va Iran.",0.4558855427003199,0.3742920925642259,0.34510993821077884,0.311608757247799
vi-zh-2022-test-0027,3,word_dropout_15pct,"Hơn 10 xung đột với bất đồng sâu sắc một bên là các nước phương Tây cùng khối Arab và bên kia là Nga, Trung Quốc và Iran.",0.8209917159560892,0.8142972563044011,0.7851647591429056,0.7891004375484905
vi-zh-2022-test-0027,4,word_dropout_30pct_and_swap,"Hơn xung năm đột ở Syria, với bất sắc giữa một bên là các nước Tây cùng khối và kia Nga, Trung Quốc",0.6098004087776162,0.6060291872504787,0.5446920883550931,0.5581402764293643
vi-zh-2022-test-0027,5,word_dropout_50pct_and_punctuation_remove,xung ở Syria với sự bất đồng sâu một là cùng khối bên kia Trung Iran,0.4134269120547847,0.3966383808988288,0.3375690206019747,0.3439383222354224
vi-zh-2022-test-0028,0,identity,"Đến nay, Chính phủ Syria đã giành lại gần hết quyền kiểm soát lãnh thổ nhưng hạ tầng cơ sở đã bị tàn phá nặng nề phải mất hàng chục hoặc hàng trăm năm sau mới phục hồi.",1.0,1.0,1.0,1.0
vi-zh-2022-test-0028,1,remove_one_tone,"Đen nay, Chính phủ Syria đã giành lại gần hết quyền kiểm soát lãnh thổ nhưng hạ tầng cơ sở đã bị tàn phá nặng nề phải mất hàng chục hoặc hàng trăm năm sau mới phục hồi.",0.9864632302150333,0.9825353158698512,0.9857053122485091,0.9829488559812536
vi-zh-2022-test-0028,2,remove_tones_and_drop_one_word,"Đen nay, Chinh phu Syria đa gianh lai gan het quyen kiem soat lanh tho nhung ha tang co đa bi tan pha nang ne phai mat hang chuc hoac hang tram nam sau moi phuc hoi.",0.38528758052000145,0.28209230341457225,0.2687381732300581,0.22047906725906585
vi-zh-2022-test-0028,3,word_dropout_15pct,"Đến nay, Chính phủ Syria giành lại gần kiểm soát lãnh thổ nhưng hạ tầng cơ sở đã bị tàn nặng phải hàng chục hoặc hàng trăm năm sau mới phục hồi.",0.8316256996643652,0.823928160974411,0.7930758271046224,0.796939887797029
vi-zh-2022-test-0028,4,word_dropout_30pct_and_swap,"Đến Chính nay, phủ Syria đã lại gần quyền kiểm lãnh thổ hạ sở đã nặng nề phải mất hàng chục hàng trăm năm sau phục hồi.",0.6266919222490207,0.6226621310734836,0.546711018436797,0.5636859880507078
vi-zh-2022-test-0028,5,word_dropout_50pct_and_punctuation_remove,Chính phủ gần quyền kiểm nhưng sở bị tàn nặng nề mất hàng chục hoặc hàng trăm sau hồi,0.4619256947040433,0.43955963946707544,0.39439604571199455,0.3945009393403081
vi-zh-2022-test-0029,0,identity,"Đáng quan ngại, là trẻ em chính là nạn nhân chịu ảnh hưởng lớn nhất trong cuộc xung đột kéo dài ở Syria.",1.0,1.0,1.0,1.0
vi-zh-2022-test-0029,1,remove_one_tone,"Đang quan ngại, là trẻ em chính là nạn nhân chịu ảnh hưởng lớn nhất trong cuộc xung đột kéo dài ở Syria.",0.9781992660819716,0.97185506627687,0.9768636687854726,0.972439418255771
vi-zh-2022-test-0029,2,remove_tones_and_drop_one_word,"Đang quan ngai, la tre em chinh la nan nhan chiu huong lon nhat trong cuoc xung đot keo dai o Syria.",0.46031386267077823,0.360921800993674,0.3501677257694437,0.3031602075885599
vi-zh-2022-test-0029,3,word_dropout_15pct,"Đáng quan ngại, là trẻ em chính là nạn nhân chịu ảnh hưởng trong cuộc xung kéo dài ở Syria.",0.8594388372893711,0.8585605456605169,0.8312056759818178,0.8376054947598099
vi-zh-2022-test-0029,4,word_dropout_30pct_and_swap,quan em trẻ là chịu ảnh hưởng lớn nhất trong cuộc xung đột kéo ở Syria.,0.6297628991705428,0.6227724611813656,0.5857987229960009,0.5915467313106565
vi-zh-2022-test-0029,5,word_dropout_50pct_and_punctuation_remove,quan trẻ chính là nhân ảnh hưởng lớn nhất trong dài ở,0.4642796074590852,0.44557981369929434,0.4006290190596987,0.4025104924030257
vi-zh-2022-test-0030,0,identity,"Theo báo cáo của Quỹ Nhi đồng Liên Hợp Quốc, trong vòng 10 năm qua, hơn 1 triệu trẻ em được sinh ra trong các trại tị nạn ngoài Syria, 3,5 triệu trẻ em thất học, 90% trẻ em Syria đang rất cần được hỗ trợ cả về vật chất và tâm lý.",1.0,1.0,1.0,1.0
vi-zh-2022-test-0030,1,remove_one_tone,"Theo bao cáo của Quỹ Nhi đồng Liên Hợp Quốc, trong vòng 10 năm qua, hơn 1 triệu trẻ em được sinh ra trong các trại tị nạn ngoài Syria, 3,5 triệu trẻ em thất học, 90% trẻ em Syria đang rất cần được hỗ trợ cả về vật chất và tâm lý.",0.9857138208080641,0.9819038953448657,0.9798449713663296,0.9784547396293644
vi-zh-2022-test-0030,2,remove_tones_and_drop_one_word,"Theo bao cao cua Quy Nhi đong Lien Hop Quoc, trong vong 10 nam qua, hon 1 trieu tre em đuoc sinh ra trong cac trai nan ngoai Syria, 3,5 trieu tre em that hoc, 90% tre em Syria đang rat can đuoc ho tro ca ve vat chat va tam ly.",0.5142550892487455,0.4368649209925398,0.407696708902601,0.37629368444158295
vi-zh-2022-test-0030,3,word_dropout_15pct,"Theo báo cáo Quỹ Nhi đồng Quốc, vòng 10 qua, hơn 1 triệu trẻ em được sinh ra trong các trại tị nạn ngoài Syria, 3,5 triệu trẻ em thất 90% trẻ em Syria đang rất cần được hỗ trợ cả về và tâm lý.",0.814417610778347,0.8161583877380193,0.7778795010921853,0.7883206584884414
vi-zh-2022-test-0030,4,word_dropout_30pct_and_swap,"Theo của cáo Quỹ Nhi Liên trong 10 qua, hơn triệu trẻ em sinh trong các trại tị ngoài Syria, triệu trẻ em thất 90% trẻ em đang rất cần được hỗ cả về vật chất lý.",0.6262154927249871,0.6143563524039897,0.5387714449793929,0.5517376398327797
vi-zh-2022-test-0030,5,word_dropout_50pct_and_punctuation_remove,Theo báo của Nhi Liên Quốc trong vòng 10 hơn 1 triệu trẻ được các Syria 35 triệu trẻ học Syria được về vật chất tâm,0.42938028152492264,0.39510769689241587,0.34855358883619675,0.34305651821099353
vi-zh-2022-test-0031,0,identity,"Trong khi đó, xung đột ở Syria vẫn tiếp tục diễn ra hàng ngày.",1.0,1.0,1.0,1.0
vi-zh-2022-test-0031,1,remove_one_tone,"Trong khi đo, xung đột ở Syria vẫn tiếp tục diễn ra hàng ngày.",0.9467847152737136,0.9318842546269204,0.9232773522700177,0.9179788475358466
vi-zh-2022-test-0031,2,remove_tones_and_drop_one_word,"Trong khi đo, xung đot o Syria tiep tuc dien ra hang ngay.",0.5179170874638132,0.4416403047882456,0.3945094823818261,0.3681537905968249
vi-zh-2022-test-0031,3,word_dropout_15pct,"Trong khi đó, xung đột ở Syria vẫn tục ra hàng ngày.",0.8104253340523462,0.8154843622407746,0.773329535670578,0.7864112193632586
vi-zh-2022-test-0031,4,word_dropout_30pct_and_swap,"khi xung đó, đột ở tiếp tục diễn hàng ngày.",0.5754206638507784,0.5857312736741338,0.47586198351674674,0.508505009141504
vi-zh-2022-test-0031,5,word_dropout_50pct_and_punctuation_remove,Trong khi xung đột Syria diễn ngày,0.4704362786678329,0.42164070924727765,0.3672583077489157,0.35644534041596615
vi-zh-2022-test-0032,0,identity,"Điều này làm dấy lên quan ngại mặc dù được nhiều tổ chức quốc tế và các quốc gia liên quan quan tâm hỗ trợ, tuy nhiên, việc lập lại hòa bình cho Syria vẫn còn là bài toán khó.",1.0,1.0,1.0,1.0
vi-zh-2022-test-0032,1,remove_one_tone,"Đieu này làm dấy lên quan ngại mặc dù được nhiều tổ chức quốc tế và các quốc gia liên quan quan tâm hỗ trợ, tuy nhiên, việc lập lại hòa bình cho Syria vẫn còn là bài toán khó.",0.9832219483324445,0.9809704092611277,0.9812099595406213,0.9800243024350892
vi-zh-2022-test-0032,2,remove_tones_and_drop_one_word,"Đieu nay lam day len quan ngai mac du đuoc nhieu to chuc quoc te va cac quoc gia lien quan tam ho tro, tuy nhien, viec lap lai hoa binh cho Syria van con la bai toan kho.",0.4170756443738356,0.3210718825532117,0.3150069445587568,0.26852130649936995
vi-zh-2022-test-0032,3,word_dropout_15pct,"Điều này dấy lên quan ngại mặc dù nhiều chức quốc tế và các quốc gia liên quan quan tâm trợ, tuy nhiên, việc hòa bình cho Syria vẫn còn là bài toán khó.",0.8386789423864766,0.833289131340444,0.7984890635540741,0.8044940734819719
vi-zh-2022-test-0032,4,word_dropout_30pct_and_swap,"Điều dấy làm quan ngại mặc được nhiều tổ chức quốc và các quốc liên quan quan tâm hỗ tuy nhiên, việc lại hòa bình cho là khó.",0.6652012522563966,0.6476216024809289,0.5967882187213557,0.6007057999751898
vi-zh-2022-test-0032,5,word_dropout_50pct_and_punctuation_remove,Điều dấy lên quan ngại được nhiều tổ quốc và tâm hỗ tuy lập bình cho vẫn còn bài khó,0.40012472765364665,0.38921286793594506,0.32782123039932676,0.33771195706053986
vi-zh-2022-test-0033,0,identity,"Sau khi chính phủ Việt Nam ban bố nghị quyết 128 “thích ứng an toàn, linh hoạt, kiểm soát hiệu quả dịch Covid-19”, mhiều bộ, ngành, địa phương tại Việt Nam nhanh chóng chuyển từ trạng thái “đóng cửa” sang trạng thái thích ứng bình thường mới.",1.0,1.0,1.0,1.0
vi-zh-2022-test-0033,1,remove_one_tone,"Sau khi chinh phủ Việt Nam ban bố nghị quyết 128 “thích ứng an toàn, linh hoạt, kiểm soát hiệu quả dịch Covid-19”, mhiều bộ, ngành, địa phương tại Việt Nam nhanh chóng chuyển từ trạng thái “đóng cửa” sang trạng thái thích ứng bình thường mới.",0.9871130607001135,0.9818537966351023,0.9818328272613903,0.9792084375723127
vi-zh-2022-test-0033,2,remove_tones_and_drop_one_word,"Sau khi chinh phu Viet Nam ban bo nghi quyet 128 “thich ung an toan, linh hoat, kiem soat hieu qua dich Covid-19”, bo, nganh, đia phuong tai Viet Nam nhanh chong chuyen tu trang thai “đong cua” sang trang thai thich ung binh thuong moi.",0.5272898905891641,0.4212761571964176,0.41012400519873204,0.35990519067222704
vi-zh-2022-test-0033,3,word_dropout_15pct,"Sau khi chính phủ Việt Nam ban nghị quyết 128 “thích ứng an toàn, linh hoạt, kiểm hiệu quả Covid-19”, bộ, ngành, địa phương tại Việt Nam nhanh chóng từ trạng thái cửa” sang trạng thích ứng bình thường mới.",0.826032210013937,0.8244476093559251,0.787867462138943,0.7962224569799432
vi-zh-2022-test-0033,4,word_dropout_30pct_and_swap,"khi phủ chính Việt Nam bố nghị quyết 128 “thích ứng an toàn, linh hoạt, hiệu Covid-19”, mhiều địa tại nhanh chóng từ trạng thái cửa” sang trạng thái thích bình thường mới.",0.6603887413452492,0.6460601069124862,0.6031130510402264,0.6066850143736542
vi-zh-2022-test-0033,5,word_dropout_50pct_and_punctuation_remove,Sau khi phủ Việt Nam toàn linh hoạt kiểm soát hiệu mhiều bộ ngành địa từ trạng thái trạng thái thích ứng bình thường,0.448140541340946,0.43403255979354066,0.39626370387189946,0.3986502376837679
vi-zh-2022-test-0034,0,identity,"Tại đồng bằng sông Cửu Long, sau 3 tháng tập trung phòng, chống dịch Covid-19, đến nay nhiều tỉnh đã cơ bản kiểm soát được dịch.",1.0,1.0,1.0,1.0
vi-zh-2022-test-0034,1,remove_one_tone,"Tai đồng bằng sông Cửu Long, sau 3 tháng tập trung phòng, chống dịch Covid-19, đến nay nhiều tỉnh đã cơ bản kiểm soát được dịch.",0.9827203597001619,0.9771775578077708,0.9817118758888869,0.9778068954224124
vi-zh-2022-test-0034,2,remove_tones_and_drop_one_word,"Tai đong bang song Cuu Long, sau 3 thang tap trung phong, chong Covid-19, đen nay nhieu tinh đa co ban kiem soat đuoc dich.",0.5043739329953221,0.4153261879064537,0.40273759014150945,0.36136089613160377
vi-zh-2022-test-0034,3,word_dropout_15pct,"Tại đồng bằng sông Cửu Long, sau 3 tháng phòng, dịch Covid-19, đến nay nhiều tỉnh đã cơ bản kiểm soát dịch.",0.8279156822193086,0.8304073077835815,0.7972704400010225,0.8068069024120628
vi-zh-2022-test-0034,4,word_dropout_30pct_and_swap,"Tại sau sông tháng tập phòng, chống dịch đến nhiều tỉnh đã cơ bản kiểm soát được dịch.",0.6248151396040066,0.6158401560114161,0.5710111931617649,0.5777306274596858
vi-zh-2022-test-0034,5,word_dropout_50pct_and_punctuation_remove,Tại Cửu Long trung chống Covid-19 đến nay nhiều cơ kiểm soát được,0.4606716771165139,0.4213644252195829,0.38615547546774887,0.37530108667139706
vi-zh-2022-test-0035,0,identity,"Trong đó, riêng tỉnh Đồng Tháp, hiện có hơn 200 doanh nghiệp đã dần sản xuất trở lại.",1.0,1.0,1.0,1.0
vi-zh-2022-test-0035,1,remove_one_tone,"Trong đo, riêng tỉnh Đồng Tháp, hiện có hơn 200 doanh nghiệp đã dần sản xuất trở lại.",0.9621125910963486,0.9501385527943913,0.9458478781912167,0.9409335276910314
vi-zh-2022-test-0035,2,remove_tones_and_drop_one_word,"Trong đo, rieng tinh Đong Thap, hien co hon doanh nghiep đa dan san xuat tro lai.",0.4288614248491077,0.3259717685992676,0.31766402963774076,0.26829613059721535
vi-zh-2022-test-0035,3,word_dropout_15pct,"Trong đó, tỉnh Đồng Tháp, hiện hơn 200 nghiệp đã dần sản xuất trở lại.",0.782922586829648,0.789324882357377,0.7291858429617496,0.7474303260272976
vi-zh-2022-test-0035,4,word_dropout_30pct_and_swap,"Trong Đồng riêng Tháp, hiện có hơn 200 doanh nghiệp sản trở lại.",0.6976176827379331,0.6712223358947915,0.6253113193856521,0.6235890485556914
vi-zh-2022-test-0035,5,word_dropout_50pct_and_punctuation_remove,riêng Đồng 200 doanh đã dần sản xuất lại,0.4115362590824755,0.3929578732623497,0.34239012094508764,0.3457331696787739
vi-zh-2022-test-0036,0,identity,"Triển khai thực hiện Nghị quyết 128, tỉnh Lạng Sơn đã và đang tạo điều kiện thuận lợi để hoạt động thông quan hàng hóa qua cửa khẩu diễn ra an toàn, nhanh chóng, đảm bảo thực hiện mục tiêu kép vừa phòng chống dịch vừa phục hồi phát triển kinh tế.",1.0,1.0,1.0,1.0
vi-zh-2022-test-0036,1,remove_one_tone,"Trien khai thực hiện Nghị quyết 128, tỉnh Lạng Sơn đã và đang tạo điều kiện thuận lợi để hoạt động thông quan hàng hóa qua cửa khẩu diễn ra an toàn, nhanh chóng, đảm bảo thực hiện mục tiêu kép vừa phòng chống dịch vừa phục hồi phát triển kinh tế.",0.9870462854342922,0.9853576967830345,0.984365016963543,0.9837688925927869
vi-zh-2022-test-0036,2,remove_tones_and_drop_one_word,"Trien khai thuc hien Nghi quyet 128, tinh Lang Son đa va đang tao đieu kien thuan loi đe hoat đong thong quan hang hoa qua khau dien ra an toan, nhanh chong, đam bao thuc hien muc tieu kep vua phong chong dich vua phuc hoi phat trien kinh te.",0.4600645253576062,0.35466296411047726,0.33390099864807177,0.28639070916133486
vi-zh-2022-test-0036,3,word_dropout_15pct,"Triển khai Nghị quyết 128, tỉnh Lạng Sơn đã và đang tạo điều thuận lợi để hoạt động thông quan hàng hóa qua khẩu diễn ra an toàn, nhanh chóng, đảm bảo thực hiện mục tiêu phòng chống phục hồi phát triển kinh tế.",0.8446924658825337,0.8412733822763832,0.817307190152854,0.8215892396540935
vi-zh-2022-test-0036,4,word_dropout_30pct_and_swap,"Triển quyết thực 128, tỉnh Lạng Sơn đã và đang kiện thuận để hoạt động thông hóa qua khẩu diễn an toàn, nhanh chóng, bảo hiện tiêu kép vừa phòng chống vừa phục triển kinh tế.",0.6619021289128759,0.6511862138270561,0.5927565575278454,0.6020061634422204
vi-zh-2022-test-0036,5,word_dropout_50pct_and_punctuation_remove,khai thực hiện quyết Lạng Sơn và đang tạo điều hoạt quan hóa qua cửa ra an toàn hiện tiêu kép vừa phòng vừa triển tế,0.4251016207543432,0.41428682560803815,0.3590014613983154,0.367415277462717
vi-zh-2022-test-0037,0,identity,Thứ trưởng Lê Đình Thọ khẳng định: “Ngành giao thông có 2 lĩnh vực chính là: vận tải hàng hóa và vận tải hành khách.,1.0,1.0,1.0,1.0
vi-zh-2022-test-0037,1,remove_one_tone,Thu trưởng Lê Đình Thọ khẳng định: “Ngành giao thông có 2 lĩnh vực chính là: vận tải hàng hóa và vận tải hành khách.,0.9750278035756785,0.9712266485918986,0.9719229244318526,0.9698482779799743
vi-zh-2022-test-0037,2,remove_tones_and_drop_one_word,Thu truong Le Đinh Tho khang đinh: “Nganh giao thong co 2 vuc chinh la: van tai hang hoa va van tai hanh khach.,0.3790173753146357,0.2826545714076177,0.2718801020705782,0.22639232627119474
vi-zh-2022-test-0037,3,word_dropout_15pct,Thứ trưởng Lê Đình Thọ khẳng “Ngành giao thông 2 lĩnh vực là: vận hàng hóa và vận tải hành khách.,0.796440471504988,0.7883299669107189,0.7459007140103192,0.7524519958020356
vi-zh-2022-test-0037,4,word_dropout_30pct_and_swap,Thứ Lê trưởng Đình Thọ khẳng định: lĩnh chính là: vận tải hàng hóa vận tải hành khách.,0.6917003813510246,0.6838594693575929,0.6339929630619617,0.6425393180633482
vi-zh-2022-test-0037,5,word_dropout_50pct_and_punctuation_remove,Thứ trưởng định giao thông có vực chính là vận vận hành,0.45641654371006396,0.42003342602439064,0.3898167972038362,0.3791721137901785
vi-zh-2022-test-0038,0,identity,"Khi triển khai Nghị quyết 128, chúng tôi rà soát, ban hành quy định mới để phù hợp với mục đích yêu cầu, đặc biệt là quy định mới của Bộ y tế.",1.0,1.0,1.0,1.0
vi-zh-2022-test-0038,1,remove_one_tone,"Khi trien khai Nghị quyết 128, chúng tôi rà soát, ban hành quy định mới để phù hợp với mục đích yêu cầu, đặc biệt là quy định mới của Bộ y tế.",0.9768498779270022,0.9708028215209045,0.9671811405407328,0.9650630325827269
vi-zh-2022-test-0038,2,remove_tones_and_drop_one_word,"Khi trien khai Nghi quyet 128, chung toi ra soat, ban hanh quy đinh moi đe hop voi muc đich yeu cau, đac biet la quy đinh moi cua Bo y te.",0.43566778948821183,0.3495750223685042,0.3237731988841255,0.2871772716833476
vi-zh-2022-test-0038,3,word_dropout_15pct,"Khi triển khai Nghị quyết 128, chúng tôi rà soát, ban hành quy định phù với đích yêu đặc biệt là quy định mới của Bộ y tế.",0.833655184999699,0.824636532250345,0.8012811799362771,0.8026109024668961
vi-zh-2022-test-0038,4,word_dropout_30pct_and_swap,"Khi Nghị khai quyết 128, chúng rà soát, ban hành mới để phù hợp với mục yêu cầu, biệt là định mới Bộ",0.6381137911546716,0.6288278488657877,0.5615813702261152,0.5737495003007927
vi-zh-2022-test-0038,5,word_dropout_50pct_and_punctuation_remove,chúng tôi ban hành quy mới hợp với mục yêu biệt là định mới y tế,0.3831948617805775,0.37870179959957534,0.31794653431104575,0.33088690533862347
vi-zh-2022-test-0039,0,identity,"Theo ông Trần Văn Tuấn, Phó Chủ tịch UBND tỉnh Bà Rịa – Vũng Tàu, tỉnh đang chuyển trang thái từ chống dịch sang phòng dịch và thích ứng an toàn.",1.0,1.0,1.0,1.0
vi-zh-2022-test-0039,1,remove_one_tone,"Theo ong Trần Văn Tuấn, Phó Chủ tịch UBND tỉnh Bà Rịa – Vũng Tàu, tỉnh đang chuyển trang thái từ chống dịch sang phòng dịch và thích ứng an toàn.",0.9778743824740768,0.9702466174307276,0.970166323232786,0.9663725142605968
vi-zh-2022-test-0039,2,remove_tones_and_drop_one_word,"Theo ong Tran Van Tuan, Pho Chu tich UBND tinh Ba Ria – Vung Tau, đang chuyen trang thai tu chong dich sang phong dich va thich ung an toan.",0.47711036283453984,0.36738347067774574,0.3620994300639907,0.3085570052095194
vi-zh-2022-test-0039,3,word_dropout_15pct,"Theo ông Trần Văn Tuấn, Phó Chủ tịch UBND tỉnh Bà Rịa Tàu, tỉnh đang chuyển trang thái từ chống dịch sang phòng và an toàn.",0.8375800250092147,0.8350599493350406,0.8151404756892517,0.8188604060564021
vi-zh-2022-test-0039,4,word_dropout_30pct_and_swap,"Theo Văn ông Chủ tịch UBND tỉnh Bà Rịa – Tàu, chuyển trang thái dịch sang phòng dịch và ứng an toàn.",0.629477837597053,0.6306877825409205,0.5712885068476165,0.586747196863721
vi-zh-2022-test-0039,5,word_dropout_50pct_and_punctuation_remove,Theo Trần Văn tỉnh Bà – đang chuyển từ chống sang phòng dịch và thích ứng,0.4817008249180148,0.4599234209079388,0.42705432703874513,0.42437843414879234
vi-zh-2022-test-0040,0,identity,"Tuy nhiên, với nhiều giải pháp, kinh tế châu Âu đang có dấu hiệu tăng trưởng tích cực.",1.0,1.0,1.0,1.0
vi-zh-2022-test-0040,1,remove_one_tone,"Tuy nhien, với nhiều giải pháp, kinh tế châu Âu đang có dấu hiệu tăng trưởng tích cực.",0.9626783254154708,0.9505157090071396,0.9466733707898013,0.9415526471399699
vi-zh-2022-test-0040,2,remove_tones_and_drop_one_word,"Tuy nhien, voi nhieu giai phap, kinh te chau đang co dau hieu tang truong tich cuc.",0.4620510659149297,0.36453127695371923,0.3365760903883952,0.29480499104006797
vi-zh-2022-test-0040,3,word_dropout_15pct,"nhiên, nhiều giải pháp, kinh tế châu Âu đang có dấu hiệu tăng tích cực.",0.8291491836772602,0.8287288542764893,0.8023174807933363,0.8087186854205054
vi-zh-2022-test-0040,4,word_dropout_30pct_and_swap,"Tuy giải nhiên, kinh châu Âu đang có dấu hiệu tăng tích cực.",0.6623434497667404,0.6564936766033229,0.5907413695960205,0.6042603208891714
vi-zh-2022-test-0040,5,word_dropout_50pct_and_punctuation_remove,nhiều giải pháp kinh châu đang dấu hiệu cực,0.4430019571512869,0.4046118624372237,0.3617141793443095,0.3532333893265095
vi-zh-2022-test-0041,0,identity,Nới lỏng các biện pháp kiểm soát dịch bệnh là “đòn bẩy” phục hồi nền kinh tế,1.0,1.0,1.0,1.0
vi-zh-2022-test-0041,1,remove_one_tone,Noi lỏng các biện pháp kiểm soát dịch bệnh là “đòn bẩy” phục hồi nền kinh tế,0.9699661375824131,0.9597568368196476,0.9679644380419549,0.9608078873549958
vi-zh-2022-test-0041,2,remove_tones_and_drop_one_word,Noi long cac bien phap kiem soat dich la “đon bay” phuc hoi nen kinh te,0.3506963217133462,0.24371830850496345,0.24291125586439463,0.18962401616009072
vi-zh-2022-test-0041,3,word_dropout_15pct,Nới lỏng biện pháp soát bệnh là “đòn bẩy” phục hồi nền kinh tế,0.762490550367994,0.7588316606923603,0.7052578813917187,0.7168233646450478
vi-zh-2022-test-0041,4,word_dropout_30pct_and_swap,Nới pháp lỏng kiểm soát dịch bệnh là phục hồi nền tế,0.5874505784686623,0.5833225465273648,0.5140934988248954,0.5293442259130732
vi-zh-2022-test-0041,5,word_dropout_50pct_and_punctuation_remove,Nới các kiểm soát bệnh “đòn bẩy” phục,0.4265124178967485,0.40731396227288863,0.3583775314227738,0.3610046818207999
vi-zh-2022-test-0042,0,identity,"Theo đánh giá sơ bộ, khu vực EU tiếp tục cho thấy những dấu hiệu phục hồi tích cực khi các quốc gia nới lỏng nhiều biện pháp hạn chế nhằm ngăn chặn đại dịch COVID-19 và sự hỗ trợ liên tục của các Chính phủ.",1.0,1.0,1.0,1.0
vi-zh-2022-test-0042,1,remove_one_tone,"Theo đanh giá sơ bộ, khu vực EU tiếp tục cho thấy những dấu hiệu phục hồi tích cực khi các quốc gia nới lỏng nhiều biện pháp hạn chế nhằm ngăn chặn đại dịch COVID-19 và sự hỗ trợ liên tục của các Chính phủ.",0.984276109912818,0.9789529858047628,0.9777992945719618,0.9754261553261344
vi-zh-2022-test-0042,2,remove_tones_and_drop_one_word,"Theo đanh gia so bo, khu vuc EU tiep tuc cho thay nhung dau hieu phuc hoi tich cuc khi cac quoc gia long nhieu bien phap han che nham ngan chan đai dich COVID-19 va su ho tro lien tuc cua cac Chinh phu.",0.4263503702508638,0.3191756104009248,0.3066600993426067,0.25620159683167865
vi-zh-2022-test-0042,3,word_dropout_15pct,Theo giá sơ khu vực EU tiếp tục cho thấy những dấu hồi tích cực khi các quốc gia nới lỏng nhiều biện pháp hạn ngăn chặn đại dịch COVID-19 và sự trợ liên tục của các Chính phủ.,0.8320018270081772,0.8231744450385355,0.7996538402278311,0.8011203383462822
vi-zh-2022-test-0042,4,word_dropout_30pct_and_swap,"Theo sơ đánh bộ, khu vực EU tiếp tục cho thấy những dấu hiệu quốc gia nhiều pháp hạn chế nhằm đại dịch COVID-19 và sự trợ liên tục của các phủ.",0.6574956097999185,0.6542034587333929,0.6019094491205761,0.6133387066699386
vi-zh-2022-test-0042,5,word_dropout_50pct_and_punctuation_remove,Theo đánh bộ khu EU tiếp tục cho dấu hiệu hồi tích cực khi quốc gia biện chế đại COVID-19 sự hỗ liên,0.415643632912824,0.4059278195719919,0.3437880063621263,0.3544646458595636
vi-zh-2022-test-0043,0,identity,"Động lực cho sự phục hồi kinh tế của các nước EU là đầu tư của doanh nghiệp (trong lĩnh vực sản xuất), xuất khẩu ròng.",1.0,1.0,1.0,1.0
vi-zh-2022-test-0043,1,remove_one_tone,"Đong lực cho sự phục hồi kinh tế của các nước EU là đầu tư của doanh nghiệp (trong lĩnh vực sản xuất), xuất khẩu ròng.",0.9808269842982326,0.9755184821429925,0.9796847923922164,0.9759889637522905
vi-zh-2022-test-0043,2,remove_tones_and_drop_one_word,"Đong luc cho su phuc hoi kinh te cua cac nuoc EU la tu cua doanh nghiep (trong linh vuc san xuat), xuat khau rong.",0.462343478631039,0.3605205174094538,0.351786640697984,0.30305862628514285
vi-zh-2022-test-0043,3,word_dropout_15pct,"Động lực cho sự phục hồi kinh tế các nước EU là tư doanh nghiệp lĩnh vực sản xuất), xuất khẩu ròng.",0.8073368318593794,0.7983708274161802,0.7682074051102448,0.7712645723830005
vi-zh-2022-test-0043,4,word_dropout_30pct_and_swap,"lực sự cho phục hồi của nước EU đầu tư của nghiệp lĩnh vực xuất), xuất khẩu ròng.",0.5818629274558337,0.5740723817198512,0.4926387330350844,0.5091023063535367
vi-zh-2022-test-0043,5,word_dropout_50pct_and_punctuation_remove,cho phục kinh tế các EU tư của (trong lĩnh vực sản xuất),0.4272845190621378,0.4136765707735538,0.3674221740576191,0.3721983342366803
vi-zh-2022-test-0044,0,identity,"Mặc dù tỷ lệ lạm phát của khu vực đồng Euro vẫn duy trì ở mức cao, mức lạm phát này vẫn được đánh giá mang tính chất tạm thời do các yếu tố liên quan đến đại dịch.",1.0,1.0,1.0,1.0
vi-zh-2022-test-0044,1,remove_one_tone,"Mac dù tỷ lệ lạm phát của khu vực đồng Euro vẫn duy trì ở mức cao, mức lạm phát này vẫn được đánh giá mang tính chất tạm thời do các yếu tố liên quan đến đại dịch.",0.9858043406293396,0.9823045197691532,0.9850036283718098,0.9825789407910522
vi-zh-2022-test-0044,2,remove_tones_and_drop_one_word,"Mac du ty le lam phat cua khu vuc đong Euro van duy tri o muc cao, muc lam nay van đuoc đanh gia mang tinh chat tam thoi do cac yeu to lien quan đen đai dich.",0.40153270077912573,0.3086411361004799,0.28993187869941944,0.2481634183298166
vi-zh-2022-test-0044,3,word_dropout_15pct,"Mặc dù tỷ lệ lạm phát của khu vực đồng Euro vẫn duy ở mức cao, lạm phát vẫn được đánh mang tính chất tạm thời các yếu tố liên quan đến dịch.",0.8112873759730448,0.8077033459640036,0.758582660614491,0.7690705392505699
vi-zh-2022-test-0044,4,word_dropout_30pct_and_swap,"Mặc tỷ dù lệ lạm phát vực Euro vẫn duy trì ở mức cao, mức phát này vẫn được đánh giá mang tạm do tố quan đại",0.5822448785093274,0.5810201915078858,0.525168944972104,0.5385253433358382
vi-zh-2022-test-0044,5,word_dropout_50pct_and_punctuation_remove,tỷ phát của khu vực Euro vẫn duy ở mức phát được mang tính tạm thời các tố đến đại,0.42203541617031115,0.4138465840896919,0.34762330037615363,0.36008302925954977
vi-zh-2022-test-0045,0,identity,"Quỹ phục hồi kinh tế hậu COVID-19 là một phần trong gói ngân sách dài hạn đến năm 2027 của EU, nhằm giải quyết những hậu quả về kinh tế và xã hội sau khi đại dịch COVID-19 bùng phát.",1.0,1.0,1.0,1.0
vi-zh-2022-test-0045,1,remove_one_tone,"Quy phục hồi kinh tế hậu COVID-19 là một phần trong gói ngân sách dài hạn đến năm 2027 của EU, nhằm giải quyết những hậu quả về kinh tế và xã hội sau khi đại dịch COVID-19 bùng phát.",0.9840543296978717,0.981336258513254,0.9821492424239593,0.980586960853974
vi-zh-2022-test-0045,2,remove_tones_and_drop_one_word,Quy phuc hoi kinh te hau COVID-19 la mot phan trong goi ngan sach dai han đen nam 2027 cua nham giai quyet nhung hau qua ve kinh te va xa hoi sau khi đai dich COVID-19 bung phat.,0.4757398901827631,0.35732697745950603,0.3690999629477443,0.306950294860201
vi-zh-2022-test-0045,3,word_dropout_15pct,"Quỹ phục hồi kinh tế hậu một trong gói ngân sách dài hạn đến năm 2027 của EU, nhằm giải quyết những hậu quả kinh tế và xã hội sau khi đại dịch bùng",0.7845337398859197,0.7930131416922324,0.7578779896480622,0.7709090656142269
vi-zh-2022-test-0045,4,word_dropout_30pct_and_swap,"hồi COVID-19 hậu là một phần trong gói ngân dài hạn năm của EU, nhằm quyết những hậu quả về kinh tế xã hội khi COVID-19 bùng phát.",0.6547197100274448,0.6447823452092343,0.5884285340915684,0.5975478934013851
vi-zh-2022-test-0045,5,word_dropout_50pct_and_punctuation_remove,Quỹ phục hồi COVID-19 trong năm 2027 EU nhằm quyết hậu quả và xã hội sau đại dịch COVID-19 phát,0.4715332984380023,0.44410565572121125,0.39691774472166214,0.3949996410117674
vi-zh-2022-test-0046,0,identity,"Giữa tháng 7, EU cũng chính thức thông qua kế hoạch phục hồi do 12 nước đệ trình, nhằm mở đường cho đợt giải ngân các khoản tài trợ và cho vay đầu tiên của khối này.",1.0,1.0,1.0,1.0
vi-zh-2022-test-0046,1,remove_one_tone,"Giua tháng 7, EU cũng chính thức thông qua kế hoạch phục hồi do 12 nước đệ trình, nhằm mở đường cho đợt giải ngân các khoản tài trợ và cho vay đầu tiên của khối này.",0.9822978727404714,0.9797584108868098,0.9801663237624648,0.9787946146167203
vi-zh-2022-test-0046,2,remove_tones_and_drop_one_word,"Giua thang 7, EU cung chinh thuc thong qua ke hoach phuc hoi do 12 nuoc đe trinh, mo đuong cho đot giai ngan cac khoan tai tro va cho vay đau tien cua khoi nay.",0.43021923182590727,0.35005892104716774,0.3123855807309003,0.2817237696116237
vi-zh-2022-test-0046,3,word_dropout_15pct,"7, chính thức thông qua kế hoạch phục hồi do 12 nước đệ trình, nhằm mở đường cho ngân các khoản tài trợ và cho vay đầu tiên của khối này.",0.8345338895966047,0.8391048476840308,0.8227943000381256,0.8291607632097943
vi-zh-2022-test-0046,4,word_dropout_30pct_and_swap,"Giữa 7, tháng chính thức thông hoạch phục do trình, nhằm mở đường cho giải ngân các khoản tài trợ cho vay đầu tiên của này.",0.6980019843079098,0.6792952560270443,0.6371825108118683,0.6383572094080054
vi-zh-2022-test-0046,5,word_dropout_50pct_and_punctuation_remove,tháng EU chính thông kế phục hồi trình nhằm mở đợt giải các trợ cho vay tiên khối,0.40714597659956375,0.37503286793250196,0.31024418025781547,0.31038304893734764
vi-zh-2022-test-0047,0,identity,"Đảng và Nhà nước Việt Nam xác định công tác giảm nghèo bền vững là chủ trương lớn, quan trọng, nhất quán, xuyên suốt trong quá trình thực hiện công cuộc đổi mới, xây dựng và phát triển đất nước.",1.0,1.0,1.0,1.0
vi-zh-2022-test-0047,1,remove_one_tone,"Đang và Nhà nước Việt Nam xác định công tác giảm nghèo bền vững là chủ trương lớn, quan trọng, nhất quán, xuyên suốt trong quá trình thực hiện công cuộc đổi mới, xây dựng và phát triển đất nước.",0.9885828959870208,0.984897014833098,0.9879588695836943,0.9853504653190839
vi-zh-2022-test-0047,2,remove_tones_and_drop_one_word,"Đang va Nha nuoc Viet Nam xac đinh cong tac giam ngheo ben vung la chu truong lon, quan trong, quan, xuyen suot trong qua trinh thuc hien cong cuoc đoi moi, xay dung va phat trien đat nuoc.",0.3945193183942166,0.29658002518985616,0.28081160886299783,0.23578406775849076
vi-zh-2022-test-0047,3,word_dropout_15pct,"Đảng và Nhà nước Nam xác định giảm nghèo bền vững là chủ lớn, quan trọng, nhất quán, xuyên suốt trong quá trình thực hiện cuộc đổi mới, xây dựng và phát triển nước.",0.8252121108674371,0.8270650072191296,0.79034066128314,0.8004509160086812
vi-zh-2022-test-0047,4,word_dropout_30pct_and_swap,"và nước Nhà Nam xác định tác giảm nghèo bền chủ lớn, quan trọng, quán, xuyên suốt trong quá công cuộc đổi mới, và phát triển đất nước.",0.6526918253600839,0.6564532089372089,0.5971553488186578,0.6138703724644036
vi-zh-2022-test-0047,5,word_dropout_50pct_and_punctuation_remove,Đảng và định công tác nghèo vững lớn trọng xuyên suốt trình thực hiện cuộc đổi mới dựng và phát,0.4733821503433596,0.4417414937535768,0.40958301563437677,0.4018001165307401
vi-zh-2022-test-0048,0,identity,"Việt Nam cũng xây dựng chuẩn nghèo giai đoạn 2021-2025 với tiêu chí thu nhập bình quân đầu người một tháng tại khu vực nông thôn là 1.500.000 đồng, khu vực thành thị là 2.000.000 đồng",1.0,1.0,1.0,1.0
vi-zh-2022-test-0048,1,remove_one_tone,"Viet Nam cũng xây dựng chuẩn nghèo giai đoạn 2021-2025 với tiêu chí thu nhập bình quân đầu người một tháng tại khu vực nông thôn là 1.500.000 đồng, khu vực thành thị là 2.000.000 đồng",0.9846000501721197,0.9805992326472791,0.9827646410626873,0.9802228801964151
vi-zh-2022-test-0048,2,remove_tones_and_drop_one_word,"Viet Nam cung xay dung chuan ngheo giai đoan 2021-2025 voi tieu chi thu nhap binh quan đau mot thang tai khu vuc nong thon la 1.500.000 đong, khu vuc thanh thi la 2.000.000 đong",0.5294777471122081,0.39840185097912617,0.4102588821565912,0.34175668802714326
vi-zh-2022-test-0048,3,word_dropout_15pct,"Nam cũng xây dựng chuẩn giai đoạn 2021-2025 với tiêu chí thu nhập bình quân đầu người một tháng tại khu thôn 1.500.000 đồng, khu vực thành thị là 2.000.000 đồng",0.8692914442864251,0.8610165865937529,0.8475671313521151,0.8467920145544037
vi-zh-2022-test-0048,4,word_dropout_30pct_and_swap,"Việt chuẩn xây giai đoạn 2021-2025 tiêu thu nhập bình đầu người một tại khu vực thôn 1.500.000 đồng, vực thành thị là 2.000.000 đồng",0.6654116610119063,0.642120648313237,0.6010252994180999,0.5996530655956179
vi-zh-2022-test-0048,5,word_dropout_50pct_and_punctuation_remove,Việt Nam cũng dựng nghèo đoạn quân người một tháng vực thôn 1500000 thành thị là 2000000 đồng,0.4362921859411638,0.4022641024937451,0.3553844269579237,0.3500886135581914
vi-zh-2022-test-0049,0,identity,"Mục tiêu của kế hoạch nói trên là giảm nghèo đa chiều, bao trùm, bền vững, hạn chế tái nghèo và phát sinh nghèo; hỗ trợ người nghèo, hộ nghèo vượt lên mức sống tối thiểu, tiếp cận các dịch vụ xã hội cơ bản theo chuẩn nghèo đa chiều quốc gia, nâng cao chất lượng cuộc sống; hỗ trợ các huyện nghèo, xã đặc biệt khó khăn vùng bãi ngang ven biển và hải đảo thoát khỏi tình trạng nghèo, đặc biệt khó khăn.",1.0,1.0,1.0,1.0
vi-zh-2022-test-0049,1,remove_one_tone,"Muc tiêu của kế hoạch nói trên là giảm nghèo đa chiều, bao trùm, bền vững, hạn chế tái nghèo và phát sinh nghèo; hỗ trợ người nghèo, hộ nghèo vượt lên mức sống tối thiểu, tiếp cận các dịch vụ xã hội cơ bản theo chuẩn nghèo đa chiều quốc gia, nâng cao chất lượng cuộc sống; hỗ trợ các huyện nghèo, xã đặc biệt khó khăn vùng bãi ngang ven biển và hải đảo thoát khỏi tình trạng nghèo, đặc biệt khó khăn.",0.9944317583948371,0.9927973418538678,0.9941476515003148,0.9929928658182186
vi-zh-2022-test-0049,2,remove_tones_and_drop_one_word,"Muc tieu cua ke hoach noi tren la giam ngheo đa chieu, bao trum, ben vung, han che tai ngheo va phat sinh ngheo; ho tro nguoi ngheo, ho ngheo vuot len muc song toi thieu, tiep can cac dich vu xa co ban theo chuan ngheo đa chieu quoc gia, nang cao chat luong cuoc song; ho tro cac huyen ngheo, xa đac biet kho khan vung bai ngang ven bien va hai đao thoat khoi tinh trang ngheo, đac biet kho khan.",0.4268942510182539,0.32466514487839765,0.3097841417735714,0.2623898394480606
vi-zh-2022-test-0049,3,word_dropout_15pct,"Mục tiêu của kế hoạch nói trên giảm nghèo đa bền vững, hạn chế tái nghèo phát sinh nghèo; hỗ trợ người nghèo, hộ nghèo vượt lên mức sống tối thiểu, tiếp các dịch vụ xã hội cơ bản theo chuẩn nghèo đa chiều quốc cao chất lượng cuộc sống; hỗ trợ các xã đặc biệt khó khăn vùng bãi ngang ven biển và thoát khỏi tình trạng đặc biệt khó khăn.",0.8269228504619,0.8178152740392196,0.79980756370246,0.7997567121355834
vi-zh-2022-test-0049,4,word_dropout_30pct_and_swap,"Mục của tiêu kế hoạch nói trên là đa chiều, bao trùm, hạn chế nghèo phát sinh nghèo; hỗ trợ nghèo, hộ vượt mức sống thiểu, cận các dịch vụ xã hội cơ chuẩn nghèo chiều cuộc sống; trợ huyện nghèo, xã đặc biệt khó khăn vùng bãi ngang và hải đảo thoát khỏi trạng nghèo, đặc khó khăn.",0.6579411110859723,0.6534847324545665,0.5958775196471526,0.6080518013051599
vi-zh-2022-test-0049,5,word_dropout_50pct_and_punctuation_remove,tiêu của kế hoạch nói là giảm đa chiều bao trùm vững hạn và phát sinh nghèo người hộ mức sống thiểu vụ cơ bản theo nghèo quốc gia nâng cao chất cuộc huyện nghèo xã đặc biệt khó biển trạng khó,0.4280438553241105,0.40716339874844093,0.36020668006001033,0.361505902445417
vi-zh-2022-test-0050,0,identity,"Chương trình cũng đầu tư phát triển hạ tầng kinh tế - xã hội vùng lõi nghèo, nâng cao thu nhập, chất lượng cuộc sống của người nghèo, đào tạo kỹ năng nghề, tạo việc làm tốt, hỗ trợ đối tượng yếu thế không rơi vào tình trạng nghèo đói.",1.0,1.0,1.0,1.0
vi-zh-2022-test-0050,1,remove_one_tone,"Chuong trình cũng đầu tư phát triển hạ tầng kinh tế - xã hội vùng lõi nghèo, nâng cao thu nhập, chất lượng cuộc sống của người nghèo, đào tạo kỹ năng nghề, tạo việc làm tốt, hỗ trợ đối tượng yếu thế không rơi vào tình trạng nghèo đói.",0.9822622239719532,0.9821683224748086,0.9807878710252962,0.981086033139102
vi-zh-2022-test-0050,2,remove_tones_and_drop_one_word,"Chuong trinh cung đau tu phat trien ha tang kinh te - xa hoi vung loi ngheo, nang cao thu nhap, chat luong cuoc song nguoi ngheo, đao tao ky nang nghe, tao viec lam tot, ho tro đoi tuong yeu the khong roi vao tinh trang ngheo đoi.",0.39089027421058203,0.29350346917966114,0.2772592767108128,0.23262692215432568
vi-zh-2022-test-0050,3,word_dropout_15pct,"Chương trình cũng tư phát triển hạ tầng tế - xã vùng lõi nghèo, nâng thu nhập, chất lượng cuộc sống của người nghèo, đào tạo kỹ năng nghề, tạo việc hỗ trợ đối tượng thế không vào tình trạng nghèo đói.",0.8241711329934088,0.8161694780400424,0.7833125913675787,0.787526364892112
vi-zh-2022-test-0050,4,word_dropout_30pct_and_swap,"Chương cũng trình phát triển hạ tầng tế - hội vùng lõi nghèo, nâng cao nhập, chất lượng cuộc sống của người nghèo, đào năng tạo việc tốt, hỗ trợ tượng yếu không trạng nghèo",0.6873445251276581,0.6658730278832633,0.6218501798498067,0.6221230515554789
vi-zh-2022-test-0050,5,word_dropout_50pct_and_punctuation_remove,trình cũng đầu tư phát triển hạ tầng xã hội lõi nâng thu nhập cuộc sống nghèo đào kỹ làm tốt tượng yếu rơi trạng,0.4428154209397989,0.4198955612476579,0.377952133917294,0.37697631033836715
vi-zh-2022-test-0051,0,identity,"Việt Nam cũng đẩy mạnh thực hiện mục tiêu giảm nghèo bao trùm, nhất là nâng cao thu nhập và bảo đảm các chiều dịch vụ xã hội cơ bản như việc làm, giáo dục, y tế, nhà ở, nước sạch sinh hoạt và vệ sinh, thông tin để tiến tới xoá bỏ nghèo đói cho mọi người, ở mọi nơi, mọi thời điểm và mọi chiều.",1.0,1.0,1.0,1.0
vi-zh-2022-test-0051,1,remove_one_tone,"Viet Nam cũng đẩy mạnh thực hiện mục tiêu giảm nghèo bao trùm, nhất là nâng cao thu nhập và bảo đảm các chiều dịch vụ xã hội cơ bản như việc làm, giáo dục, y tế, nhà ở, nước sạch sinh hoạt và vệ sinh, thông tin để tiến tới xoá bỏ nghèo đói cho mọi người, ở mọi nơi, mọi thời điểm và mọi chiều.",0.9900047414145183,0.9889212895979829,0.9888420895577257,0.9883201636595225
vi-zh-2022-test-0051,2,remove_tones_and_drop_one_word,"Viet Nam cung đay manh thuc hien muc tieu giam ngheo bao trum, nhat la nang cao thu nhap va bao đam cac chieu dich vu xa hoi co ban nhu viec lam, duc, y te, nha o, nuoc sach sinh hoat va ve sinh, thong tin đe tien toi xoa bo ngheo đoi cho moi nguoi, o moi noi, moi thoi điem va moi chieu.",0.40165583088029133,0.31403301323751326,0.2910635706610579,0.25299452463776184
vi-zh-2022-test-0051,3,word_dropout_15pct,"Việt Nam cũng đẩy mạnh thực hiện tiêu giảm nghèo bao trùm, nhất là nâng cao thu nhập và bảo đảm các vụ xã cơ như việc làm, giáo dục, tế, nhà ở, sạch sinh hoạt và vệ sinh, thông tin để tiến tới xoá bỏ cho mọi người, ở mọi nơi, mọi thời điểm và chiều.",0.8216963666796082,0.8265955017603026,0.7880893689327951,0.8001672291630545
vi-zh-2022-test-0051,4,word_dropout_30pct_and_swap,"Nam đẩy cũng mạnh hiện mục tiêu bao trùm, là nâng cao thu và bảo chiều dịch xã hội cơ bản như việc giáo dục, y tế, sạch sinh hoạt và thông tin để tiến tới xoá bỏ nghèo đói mọi người, ở mọi điểm và mọi",0.6266793321758941,0.6232210477786649,0.564471629034882,0.5774294997019093
vi-zh-2022-test-0051,5,word_dropout_50pct_and_punctuation_remove,Việt cũng đẩy mạnh thực nghèo bao trùm nhập và đảm chiều dịch vụ như việc làm dục y nước sinh và sinh thông tới xoá bỏ nghèo đói ở mọi điểm và chiều,0.4537426094421978,0.4264929832088915,0.38243605609429016,0.37982719700324574
vi-zh-2022-test-0052,0,identity,Việt Nam đang ghi nhận những tín hiệu tích cực trong công tác phòng chống dịch.,1.0,1.0,1.0,1.0
vi-zh-2022-test-0052,1,remove_one_tone,Viet Nam đang ghi nhận những tín hiệu tích cực trong công tác phòng chống dịch.,0.9637653859027305,0.9556230023665262,0.9590356809973009,0.954111319571505
vi-zh-2022-test-0052,2,remove_tones_and_drop_one_word,Viet Nam đang ghi nhan nhung tin hieu cuc trong cong tac phong chong dich.,0.5029402884789567,0.4059939177461293,0.3977143177894304,0.35131107048489
vi-zh-2022-test-0052,3,word_dropout_15pct,Việt đang nhận những tín hiệu tích cực trong công tác phòng chống dịch.,0.872049389089036,0.8601968187486431,0.8415103608534413,0.8402554103797867
vi-zh-2022-test-0052,4,word_dropout_30pct_and_swap,Việt những nhận tín hiệu cực trong công tác phòng dịch.,0.6328926286219015,0.6135991814767546,0.5475109662477469,0.554387246334454
vi-zh-2022-test-0052,5,word_dropout_50pct_and_punctuation_remove,đang ghi tín cực trong công tác phòng,0.4568036182481429,0.45095768838686917,0.41836936049956625,0.42359579828539506
vi-zh-2022-test-0053,0,identity,"Đây là thời điểm Việt Nam có thể bắt tay nhanh chóng vào khôi phục sản xuất, phát triển kinh tế.",1.0,1.0,1.0,1.0
vi-zh-2022-test-0053,1,remove_one_tone,"Đay là thời điểm Việt Nam có thể bắt tay nhanh chóng vào khôi phục sản xuất, phát triển kinh tế.",0.9764377878238729,0.9694697241618968,0.9749673932388677,0.9701089441386371
vi-zh-2022-test-0053,2,remove_tones_and_drop_one_word,"Đay la thoi điem Viet Nam co the bat tay chong vao khoi phuc san xuat, phat trien kinh te.",0.40117965358720264,0.304005753357947,0.27687632457696726,0.23507176145271058
vi-zh-2022-test-0053,3,word_dropout_15pct,Đây là thời điểm Việt Nam thể bắt nhanh chóng vào khôi phục sản phát triển kinh tế.,0.8268321260068483,0.8118570312521929,0.7813812223985717,0.7815138360434158
vi-zh-2022-test-0053,4,word_dropout_30pct_and_swap,"là Việt thời Nam có thể bắt tay chóng vào khôi xuất, triển kinh tế.",0.61358494903952,0.6192192665353619,0.5335579231754266,0.5578024785003712
vi-zh-2022-test-0053,5,word_dropout_50pct_and_punctuation_remove,là Việt Nam có bắt chóng vào phục xuất kinh,0.35750094991916387,0.34581646315602343,0.28056746433865115,0.29103580879944624
vi-zh-2022-test-0054,0,identity,Một loạt chỉ đạo mang tính định hướng của các cấp lãnh đạo được đưa ra trong những ngày qua cho thấy quyết tâm rất lớn của Việt Nam trong việc lấy lại đà tăng trưởng.,1.0,1.0,1.0,1.0
vi-zh-2022-test-0054,1,remove_one_tone,Mot loạt chỉ đạo mang tính định hướng của các cấp lãnh đạo được đưa ra trong những ngày qua cho thấy quyết tâm rất lớn của Việt Nam trong việc lấy lại đà tăng trưởng.,0.9864632302150333,0.9818413526758881,0.9857053122485091,0.9824283835857811
vi-zh-2022-test-0054,2,remove_tones_and_drop_one_word,Mot loat chi đao mang tinh đinh huong cua cac cap lanh đao đuoc đua ra trong nhung qua cho thay quyet tam rat lon cua Viet Nam trong viec lay lai đa tang truong.,0.4372290421313487,0.3416844824149188,0.3365465297929719,0.29005874383945207
vi-zh-2022-test-0054,3,word_dropout_15pct,loạt chỉ đạo mang tính định hướng của cấp lãnh đạo được đưa ra trong những ngày qua cho thấy quyết tâm rất lớn Việt Nam việc lấy đà tăng trưởng.,0.8502129024161242,0.8435295244289498,0.817259453718242,0.8204850788108202
vi-zh-2022-test-0054,4,word_dropout_30pct_and_swap,loạt đạo chỉ định hướng của các cấp lãnh đạo được đưa trong những quyết tâm lớn của Nam trong việc lấy lại tăng trưởng.,0.6780143454565171,0.6603769496420174,0.6168292820810114,0.6188964707636025
vi-zh-2022-test-0054,5,word_dropout_50pct_and_punctuation_remove,chỉ đạo định hướng của các cấp đạo đưa ra trong qua thấy quyết Nam trong đà tăng,0.4566853530880485,0.4465823091450314,0.39742080420672177,0.4046611939779895
vi-zh-2022-test-0055,0,identity,"Ngày 10-11 chính phủ ban bố nghị quyết 128/NQ-CP quy định tạm thời “Thích ứng an toàn, linh hoạt, kiểm soát hiệu quả dịch COVID -19”",1.0,1.0,1.0,1.0
vi-zh-2022-test-0055,1,remove_one_tone,"Ngay 10-11 chính phủ ban bố nghị quyết 128/NQ-CP quy định tạm thời “Thích ứng an toàn, linh hoạt, kiểm soát hiệu quả dịch COVID -19”",0.978592174665398,0.9740286090544362,0.9759717867272463,0.9732042095035629
vi-zh-2022-test-0055,2,remove_tones_and_drop_one_word,"Ngay 10-11 chinh phu ban bo nghi quyet 128/NQ-CP quy đinh tam thoi ung an toan, linh hoat, kiem soat hieu qua dich COVID -19”",0.5614711167425185,0.46195808475742806,0.45489410040592726,0.40690386297260644
vi-zh-2022-test-0055,3,word_dropout_15pct,"Ngày 10-11 chính phủ ban bố quyết 128/NQ-CP quy định tạm thời “Thích ứng an toàn, linh hoạt, soát quả COVID -19”",0.8157273869436863,0.8141264069140013,0.7804562007034278,0.7880746456524049
vi-zh-2022-test-0055,4,word_dropout_30pct_and_swap,"10-11 ban phủ bố nghị quyết quy tạm thời ứng an toàn, linh hoạt, soát quả dịch COVID",0.5553415472151888,0.5628984119764705,0.4812988925844819,0.5054965512959578
vi-zh-2022-test-0055,5,word_dropout_50pct_and_punctuation_remove,ban bố quy tạm thời “Thích ứng toàn linh kiểm hiệu dịch COVID,0.3929633181418966,0.37956434069908546,0.322460023629305,0.3300353372655534
vi-zh-2022-test-0056,0,identity,Không để nền kinh tế bị lỡ nhịp trong xu hướng hồi phục kinh tế thế giới,1.0,1.0,1.0,1.0
vi-zh-2022-test-0056,1,remove_one_tone,Khong để nền kinh tế bị lỡ nhịp trong xu hướng hồi phục kinh tế thế giới,0.9584049729096898,0.9520493937044993,0.9528506757557813,0.9494725656403653
vi-zh-2022-test-0056,2,remove_tones_and_drop_one_word,Khong đe nen kinh te bi lo nhip xu huong hoi phuc kinh te the gioi,0.3693758367821367,0.2760172311861794,0.26598924740486896,0.22181707314235077
vi-zh-2022-test-0056,3,word_dropout_15pct,Không để nền kinh tế bị lỡ nhịp trong xu hướng hồi phục thế,0.8185140895464288,0.8178244628297676,0.8049322752726568,0.8078112903460861
vi-zh-2022-test-0056,4,word_dropout_30pct_and_swap,nền tế kinh lỡ nhịp trong xu hướng hồi tế thế giới,0.6193851854386432,0.6157089569255696,0.558408004447529,0.5708990075105977
vi-zh-2022-test-0056,5,word_dropout_50pct_and_punctuation_remove,để lỡ xu hồi kinh tế thế giới,0.32814603517737695,0.3419581244401858,0.28216234021268016,0.3040844243066539
vi-zh-2022-test-0057,0,identity,"Từ ngày 10/10, các hãng hàng không trong nước cũng đã khai thác trở lại đường bay nội địa.",1.0,1.0,1.0,1.0
vi-zh-2022-test-0057,1,remove_one_tone,"Tu ngày 10/10, các hãng hàng không trong nước cũng đã khai thác trở lại đường bay nội địa.",0.9750962903021997,0.9671276855982919,0.9735204417057101,0.9679379503269016
vi-zh-2022-test-0057,2,remove_tones_and_drop_one_word,"Tu ngay 10/10, cac hang hang khong trong nuoc đa khai thac tro lai đuong bay noi đia.",0.4598113733994623,0.3630359368981974,0.3564438664448599,0.3097042178615923
vi-zh-2022-test-0057,3,word_dropout_15pct,"Từ ngày 10/10, các hãng hàng không cũng đã khai thác lại đường bay nội địa.",0.8143899960016072,0.8188733504775033,0.7809790375948079,0.792699732509507
vi-zh-2022-test-0057,4,word_dropout_30pct_and_swap,"ngày các 10/10, hàng không trong nước cũng đã thác lại nội địa.",0.6090453819870304,0.6032185531803037,0.5297298658103193,0.5451901316412769
vi-zh-2022-test-0057,5,word_dropout_50pct_and_punctuation_remove,Từ 10/10 hàng không trong khai thác trở đường địa,0.49374335438084055,0.45550344134510384,0.4218353154887327,0.4111239050568301
vi-zh-2022-test-0058,0,identity,"Tiến trình này được xúc tiến chỉ ít ngày sau khi lãnh đạo Taliban có cuộc hội đàm với Simon Gass, đại diện cấp cao tại Afghanistan của Thủ tướng Anh Boris Johnson (hôm 5/10).",1.0,1.0,1.0,1.0
vi-zh-2022-test-0058,1,remove_one_tone,"Tien trình này được xúc tiến chỉ ít ngày sau khi lãnh đạo Taliban có cuộc hội đàm với Simon Gass, đại diện cấp cao tại Afghanistan của Thủ tướng Anh Boris Johnson (hôm 5/10).",0.9837079282486872,0.9802481494156728,0.9817584445405191,0.9796509813428006
vi-zh-2022-test-0058,2,remove_tones_and_drop_one_word,"Tien trinh nay đuoc xuc tien chi it ngay sau khi lanh đao Taliban co cuoc hoi voi Simon Gass, đai dien cap cao tai Afghanistan cua Thu tuong Anh Boris Johnson (hom 5/10).",0.5770351316840115,0.4781216875063676,0.48720454017515424,0.4354771043232178
vi-zh-2022-test-0058,3,word_dropout_15pct,"Tiến trình này được xúc tiến chỉ ít ngày sau khi đạo Taliban có cuộc hội với Gass, đại diện cấp cao tại Afghanistan của Thủ tướng Boris Johnson (hôm",0.83179666054832,0.825159747476479,0.8033099033424262,0.8054536222394917
vi-zh-2022-test-0058,4,word_dropout_30pct_and_swap,"Tiến này trình được xúc tiến chỉ ngày sau khi lãnh đạo có hội Gass, diện cấp cao tại của tướng Anh Boris 5/10).",0.5475516884799391,0.5543054190590413,0.4755791700598763,0.4986511532614933
vi-zh-2022-test-0058,5,word_dropout_50pct_and_punctuation_remove,Tiến được xúc tiến chỉ sau khi lãnh đạo Taliban hội với Simon diện cấp cao tại tướng,0.457493056897745,0.44879037039695086,0.4083648745499903,0.41411918980062074
vi-zh-2022-test-0059,0,identity,"Nhiều nhà phân tích khu vực và phương Tây có chung nhận định rằng: việc lãnh đạo Taliban tích cực tham gia các cuộc tiếp xúc với thế giới nhằm mục tiêu phá vỡ thế cô lập, tìm kiếm sự cộng nhận quốc tế.",1.0,1.0,1.0,1.0
vi-zh-2022-test-0059,1,remove_one_tone,"Nhieu nhà phân tích khu vực và phương Tây có chung nhận định rằng: việc lãnh đạo Taliban tích cực tham gia các cuộc tiếp xúc với thế giới nhằm mục tiêu phá vỡ thế cô lập, tìm kiếm sự cộng nhận quốc tế.",0.9839737029322732,0.9821465142582716,0.9806294991508989,0.9800951585907413
vi-zh-2022-test-0059,2,remove_tones_and_drop_one_word,"Nhieu nha phan tich khu vuc va phuong Tay co chung nhan đinh rang: viec lanh đao Taliban tich cuc tham gia cuoc tiep xuc voi the gioi nham muc tieu pha vo the co lap, tim kiem su cong nhan quoc te.",0.4105151360343477,0.30580581977477084,0.30309025068833123,0.2514144843395922
vi-zh-2022-test-0059,3,word_dropout_15pct,"Nhiều nhà phân tích khu vực và phương Tây có chung nhận định rằng: việc lãnh tích cực tham gia các tiếp xúc giới mục tiêu phá vỡ thế cô lập, tìm kiếm cộng nhận quốc tế.",0.8176449875447589,0.818359953885365,0.7844604532604401,0.793294572575495
vi-zh-2022-test-0059,4,word_dropout_30pct_and_swap,"Nhiều khu tích vực và phương có chung nhận định rằng: việc lãnh tích cực gia các cuộc tiếp xúc với giới phá vỡ cô lập, tìm kiếm nhận quốc tế.",0.6418224847660838,0.6438514328178571,0.5758977616528871,0.5939038171439811
vi-zh-2022-test-0059,5,word_dropout_50pct_and_punctuation_remove,nhà tích khu phương Tây có định việc đạo tham các cuộc thế giới mục tiêu phá vỡ cô sự cộng tế,0.38690693484966737,0.38183284313186244,0.3166088274285919,0.33037990710588
vi-zh-2022-test-0060,0,identity,"Tuy nhiên, trong bối cảnh có thể xảy một thậm họa nhân đạo nghiêm trọng tại Afghanistan, cùng với việc gây sức ép lên Taliban, cộng đồng quốc tế cũng đang nỗ lực tìm giải pháp ngăn chặn tình trạng nhân đạo đang ngày càng xấu đi tại quốc gia Nam Á.",1.0,1.0,1.0,1.0
vi-zh-2022-test-0060,1,remove_one_tone,"Tuy nhien, trong bối cảnh có thể xảy một thậm họa nhân đạo nghiêm trọng tại Afghanistan, cùng với việc gây sức ép lên Taliban, cộng đồng quốc tế cũng đang nỗ lực tìm giải pháp ngăn chặn tình trạng nhân đạo đang ngày càng xấu đi tại quốc gia Nam Á.",0.9871130607001135,0.9823719105966124,0.9818328272613903,0.9795970230434454
vi-zh-2022-test-0060,2,remove_tones_and_drop_one_word,"Tuy nhien, trong boi canh co the xay mot tham hoa nhan đao nghiem trong tai Afghanistan, cung voi viec gay suc ep len Taliban, cong quoc te cung đang no luc tim giai phap ngan chan tinh trang nhan đao đang ngay cang xau đi tai quoc gia Nam A.",0.4763730141104531,0.3685766595271598,0.36650650736315543,0.313125870189448
vi-zh-2022-test-0060,3,word_dropout_15pct,"Tuy nhiên, bối có thể xảy một thậm họa nhân nghiêm trọng tại Afghanistan, với việc gây sức ép Taliban, cộng đồng quốc tế cũng nỗ lực tìm giải pháp ngăn chặn tình trạng nhân đạo đang ngày xấu đi quốc gia Nam Á.",0.8233655239220137,0.8176958305562423,0.7824957528862082,0.7884616898661947
vi-zh-2022-test-0060,4,word_dropout_30pct_and_swap,"nhiên, bối trong cảnh có một thậm họa nhân đạo nghiêm trọng tại Afghanistan, cùng với việc lên đồng quốc tế cũng đang nỗ lực tìm pháp trạng nhân đạo ngày xấu đi quốc gia Nam",0.6611478778939721,0.6459616790872231,0.6056531007140417,0.6081369350386144
vi-zh-2022-test-0060,5,word_dropout_50pct_and_punctuation_remove,trong cảnh xảy một thậm nhân đạo tại Afghanistan cùng với việc gây lên quốc đang tìm giải ngăn chặn trạng nhân đạo đang đi quốc,0.47615470027994805,0.4450387989780292,0.40716481737425364,0.40107600966247753
vi-zh-2022-test-0061,0,identity,"Cứu trợ hàng triệu người Afghanistan đang đối mặt với tình trạng khủng hoảng lương thực là nhiệm vụ cần thiết, cấp bách, tuy nhiên, giải pháp căn cơ, lâu dài cho đất nước và người dân Afghanistan, vẫn là xây dựng một xã hội ổn định, tiến bộ.",1.0,1.0,1.0,1.0
vi-zh-2022-test-0061,1,remove_one_tone,"Cuu trợ hàng triệu người Afghanistan đang đối mặt với tình trạng khủng hoảng lương thực là nhiệm vụ cần thiết, cấp bách, tuy nhiên, giải pháp căn cơ, lâu dài cho đất nước và người dân Afghanistan, vẫn là xây dựng một xã hội ổn định, tiến bộ.",0.9908511165512798,0.9878942508610264,0.9903640262917948,0.9882681495889759
vi-zh-2022-test-0061,2,remove_tones_and_drop_one_word,"Cuu tro hang trieu nguoi Afghanistan đang đoi mat voi tinh trang khung hoang luong thuc la nhiem vu can thiet, cap bach, tuy giai phap can co, lau dai cho đat nuoc va nguoi dan Afghanistan, van la xay dung mot xa hoi on đinh, tien bo.",0.4349820656823187,0.33211930569008613,0.33446601277508436,0.2824479544272051
vi-zh-2022-test-0061,3,word_dropout_15pct,"Cứu trợ hàng triệu người Afghanistan mặt với tình trạng khủng hoảng lương thực là nhiệm vụ cần thiết, cấp bách, tuy nhiên, pháp căn cơ, lâu dài cho đất nước và người dân vẫn là xây xã hội ổn định, tiến",0.8246176528028066,0.8258545347364884,0.8017046447101959,0.8083614874454049
vi-zh-2022-test-0061,4,word_dropout_30pct_and_swap,"hàng người triệu Afghanistan đang đối mặt trạng khủng thực là nhiệm vụ cần thiết, tuy nhiên, căn cơ, lâu dài cho nước và người dân Afghanistan, vẫn là xây một hội tiến bộ.",0.6782669691215294,0.6662051346058425,0.6221092891395257,0.6271018724125459
vi-zh-2022-test-0061,5,word_dropout_50pct_and_punctuation_remove,triệu Afghanistan đối mặt tình trạng khủng hoảng nhiệm cần thiết nhiên lâu dài và dân vẫn xây dựng một xã hội ổn định,0.45089746699957656,0.42253171626393055,0.39245406590057363,0.3857912577320667
vi-zh-2022-test-0062,0,identity,"Vì thế, xây dựng chỉnh đốn, làm trong sạch đội ngũ cán bộ không chỉ trong Đảng mà trong cả hệ thống chính trị.",1.0,1.0,1.0,1.0
vi-zh-2022-test-0062,1,remove_one_tone,"Vi thế, xây dựng chỉnh đốn, làm trong sạch đội ngũ cán bộ không chỉ trong Đảng mà trong cả hệ thống chính trị.",0.9794777493996797,0.9737354036833572,0.9782373946923519,0.974240724081942
vi-zh-2022-test-0062,2,remove_tones_and_drop_one_word,"Vi the, xay dung chinh đon, lam trong sach đoi ngu can khong chi trong Đang ma trong ca he thong chinh tri.",0.43192663923689184,0.32526557886142066,0.3102453244936327,0.26066985657127634
vi-zh-2022-test-0062,3,word_dropout_15pct,"Vì thế, dựng chỉnh đốn, làm trong đội ngũ bộ không chỉ trong Đảng mà trong cả hệ thống chính",0.8095747766942037,0.8007655350784774,0.7697036187373986,0.7730637134707217
vi-zh-2022-test-0062,4,word_dropout_30pct_and_swap,"thế, dựng xây chỉnh đốn, làm sạch đội cán bộ chỉ trong Đảng trong hệ thống chính",0.6226290536978879,0.6080994643907167,0.5262643017438144,0.5394566052733144
vi-zh-2022-test-0062,5,word_dropout_50pct_and_punctuation_remove,thế dựng chỉnh trong sạch đội chỉ trong mà thống chính trị,0.5152013310469011,0.4706483100853681,0.4530268944827518,0.43515231085873457
vi-zh-2022-test-0063,0,identity,Bởi trước đây chúng ta chỉ tập trung nói trong xây dựng Đảng.,1.0,1.0,1.0,1.0
vi-zh-2022-test-0063,1,remove_one_tone,Boi trước đây chúng ta chỉ tập trung nói trong xây dựng Đảng.,0.9629734294272752,0.9505903448929088,0.9603324546350184,0.9517053849323078
vi-zh-2022-test-0063,2,remove_tones_and_drop_one_word,Boi truoc đay chung ta chi trung noi trong xay dung Đang.,0.46974227396921653,0.3614712740304569,0.3547989191105864,0.3023314619966452
vi-zh-2022-test-0063,3,word_dropout_15pct,Bởi trước đây ta chỉ tập trung trong xây dựng Đảng.,0.8047946664134122,0.802652858410315,0.7501025190022326,0.7621747195241407
vi-zh-2022-test-0063,4,word_dropout_30pct_and_swap,Bởi chúng trước ta trung nói trong xây Đảng.,0.6206495818949205,0.5946910309127088,0.5249770050652082,0.5294231859063251
vi-zh-2022-test-0063,5,word_dropout_50pct_and_punctuation_remove,chúng ta tập trung trong Đảng,0.45099336120942374,0.41069997198960295,0.3680024612877119,0.3585132948466751
vi-zh-2022-test-0064,0,identity,"Nhưng Đảng là Đảng cầm quyền, Đảng lãnh đạo Nhà nước xã hội.",1.0,1.0,1.0,1.0
vi-zh-2022-test-0064,1,remove_one_tone,"Nhung Đảng là Đảng cầm quyền, Đảng lãnh đạo Nhà nước xã hội.",0.9511823543015727,0.9444390298518422,0.9444633595273345,0.9410856148835962
vi-zh-2022-test-0064,2,remove_tones_and_drop_one_word,"Nhung Đang la Đang cam quyen, lanh đao Nha nuoc xa hoi.",0.30055928850100705,0.2228965184647023,0.20037285900067137,0.16717238884852673
vi-zh-2022-test-0064,3,word_dropout_15pct,"Nhưng Đảng Đảng cầm quyền, lãnh đạo Nhà nước xã hội.",0.8264916245274503,0.8219491697115926,0.7754749653672215,0.7848213633323367
vi-zh-2022-test-0064,4,word_dropout_30pct_and_swap,"Nhưng cầm Đảng quyền, Đảng lãnh đạo Nhà hội.",0.6722736269508107,0.6530614974872235,0.5818828810860577,0.5900686522553438
vi-zh-2022-test-0064,5,word_dropout_50pct_and_punctuation_remove,Đảng quyền Đảng lãnh đạo hội,0.407057280017657,0.3746924187762415,0.33191131087223336,0.3264022987176965
vi-zh-2022-test-0065,0,identity,"Tại Hội nghị Trung ương 4, khóa XIII lần này, Tổng Bí thư Nguyễn Phú Trọng nhấn mạnh quan điểm đảng viên phải “nói đi đôi với làm”, gương mẫu chấp hành các nghị quyết, chính sách, pháp luật của Đảng và Nhà nước.",1.0,1.0,1.0,1.0
vi-zh-2022-test-0065,1,remove_one_tone,"Tai Hội nghị Trung ương 4, khóa XIII lần này, Tổng Bí thư Nguyễn Phú Trọng nhấn mạnh quan điểm đảng viên phải “nói đi đôi với làm”, gương mẫu chấp hành các nghị quyết, chính sách, pháp luật của Đảng và Nhà nước.",0.9894755415627827,0.9862490004976375,0.9889061842749343,0.9866286177980373
vi-zh-2022-test-0065,2,remove_tones_and_drop_one_word,"Tai Hoi nghi Trung uong 4, khoa XIII lan nay, Tong Bi thu Nguyen Phu Trong nhan manh quan điem đang vien “noi đi đoi voi lam”, guong mau chap hanh cac nghi quyet, chinh sach, phap luat cua Đang va Nha nuoc.",0.4148871399231062,0.3168207378004824,0.29194153563307385,0.24912813646452173
vi-zh-2022-test-0065,3,word_dropout_15pct,"Tại Hội nghị Trung ương khóa XIII lần này, Bí Nguyễn Phú Trọng nhấn mạnh quan điểm đảng phải đi đôi với làm”, gương mẫu chấp hành các nghị quyết, chính sách, pháp luật của Đảng nước.",0.8418085055483902,0.8289313385817281,0.8094633988592151,0.8078931166203317
vi-zh-2022-test-0065,4,word_dropout_30pct_and_swap,"Hội khóa nghị XIII lần Tổng Bí thư Nguyễn Phú Trọng nhấn đảng phải “nói đôi với gương mẫu hành các nghị quyết, chính sách, pháp luật của Đảng và nước.",0.6751062597884421,0.6548955166763395,0.6157409119520553,0.6154243342686182
vi-zh-2022-test-0065,5,word_dropout_50pct_and_punctuation_remove,Hội khóa XIII lần Tổng Bí thư Phú điểm “nói với mẫu chấp nghị quyết chính pháp luật của Đảng và Nhà,0.4186113553886222,0.40392386117223755,0.3569468999294258,0.3613453545202388
vi-zh-2022-test-0066,0,identity,"Tổng Bí thư nêu rất rõ trách nhiệm của mỗi Ủy viên Trung ương phải gương mẫu, phải gánh trọng trách là người đứng đầu.",1.0,1.0,1.0,1.0
vi-zh-2022-test-0066,1,remove_one_tone,"Tong Bí thư nêu rất rõ trách nhiệm của mỗi Ủy viên Trung ương phải gương mẫu, phải gánh trọng trách là người đứng đầu.",0.9810347933426923,0.9747734329786989,0.9799075068393645,0.9754933081922015
vi-zh-2022-test-0066,2,remove_tones_and_drop_one_word,"Tong Bi thu neu rat ro trach nhiem cua moi Uy vien uong phai guong mau, phai ganh trong trach la nguoi đung đau.",0.33598568671966555,0.23642881888782363,0.22586311819946597,0.17872611043961448
vi-zh-2022-test-0066,3,word_dropout_15pct,"thư nêu rất rõ trách nhiệm của Ủy viên Trung ương phải gương mẫu, phải gánh trọng là người đứng đầu.",0.8413597123146542,0.839492499499134,0.8165535732368976,0.8213548249138721
vi-zh-2022-test-0066,4,word_dropout_30pct_and_swap,Tổng rõ nêu trách nhiệm của mỗi viên ương phải gương gánh trọng trách là người đứng đầu.,0.690155713301804,0.666842610879704,0.634792844964664,0.631148818397049
vi-zh-2022-test-0066,5,word_dropout_50pct_and_punctuation_remove,Tổng Bí nhiệm của viên ương gương mẫu phải trách là đầu,0.3864870362415674,0.369999123749399,0.3037354162971637,0.31205458557359944
vi-zh-2022-test-0067,0,identity,"Hội nghị Trung ương 4 khóa XIII nhấn mạnh chủ trương chống tiêu cực do suy thoái về tư tưởng, chính trị, đạo đức và lối sống để xây dựng, chỉnh đốn Đảng.",1.0,1.0,1.0,1.0
vi-zh-2022-test-0067,1,remove_one_tone,"Hoi nghị Trung ương 4 khóa XIII nhấn mạnh chủ trương chống tiêu cực do suy thoái về tư tưởng, chính trị, đạo đức và lối sống để xây dựng, chỉnh đốn Đảng.",0.9853282488229919,0.9810846984145271,0.9844962664812674,0.98152159926035
vi-zh-2022-test-0067,2,remove_tones_and_drop_one_word,"Hoi nghi Trung uong 4 khoa XIII nhan manh chu truong chong tieu cuc do suy ve tu tuong, chinh tri, đao đuc va loi song đe xay dung, chinh đon Đang.",0.41995102265588935,0.32538509603735866,0.297246212929818,0.25699798875585833
vi-zh-2022-test-0067,3,word_dropout_15pct,"Hội Trung ương 4 khóa nhấn chủ chống tiêu cực do suy thoái về tư tưởng, chính trị, đạo đức và lối sống để xây dựng, chỉnh Đảng.",0.78875586322697,0.7978493701580621,0.7528929996695846,0.768686758921776
vi-zh-2022-test-0067,4,word_dropout_30pct_and_swap,"Hội Trung nghị ương 4 khóa XIII nhấn chủ chống cực suy về tư tưởng, chính đạo lối sống xây dựng, chỉnh đốn",0.5920863973171153,0.5796446522942545,0.5107878713073383,0.5217800477826668
vi-zh-2022-test-0067,5,word_dropout_50pct_and_punctuation_remove,nghị Trung 4 XIII nhấn chủ trương suy thoái tư tưởng chính trị đạo đức dựng,0.45584763317344057,0.42204094624558847,0.37895514647448303,0.37282043357667066
vi-zh-2022-test-0068,0,identity,"Bởi tiêu cực là “cái gốc” là nguồn để đi đến những suy thoái khác, đặc biệt là tham nhũng.",1.0,1.0,1.0,1.0
vi-zh-2022-test-0068,1,remove_one_tone,"Boi tiêu cực là “cái gốc” là nguồn để đi đến những suy thoái khác, đặc biệt là tham nhũng.",0.9747366981085147,0.9676455332267443,0.9731321693103951,0.9682149278485974
vi-zh-2022-test-0068,2,remove_tones_and_drop_one_word,"Boi tieu cuc la “cai goc” la nguon đe đi nhung suy thoai khac, đac biet la tham nhung.",0.3989455935152788,0.3041900698145179,0.2912176708311875,0.2470830046386927
vi-zh-2022-test-0068,3,word_dropout_15pct,"Bởi tiêu cực là “cái gốc” là nguồn để đi đến những thoái khác, đặc là nhũng.",0.805294980296996,0.8074007107772831,0.7675080670186955,0.7785377666158145
vi-zh-2022-test-0068,4,word_dropout_30pct_and_swap,"Bởi là cực “cái nguồn để đi đến thoái khác, đặc biệt tham nhũng.",0.6203698887902713,0.6175477140468427,0.5495296380024403,0.5651254056980982
vi-zh-2022-test-0068,5,word_dropout_50pct_and_punctuation_remove,là “cái là để đi đến suy thoái đặc là,0.32671313821976095,0.3388420025606085,0.260934122921579,0.28650307107601514
vi-zh-2022-test-0069,0,identity,"Về vấn đề này, tiến sỹ Nguyễn Viết Chức, nguyên Phó Chủ nhiệm Ủy ban văn hóa giáo dục thanh niên, thiếu niên nhi đồng của Quốc hội, lập luận rằng: đảng viên không rèn luyện, suy thoái đạo đức lối sống thì sẽ dẫn đến “tự diễn biến”, “tự chuyển hóa”",1.0,1.0,1.0,1.0
vi-zh-2022-test-0069,1,remove_one_tone,"Ve vấn đề này, tiến sỹ Nguyễn Viết Chức, nguyên Phó Chủ nhiệm Ủy ban văn hóa giáo dục thanh niên, thiếu niên nhi đồng của Quốc hội, lập luận rằng: đảng viên không rèn luyện, suy thoái đạo đức lối sống thì sẽ dẫn đến “tự diễn biến”, “tự chuyển hóa”",0.9909923940690575,0.9882965074039185,0.9905136175701802,0.9886113966960454
vi-zh-2022-test-0069,2,remove_tones_and_drop_one_word,"Ve van đe nay, tien sy Nguyen Viet Chuc, nguyen Pho Chu nhiem Uy ban van hoa giao duc thanh nien, thieu nien nhi đong cua hoi, lap luan rang: đang vien khong ren luyen, suy thoai đao đuc loi song thi se dan đen “tu dien bien”, “tu chuyen hoa”",0.4181618074169343,0.3128372450183108,0.2971120590352303,0.24838107525031153
vi-zh-2022-test-0069,3,word_dropout_15pct,"vấn này, tiến sỹ Nguyễn Viết nguyên Chủ nhiệm Ủy ban văn hóa giáo dục thanh thiếu niên nhi đồng của lập luận rằng: đảng không rèn luyện, suy thoái đạo đức lối sống thì sẽ dẫn đến “tự diễn biến”, “tự chuyển hóa”",0.8291422604765111,0.8161237375250284,0.798665340691685,0.7965236952021848
vi-zh-2022-test-0069,4,word_dropout_30pct_and_swap,"Về này, đề tiến sỹ Nguyễn Viết nguyên Chủ nhiệm Ủy văn hóa dục thiếu niên nhi của lập rằng: viên rèn luyện, suy thoái đức lối sống thì sẽ dẫn đến “tự biến”, “tự hóa”",0.5951428474716797,0.5882688392341543,0.5210571838390857,0.53442478469047
vi-zh-2022-test-0069,5,word_dropout_50pct_and_punctuation_remove,Về vấn tiến Viết Chức văn hóa giáo thanh niên của Quốc hội lập rằng viên rèn luyện thoái đạo đức lối sống thì “tự diễn,0.44378188676968017,0.42399416648646016,0.3826272671603399,0.3830736241461103
vi-zh-2022-test-0070,0,identity,"Phải hiểu tự diễn biến là gì, rõ ràng làm trong sạch vững mạnh đấy chính là biện pháp chống tự diễn biến tận gốc sâu sắc nhất.",1.0,1.0,1.0,1.0
vi-zh-2022-test-0070,1,remove_one_tone,"Phai hiểu tự diễn biến là gì, rõ ràng làm trong sạch vững mạnh đấy chính là biện pháp chống tự diễn biến tận gốc sâu sắc nhất.",0.9768282478955344,0.9732494832713524,0.9739698584327827,0.9720003823303341
vi-zh-2022-test-0070,2,remove_tones_and_drop_one_word,"Phai hieu tu dien bien la gi, ro rang lam trong sach vung manh chinh la bien phap chong tu dien bien tan goc sau sac nhat.",0.33762436305680604,0.24186145307653203,0.23394840036198722,0.18804520808767877
vi-zh-2022-test-0070,3,word_dropout_15pct,"Phải hiểu tự diễn biến là gì, rõ ràng làm trong sạch vững đấy chính là biện pháp chống diễn tận gốc sâu nhất.",0.834553097109805,0.8288844795765422,0.792100370707495,0.7984619871279185
vi-zh-2022-test-0070,4,word_dropout_30pct_and_swap,"Phải diễn hiểu biến gì, rõ làm vững mạnh chính là biện pháp chống tự biến tận gốc sắc nhất.",0.6283994521944167,0.6210359919231757,0.5367313297834877,0.5541266653198283
vi-zh-2022-test-0070,5,word_dropout_50pct_and_punctuation_remove,diễn là gì rõ trong sạch vững mạnh đấy là biện tận sâu sắc,0.4171702632901079,0.4104090977052796,0.3537453236462703,0.3645349797785498
vi-zh-2022-test-0071,0,identity,Đây là phương châm mới trong chỉ đạo thực hiện công tác xây dựng Đảng.,1.0,1.0,1.0,1.0
vi-zh-2022-test-0071,1,remove_one_tone,Đay là phương châm mới trong chỉ đạo thực hiện công tác xây dựng Đảng.,0.967751583671395,0.9569732780031522,0.9655548516582553,0.9580203054103581
vi-zh-2022-test-0071,2,remove_tones_and_drop_one_word,Đay la phuong cham moi trong chi thuc hien cong tac xay dung Đang.,0.380200909438737,0.27456454284486714,0.2763581302307085,0.22309153833170609
vi-zh-2022-test-0071,3,word_dropout_15pct,Đây là phương châm mới chỉ đạo thực hiện công tác dựng Đảng.,0.8213342651837293,0.8227119720382273,0.7779423490341761,0.7898274943882339
vi-zh-2022-test-0071,4,word_dropout_30pct_and_swap,Đây châm phương trong chỉ thực công xây dựng Đảng.,0.5989247282362223,0.5691893296103719,0.48510191198327013,0.4912523887524615
vi-zh-2022-test-0071,5,word_dropout_50pct_and_punctuation_remove,Đây là phương mới trong công tác Đảng,0.5003975700456914,0.47600843157700384,0.43071000748551214,0.42982924155319036
vi-zh-2022-test-0072,0,identity,"Hội nghị Trung ương 4 lần này có ý nghĩa quan trọng trong việc phát huy tính tiên phong của cán bộ, đảng viên trong công tác xây dựng, chỉnh đốn Đảng, nâng cao năng lực sức chiến đấu của Đảng.",1.0,1.0,1.0,1.0
vi-zh-2022-test-0072,1,remove_one_tone,"Hoi nghị Trung ương 4 lần này có ý nghĩa quan trọng trong việc phát huy tính tiên phong của cán bộ, đảng viên trong công tác xây dựng, chỉnh đốn Đảng, nâng cao năng lực sức chiến đấu của Đảng.",0.9883549668484293,0.9847450620740371,0.9877168186172222,0.9851689270942298
vi-zh-2022-test-0072,2,remove_tones_and_drop_one_word,"Hoi nghi Trung uong 4 lan nay co y nghia quan trong trong viec phat huy tinh tien phong cua bo, đang vien trong cong tac xay dung, chinh đon Đang, nang cao nang luc suc chien đau cua Đang.",0.4754543132453467,0.36161243498846657,0.35097580351634533,0.2967140215848281
vi-zh-2022-test-0072,3,word_dropout_15pct,"Hội nghị Trung ương 4 lần có ý nghĩa quan trọng trong việc phát huy phong của cán bộ, đảng viên trong công tác chỉnh đốn Đảng, nâng cao lực sức chiến đấu của Đảng.",0.8325176498060817,0.8293805872943794,0.8034202292842919,0.8083416128260348
vi-zh-2022-test-0072,4,word_dropout_30pct_and_swap,"Hội 4 nghị này nghĩa quan trọng trong phát huy tính phong của cán bộ, viên trong công dựng, đốn Đảng, nâng cao năng lực sức chiến đấu Đảng.",0.6705173937396335,0.6642614134641849,0.61089946178594,0.621112333676228
vi-zh-2022-test-0072,5,word_dropout_50pct_and_punctuation_remove,Hội lần này ý trọng trong huy phong đảng công xây dựng đốn nâng năng lực sức chiến của Đảng,0.40815091113461494,0.3853786316720611,0.3341746587983292,0.33558749738837823
vi-zh-2022-test-0073,0,identity,"Chỉ cần mỗi đảng viên thực sự gương mẫu, đẩy lùi tiêu cực, chống lại các biểu hiện “tự diễn biến”, “tự chuyển hóa” thì nhất định Đảng cộng sản Việt Nam vững mạnh, đáp ứng niềm tin tưởng của nhân dân.",1.0,1.0,1.0,1.0
vi-zh-2022-test-0073,1,remove_one_tone,"Chi cần mỗi đảng viên thực sự gương mẫu, đẩy lùi tiêu cực, chống lại các biểu hiện “tự diễn biến”, “tự chuyển hóa” thì nhất định Đảng cộng sản Việt Nam vững mạnh, đáp ứng niềm tin tưởng của nhân dân.",0.9855866061580795,0.9832217830754759,0.9838763436690905,0.9825302919793851
vi-zh-2022-test-0073,2,remove_tones_and_drop_one_word,"Chi can moi đang vien thuc su guong mau, đay lui tieu cuc, chong lai cac bieu hien “tu dien bien”, chuyen hoa” thi nhat đinh Đang cong san Viet Nam vung manh, đap ung niem tin tuong cua nhan dan.",0.3702533407183162,0.2717643534259471,0.249008528810768,0.20545299128609354
vi-zh-2022-test-0073,3,word_dropout_15pct,"Chỉ cần viên thực sự mẫu, đẩy lùi tiêu cực, lại các biểu “tự diễn biến”, “tự chuyển hóa” thì nhất định Đảng sản Việt Nam vững mạnh, đáp ứng niềm tin tưởng của nhân dân.",0.8264891792787838,0.8304352778253913,0.7933974570061665,0.8046347449480398
vi-zh-2022-test-0073,4,word_dropout_30pct_and_swap,"Chỉ viên cần thực sự mẫu, lùi tiêu cực, chống lại các biểu “tự chuyển hóa” thì nhất Đảng cộng Việt mạnh, đáp ứng niềm tin của nhân dân.",0.6231306843800506,0.6247550909548698,0.5619449341384511,0.5784640415262717
vi-zh-2022-test-0073,5,word_dropout_50pct_and_punctuation_remove,đảng viên thực đẩy lùi tiêu cực chống lại các biểu biến” “tự chuyển hóa” sản vững ứng niềm tin tưởng,0.48214077790153226,0.4584151267056286,0.432597488892081,0.42718893630172056
vi-zh-2022-test-0074,0,identity,"Ngày 7/10/2021, Hội nghị lần thứ 4 Ban chấp hành Trung ương Đảng cộng sản Việt Nam khóa XIII kết thúc sau ba ngày rưỡi làm việc tại Hà Nội.",1.0,1.0,1.0,1.0
vi-zh-2022-test-0074,1,remove_one_tone,"Ngay 7/10/2021, Hội nghị lần thứ 4 Ban chấp hành Trung ương Đảng cộng sản Việt Nam khóa XIII kết thúc sau ba ngày rưỡi làm việc tại Hà Nội.",0.979186326525133,0.9755395402640672,0.9766453317894418,0.9745454907775654
vi-zh-2022-test-0074,2,remove_tones_and_drop_one_word,"Ngay 7/10/2021, Hoi nghi lan thu 4 Ban chap hanh Trung uong Đang cong san Nam khoa XIII ket thuc sau ba ngay ruoi lam viec tai Ha Noi.",0.4877827695164978,0.3938334430600136,0.3792670362744387,0.33593399263748785
vi-zh-2022-test-0074,3,word_dropout_15pct,Ngày Hội nghị lần thứ 4 Ban chấp hành Trung Đảng cộng sản Nam khóa XIII thúc sau ba ngày rưỡi làm việc tại Hà Nội.,0.7929819146974103,0.7960834304915356,0.7556771307423062,0.7673368940313519
vi-zh-2022-test-0074,4,word_dropout_30pct_and_swap,"7/10/2021, thứ Hội 4 Ban chấp Trung ương sản Việt Nam XIII thúc sau ba ngày làm việc tại Hà Nội.",0.6259175790642508,0.6241478978018026,0.5556997943910481,0.5719328289645768
vi-zh-2022-test-0074,5,word_dropout_50pct_and_punctuation_remove,7/10/2021 Hội thứ 4 hành Trung Đảng cộng Nam khóa XIII kết thúc sau rưỡi,0.4961921573436035,0.46665735331002217,0.43942491947183737,0.43146144742904236
vi-zh-2022-test-0075,0,identity,"Thực tế từ ngày có Đảng, nhân dân Việt Nam đã có người lãnh đạo đúng đắn, sáng suốt, và nhờ thế đã giành được hết thắng lợi này đến thắng lợi khác, lập nên những kỳ tích trong thế kỷ XX.",1.0,1.0,1.0,1.0
vi-zh-2022-test-0075,1,remove_one_tone,"Thuc tế từ ngày có Đảng, nhân dân Việt Nam đã có người lãnh đạo đúng đắn, sáng suốt, và nhờ thế đã giành được hết thắng lợi này đến thắng lợi khác, lập nên những kỳ tích trong thế kỷ XX.",0.9842771944611431,0.9823488419441848,0.9824006017785534,0.9814234855614822
vi-zh-2022-test-0075,2,remove_tones_and_drop_one_word,"Thuc te tu ngay co Đang, nhan dan Viet Nam đa co nguoi lanh đao đung đan, sang suot, va nho đa gianh đuoc het thang loi nay đen thang loi khac, lap nen nhung ky tich trong the ky XX.",0.35854234749658587,0.2711572717645719,0.25212022466365286,0.213186948478567
vi-zh-2022-test-0075,3,word_dropout_15pct,"Thực tế ngày có Đảng, nhân dân Nam đã có người lãnh đạo đúng đắn, sáng suốt, nhờ thế đã giành được hết lợi đến thắng lợi khác, nên những kỳ tích trong thế kỷ XX.",0.8263763888901703,0.826605623752275,0.784983488084803,0.7955038696936537
vi-zh-2022-test-0075,4,word_dropout_30pct_and_swap,"Thực từ tế có Đảng, nhân dân đã có lãnh đạo đúng suốt, và thế giành được hết lợi này lợi khác, lập nên những tích trong thế kỷ",0.614533371486947,0.6084220650824818,0.5469534220754052,0.5592656767471986
vi-zh-2022-test-0075,5,word_dropout_50pct_and_punctuation_remove,có nhân dân đã người lãnh đạo sáng và nhờ đã giành thắng đến khác lập những kỳ tích trong thế,0.4426575380209546,0.41571960599737784,0.36909322344214834,0.3672793013583909
vi-zh-2022-test-0076,0,identity,"Tổng Bí thư Nguyễn Phú Trọng chỉ rõ:Cái mới của lần này là Trung ương đã mở rộng phạm vi, không chỉ trong xây dựng, chỉnh đốn Đảng mà còn bao gồm cả trong xây dựng hệ thống chính trị đúng theo tinh thần Nghị quyết Đại hội XIII của Đảng; cùng với ngăn chặn, đẩy lùi thì phải chủ động phòng ngừa, kiên quyết đấu tranh, xử lý nghiêm sự suy thoái về tư tưởng chính trị, đạo đức, lối sống và những hành vi tham nhũng, tiêu cực.",1.0,1.0,1.0,1.0
vi-zh-2022-test-0076,1,remove_one_tone,"Tong Bí thư Nguyễn Phú Trọng chỉ rõ:Cái mới của lần này là Trung ương đã mở rộng phạm vi, không chỉ trong xây dựng, chỉnh đốn Đảng mà còn bao gồm cả trong xây dựng hệ thống chính trị đúng theo tinh thần Nghị quyết Đại hội XIII của Đảng; cùng với ngăn chặn, đẩy lùi thì phải chủ động phòng ngừa, kiên quyết đấu tranh, xử lý nghiêm sự suy thoái về tư tưởng chính trị, đạo đức, lối sống và những hành vi tham nhũng, tiêu cực.",0.9947174996195853,0.9931281647295552,0.9944489016911846,0.9933240500057623
vi-zh-2022-test-0076,2,remove_tones_and_drop_one_word,"Tong Bi thu Nguyen Phu Trong chi ro:Cai moi cua lan nay la Trung uong đa mo rong pham vi, khong chi trong xay dung, chinh đon Đang ma con bao gom ca trong xay dung he thong chinh tri đung theo tinh than Nghi Đai hoi XIII cua Đang; cung voi ngan chan, đay lui thi phai chu đong phong ngua, kien quyet đau tranh, xu ly nghiem su suy thoai ve tu tuong chinh tri, đao đuc, loi song va nhung hanh vi tham nhung, tieu cuc.",0.43724449499231743,0.33498427180036217,0.3179501726152807,0.2710785877115066
vi-zh-2022-test-0076,3,word_dropout_15pct,"Tổng Bí Nguyễn Trọng chỉ rõ:Cái mới của này là Trung ương đã mở rộng phạm vi, không chỉ trong xây đốn Đảng mà còn bao gồm trong xây dựng hệ chính trị theo tinh thần Nghị quyết Đại hội của Đảng; cùng với ngăn chặn, đẩy thì phải chủ động phòng ngừa, quyết đấu tranh, xử lý sự suy thoái về tư tưởng chính trị, đạo đức, lối sống những hành vi nhũng, tiêu cực.",0.8069449174611384,0.807278340131323,0.7654872353379301,0.7761022214297527
vi-zh-2022-test-0076,4,word_dropout_30pct_and_swap,"Tổng thư Bí Nguyễn Phú Trọng của lần là Trung ương đã phạm vi, không xây dựng, chỉnh đốn Đảng mà còn bao gồm xây dựng thống chính trị tinh thần Đại XIII của Đảng; đẩy thì phải chủ động kiên quyết đấu tranh, xử lý nghiêm suy thoái tưởng chính trị, đạo đức, lối sống những hành vi tham nhũng, tiêu cực.",0.6877938562908402,0.6771394366667771,0.6362237402417423,0.6411253149746579
vi-zh-2022-test-0076,5,word_dropout_50pct_and_punctuation_remove,Tổng Bí thư Phú Trọng chỉ mới của này Trung mở rộng phạm không Đảng mà bao gồm xây hệ đúng tinh thần Đại XIII Đảng với đẩy thì phải đấu tranh lý nghiêm suy thoái chính trị đạo đức lối và nhũng tiêu cực,0.41054717342991126,0.39018102572015534,0.3305040855173186,0.3352398838313463
vi-zh-2022-test-0077,0,identity,"Sự suy thoái về đạo đức, lối sống thể hiện ở chỗ: Sống ích kỷ, thực dụng, cơ hội, vụ lợi, hám danh, hám quyền lực, tham nhũng, tiêu cực; bè phái cục bộ, mất đoàn kết; quan liêu, xa dân, vô cảm trước những khó khăn, bức xúc của dân.",1.0,1.0,1.0,1.0
vi-zh-2022-test-0077,1,remove_one_tone,"Su suy thoái về đạo đức, lối sống thể hiện ở chỗ: Sống ích kỷ, thực dụng, cơ hội, vụ lợi, hám danh, hám quyền lực, tham nhũng, tiêu cực; bè phái cục bộ, mất đoàn kết; quan liêu, xa dân, vô cảm trước những khó khăn, bức xúc của dân.",0.9902387218991785,0.988479666551812,0.9897153027008048,0.9885268659898732
vi-zh-2022-test-0077,2,remove_tones_and_drop_one_word,"Su suy thoai ve đao đuc, loi song the hien o cho: Song ich ky, thuc dung, co hoi, vu loi, ham danh, ham quyen tham nhung, tieu cuc; be phai cuc bo, mat đoan ket; quan lieu, xa dan, vo cam truoc nhung kho khan, buc xuc cua dan.",0.3931076142435311,0.31974421089874855,0.2810274323329868,0.25402492691939943
vi-zh-2022-test-0077,3,word_dropout_15pct,"Sự thoái về đạo đức, lối thể hiện ở chỗ: Sống ích kỷ, thực dụng, hội, vụ lợi, hám hám quyền lực, tham nhũng, tiêu cực; bè phái cục bộ, mất đoàn kết; quan liêu, xa cảm những khó bức xúc của dân.",0.8037442327171437,0.8052544565223905,0.7684636497502517,0.7784165898913514
vi-zh-2022-test-0077,4,word_dropout_30pct_and_swap,"Sự thoái suy về đạo đức, lối thể ở Sống ích kỷ, thực cơ vụ hám hám quyền tham nhũng, tiêu bè phái cục mất đoàn quan liêu, xa dân, vô trước những khăn, của dân.",0.5971776470125807,0.5814865207105276,0.5202349430110116,0.5277031372732934
vi-zh-2022-test-0077,5,word_dropout_50pct_and_punctuation_remove,Sự suy thoái về đạo lối ở chỗ Sống kỷ cơ vụ lợi hám lực tham nhũng bè mất đoàn kết dân khó khăn của dân,0.3564645265732143,0.34312484097125906,0.2910784785551809,0.2974186462967236
vi-zh-2022-test-0078,0,identity,"Tổng bí thư Nguyễn Phú Trọng nêu rõ: Trung ương thống nhất cao phải tiến hành đồng bộ và quyết liệt hơn nữa nhiều công việc cụ thể, thiết thực, tập trung vào 4 nhóm nhiệm vụ, giải pháp mà Hội nghị Trung ương 4 khoá XII đã đề ra; đồng thời bổ sung nhấn mạnh thêm 2 nhóm nhiệm vụ, giải pháp là: Xây dựng đội ngũ cán bộ các cấp, nhất là cấp chiến lược và người đứng đầu đủ phẩm chất, năng lực và uy tín, ngang tầm nhiệm vụ; Kiên quyết, kiên trì đấu tranh phòng, chống tham nhũng, tiêu cực, xử lý nghiêm cán bộ sai phạm.",1.0,1.0,1.0,1.0
vi-zh-2022-test-0078,1,remove_one_tone,"Tong bí thư Nguyễn Phú Trọng nêu rõ: Trung ương thống nhất cao phải tiến hành đồng bộ và quyết liệt hơn nữa nhiều công việc cụ thể, thiết thực, tập trung vào 4 nhóm nhiệm vụ, giải pháp mà Hội nghị Trung ương 4 khoá XII đã đề ra; đồng thời bổ sung nhấn mạnh thêm 2 nhóm nhiệm vụ, giải pháp là: Xây dựng đội ngũ cán bộ các cấp, nhất là cấp chiến lược và người đứng đầu đủ phẩm chất, năng lực và uy tín, ngang tầm nhiệm vụ; Kiên quyết, kiên trì đấu tranh phòng, chống tham nhũng, tiêu cực, xử lý nghiêm cán bộ sai phạm.",0.9956606164033972,0.9944926583109264,0.9954424890735865,0.9946210523366859
vi-zh-2022-test-0078,2,remove_tones_and_drop_one_word,"Tong bi thu Nguyen Phu Trong neu ro: Trung uong thong nhat cao phai tien hanh đong bo va quyet liet hon nua nhieu cong viec cu the, thiet thuc, tap trung vao 4 nhom nhiem vu, giai phap ma Hoi nghi Trung uong 4 khoa XII đa đe ra; đong thoi bo sung nhan manh 2 nhom nhiem vu, giai phap la: Xay dung đoi ngu can bo cac cap, nhat la cap chien luoc va nguoi đung đau đu pham chat, nang luc va uy tin, ngang tam nhiem vu; Kien quyet, kien tri đau tranh phong, chong tham nhung, tieu cuc, xu ly nghiem can bo sai pham.",0.4190401121576218,0.3237310709739458,0.2968669776528667,0.2559284806536211
vi-zh-2022-test-0078,3,word_dropout_15pct,"Tổng thư Phú Trọng nêu rõ: Trung thống nhất cao phải đồng bộ và liệt hơn nữa nhiều công việc cụ thể, thực, tập trung vào 4 nhóm vụ, giải pháp mà Hội nghị Trung ương đã đề ra; đồng thời bổ mạnh thêm 2 nhóm nhiệm vụ, giải pháp là: Xây dựng đội ngũ cán bộ các cấp, nhất là cấp chiến lược và người đứng đủ phẩm chất, và uy tín, ngang tầm nhiệm vụ; Kiên quyết, kiên trì đấu tranh phòng, chống tham nhũng, tiêu cực, xử lý cán bộ sai phạm.",0.8266275534734485,0.831746545470527,0.7986467702059037,0.8094854227658616
vi-zh-2022-test-0078,4,word_dropout_30pct_and_swap,"Tổng Nguyễn thư Phú Trọng nêu rõ: nhất cao phải tiến hành đồng và hơn nữa nhiều công việc cụ thể, thiết thực, tập trung vào 4 nhóm nhiệm vụ, giải mà Hội nghị ương 4 khoá XII đã ra; đồng thời bổ sung nhấn mạnh thêm nhóm vụ, giải pháp dựng ngũ cán bộ các nhất là cấp người đứng đầu chất, và uy tầm nhiệm Kiên trì phòng, chống tham nhũng, tiêu cực, lý cán phạm.",0.6546790139967349,0.6493437359482573,0.5992503131551788,0.6091061099976897
vi-zh-2022-test-0078,5,word_dropout_50pct_and_punctuation_remove,Tổng Nguyễn Phú nêu rõ Trung ương nhất cao và quyết liệt nữa nhiều việc thể thiết trung vào nhiệm vụ giải pháp mà nghị 4 XII đề sung nhấn nhiệm vụ giải pháp Xây cán các nhất chiến lược và người đầu đủ phẩm chất lực uy tầm Kiên quyết phòng tham tiêu lý cán,0.42867499750133575,0.39913888776935236,0.35438604962232895,0.35080902785072304
vi-zh-2022-test-0079,0,identity,"Những chỉ dẫn trong phát biểu khai mạc Hội nghị của Tổng Bí thư Nguyễn Phú Trọng cho thấy thông điệp mạnh mẽ của Đảng và Nhà nước Việt Nam là tiếp tục đặt mục tiêu an toàn trước dịch bệnh Covid 19; đảm bảo sinh kế, sức khỏe của người dân; song song với đó là phục hồi và phát triển kinh tế trong những tháng còn lại của năm và kế hoạch cho năm 2022 tới.",1.0,1.0,1.0,1.0
vi-zh-2022-test-0079,1,remove_one_tone,"Nhung chỉ dẫn trong phát biểu khai mạc Hội nghị của Tổng Bí thư Nguyễn Phú Trọng cho thấy thông điệp mạnh mẽ của Đảng và Nhà nước Việt Nam là tiếp tục đặt mục tiêu an toàn trước dịch bệnh Covid 19; đảm bảo sinh kế, sức khỏe của người dân; song song với đó là phục hồi và phát triển kinh tế trong những tháng còn lại của năm và kế hoạch cho năm 2022 tới.",0.9917915420557439,0.9904375612099018,0.9908444409595272,0.9900657305991998
vi-zh-2022-test-0079,2,remove_tones_and_drop_one_word,"Nhung chi dan trong phat bieu khai mac Hoi nghi cua Tong Bi thu Nguyen Phu Trong cho thay thong điep manh me cua Đang va Nha nuoc Viet Nam la tiep tuc đat muc tieu an toan truoc benh Covid 19; đam bao sinh ke, suc khoe cua nguoi dan; song song voi đo la phuc hoi va phat trien kinh te trong nhung thang con lai cua nam va ke hoach cho nam 2022 toi.",0.4421550764598645,0.33969572694540495,0.33169779396366406,0.2824676032956526
vi-zh-2022-test-0079,3,word_dropout_15pct,"Những chỉ dẫn phát biểu khai mạc Hội nghị của Tổng Bí thư Nguyễn Phú Trọng cho thấy thông điệp mạnh mẽ của Đảng và nước Việt Nam là tiếp tục đặt mục tiêu an trước dịch bệnh Covid bảo kế, khỏe của người song với đó là phục hồi và phát triển kinh tế trong những tháng còn của năm kế hoạch cho 2022 tới.",0.8278518777942646,0.8165005856769296,0.7943271569598775,0.7941957083941733
vi-zh-2022-test-0079,4,word_dropout_30pct_and_swap,"Những dẫn chỉ trong phát biểu khai nghị của Tổng Bí thư Trọng cho thấy thông điệp của Đảng nước Việt Nam là tiếp đặt mục toàn trước dịch bệnh 19; bảo sinh kế, khỏe song song đó là phục hồi và phát kinh trong tháng còn lại năm và kế hoạch cho năm tới.",0.6573084711817344,0.6465366016991889,0.5901769734361444,0.5988808443247249
vi-zh-2022-test-0079,5,word_dropout_50pct_and_punctuation_remove,Những dẫn phát mạc Tổng Bí thư Phú cho thấy thông điệp mẽ Đảng và Nhà Nam là tiếp đặt toàn bệnh bảo khỏe dân là hồi và phát kinh những còn năm và kế hoạch cho năm tới,0.3966617507754464,0.38983543050673836,0.3278152135896872,0.33990832048806807
vi-zh-2022-test-0080,0,identity,"Bà Đỗ Thị Xuyến, phường Cổ Nhuế, Quận Bắc Từ Liêm, Hà Nội, cho rằng những đường hướng mà Tổng Bí thư Nguyễn Phú Trọng nêu ra trong phát biểu khai mạc Hội nghị dựa trên những nhận định đúng về những thời cơ và thách thức trong tình hình hiện nay.",1.0,1.0,1.0,1.0
vi-zh-2022-test-0080,1,remove_one_tone,"Ba Đỗ Thị Xuyến, phường Cổ Nhuế, Quận Bắc Từ Liêm, Hà Nội, cho rằng những đường hướng mà Tổng Bí thư Nguyễn Phú Trọng nêu ra trong phát biểu khai mạc Hội nghị dựa trên những nhận định đúng về những thời cơ và thách thức trong tình hình hiện nay.",0.990898698917269,0.9880322988604682,0.9904144115495987,0.9883856833489159
vi-zh-2022-test-0080,2,remove_tones_and_drop_one_word,"Ba Đo Thi Xuyen, phuong Co Nhue, Quan Bac Tu Liem, Ha Noi, cho rang nhung đuong huong ma Tong Bi thu Nguyen Phu Trong neu trong phat bieu khai mac Hoi nghi dua tren nhung nhan đinh đung ve nhung thoi co va thach thuc trong tinh hinh hien nay.",0.41379786078715797,0.3111819475698978,0.29083694715115654,0.24461524128910134
vi-zh-2022-test-0080,3,word_dropout_15pct,"Bà Đỗ phường Cổ Nhuế, Quận Bắc Từ Hà Nội, cho rằng những đường hướng mà Tổng Bí thư Nguyễn Trọng ra trong phát biểu khai Hội nghị trên những nhận định đúng về những thời cơ và thách trong tình hình hiện nay.",0.8187876471365729,0.8086694007254384,0.7810837601880126,0.7829214407379419
vi-zh-2022-test-0080,4,word_dropout_30pct_and_swap,"Bà Thị Đỗ Xuyến, Cổ Quận Bắc Từ Liêm, Hà Nội, cho rằng những đường mà Bí Nguyễn Trọng nêu phát biểu khai mạc Hội dựa trên những nhận định đúng những cơ thức tình nay.",0.6053523027111277,0.6008488324134237,0.5411030181049897,0.5537916060680224
vi-zh-2022-test-0080,5,word_dropout_50pct_and_punctuation_remove,Đỗ Thị Xuyến Nhuế Quận Hà Nội rằng hướng mà Tổng Bí Phú Trọng nêu ra dựa trên những nhận định đúng về thức trong nay,0.451925236923506,0.4401412557303335,0.40192074318716975,0.40558255316739483
vi-zh-2022-test-0081,0,identity,"""Tôi rất tâm đắc với bài phát biểu của Tổng Bí thư Nguyễn Phú Trọng tại Hội nghị lần thứ 4, Ban chấp hành Trung ương khóa XIII， cá nhân tôi đánh giá cao những nhận định của Tổng Bí thư về tình hình kinh tế xã hội trước ảnh hưởng của đại dịch Covid- 19.",1.0,1.0,1.0,1.0
vi-zh-2022-test-0081,1,remove_one_tone,"""Toi rất tâm đắc với bài phát biểu của Tổng Bí thư Nguyễn Phú Trọng tại Hội nghị lần thứ 4, Ban chấp hành Trung ương khóa XIII， cá nhân tôi đánh giá cao những nhận định của Tổng Bí thư về tình hình kinh tế xã hội trước ảnh hưởng của đại dịch Covid- 19.",0.9884678108312447,0.9838843785955943,0.9871170336457005,0.9840171537653487
vi-zh-2022-test-0081,2,remove_tones_and_drop_one_word,"""Toi rat tam đac voi bai phat bieu cua Tong Bi thu Nguyen Phu Trong tai Hoi nghi lan thu 4, Ban chap hanh Trung uong khoa XIII， nhan toi đanh gia cao nhung nhan đinh cua Tong Bi thu ve tinh hinh kinh te xa hoi truoc anh huong cua đai dich Covid- 19.",0.4139119796682094,0.32355875617622887,0.303691276383855,0.26348153639072186
vi-zh-2022-test-0081,3,word_dropout_15pct,"""Tôi tâm đắc bài phát biểu của Tổng Bí thư Nguyễn Phú Trọng tại Hội nghị lần 4, chấp hành Trung ương khóa cá nhân tôi đánh giá cao những định của Tổng Bí thư về tình hình tế xã hội trước ảnh hưởng của dịch Covid- 19.",0.8265023739518635,0.8242610857685102,0.7890820006084703,0.7967567341386699
vi-zh-2022-test-0081,4,word_dropout_30pct_and_swap,"""Tôi tâm rất đắc bài phát biểu của Tổng thư Nguyễn Trọng tại Hội nghị lần thứ 4, chấp hành Trung khóa tôi đánh giá những định của Tổng Bí thư về tình hình kinh hội hưởng của Covid-",0.6607422553767432,0.6458516897393796,0.5929047279647921,0.5986958616076312
vi-zh-2022-test-0081,5,word_dropout_50pct_and_punctuation_remove,rất với biểu của Tổng Bí thư Nguyễn tại Hội lần thứ 4 hành ương cá tôi giá những nhận định của thư hình tế trước của Covid-,0.4243531901945634,0.4106210805964151,0.35059895156512577,0.3587382054291098
vi-zh-2022-test-0082,0,identity,"Là một đảng viên, bản thân tôi bày tỏ sự tin tưởng trước những chủ trương, chính sách, kế hoạch của Đảng, Nhà nước trong thời gian tới và tin tưởng rằng tình hình kinh tế -xã hội sẽ sớm ổn định phục hồi và có sự phát triển"".",1.0,1.0,1.0,1.0
vi-zh-2022-test-0082,1,remove_one_tone,"La một đảng viên, bản thân tôi bày tỏ sự tin tưởng trước những chủ trương, chính sách, kế hoạch của Đảng, Nhà nước trong thời gian tới và tin tưởng rằng tình hình kinh tế -xã hội sẽ sớm ổn định phục hồi và có sự phát triển"".",0.989958665968607,0.9871890545290153,0.9894184750774894,0.9874763142205749
vi-zh-2022-test-0082,2,remove_tones_and_drop_one_word,"La mot đang vien, ban than toi bay to su tin tuong truoc nhung chu truong, chinh sach, ke hoach cua Đang, Nha nuoc thoi gian toi va tin tuong rang tinh hinh kinh te -xa hoi se som on đinh phuc hoi va co su phat trien"".",0.37610157511543596,0.2811484894047917,0.26049817249266277,0.21818421183313075
vi-zh-2022-test-0082,3,word_dropout_15pct,"Là một đảng viên, bản thân tôi bày tỏ sự tưởng trước chủ trương, chính sách, kế hoạch của Đảng, Nhà nước trong thời gian và tin tưởng tình kinh tế -xã hội sẽ sớm ổn định phục hồi có sự triển"".",0.8404835141576591,0.8363268540426421,0.8035469609670259,0.8096649705405625
vi-zh-2022-test-0082,4,word_dropout_30pct_and_swap,"một bản viên, thân bày tỏ sự tin tưởng trước chủ trương, chính kế hoạch của Nhà nước trong thời gian tin tưởng rằng tình kinh tế -xã hội sẽ ổn phục phát triển"".",0.6673869431966256,0.6500436095674345,0.6077545024429409,0.60965513165343
vi-zh-2022-test-0082,5,word_dropout_50pct_and_punctuation_remove,"đảng viên bản bày tỏ sự chủ sách hoạch Đảng nước thời tưởng hình tế hội sớm ổn định hồi và sự phát triển""",0.39424900904642485,0.36537368083157007,0.30646483916725187,0.30675380394509644
vi-zh-2022-test-0083,0,identity,Vì thế tôi nghĩ là tính dự báo sau đợt này chúng ta có thể xây dựng được nhiều kịch bản và các kịch bản đó sẽ không bị bất ngờ như sự bùng phát vừa rồi đã diễn ra.,1.0,1.0,1.0,1.0
vi-zh-2022-test-0083,1,remove_one_tone,Vi thế tôi nghĩ là tính dự báo sau đợt này chúng ta có thể xây dựng được nhiều kịch bản và các kịch bản đó sẽ không bị bất ngờ như sự bùng phát vừa rồi đã diễn ra.,0.9856882382566391,0.9822271181873529,0.984879927278469,0.9824861649710467
vi-zh-2022-test-0083,2,remove_tones_and_drop_one_word,Vi the toi nghi la tinh du bao sau đot nay chung ta co the xay dung đuoc nhieu kich va cac kich ban đo se khong bi bat ngo nhu su bung phat vua roi đa dien ra.,0.3219299891399892,0.23514746703932016,0.21741172942344344,0.17845440277006433
vi-zh-2022-test-0083,3,word_dropout_15pct,Vì thế tôi nghĩ tính dự báo sau đợt này chúng có thể xây được nhiều bản và các kịch bản đó sẽ không bị bất ngờ như sự phát vừa đã diễn ra.,0.7955745321006256,0.7972260285180848,0.7420984352951018,0.7567067277403342
vi-zh-2022-test-0083,4,word_dropout_30pct_and_swap,thế nghĩ tôi là báo sau ta thể xây được nhiều kịch và các bản đó sẽ không bị bất như sự bùng phát vừa đã diễn ra.,0.6017053341647273,0.6017151388459864,0.524716773583891,0.5439733898203151
vi-zh-2022-test-0083,5,word_dropout_50pct_and_punctuation_remove,thế nghĩ dự báo này xây dựng được bản và các kịch sẽ không bị bất như bùng rồi đã,0.4327442672109156,0.42563784759917556,0.3616062621187544,0.3740595275625598
vi-zh-2022-test-0084,0,identity,"Trên cơ sở phân tích, dự báo các khả năng có thể xảy ra, nhất là tình hình dịch bệnh trên thế giới và ở Việt Nam trong thời gian tới, Hội nghị Trung ương lần này xác định rõ quan điểm, chủ trương về phòng, chống dịch bệnh và phục hồi, phát triển kinh tế - xã hội trong tình hình mới nhằm hoàn thành chỉ tiêu phát triển kinh tế xã hội năm 2021.",1.0,1.0,1.0,1.0
vi-zh-2022-test-0084,1,remove_one_tone,"Tren cơ sở phân tích, dự báo các khả năng có thể xảy ra, nhất là tình hình dịch bệnh trên thế giới và ở Việt Nam trong thời gian tới, Hội nghị Trung ương lần này xác định rõ quan điểm, chủ trương về phòng, chống dịch bệnh và phục hồi, phát triển kinh tế - xã hội trong tình hình mới nhằm hoàn thành chỉ tiêu phát triển kinh tế xã hội năm 2021.",0.9915447674516487,0.9903226258473817,0.9905680982227492,0.9898956593267738
vi-zh-2022-test-0084,2,remove_tones_and_drop_one_word,"Tren co so phan tich, du bao cac kha nang co the xay ra, nhat la tinh hinh dich benh tren the gioi va o Viet Nam trong thoi gian toi, Hoi nghi Trung uong lan nay xac ro quan điem, chu truong ve phong, chong dich benh va phuc hoi, phat trien kinh te - xa hoi trong tinh hinh moi nham hoan thanh chi tieu phat trien kinh te xa hoi nam 2021.",0.4234326078750142,0.3246328095013266,0.30638503302322195,0.26154707875788735
vi-zh-2022-test-0084,3,word_dropout_15pct,"sở phân tích, dự báo khả năng có thể ra, nhất là tình hình dịch bệnh trên giới và ở Việt trong thời gian tới, Hội nghị Trung ương lần này xác định rõ quan chủ trương phòng, chống dịch bệnh và phục hồi, phát triển - xã hội trong tình hình mới nhằm hoàn thành chỉ tiêu phát triển tế xã hội năm 2021.",0.8476291793583992,0.8417247178518409,0.8152381938562382,0.8189078186257202
vi-zh-2022-test-0084,4,word_dropout_30pct_and_swap,"cơ phân sở dự các khả năng xảy ra, nhất bệnh thế giới và ở Việt Nam trong thời tới, Hội nghị Trung ương lần này xác điểm, chủ trương phòng, chống bệnh hồi, phát triển kinh tế - xã hội tình mới nhằm hoàn thành chỉ tiêu phát triển kinh tế hội",0.6744014248699145,0.664442118364108,0.6280410344025731,0.6321615376013002
vi-zh-2022-test-0084,5,word_dropout_50pct_and_punctuation_remove,Trên sở phân tích có thể xảy ra nhất là tình thế trong thời Hội ương lần này xác quan điểm trương về chống dịch và phục - xã hội trong mới nhằm thành chỉ tế hội năm,0.4381766831173713,0.4256591895112157,0.37497265119738193,0.3813847534071995
vi-zh-2022-test-0085,0,identity,"Hội nghị cũng đề ra mục tiêu tổng quát, các chỉ tiêu cơ bản, quan trọng nhất; các định hướng, chủ trương, chính sách, nhiệm vụ, giải pháp và kế hoạch, lộ trình triển khai thực hiện cụ thể cho năm 2022, bảo đảm sát với thực tiễn, có tính khả thi cao để tập trung lãnh đạo, chỉ đạo thực hiện từ nay đến cuối năm 2021 và trong cả năm 2022.",1.0,1.0,1.0,1.0
vi-zh-2022-test-0085,1,remove_one_tone,"Hoi nghị cũng đề ra mục tiêu tổng quát, các chỉ tiêu cơ bản, quan trọng nhất; các định hướng, chủ trương, chính sách, nhiệm vụ, giải pháp và kế hoạch, lộ trình triển khai thực hiện cụ thể cho năm 2022, bảo đảm sát với thực tiễn, có tính khả thi cao để tập trung lãnh đạo, chỉ đạo thực hiện từ nay đến cuối năm 2021 và trong cả năm 2022.",0.9933277838597943,0.991606944608677,0.9929828033374771,0.9917784190297185
vi-zh-2022-test-0085,2,remove_tones_and_drop_one_word,"Hoi nghi cung đe ra muc tieu tong quat, cac chi tieu co ban, quan trong nhat; cac đinh huong, chu truong, chinh sach, nhiem vu, giai phap va ke hoach, lo trinh trien khai thuc cu the cho nam 2022, bao đam sat voi thuc tien, co tinh kha thi cao đe tap trung lanh đao, chi đao thuc hien tu nay đen cuoi nam 2021 va trong ca nam 2022.",0.44615808822852243,0.3525640750619946,0.32448225349174353,0.28470570383352406
vi-zh-2022-test-0085,3,word_dropout_15pct,"nghị cũng đề ra mục tiêu quát, các tiêu cơ bản, quan trọng các hướng, trương, chính sách, nhiệm vụ, giải pháp và kế hoạch, lộ trình triển khai thực hiện cụ thể 2022, bảo đảm sát với thực tiễn, có tính thi cao để tập lãnh đạo, chỉ đạo thực hiện từ nay đến cuối năm 2021 trong cả năm 2022.",0.828578052179719,0.8283583638613637,0.7938725485711529,0.8023842771242036
vi-zh-2022-test-0085,4,word_dropout_30pct_and_swap,"Hội đề cũng ra mục tiêu các chỉ tiêu cơ bản, quan trọng nhất; các hướng, nhiệm vụ, pháp và kế lộ khai thực hiện cụ thể cho năm đảm sát với thực tiễn, tính khả thi tập trung lãnh đạo, chỉ đạo nay cuối năm 2021 và trong năm 2022.",0.6310742041846106,0.6333413584742423,0.5783500333609777,0.5932327134081594
vi-zh-2022-test-0085,5,word_dropout_50pct_and_punctuation_remove,đề ra mục tổng chỉ cơ trọng nhất hướng trương sách nhiệm vụ và lộ khai thực hiện cụ cho bảo sát tiễn tính thi cao trung chỉ đạo hiện từ nay cuối năm và 2022,0.3778552533511537,0.35868623586413306,0.29880521930370013,0.3041905698895095
vi-zh-2022-test-0086,0,identity,"Những thông điệp đúng đắn từ Hội nghị Trung ương lần thể hiện ý Đảng, lòng dân, quyết tâm vì mục tiêu xây dựng và phát triển đất nước trong tình hình mới.",1.0,1.0,1.0,1.0
vi-zh-2022-test-0086,1,remove_one_tone,"Nhung thông điệp đúng đắn từ Hội nghị Trung ương lần thể hiện ý Đảng, lòng dân, quyết tâm vì mục tiêu xây dựng và phát triển đất nước trong tình hình mới.",0.9812660672587693,0.9781191771143117,0.9789999190967485,0.9772062885289106
vi-zh-2022-test-0086,2,remove_tones_and_drop_one_word,"Nhung thong điep đung đan tu Hoi nghi Trung uong lan the hien y Đang, long quyet tam vi muc tieu xay dung va phat trien đat nuoc trong tinh hinh moi.",0.3675014079325596,0.2637290477893278,0.253557839480202,0.20421446088558806
vi-zh-2022-test-0086,3,word_dropout_15pct,"Những điệp đúng từ nghị Trung ương thể hiện ý Đảng, lòng dân, quyết tâm vì mục tiêu xây dựng và phát đất nước trong tình hình mới.",0.8265602758011167,0.8212188243262152,0.7870142655434322,0.7928968162080073
vi-zh-2022-test-0086,4,word_dropout_30pct_and_swap,"Những đúng thông từ Hội nghị Trung ương lần thể hiện ý Đảng, quyết mục tiêu và phát triển đất nước trong hình",0.6866122360950553,0.6637870248345616,0.6236183139299483,0.6222480540364647
vi-zh-2022-test-0086,5,word_dropout_50pct_and_punctuation_remove,thông điệp Trung ương lần lòng quyết vì xây và phát đất nước trong hình mới,0.4362149399853752,0.41186383723698033,0.3668893224041547,0.36595384610794296
vi-zh-2022-test-0087,0,identity,"Theo đó, chuyển mục tiêu “không ca mắc” (Zero Covid) sang mục tiêu thích ứng và chung sống an toàn với dịch bệnh, tạo điều kiện mở cửa và từng bước khôi phục hoạt động kinh tế.",1.0,1.0,1.0,1.0
vi-zh-2022-test-0087,1,remove_one_tone,"Theo đo, chuyển mục tiêu “không ca mắc” (Zero Covid) sang mục tiêu thích ứng và chung sống an toàn với dịch bệnh, tạo điều kiện mở cửa và từng bước khôi phục hoạt động kinh tế.",0.9818831107304392,0.9758237385512258,0.9743872154324932,0.9717166601225695
vi-zh-2022-test-0087,2,remove_tones_and_drop_one_word,"Theo đo, chuyen muc tieu “khong ca mac” (Zero Covid) sang muc tieu thich ung va chung song toan voi dich benh, tao đieu kien mo cua va tung buoc khoi phuc hoat đong kinh te.",0.4798242090644862,0.38407037195307986,0.36673490960405675,0.32319186394672256
vi-zh-2022-test-0087,3,word_dropout_15pct,"Theo chuyển mục tiêu “không ca mắc” (Zero Covid) sang mục tiêu thích ứng và sống an toàn với dịch bệnh, tạo điều kiện mở cửa bước hoạt động kinh tế.",0.8293358797342424,0.8228351443432055,0.8007824685265545,0.8030449434668392
vi-zh-2022-test-0087,4,word_dropout_30pct_and_swap,"Theo tiêu chuyển “không ca (Zero Covid) tiêu thích chung an với dịch bệnh, tạo điều mở cửa và từng bước khôi phục động kinh tế.",0.6677689404284824,0.6534878474485762,0.5936954883420534,0.6015022801497129
vi-zh-2022-test-0087,5,word_dropout_50pct_and_punctuation_remove,Theo đó mục mắc” (Zero Covid) tiêu ứng và chung sống toàn và bước khôi hoạt động tế,0.4216873150633677,0.4153179069970594,0.361184641696212,0.37153450194506876
vi-zh-2022-test-0088,0,identity,"Thích ứng an toàn, sẵn sàng mở cửa và khôi phục hoạt động kinh tế",1.0,1.0,1.0,1.0
vi-zh-2022-test-0088,1,remove_one_tone,"Thich ứng an toàn, sẵn sàng mở cửa và khôi phục hoạt động kinh tế",0.9541669167667066,0.947916833400027,0.9479367480880727,0.9448067277327212
vi-zh-2022-test-0088,2,remove_tones_and_drop_one_word,"Thich ung an toan, san sang mo va khoi phuc hoat đong kinh te",0.40905792891347154,0.30435088906762,0.30167836536267445,0.24999296892834422
vi-zh-2022-test-0088,3,word_dropout_15pct,Thích ứng an sẵn sàng cửa và khôi phục hoạt động kinh tế,0.8200292596870112,0.803219071554907,0.7720187448626064,0.7714133976334636
vi-zh-2022-test-0088,4,word_dropout_30pct_and_swap,"Thích toàn, an cửa và phục hoạt động kinh tế",0.5969695730699082,0.5916359407472347,0.5133025697328525,0.5302203374944433
vi-zh-2022-test-0088,5,word_dropout_50pct_and_punctuation_remove,sẵn sàng cửa khôi phục hoạt động tế,0.49357888948144274,0.4715033344639464,0.4403814828629352,0.43710753067463154
vi-zh-2022-test-0089,0,identity,"Theo Phó Giáo sư, Tiến sỹ Nguyễn Thị Liên Hương, Cục trưởng Cục Quản lý môi trường y tế - Bộ Y tế, thích ứng an toàn có nghĩa là không theo đuổi mục tiêu không có ca mắc Covid-19, mà chấp nhận có số ca mắc nhất định trong cộng đồng, nhưng phải đảm bảo an toàn tính mạng người dân và tiếp tục các hoạt động phát triển kinh tế xã hội, hoạt động sinh hoạt của người dân.",1.0,1.0,1.0,1.0
vi-zh-2022-test-0089,1,remove_one_tone,"Theo Pho Giáo sư, Tiến sỹ Nguyễn Thị Liên Hương, Cục trưởng Cục Quản lý môi trường y tế - Bộ Y tế, thích ứng an toàn có nghĩa là không theo đuổi mục tiêu không có ca mắc Covid-19, mà chấp nhận có số ca mắc nhất định trong cộng đồng, nhưng phải đảm bảo an toàn tính mạng người dân và tiếp tục các hoạt động phát triển kinh tế xã hội, hoạt động sinh hoạt của người dân.",0.9912279624044436,0.9884266179178353,0.9876612348916877,0.9864519084049205
vi-zh-2022-test-0089,2,remove_tones_and_drop_one_word,"Theo Pho Giao su, Tien sy Nguyen Thi Lien Huong, Cuc truong Cuc Quan ly moi truong y te - Bo Y te, thich ung an toan co nghia la khong theo đuoi muc tieu khong co ca mac Covid-19, chap nhan co so ca mac nhat đinh trong cong đong, nhung phai đam bao an toan tinh mang nguoi dan va tiep tuc cac hoat đong phat trien kinh te xa hoi, hoat đong sinh hoat cua nguoi dan.",0.4191505869487023,0.3193190282547394,0.30482908283415555,0.25853579043088065
vi-zh-2022-test-0089,3,word_dropout_15pct,"sư, Tiến sỹ Nguyễn Thị Liên Hương, Cục trưởng Cục Quản lý môi trường tế - Bộ Y tế, ứng an có nghĩa là không theo đuổi mục tiêu không có ca mắc Covid-19, mà chấp nhận có số ca mắc nhất định trong cộng phải đảm bảo an toàn tính mạng dân và tục các hoạt động phát kinh tế xã hội, hoạt động sinh của người dân.",0.8241524718316677,0.8261566714258904,0.7957282557168138,0.8043399957495452
vi-zh-2022-test-0089,4,word_dropout_30pct_and_swap,"Theo Giáo Phó sư, Tiến sỹ Thị Liên Cục trưởng Cục lý môi trường y tế - Y tế, ứng an có nghĩa không đuổi mục tiêu không có ca Covid-19, mà chấp nhận số mắc nhất định nhưng phải bảo an toàn mạng dân và tục phát triển kinh tế hội, hoạt động của người dân.",0.6178470540611655,0.6161759401213083,0.5405214412176829,0.5586016711437608
vi-zh-2022-test-0089,5,word_dropout_50pct_and_punctuation_remove,Phó Giáo Tiến sỹ Nguyễn Thị trưởng trường y - Bộ Y tế ứng an theo đuổi tiêu không Covid-19 có ca định trong nhưng phải đảm bảo toàn tính tiếp các động phát hội hoạt động sinh hoạt người,0.4689490239791022,0.44300089639864965,0.3984711003688858,0.39663177713623116
vi-zh-2022-test-0090,0,identity,"Còn xét nghiệm là phải thần tốc, khoa học, hợp lý và hiệu quả.",1.0,1.0,1.0,1.0
vi-zh-2022-test-0090,1,remove_one_tone,"Con xét nghiệm là phải thần tốc, khoa học, hợp lý và hiệu quả.",0.9629734294272752,0.9550950313828892,0.9603324546350184,0.9550838997997932
vi-zh-2022-test-0090,2,remove_tones_and_drop_one_word,"Con xet nghiem la phai than toc, hoc, hop ly va hieu qua.",0.3205137340883573,0.24344035106991752,0.2174465875237418,0.18540835897558197
vi-zh-2022-test-0090,3,word_dropout_15pct,Còn xét nghiệm là phải thần khoa hợp lý và hiệu quả.,0.8104253340523462,0.7838824483162563,0.7616274569669459,0.753920983220809
vi-zh-2022-test-0090,4,word_dropout_30pct_and_swap,"Còn là xét thần tốc, khoa học, hợp và hiệu",0.5786506453407771,0.5885910365315519,0.5148408381634122,0.5382649225594947
vi-zh-2022-test-0090,5,word_dropout_50pct_and_punctuation_remove,xét nghiệm là thần tốc khoa hợp,0.4603288572551548,0.42076223734365664,0.3865388695292701,0.3752873319401084
vi-zh-2022-test-0091,0,identity,"Khẳng định việc mở cửa trở lại nền kinh tế là yêu cầu cấp bách, song Thủ tướng đồng thời lưu ý việc mở cửa phải thận trọng, có kế hoạch, lộ trình phù hợp, hiệu quả, thực hiện từng bước và linh hoạt áp dụng cho từng địa phương, bảo đảm hài hòa giữa mở cửa và an toàn dịch bệnh.",1.0,1.0,1.0,1.0
vi-zh-2022-test-0091,1,remove_one_tone,"Khang định việc mở cửa trở lại nền kinh tế là yêu cầu cấp bách, song Thủ tướng đồng thời lưu ý việc mở cửa phải thận trọng, có kế hoạch, lộ trình phù hợp, hiệu quả, thực hiện từng bước và linh hoạt áp dụng cho từng địa phương, bảo đảm hài hòa giữa mở cửa và an toàn dịch bệnh.",0.9894418980945748,0.9880948260670283,0.9882106447689852,0.9875081540797228
vi-zh-2022-test-0091,2,remove_tones_and_drop_one_word,"Khang đinh viec mo cua tro lai nen kinh te la yeu cau cap bach, song Thu tuong đong thoi luu y viec mo cua phai than trong, co ke hoach, trinh phu hop, hieu qua, thuc hien tung buoc va linh hoat ap dung cho tung đia phuong, bao đam hai hoa giua mo cua va an toan dich benh.",0.37537547425547113,0.2817784160450553,0.26452176047025167,0.22203739551230542
vi-zh-2022-test-0091,3,word_dropout_15pct,"Khẳng định việc mở cửa trở lại kinh tế là yêu cầu cấp bách, Thủ tướng đồng thời lưu ý việc mở phải trọng, có kế lộ phù hiệu quả, hiện bước và linh hoạt áp dụng cho từng địa phương, bảo đảm hài hòa giữa mở cửa và an toàn dịch bệnh.",0.802772984811486,0.8014791366162602,0.7624794704711592,0.7715835488741809
vi-zh-2022-test-0091,4,word_dropout_30pct_and_swap,"Khẳng việc định cửa kinh tế là yêu cầu bách, song lưu ý việc mở phải thận trọng, có kế hoạch, lộ trình phù hợp, quả, từng bước linh hoạt áp cho từng địa đảm hài hòa giữa mở và an toàn dịch",0.6292852934254957,0.6318103310692674,0.5660867970411572,0.5837822661904826
vi-zh-2022-test-0091,5,word_dropout_50pct_and_punctuation_remove,định mở trở kinh tế là yêu cầu cấp bách song Thủ tướng thời lưu ý mở cửa có lộ phù hợp hiện từng áp dụng từng đảm cửa an toàn,0.39002209322275383,0.3855564611446449,0.3288069839882951,0.3407626759158747
vi-zh-2022-test-0092,0,identity,"Sẵn sàng mở cửa, khôi phục hoạt động kinh tế",1.0,1.0,1.0,1.0
vi-zh-2022-test-0092,1,remove_one_tone,"San sàng mở cửa, khôi phục hoạt động kinh tế",0.9473747453526865,0.9330983150836092,0.9430526976186369,0.9334258868503413
vi-zh-2022-test-0092,2,remove_tones_and_drop_one_word,"San sang mo cua, khoi hoat đong kinh te",0.3757271705559784,0.2813525790958014,0.2784574748254605,0.2319942701033009
vi-zh-2022-test-0092,3,word_dropout_15pct,"sàng mở cửa, khôi phục hoạt kinh tế",0.7773401342219758,0.7812815833465507,0.7357497942033091,0.749113013361169
vi-zh-2022-test-0092,4,word_dropout_30pct_and_swap,"sàng cửa, mở phục hoạt động kinh",0.6350057150339977,0.6224805347770385,0.5568622954293956,0.5670004219385941
vi-zh-2022-test-0092,5,word_dropout_50pct_and_punctuation_remove,Sẵn khôi phục động kinh,0.4751504081404068,0.4400135166925802,0.402108076930286,0.39397786445777067
vi-zh-2022-test-0093,0,identity,"Việt Nam đã, đang và sẽ tiếp tục là điểm đến hàng đầu của các nhà đầu tư quốc tế",1.0,1.0,1.0,1.0
vi-zh-2022-test-0093,1,remove_one_tone,"Viet Nam đã, đang và sẽ tiếp tục là điểm đến hàng đầu của các nhà đầu tư quốc tế",0.961925407121391,0.9583470968110859,0.9569164368277945,0.9554849466684646
vi-zh-2022-test-0093,2,remove_tones_and_drop_one_word,"Viet Nam đa, đang va se tiep tuc la điem hang đau cua cac nha đau tu quoc te",0.3268077672961073,0.25032783255892577,0.22974553542951204,0.19665114430877992
vi-zh-2022-test-0093,3,word_dropout_15pct,"Việt Nam đã, đang và sẽ tiếp tục là điểm đến đầu của các đầu tư tế",0.7711392753035784,0.7814807768274434,0.7258156954804709,0.7449141590376286
vi-zh-2022-test-0093,4,word_dropout_30pct_and_swap,"Việt đang đã, và sẽ là điểm đến hàng đầu của tư quốc tế",0.5902849345377765,0.5996014701941599,0.50733345519254,0.5350671406281156
vi-zh-2022-test-0093,5,word_dropout_50pct_and_punctuation_remove,Việt Nam đang là đến hàng đầu tư quốc tế,0.4940715561995878,0.47426380028265813,0.43162843437631915,0.43237333202683376
vi-zh-2022-test-0094,0,identity,"Việc xây dựng, chỉnh đốn Đảng luôn luôn là nhiệm vụ then chốt, đặc biệt quan trọng, có ý nghĩa sống còn đối với Đảng và chế độ.",1.0,1.0,1.0,1.0
vi-zh-2022-test-0094,1,remove_one_tone,"Viec xây dựng, chỉnh đốn Đảng luôn luôn là nhiệm vụ then chốt, đặc biệt quan trọng, có ý nghĩa sống còn đối với Đảng và chế độ.",0.9770644749621185,0.9741249725553907,0.9742381587466754,0.9727401109954905
vi-zh-2022-test-0094,2,remove_tones_and_drop_one_word,"Viec xay dung, chinh đon Đang luon luon la nhiem vu then chot, đac quan trong, co y nghia song con đoi voi Đang va che đo.",0.3785856285061729,0.2838373470550475,0.2646824951656289,0.2220970733077431
vi-zh-2022-test-0094,3,word_dropout_15pct,"Việc xây dựng, chỉnh đốn luôn là nhiệm vụ then chốt, đặc biệt trọng, có ý nghĩa sống còn đối Đảng và chế độ.",0.8425813224658104,0.8437677488687442,0.8103386742987336,0.8192935495187074
vi-zh-2022-test-0094,4,word_dropout_30pct_and_swap,"Việc dựng, xây chỉnh đốn luôn luôn là nhiệm then chốt, trọng, có ý nghĩa đối với Đảng và chế",0.6541515024927456,0.6486545337560448,0.5803301923990639,0.5946617889013252
vi-zh-2022-test-0094,5,word_dropout_50pct_and_punctuation_remove,Việc Đảng luôn là vụ biệt quan trọng có ý nghĩa Đảng và chế,0.4295948782715315,0.41724296492386803,0.3729433100683327,0.37783783001337107
vi-zh-2022-test-0095,0,identity,"Từ đó, đánh giá đúng tình hình và nguyên nhân; xác định rõ mục tiêu, quan điểm, tư tưởng chỉ đạo và những chủ trương, biện pháp phù hợp đối với từng nội dung, vấn đề, nhất là những giải pháp có tính đột phá trong nhiệm kỳ này”.",1.0,1.0,1.0,1.0
vi-zh-2022-test-0095,1,remove_one_tone,"Tu đó, đánh giá đúng tình hình và nguyên nhân; xác định rõ mục tiêu, quan điểm, tư tưởng chỉ đạo và những chủ trương, biện pháp phù hợp đối với từng nội dung, vấn đề, nhất là những giải pháp có tính đột phá trong nhiệm kỳ này”.",0.9901285953432911,0.9875188964778164,0.9895985928451716,0.9877738193205956
vi-zh-2022-test-0095,2,remove_tones_and_drop_one_word,"Tu đo, đanh gia đung tinh hinh va nguyen nhan; xac đinh ro muc tieu, quan điem, tu tuong chi đao va nhung chu bien phap phu hop đoi voi tung noi dung, van đe, nhat la nhung giai phap co tinh đot pha trong nhiem ky nay”.",0.3790388696993114,0.2881342794412779,0.2709782479426605,0.22981496301947132
vi-zh-2022-test-0095,3,word_dropout_15pct,"Từ đó, giá đúng tình hình và nguyên nhân; xác định rõ mục tiêu, quan tư tưởng chỉ đạo những trương, biện pháp phù hợp đối với từng nội dung, vấn đề, những giải pháp tính đột phá trong nhiệm kỳ này”.",0.8533256844192004,0.8449843408315981,0.8187189757452703,0.8211149048687447
vi-zh-2022-test-0095,4,word_dropout_30pct_and_swap,"Từ tình đó, và nguyên định quan tư tưởng chỉ đạo và những chủ biện pháp hợp đối với từng nội dung, vấn đề, nhất là giải pháp có tính đột phá trong nhiệm",0.6325082963687266,0.6245730091630782,0.5847361066581026,0.5907268234547415
vi-zh-2022-test-0095,5,word_dropout_50pct_and_punctuation_remove,đánh giá hình và xác mục điểm tưởng những đối với từng vấn là những giải pháp có đột phá trong nhiệm kỳ này”,0.43583040717589194,0.4138956879694408,0.3772383416898859,0.3754347548735574
vi-zh-2022-test-0096,0,identity,"Nghị quyết Trung ương 4 (khóa XII) đã lựa chọn vấn đề, đánh giá đúng thực trạng, phát huy sức mạnh tổng hợp của cả hệ thống chính trị, của nhân dân thực hiện đồng bộ các giải pháp để đấu tranh ngăn chặn, đẩy lùi sự suy thoái, ""tự diễn biến"", ""tự chuyển hoá"" có hiệu quả, củng cố niềm tin của nhân dân đối với Đảng.",1.0,1.0,1.0,1.0
vi-zh-2022-test-0096,1,remove_one_tone,"Nghi quyết Trung ương 4 (khóa XII) đã lựa chọn vấn đề, đánh giá đúng thực trạng, phát huy sức mạnh tổng hợp của cả hệ thống chính trị, của nhân dân thực hiện đồng bộ các giải pháp để đấu tranh ngăn chặn, đẩy lùi sự suy thoái, ""tự diễn biến"", ""tự chuyển hoá"" có hiệu quả, củng cố niềm tin của nhân dân đối với Đảng.",0.9897957487802753,0.9890562193514593,0.9876988606919119,0.9876684356423908
vi-zh-2022-test-0096,2,remove_tones_and_drop_one_word,"Nghi quyet Trung uong 4 (khoa XII) đa lua chon van đe, đanh gia đung thuc trang, phat huy suc manh tong hop cua ca he thong chinh tri, cua nhan dan thuc hien bo cac giai phap đe đau tranh ngan chan, đay lui su suy thoai, ""tu dien bien"", ""tu chuyen hoa"" co hieu qua, cung co niem tin cua nhan dan đoi voi Đang.",0.40556879419374836,0.3199876433790263,0.28622630716084135,0.25187606698787574
vi-zh-2022-test-0096,3,word_dropout_15pct,"Nghị quyết ương 4 (khóa đã chọn vấn đề, giá đúng thực trạng, phát huy sức mạnh tổng hợp của hệ thống chính trị, của nhân dân thực hiện đồng bộ các giải pháp để đấu tranh chặn, lùi sự suy thoái, ""tự diễn ""tự chuyển có quả, củng cố niềm tin của nhân dân đối với Đảng.",0.809627828190317,0.8070490257507464,0.771950793916336,0.7794358875406635
vi-zh-2022-test-0096,4,word_dropout_30pct_and_swap,"Nghị ương Trung 4 (khóa XII) đã lựa chọn vấn đề, đánh giá thực trạng, phát huy mạnh tổng hợp cả hệ thống trị, nhân hiện đồng bộ các pháp ngăn đẩy lùi suy thoái, diễn chuyển hoá"" quả, củng niềm tin của nhân dân đối với Đảng.",0.6611016362541817,0.6518454936822028,0.5903748412332215,0.6011141580599477
vi-zh-2022-test-0096,5,word_dropout_50pct_and_punctuation_remove,"Trung (khóa XII) đã lựa vấn thực phát huy sức của cả thống chính trị của dân các giải pháp đấu tranh đẩy sự thoái diễn biến"" hiệu quả củng tin nhân với Đảng",0.43336341626037267,0.4071834199378043,0.35932256320811684,0.35819765799435066
vi-zh-2022-test-0097,0,identity,"Phó Giáo sư, Tiến sỹ Nguyễn Minh Tuấn, nguyên Viện trưởng Viện Xây dựng Đảng, Học viện Chính trị Quốc gia Hồ Chí Minh, đánh giá: “Phê bình đã ở mức cao hơn, tức là phê bình việc rất nhạy cảm.",1.0,1.0,1.0,1.0
vi-zh-2022-test-0097,1,remove_one_tone,"Pho Giáo sư, Tiến sỹ Nguyễn Minh Tuấn, nguyên Viện trưởng Viện Xây dựng Đảng, Học viện Chính trị Quốc gia Hồ Chí Minh, đánh giá: “Phê bình đã ở mức cao hơn, tức là phê bình việc rất nhạy cảm.",0.9849099129130465,0.9829216204290286,0.9831139238635668,0.9820717017629231
vi-zh-2022-test-0097,2,remove_tones_and_drop_one_word,"Pho Giao su, Tien sy Nguyen Minh Tuan, nguyen Vien truong Vien Xay dung Đang, Hoc vien Chinh tri Quoc Ho Chi Minh, đanh gia: “Phe binh đa o muc cao hon, tuc la phe binh viec rat nhay cam.",0.40793618388255176,0.31387296814013255,0.28564997726143987,0.24567411695360575
vi-zh-2022-test-0097,3,word_dropout_15pct,"Phó Giáo sư, Tiến sỹ Nguyễn Minh Tuấn, Viện trưởng Xây Đảng, Học viện Chính trị Quốc gia Hồ Chí Minh, đánh giá: bình đã cao hơn, tức là phê bình việc rất nhạy cảm.",0.8267088942595242,0.8317321988912283,0.793908729173995,0.8058788163027463
vi-zh-2022-test-0097,4,word_dropout_30pct_and_swap,"Giáo Tiến sư, sỹ Nguyễn Tuấn, nguyên Viện Viện Xây dựng Đảng, Học viện trị Quốc Minh, đánh giá: “Phê bình mức cao hơn, tức là phê bình nhạy",0.6920613049634429,0.6837072851529524,0.6298143514180101,0.6391101994235204
vi-zh-2022-test-0097,5,word_dropout_50pct_and_punctuation_remove,Giáo sư Tiến sỹ Nguyễn Tuấn trưởng dựng Đảng Học viện Hồ giá “Phê bình đã ở mức cao việc,0.4125919610357498,0.39400026708489916,0.3519007621538269,0.35312697632445184
vi-zh-2022-test-0098,0,identity,"Với Nghị quyết Trung ương 4 (khóa XII), những vấn đề cấp bách của công tác xây dựng Đảng được hoàn thiện thể chế.",1.0,1.0,1.0,1.0
vi-zh-2022-test-0098,1,remove_one_tone,"Voi Nghị quyết Trung ương 4 (khóa XII), những vấn đề cấp bách của công tác xây dựng Đảng được hoàn thiện thể chế.",0.9801753000755323,0.974200437467259,0.9789859957639893,0.9748021748856701
vi-zh-2022-test-0098,2,remove_tones_and_drop_one_word,"Voi Nghi quyet Trung uong 4 (khoa XII), nhung van đe cap cua cong tac xay dung Đang đuoc hoan thien the che.",0.4077971621339275,0.3220985120994266,0.29741131093386386,0.26073380325519047
vi-zh-2022-test-0098,3,word_dropout_15pct,"Với Nghị quyết Trung ương 4 (khóa XII), vấn đề cấp bách của công tác xây dựng được hoàn thể",0.8095184542586776,0.8007137058793604,0.7818179218252591,0.7821424528910014
vi-zh-2022-test-0098,4,word_dropout_30pct_and_swap,"Với quyết Nghị Trung 4 (khóa XII), vấn đề bách của công tác xây dựng hoàn chế.",0.5987217184323472,0.603978128836923,0.5096449744836828,0.5358696229214861
vi-zh-2022-test-0098,5,word_dropout_50pct_and_punctuation_remove,Với Nghị quyết ương những đề của công tác xây thiện thể,0.4560886313486454,0.43095483885585545,0.39139070912836066,0.38870768198258054
vi-zh-2022-test-0099,0,identity,"Chưa có nhiệm kỳ nào Trung ương lại ban hành mới nhiều quy định, quy trình trong công tác cán bộ.",1.0,1.0,1.0,1.0
vi-zh-2022-test-0099,1,remove_one_tone,"Chua có nhiệm kỳ nào Trung ương lại ban hành mới nhiều quy định, quy trình trong công tác cán bộ.",0.9700391642496907,0.9652039751124418,0.9662323499868561,0.9635576616996282
vi-zh-2022-test-0099,2,remove_tones_and_drop_one_word,"Chua co nhiem ky nao Trung uong lai ban hanh nhieu quy đinh, quy trinh trong cong tac can bo.",0.4809478594266647,0.37944691309030754,0.36459610705249923,0.31755832591165073
vi-zh-2022-test-0099,3,word_dropout_15pct,"Chưa có nhiệm kỳ Trung ương lại hành mới nhiều quy định, quy trong công tác cán bộ.",0.8350336658693837,0.8301153087943696,0.7937141106238301,0.8003571534875494
vi-zh-2022-test-0099,4,word_dropout_30pct_and_swap,"Chưa lại nào ban hành mới nhiều quy định, quy trình trong tác cán bộ.",0.684762435211049,0.6826571740032396,0.6424887363046414,0.6514861567851351
vi-zh-2022-test-0099,5,word_dropout_50pct_and_punctuation_remove,Chưa có nhiệm nào Trung hành mới quy trong bộ,0.42222496581281505,0.39759202490096207,0.35138532516459975,0.35061405822695235
vi-zh-2022-test-0100,0,identity,"Nhiều vi phạm của cấp ủy, tổ chức Đảng, của cán bộ, đảng viên, bất kể người đó là ai, trong lĩnh vực nào dần được xử lý nghiêm khắc, dứt điểm, nhiều cán bộ, đảng viên vi phạm vẫn bị xử lý dù đã chuyển công tác hay nghỉ hưu.",1.0,1.0,1.0,1.0
vi-zh-2022-test-0100,1,remove_one_tone,"Nhieu vi phạm của cấp ủy, tổ chức Đảng, của cán bộ, đảng viên, bất kể người đó là ai, trong lĩnh vực nào dần được xử lý nghiêm khắc, dứt điểm, nhiều cán bộ, đảng viên vi phạm vẫn bị xử lý dù đã chuyển công tác hay nghỉ hưu.",0.9853796186971544,0.9846504425965965,0.9823400519876399,0.9825530615896
vi-zh-2022-test-0100,2,remove_tones_and_drop_one_word,"Nhieu vi pham cua cap uy, to chuc Đang, cua can bo, đang vien, bat ke nguoi đo la ai, trong linh vuc nao dan xu ly nghiem khac, dut điem, nhieu can bo, đang vien vi pham van bi xu ly du đa chuyen cong tac hay nghi huu.",0.3778666532597057,0.29659925474871796,0.2687916865933094,0.2351098831577704
vi-zh-2022-test-0100,3,word_dropout_15pct,"Nhiều vi phạm của cấp ủy, tổ chức Đảng, của cán bộ, đảng bất kể người đó ai, trong lĩnh nào được lý nghiêm khắc, dứt nhiều cán đảng viên vi phạm vẫn bị xử lý dù đã chuyển công tác hay nghỉ",0.8079177642873567,0.7953581652846711,0.7674938993090522,0.768183798066726
vi-zh-2022-test-0100,4,word_dropout_30pct_and_swap,"Nhiều phạm vi cấp ủy, tổ chức Đảng, của cán đảng viên, bất người là ai, lĩnh vực nào được xử lý nghiêm khắc, điểm, cán bộ, đảng viên vi vẫn xử dù công tác hưu.",0.6347640395719821,0.6359263948830546,0.5565170383903231,0.5769524972703909
vi-zh-2022-test-0100,5,word_dropout_50pct_and_punctuation_remove,cấp tổ chức của bộ là ai trong lĩnh vực nào được xử lý nghiêm khắc cán viên phạm vẫn bị xử lý chuyển công hưu,0.4369464506062611,0.4175586160570166,0.3786530744646061,0.3786846699504822
vi-zh-2022-test-0101,0,identity,Chỉ tính riêng trong nhiệm kỳ khóa XII đã thi hành kỷ luật hơn 110 cán bộ thuộc diện Trung ương quản lý.,1.0,1.0,1.0,1.0
vi-zh-2022-test-0101,1,remove_one_tone,Chi tính riêng trong nhiệm kỳ khóa XII đã thi hành kỷ luật hơn 110 cán bộ thuộc diện Trung ương quản lý.,0.9719097091199462,0.9670823181572588,0.9683693765095346,0.9656339164401219
vi-zh-2022-test-0101,2,remove_tones_and_drop_one_word,Chi tinh rieng trong nhiem ky khoa XII đa thi hanh luat hon 110 can bo thuoc dien Trung uong quan ly.,0.4590552161385419,0.3480554094061439,0.34056931033549437,0.28694093123831055
vi-zh-2022-test-0101,3,word_dropout_15pct,Chỉ tính riêng trong nhiệm kỳ khóa thi hành luật hơn 110 cán bộ thuộc diện Trung ương quản lý.,0.8908556765991398,0.8774650450531685,0.863255037218314,0.8601148167297432
vi-zh-2022-test-0101,4,word_dropout_30pct_and_swap,tính kỳ nhiệm khóa XII thi hành kỷ luật hơn 110 bộ diện Trung ương lý.,0.587774899989798,0.5867159823199274,0.5166234867479276,0.5336279562338793
vi-zh-2022-test-0101,5,word_dropout_50pct_and_punctuation_remove,tính trong XII đã thi hành kỷ luật cán ương quản lý,0.4496780764399839,0.4490252469760645,0.39381856006298316,0.4072993487633761
vi-zh-2022-test-0102,0,identity,Ủy viên Thương mại Liên minh châu Âu (EU) Valdis Dombrovskis có chuyến thăm Mỹ từ 26/9 - 01/10.,1.0,1.0,1.0,1.0
vi-zh-2022-test-0102,1,remove_one_tone,Uy viên Thương mại Liên minh châu Âu (EU) Valdis Dombrovskis có chuyến thăm Mỹ từ 26/9 - 01/10.,0.9867520613573245,0.9748981996350418,0.9865701210672371,0.977725209848047
vi-zh-2022-test-0102,2,remove_tones_and_drop_one_word,Uy vien Thuong mai Lien minh chau Au (EU) Dombrovskis co chuyen tham My tu 26/9 - 01/10.,0.5425859565363002,0.4595092277990835,0.4411388521653204,0.40419387458124867
vi-zh-2022-test-0102,3,word_dropout_15pct,Ủy viên Thương mại Liên châu Âu Valdis Dombrovskis có chuyến thăm Mỹ từ 26/9 01/10.,0.8405216002644561,0.8136642268390669,0.796031515814442,0.787020815689027
vi-zh-2022-test-0102,4,word_dropout_30pct_and_swap,viên Liên mại Âu Dombrovskis có chuyến thăm Mỹ từ 26/9 - 01/10.,0.6320528273668886,0.6210656387029597,0.5897488816999567,0.5920861016749367
vi-zh-2022-test-0102,5,word_dropout_50pct_and_punctuation_remove,Ủy Thương mại (EU) Valdis chuyến thăm Mỹ từ 01/10,0.48712567620260183,0.4768056139765921,0.42709834714437794,0.43436739170970584
vi-zh-2022-test-0103,0,identity,Mở rộng và củng cố quan hệ thương mại - đầu tư,1.0,1.0,1.0,1.0
vi-zh-2022-test-0103,1,remove_one_tone,Mo rộng và củng cố quan hệ thương mại - đầu tư,0.9473747453526865,0.9358760928613868,0.9430526976186369,0.9355092201836748
vi-zh-2022-test-0103,2,remove_tones_and_drop_one_word,Mo rong va cung co quan thuong mai - đau tu,0.3168349342354664,0.23947466282711094,0.21122328949031086,0.17960599712033326
vi-zh-2022-test-0103,3,word_dropout_15pct,Mở rộng và củng quan hệ mại - đầu tư,0.7025149494456419,0.7222382106390834,0.6238161983403357,0.6583184401233177
vi-zh-2022-test-0103,4,word_dropout_30pct_and_swap,Mở và rộng cố quan hệ đầu tư,0.4925235344709631,0.4966013605453551,0.4003963948182798,0.42652864696586407
vi-zh-2022-test-0103,5,word_dropout_50pct_and_punctuation_remove,củng cố quan hệ - đầu,0.4355635692960501,0.4511240212085874,0.3840500919759522,0.40866723857710746
vi-zh-2022-test-0104,0,identity,Việc thành lập Hội đồng nhằm thảo luận về một số thách thức kinh tế và công nghệ lớn mà liên minh xuyên Đại Tây Dương này đang phải đối mặt.,1.0,1.0,1.0,1.0
vi-zh-2022-test-0104,1,remove_one_tone,Viec thành lập Hội đồng nhằm thảo luận về một số thách thức kinh tế và công nghệ lớn mà liên minh xuyên Đại Tây Dương này đang phải đối mặt.,0.979186326525133,0.9755395402640672,0.9766453317894418,0.9745454907775654
vi-zh-2022-test-0104,2,remove_tones_and_drop_one_word,Viec thanh lap Hoi đong nham thao luan ve mot so thach thuc kinh te cong nghe lon ma lien minh xuyen Đai Tay Duong nay đang phai đoi mat.,0.40244288852607435,0.28926015921073467,0.29363831816625696,0.23595241306263548
vi-zh-2022-test-0104,3,word_dropout_15pct,Việc thành lập Hội đồng nhằm thảo luận về một thách thức tế và nghệ lớn mà liên minh Đại Tây này đang phải đối mặt.,0.7745220197628533,0.7782000126304546,0.7248521490441523,0.7400324332164857
vi-zh-2022-test-0104,4,word_dropout_30pct_and_swap,Việc đồng lập nhằm thảo luận một số thức kinh tế và nghệ lớn mà Đại Tây này đang phải đối mặt.,0.6048714955058867,0.6102006125456672,0.5289238557053506,0.5519228295686396
vi-zh-2022-test-0104,5,word_dropout_50pct_and_punctuation_remove,lập Hội thảo một thách kinh tế và lớn liên xuyên Đại này đang phải mặt,0.42183393819764947,0.40978921182030703,0.3358557629421382,0.34831709531883315
vi-zh-2022-test-0105,0,identity,"Ngoài ra, cơ chế này sẽ tham vấn giải quyết mâu thuẫn thương mại, hợp lý hóa các thủ tục pháp lý và phát triển quy tắc chung đối với các công ty công nghệ mới nổi ở hai bên bờ Đại Tây Dương.",1.0,1.0,1.0,1.0
vi-zh-2022-test-0105,1,remove_one_tone,"Ngoai ra, cơ chế này sẽ tham vấn giải quyết mâu thuẫn thương mại, hợp lý hóa các thủ tục pháp lý và phát triển quy tắc chung đối với các công ty công nghệ mới nổi ở hai bên bờ Đại Tây Dương.",0.9827578039560967,0.9813359149408207,0.9791483622946419,0.9789843059485486
vi-zh-2022-test-0105,2,remove_tones_and_drop_one_word,"Ngoai ra, co che nay se tham van giai quyet mau thuan thuong mai, hop ly hoa cac thu tuc phap ly phat trien quy tac chung đoi voi cac cong ty cong nghe moi noi o hai ben bo Đai Tay Duong.",0.39109993716262365,0.29642388468209396,0.2724375042239367,0.23109607346191446
vi-zh-2022-test-0105,3,word_dropout_15pct,"Ngoài ra, cơ chế này sẽ vấn quyết mâu thuẫn thương hợp lý các thủ tục pháp lý và phát triển quy tắc chung đối với các công ty công mới ở hai bên bờ Đại Dương.",0.7949362349449125,0.7894958453445321,0.7481161992133784,0.755740942094712
vi-zh-2022-test-0105,4,word_dropout_30pct_and_swap,"chế sẽ này tham vấn quyết thuẫn thương mại, lý hóa các thủ pháp lý và phát quy tắc chung với các công công nghệ mới nổi hai bên bờ Tây",0.6255783043583245,0.6119331163964962,0.5477078550499067,0.5569408699934391
vi-zh-2022-test-0105,5,word_dropout_50pct_and_punctuation_remove,ra cơ sẽ vấn quyết thuẫn thương hợp các lý và phát triển quy chung đối công mới nổi ở bờ Đại,0.4135478185521724,0.3995941292032118,0.3411340589889263,0.3487708728848136
vi-zh-2022-test-0106,0,identity,"Phía châu Âu nhanh chóng phản ứng bằng cách đánh thuế vào các mặt hàng nhập khẩu của Mỹ vào EU như xe máy Harley-Davidson, quần jeans Levi's, thuốc lá, ngô, gạo, nước cam.",1.0,1.0,1.0,1.0
vi-zh-2022-test-0106,1,remove_one_tone,"Phia châu Âu nhanh chóng phản ứng bằng cách đánh thuế vào các mặt hàng nhập khẩu của Mỹ vào EU như xe máy Harley-Davidson, quần jeans Levi's, thuốc lá, ngô, gạo, nước cam.",0.9834685093226965,0.9805388352749602,0.9814882644353083,0.979786070121353
vi-zh-2022-test-0106,2,remove_tones_and_drop_one_word,"Phia chau Au nhanh chong phan ung bang cach đanh thue vao cac mat hang nhap khau My vao EU nhu xe may Harley-Davidson, quan jeans Levi's, thuoc la, ngo, gao, nuoc cam.",0.5301687272936293,0.4250669138031932,0.4311713091267422,0.3770943012019991
vi-zh-2022-test-0106,3,word_dropout_15pct,"Phía Âu nhanh chóng phản ứng đánh thuế vào các mặt hàng nhập khẩu của Mỹ EU như xe máy quần jeans Levi's, thuốc lá, ngô, gạo, nước cam.",0.7633110702459027,0.7830014340100149,0.7314292446329784,0.754193405585262
vi-zh-2022-test-0106,4,word_dropout_30pct_and_swap,"Phía Âu châu nhanh chóng phản ứng bằng cách đánh thuế vào hàng nhập khẩu vào EU như Harley-Davidson, quần jeans Levi's, lá, cam.",0.7134344648472678,0.686395998069644,0.6621047426647544,0.6546629069996512
vi-zh-2022-test-0106,5,word_dropout_50pct_and_punctuation_remove,Âu chóng bằng cách thuế mặt khẩu của Mỹ vào xe Harley-Davidson jeans Levi's thuốc lá gạo,0.47577360680412073,0.42662615032310286,0.412741835919942,0.3916430098850389
vi-zh-2022-test-0107,0,identity,Mặc dù gặp phải rất nhiều bất lợi nhưng cho đến nay có thể thấy nội lực và điều kiện phát triển của Việt Nam vẫn được duy trì,1.0,1.0,1.0,1.0
vi-zh-2022-test-0107,1,remove_one_tone,Mac dù gặp phải rất nhiều bất lợi nhưng cho đến nay có thể thấy nội lực và điều kiện phát triển của Việt Nam vẫn được duy trì,0.9816320402481307,0.9760551861095912,0.9805472757022755,0.9766358262348349
vi-zh-2022-test-0107,2,remove_tones_and_drop_one_word,Mac du gap phai rat nhieu bat loi nhung cho đen nay co the noi luc va đieu kien phat trien cua Viet Nam van đuoc duy tri,0.3854905877478824,0.28014205532408465,0.2714946883702853,0.2209822676384457
vi-zh-2022-test-0107,3,word_dropout_15pct,Mặc dù gặp phải rất bất lợi nhưng cho nay có thể nội lực và điều kiện phát triển của Việt Nam vẫn được duy,0.8211577348573749,0.8238797255125647,0.7857665096181035,0.7966583620664196
vi-zh-2022-test-0107,4,word_dropout_30pct_and_swap,dù phải gặp bất lợi nhưng cho đến nay có thể nội và điều kiện triển của Việt Nam trì,0.5965273507313673,0.5965855481491695,0.5389683885852713,0.5534065972254656
vi-zh-2022-test-0107,5,word_dropout_50pct_and_punctuation_remove,Mặc dù bất nhưng có thể thấy nội lực của vẫn được duy trì,0.4320246321281751,0.431135118829536,0.37345105967069175,0.3874390627676006
vi-zh-2022-test-0108,0,identity,"Dư luận quốc tế những ngày này chỉ ra rằng đại dịch COVID-19 không thể đánh bại Việt Nam do Việt Nam có nội lực mạnh với một cộng đồng dân cư đông, gần 100 triệu dân đầy sức sống, năng động.",1.0,1.0,1.0,1.0
vi-zh-2022-test-0108,1,remove_one_tone,"Du luận quốc tế những ngày này chỉ ra rằng đại dịch COVID-19 không thể đánh bại Việt Nam do Việt Nam có nội lực mạnh với một cộng đồng dân cư đông, gần 100 triệu dân đầy sức sống, năng động.",0.988117751194164,0.9845869183045269,0.987464835406582,0.9849799396862495
vi-zh-2022-test-0108,2,remove_tones_and_drop_one_word,"Du luan quoc te nhung ngay nay chi ra rang đai dich COVID-19 khong the đanh bai Viet Nam do Viet co noi luc manh voi mot cong đong dan cu đong, gan 100 trieu dan đay suc song, nang đong.",0.4152439956329987,0.31039643056436167,0.30808935237528456,0.25624233880256964
vi-zh-2022-test-0108,3,word_dropout_15pct,"Dư quốc những ngày này chỉ ra rằng đại dịch không thể đánh bại Việt Nam do Việt Nam có lực mạnh với một cộng đồng dân cư gần 100 triệu dân đầy sức sống, năng",0.7966708227014688,0.7950589621401469,0.7659432581338876,0.7724165781216132
vi-zh-2022-test-0108,4,word_dropout_30pct_and_swap,"Dư quốc luận những COVID-19 không thể bại Việt Nam do Việt có nội lực mạnh với một cộng đồng dân cư đông, gần dân đầy sức sống, động.",0.66097822719937,0.6590330352758674,0.6076637107709064,0.6195343540758782
vi-zh-2022-test-0108,5,word_dropout_50pct_and_punctuation_remove,Dư quốc tế ngày chỉ COVID-19 bại Việt Nam Việt mạnh với một cư đông 100 dân đầy sức sống động,0.44718733870427374,0.4234755053724198,0.37542895838447715,0.3755826811232581
vi-zh-2022-test-0109,0,identity,"Tầng lớp trung lưu của Việt Nam gia tăng nhanh chóng , thu nhập của họ ngày càng tăng , có lợi cho tiêu dùng trong nước",1.0,1.0,1.0,1.0
vi-zh-2022-test-0109,1,remove_one_tone,"Tang lớp trung lưu của Việt Nam gia tăng nhanh chóng , thu nhập của họ ngày càng tăng , có lợi cho tiêu dùng trong nước",0.9808269842982326,0.9746348936157259,0.9796847923922164,0.9753262723568403
vi-zh-2022-test-0109,2,remove_tones_and_drop_one_word,"Tang lop trung luu cua Viet Nam gia tang nhanh chong , thu cua ho ngay cang tang , co loi cho tieu dung trong nuoc",0.5160239144148612,0.4129063702215025,0.40856727252886366,0.3580933068658293
vi-zh-2022-test-0109,3,word_dropout_15pct,"Tầng lưu của Nam gia tăng nhanh chóng , thu nhập của họ ngày càng tăng , lợi cho tiêu dùng trong nước",0.839567118085157,0.8316838350217801,0.8086058587554236,0.810434020303804
vi-zh-2022-test-0109,4,word_dropout_30pct_and_swap,"Tầng trung lớp lưu Nam tăng nhanh chóng nhập họ ngày càng tăng , có lợi cho tiêu dùng",0.6710793736098607,0.6472063427598731,0.5994074492312551,0.599419043039634
vi-zh-2022-test-0109,5,word_dropout_50pct_and_punctuation_remove,trung của Việt gia  thu nhập của họ càng  lợi tiêu dùng,0.4016443103902308,0.38733498764571483,0.32732011219766505,0.3351682660726173
vi-zh-2022-test-0110,0,identity,"Theo công ty khảo sát và tư vấn công nghệ Technavio, ngành công nghiệp bán dẫn của Việt Nam sẽ tăng trưởng với tốc độ kép hàng năm là 19%, tương đương khoảng 6,16 tỷ đô la trong khoảng thời gian từ 2020-2024.",1.0,1.0,1.0,1.0
vi-zh-2022-test-0110,1,remove_one_tone,"Theo cong ty khảo sát và tư vấn công nghệ Technavio, ngành công nghiệp bán dẫn của Việt Nam sẽ tăng trưởng với tốc độ kép hàng năm là 19%, tương đương khoảng 6,16 tỷ đô la trong khoảng thời gian từ 2020-2024.",0.9847555328164508,0.9788064260644295,0.9784818088315994,0.9755884097637962
vi-zh-2022-test-0110,2,remove_tones_and_drop_one_word,"Theo cong ty khao sat va tu van cong nghe Technavio, nganh cong nghiep ban dan cua Viet Nam se tang voi toc đo kep hang nam la 19%, tuong đuong khoang 6,16 ty đo la trong khoang thoi gian tu 2020-2024.",0.5055184173707435,0.39920220686794394,0.39519809563745867,0.34304107174179294
vi-zh-2022-test-0110,3,word_dropout_15pct,"Theo công ty khảo và vấn công nghệ Technavio, ngành công bán của Việt Nam sẽ tăng với tốc độ kép hàng năm là 19%, tương đương khoảng 6,16 tỷ la trong khoảng thời gian từ 2020-2024.",0.8476709914344177,0.8394945417411845,0.818653903533351,0.8197759587950102
vi-zh-2022-test-0110,4,word_dropout_30pct_and_swap,"Theo ty công khảo sát công nghệ Technavio, ngành công nghiệp bán dẫn Việt Nam sẽ trưởng với tốc độ kép hàng năm là 19%, đương la trong khoảng 2020-2024.",0.7051542796910495,0.6872614092862063,0.6499367453647611,0.6503210921752767
vi-zh-2022-test-0110,5,word_dropout_50pct_and_punctuation_remove,Theo công khảo và vấn công Technavio công nghiệp bán tăng với tốc năm là đương đô la khoảng thời gian từ,0.46090003017911996,0.4377417918288112,0.3888999969970159,0.38952968813878397
vi-zh-2022-test-0111,0,identity,"Trang Digitimes thì chỉ ra rằng, ngành công nghiệp bán dẫn của Việt Nam được kỳ vọng tăng trưởng sẽ tăng trưởng vượt bậc trong 5 năm tới theo như mục tiêu Đại hội Đảng XIII đặt ra: “Kỹ thuật số sẽ tạo ra 30% tổng sản phẩm quốc nội so với 8% như hiện nay”.",1.0,1.0,1.0,1.0
vi-zh-2022-test-0111,1,remove_one_tone,"Trang Digitimes thi chỉ ra rằng, ngành công nghiệp bán dẫn của Việt Nam được kỳ vọng tăng trưởng sẽ tăng trưởng vượt bậc trong 5 năm tới theo như mục tiêu Đại hội Đảng XIII đặt ra: “Kỹ thuật số sẽ tạo ra 30% tổng sản phẩm quốc nội so với 8% như hiện nay”.",0.9873734162660712,0.983294481518,0.9822023717022368,0.9804359317821423
vi-zh-2022-test-0111,2,remove_tones_and_drop_one_word,"Trang Digitimes thi chi ra rang, nganh cong nghiep ban dan cua Viet Nam đuoc ky vong tang truong se tang truong vuot bac trong 5 nam toi nhu muc tieu Đai hoi Đang XIII đat ra: “Ky thuat so se tao ra 30% tong san pham quoc noi so voi 8% nhu hien nay”.",0.46799987129869,0.38085161772307513,0.35649115128389797,0.31900714547015646
vi-zh-2022-test-0111,3,word_dropout_15pct,"Trang Digitimes thì chỉ ra rằng, công nghiệp bán dẫn của được kỳ vọng tăng trưởng tăng trưởng vượt bậc trong 5 năm theo như mục tiêu hội Đảng XIII đặt ra: “Kỹ thuật số sẽ tạo ra 30% tổng sản phẩm quốc nội so với hiện nay”.",0.8550986980927874,0.8453471919291933,0.8228949947345583,0.8236330735880694
vi-zh-2022-test-0111,4,word_dropout_30pct_and_swap,"Trang chỉ Digitimes rằng, ngành công nghiệp dẫn của được trưởng sẽ tăng trưởng vượt bậc trong 5 năm tới mục tiêu hội đặt ra: “Kỹ thuật sẽ ra tổng sản phẩm nội so với 8% như hiện nay”.",0.6675583842283381,0.6556062045647092,0.6103303553697778,0.6156729154168534
vi-zh-2022-test-0111,5,word_dropout_50pct_and_punctuation_remove,Trang thì chỉ ra rằng ngành công Nam được kỳ tăng trưởng trưởng năm như Đảng XIII đặt ra “Kỹ số tạo ra 30% phẩm quốc với như,0.43511930623505074,0.4221385927117911,0.36915035905038324,0.3759063233789194
vi-zh-2022-test-0112,0,identity,"Điều rất quan trọng là các Hiệp định thương mại tự do EU-Việt Nam (EVFTA) và Hiệp định đối tác toàn diện và tiến bộ xuyên Thái Bình Dương, Hiệp định thương mại tư do Việt Anh đã giúp Việt Nam thúc đẩy thương mại trong bối cảnh đại dịch.",1.0,1.0,1.0,1.0
vi-zh-2022-test-0112,1,remove_one_tone,"Đieu rất quan trọng là các Hiệp định thương mại tự do EU-Việt Nam (EVFTA) và Hiệp định đối tác toàn diện và tiến bộ xuyên Thái Bình Dương, Hiệp định thương mại tư do Việt Anh đã giúp Việt Nam thúc đẩy thương mại trong bối cảnh đại dịch.",0.9878447885506916,0.9855467434072827,0.9864170325160498,0.9850504376671535
vi-zh-2022-test-0112,2,remove_tones_and_drop_one_word,"Đieu rat quan trong la cac Hiep đinh thuong mai tu do EU-Viet Nam (EVFTA) va Hiep đinh đoi tac toan dien va tien bo Thai Binh Duong, Hiep đinh thuong mai tu do Viet Anh đa giup Viet Nam thuc đay thuong mai trong boi canh đai dich.",0.4295815428299713,0.32754529903749124,0.31850981010879875,0.2697505677417248
vi-zh-2022-test-0112,3,word_dropout_15pct,"Điều rất trọng là các Hiệp định thương mại tự do EU-Việt Nam (EVFTA) và Hiệp định đối tác toàn diện và xuyên Thái Bình Dương, Hiệp định thương mại do đã giúp Việt Nam thúc đẩy thương mại trong bối cảnh",0.850767901617236,0.839914995279674,0.8306749012421482,0.8275594447290395
vi-zh-2022-test-0112,4,word_dropout_30pct_and_swap,"Điều quan rất trọng là các Hiệp định thương tự EU-Việt (EVFTA) và định đối tác toàn diện và tiến Thái Bình Dương, Hiệp tư Việt Anh đã Việt Nam đẩy thương trong bối cảnh",0.6527222984904992,0.6375415114003126,0.5892842206710065,0.5937576720457449
vi-zh-2022-test-0112,5,word_dropout_50pct_and_punctuation_remove,Điều rất quan định thương tự EU-Việt (EVFTA) và định đối diện bộ xuyên Thái Dương định thương tư giúp Việt thương mại cảnh đại,0.49352031040096456,0.463080614762878,0.4226381863105429,0.4175295160869423
vi-zh-2022-test-0113,0,identity,"Đại dịch COVID-19 gây ra cho Việt Nam nhiều khó khăn, nhưng dưới sự lãnh đạo của Đảng, hành động quyết liệt của Chính phủ và hệ thống chính trị, khủng hoảng dường như cũng là cơ hội làm bùng lên sức mạnh dân tộc, thu hút sự đồng tình, ủng hộ của các tầng lớp nhân dân đối với những cải cách đột phá về kinh tế của Chính phủ.",1.0,1.0,1.0,1.0
vi-zh-2022-test-0113,1,remove_one_tone,"Đai dịch COVID-19 gây ra cho Việt Nam nhiều khó khăn, nhưng dưới sự lãnh đạo của Đảng, hành động quyết liệt của Chính phủ và hệ thống chính trị, khủng hoảng dường như cũng là cơ hội làm bùng lên sức mạnh dân tộc, thu hút sự đồng tình, ủng hộ của các tầng lớp nhân dân đối với những cải cách đột phá về kinh tế của Chính phủ.",0.9930633045898789,0.99101805177261,0.9927035149742435,0.9912595227652004
vi-zh-2022-test-0113,2,remove_tones_and_drop_one_word,"Đai dich COVID-19 gay ra cho Viet Nam nhieu kho khan, nhung duoi su lanh đao cua Đang, hanh đong quyet liet cua Chinh phu va he thong chinh tri, khung hoang duong nhu cung co hoi lam bung len suc manh dan toc, thu hut su đong tinh, ung ho cua cac tang lop nhan dan đoi voi nhung cai cach đot pha ve kinh te cua Chinh phu.",0.39962813716259815,0.2968580781690369,0.2864830412090402,0.23769177131519761
vi-zh-2022-test-0113,3,word_dropout_15pct,"Đại dịch COVID-19 gây cho Việt Nam nhiều khó khăn, nhưng dưới sự lãnh đạo của Đảng, hành động quyết liệt của phủ và thống chính khủng hoảng như cũng là cơ hội làm lên sức mạnh dân tộc, thu hút sự đồng ủng hộ của các tầng lớp nhân dân với cải đột phá về kinh tế của Chính",0.8034064403935249,0.795516748143487,0.765978564242338,0.7694182777820164
vi-zh-2022-test-0113,4,word_dropout_30pct_and_swap,"Đại COVID-19 dịch gây cho Việt Nam nhiều nhưng sự lãnh đạo của Đảng, hành động quyết liệt phủ và hệ khủng hoảng là hội làm bùng lên sức mạnh tộc, thu hút đồng ủng của lớp nhân dân đối với những cách đột phá về kinh tế của Chính",0.6549482122579257,0.6391864885084148,0.595958003636429,0.5988844618534491
vi-zh-2022-test-0113,5,word_dropout_50pct_and_punctuation_remove,Đại dịch gây ra Nam nhưng dưới lãnh đạo Đảng hành động liệt của Chính hệ thống trị khủng dường bùng mạnh dân tộc thu hút sự hộ của tầng cải cách đột phá của Chính,0.459744576981266,0.43553517377576223,0.3815881322953907,0.3829697323026068
vi-zh-2022-test-0114,0,identity,"Khó khăn được tháo gỡ kịp thời, đó chính là động lực rất lớn để doanh nghiệp khôi phục hoạt động sản xuất, kinh doanh và sớm hồi phục nền kinh tế.",1.0,1.0,1.0,1.0
vi-zh-2022-test-0114,1,remove_one_tone,"Kho khăn được tháo gỡ kịp thời, đó chính là động lực rất lớn để doanh nghiệp khôi phục hoạt động sản xuất, kinh doanh và sớm hồi phục nền kinh tế.",0.9801065253312196,0.9770738180079279,0.9776877245041873,0.9760178942184765
vi-zh-2022-test-0114,2,remove_tones_and_drop_one_word,"Kho khan đuoc thao go kip thoi, đo chinh la đong luc rat lon đe doanh khoi phuc hoat đong san xuat, kinh doanh va som hoi phuc nen kinh te.",0.38956926835776096,0.3031032362729107,0.28866478563005016,0.24904145953427803
vi-zh-2022-test-0114,3,word_dropout_15pct,"Khó khăn tháo gỡ kịp thời, đó chính động lực rất lớn để doanh nghiệp khôi phục hoạt động sản xuất, kinh và hồi nền kinh tế.",0.8116375724414084,0.8093696921876861,0.771813490756227,0.78007028957067
vi-zh-2022-test-0114,4,word_dropout_30pct_and_swap,"Khó kịp tháo thời, đó chính động lực rất lớn doanh nghiệp khôi phục hoạt động sản xuất, doanh sớm hồi kinh",0.6829301108705056,0.6559593380186179,0.6115459740367628,0.609165039541816
vi-zh-2022-test-0114,5,word_dropout_50pct_and_punctuation_remove,khăn được kịp đó lớn để doanh khôi phục động sản xuất kinh doanh và hồi,0.4342298778534041,0.4191438118675412,0.37557192732795064,0.37891790621883537
vi-zh-2022-test-0115,0,identity,"Theo tính toán của Bộ Tài chính, có tới hơn 97% doanh nghiệp của cả nước được giảm 30% thuế thu nhập doanh nghiệp trong năm nay.",1.0,1.0,1.0,1.0
vi-zh-2022-test-0115,1,remove_one_tone,"Theo tinh toán của Bộ Tài chính, có tới hơn 97% doanh nghiệp của cả nước được giảm 30% thuế thu nhập doanh nghiệp trong năm nay.",0.974997514457328,0.9668442211077527,0.9645189965938258,0.9610236560475197
vi-zh-2022-test-0115,2,remove_tones_and_drop_one_word,"Theo tinh toan cua Bo Tai chinh, co toi hon 97% doanh nghiep ca nuoc đuoc giam 30% thue thu nhap doanh nghiep trong nam nay.",0.5411465057892962,0.4480708611056119,0.4312235336192704,0.3888975374079354
vi-zh-2022-test-0115,3,word_dropout_15pct,"Theo tính của Bộ Tài chính, có tới hơn 97% doanh nghiệp của nước được giảm 30% thuế nhập doanh nghiệp năm nay.",0.8234042669268841,0.8235162413665056,0.7794493928618074,0.7905229702260125
vi-zh-2022-test-0115,4,word_dropout_30pct_and_swap,"Theo Tài tính chính, có hơn doanh của cả nước được giảm 30% thuế thu nhập doanh trong nay.",0.6311464473174243,0.6231689415377852,0.5555215624245138,0.5684453884858469
vi-zh-2022-test-0115,5,word_dropout_50pct_and_punctuation_remove,Theo tính toán chính hơn của cả nước được giảm thu doanh nghiệp nay,0.49142513677989585,0.45625841261038125,0.4337656893247018,0.4218022292927699
vi-zh-2022-test-0116,0,identity,"Đây hầu hết là các doanh nghiệp có quy mô vừa và nhỏ, chịu tác động tiêu cực của đại dịch COVID-19.",1.0,1.0,1.0,1.0
vi-zh-2022-test-0116,1,remove_one_tone,"Đay hầu hết là các doanh nghiệp có quy mô vừa và nhỏ, chịu tác động tiêu cực của đại dịch COVID-19.",0.9770557512662776,0.9705130129214797,0.9756331196273517,0.9710817237784848
vi-zh-2022-test-0116,2,remove_tones_and_drop_one_word,"Đay hau het la cac doanh nghiep co quy mo vua nho, chiu tac đong tieu cuc cua đai dich COVID-19.",0.4405983993535244,0.3360578131163613,0.3484232089821241,0.29306156230005376
vi-zh-2022-test-0116,3,word_dropout_15pct,"Đây hầu là các doanh nghiệp có quy mô vừa và nhỏ, chịu tác động tiêu cực đại dịch",0.7954095876854818,0.8016049404589629,0.7642794691434996,0.7767149661540959
vi-zh-2022-test-0116,4,word_dropout_30pct_and_swap,"Đây hết hầu các nghiệp có mô và nhỏ, chịu động tiêu đại dịch COVID-19.",0.6118344492869835,0.5949911703075151,0.5236037742750708,0.5330280161954593
vi-zh-2022-test-0116,5,word_dropout_50pct_and_punctuation_remove,là doanh mô chịu tác động cực của đại dịch COVID-19,0.49102779576090005,0.46223287080756204,0.4458233331796819,0.4355177592232144
vi-zh-2022-test-0117,0,identity,"Bên cạnh đó, ước tính có gần 4 triệu hộ và cá nhân kinh doanh cả nước được miễn thuế thu nhập cá nhân và thuế giá trị gia tăng phát sinh trong quý 3 và 4 này.",1.0,1.0,1.0,1.0
vi-zh-2022-test-0117,1,remove_one_tone,"Ben cạnh đó, ước tính có gần 4 triệu hộ và cá nhân kinh doanh cả nước được miễn thuế thu nhập cá nhân và thuế giá trị gia tăng phát sinh trong quý 3 và 4 này.",0.9853282488229919,0.9817786616084904,0.9844962664812674,0.9820420716558224
vi-zh-2022-test-0117,2,remove_tones_and_drop_one_word,"Ben canh đo, uoc tinh co gan 4 trieu ho va ca nhan kinh doanh ca nuoc đuoc mien thu nhap ca nhan va thue gia tri gia tang phat sinh trong quy 3 va 4 nay.",0.4236019579446237,0.3370565390948938,0.3255924291971047,0.28518576842302584
vi-zh-2022-test-0117,3,word_dropout_15pct,"Bên đó, ước tính có gần 4 triệu và cá nhân kinh doanh cả nước được miễn thuế thu nhập và giá gia tăng phát sinh trong quý 3 và 4 này.",0.8055071581505256,0.8065117248539941,0.7750856184349615,0.7834451924661786
vi-zh-2022-test-0117,4,word_dropout_30pct_and_swap,"cạnh tính đó, có gần 4 triệu hộ và cá kinh doanh được miễn thuế nhập cá nhân và giá trị gia tăng sinh 3 và này.",0.6245981937189173,0.6258058941637025,0.5413993769514199,0.5631086208995644
vi-zh-2022-test-0117,5,word_dropout_50pct_and_punctuation_remove,Bên đó ước tính gần 4 hộ và nhân kinh nước miễn thuế thu và giá tăng sinh này,0.3862478094457895,0.37469429224142703,0.30070754789205884,0.31342650117614085
vi-zh-2022-test-0118,0,identity,"Các giải pháp miễn, giảm thuế theo Nghị quyết 406 sẽ hỗ trợ doanh nghiệp và người dân khoảng 20.000 tỉ đồng.",1.0,1.0,1.0,1.0
vi-zh-2022-test-0118,1,remove_one_tone,"Cac giải pháp miễn, giảm thuế theo Nghị quyết 406 sẽ hỗ trợ doanh nghiệp và người dân khoảng 20.000 tỉ đồng.",0.9794777493996797,0.9721276783437479,0.9782373946923519,0.9730349300772348
vi-zh-2022-test-0118,2,remove_tones_and_drop_one_word,"Cac giai phap mien, giam thue theo Nghi quyet 406 se tro doanh nghiep va nguoi dan khoang 20.000 ti đong.",0.49684227069625003,0.3732471097496343,0.3799016110669928,0.316440407697775
vi-zh-2022-test-0118,3,word_dropout_15pct,"Các giải pháp miễn, thuế Nghị quyết 406 sẽ hỗ doanh nghiệp và người dân khoảng 20.000 tỉ đồng.",0.8397672298557868,0.8359059988412776,0.802655581765779,0.8090377293278626
vi-zh-2022-test-0118,4,word_dropout_30pct_and_swap,"Các pháp giải miễn, giảm theo quyết 406 trợ doanh nghiệp và dân tỉ đồng.",0.5725092558836424,0.5688319057614316,0.4859271010439532,0.5048246921424936
vi-zh-2022-test-0118,5,word_dropout_50pct_and_punctuation_remove,Các giải pháp thuế theo Nghị 406 sẽ doanh và dân,0.3852447124763218,0.3833755547287463,0.3255589789926309,0.3390870512529424
vi-zh-2022-test-0119,0,identity,Hầu hết doanh nghiệp đều trong tình trạng khó khăn về thanh khoản.,1.0,1.0,1.0,1.0
vi-zh-2022-test-0119,1,remove_one_tone,Hau hết doanh nghiệp đều trong tình trạng khó khăn về thanh khoản.,0.9665171019222075,0.9529527932228636,0.9642086801930364,0.9546125541008211
vi-zh-2022-test-0119,2,remove_tones_and_drop_one_word,Hau het doanh nghiep đeu trong trang kho khan ve thanh khoan.,0.5283372555151802,0.40053415479800925,0.4308412212637694,0.3593629570336309
vi-zh-2022-test-0119,3,word_dropout_15pct,Hầu hết nghiệp đều tình trạng khó khăn về thanh khoản.,0.796097060206243,0.7969052749359897,0.7517024261749622,0.7634218218548898
vi-zh-2022-test-0119,4,word_dropout_30pct_and_swap,Hầu doanh hết nghiệp tình trạng khó khăn khoản.,0.6033119363996923,0.5831220866946042,0.5096004436271211,0.5178848754857776
vi-zh-2022-test-0119,5,word_dropout_50pct_and_punctuation_remove,Hầu doanh tình khăn về thanh,0.3977187926043437,0.37505306437729724,0.3189861017369126,0.3216732705027364
vi-zh-2022-test-0120,0,identity,"Dư luận đánh giá các giải pháp hỗ trợ là kịp thời, có tác động tích cực, góp phần tháo gỡ khó khăn, ổn định hoạt động sản xuất kinh doanh.",1.0,1.0,1.0,1.0
vi-zh-2022-test-0120,1,remove_one_tone,"Du luận đánh giá các giải pháp hỗ trợ là kịp thời, có tác động tích cực, góp phần tháo gỡ khó khăn, ổn định hoạt động sản xuất kinh doanh.",0.9835334020949433,0.9793584025170772,0.9825808939034749,0.9796877712679423
vi-zh-2022-test-0120,2,remove_tones_and_drop_one_word,"Du luan đanh gia cac giai phap ho tro la kip thoi, co tac đong cuc, gop phan thao go kho khan, on đinh hoat đong san xuat kinh doanh.",0.3617987560253646,0.2797971414133488,0.262288821913976,0.22566510560295583
vi-zh-2022-test-0120,3,word_dropout_15pct,"Dư luận đánh giá giải pháp hỗ là kịp có tác động tích cực, phần tháo gỡ khó khăn, ổn hoạt động sản xuất kinh doanh.",0.7889748021229127,0.7858523166382393,0.736149377433716,0.7470135872354012
vi-zh-2022-test-0120,4,word_dropout_30pct_and_swap,"Dư giá luận giải pháp là kịp thời, có tác tích phần tháo gỡ khó khăn, ổn hoạt động sản kinh doanh.",0.6395530325485808,0.6359656409693424,0.5685025872017231,0.5835750107909328
vi-zh-2022-test-0120,5,word_dropout_50pct_and_punctuation_remove,Dư luận đánh giá hỗ kịp tác tích cực ổn định động sản xuất kinh doanh,0.46418971252848673,0.44467532462439785,0.4101146828334542,0.4089922669056286
vi-zh-2022-test-0121,0,identity,"Trong một tuyên bố hôm 26/9, Ngoại trưởng Italy Luigi Di Maio nhấn mạnh rằng chưa nên công nhận Chính phủ của Taliban vì trong số các bộ trưởng có 17 đối tượng khủng bố, trong khi quyền con người của phụ nữ và trẻ em gái liên tục bị vi phạm.",1.0,1.0,1.0,1.0
vi-zh-2022-test-0121,1,remove_one_tone,"Trong mot tuyên bố hôm 26/9, Ngoại trưởng Italy Luigi Di Maio nhấn mạnh rằng chưa nên công nhận Chính phủ của Taliban vì trong số các bộ trưởng có 17 đối tượng khủng bố, trong khi quyền con người của phụ nữ và trẻ em gái liên tục bị vi phạm.",0.9867017525957977,0.9819313591940559,0.9812488095867752,0.9790342502877245
vi-zh-2022-test-0121,2,remove_tones_and_drop_one_word,"Trong mot tuyen bo hom 26/9, Ngoai truong Italy Luigi Di Maio nhan manh rang chua nen cong nhan Chinh phu cua Taliban vi trong so bo truong co 17 đoi tuong khung bo, trong khi quyen con nguoi cua phu nu va tre em gai lien tuc bi vi pham.",0.5071629885139576,0.4083992373427418,0.40389341236483145,0.35563799257629986
vi-zh-2022-test-0121,3,word_dropout_15pct,"Trong tuyên bố hôm 26/9, Ngoại trưởng Italy Di Maio nhấn rằng chưa nên nhận Chính phủ của Taliban vì trong số các bộ trưởng có 17 đối tượng bố, trong khi quyền con người của nữ và gái liên tục bị vi phạm.",0.8221439310343561,0.8188353239751478,0.7845852268027255,0.7914939440705243
vi-zh-2022-test-0121,4,word_dropout_30pct_and_swap,"Trong bố tuyên 26/9, trưởng Luigi Di Maio mạnh rằng chưa nên nhận Chính phủ của vì số các bộ trưởng có đối khủng khi con người nữ và trẻ em gái liên tục vi phạm.",0.5998969902294787,0.595162305986422,0.5205299651898974,0.5368245874647659
vi-zh-2022-test-0121,5,word_dropout_50pct_and_punctuation_remove,26/9 trưởng Di Maio nhấn mạnh rằng công nhận Taliban vì trong các đối tượng khủng bố trong con của nữ và trẻ liên vi phạm,0.4605691388777601,0.44011518191765253,0.3950073079246921,0.3960559081134164
vi-zh-2022-test-0122,0,identity,"Một tháng rưỡi sau khi Taliban trở lại nắm quyền, đất nước Afghanistan vẫn phải đối mặt với hàng loạt thách thức nghiêm trọng cả về an ninh và an sinh-xã hội.",1.0,1.0,1.0,1.0
vi-zh-2022-test-0122,1,remove_one_tone,"Mot tháng rưỡi sau khi Taliban trở lại nắm quyền, đất nước Afghanistan vẫn phải đối mặt với hàng loạt thách thức nghiêm trọng cả về an ninh và an sinh-xã hội.",0.986030984030222,0.9807348568519959,0.9852450551493852,0.9814694419859248
vi-zh-2022-test-0122,2,remove_tones_and_drop_one_word,"Mot thang ruoi sau khi Taliban tro lai nam quyen, đat nuoc Afghanistan van phai đoi voi hang loat thach thuc nghiem trong ca ve an ninh va an sinh-xa hoi.",0.5168308763945697,0.40417680486717467,0.4169908684622601,0.3574603140252934
vi-zh-2022-test-0122,3,word_dropout_15pct,Một tháng rưỡi sau khi trở lại nắm đất nước Afghanistan vẫn phải đối mặt loạt thách thức nghiêm trọng cả về an ninh và an sinh-xã,0.8033716087301264,0.7949382567249172,0.7762871886252372,0.7767327207420649
vi-zh-2022-test-0122,4,word_dropout_30pct_and_swap,sau trở Taliban lại nắm nước Afghanistan đối mặt với hàng loạt thức nghiêm trọng cả về ninh và an sinh-xã hội.,0.6652137615845297,0.6452140809167086,0.6117053234728187,0.6100812948864929
vi-zh-2022-test-0122,5,word_dropout_50pct_and_punctuation_remove,Một rưỡi sau Taliban trở nắm nước đối mặt với hàng loạt an ninh sinh-xã hội,0.4341204869028391,0.4224879251243409,0.37340671770204326,0.3798606842277821
vi-zh-2022-test-0123,0,identity,"Liên hợp quốc mới đây tuyên bố trích 45 triệu USD từ Quỹ ứng phó khẩn cấp của Liên hợp quốc (CERF) để giúp Afghanistan đối phó với tình trạng thiếu thuốc men, vật tư y tế và nhiên liệu.",1.0,1.0,1.0,1.0
vi-zh-2022-test-0123,1,remove_one_tone,"Lien hợp quốc mới đây tuyên bố trích 45 triệu USD từ Quỹ ứng phó khẩn cấp của Liên hợp quốc (CERF) để giúp Afghanistan đối phó với tình trạng thiếu thuốc men, vật tư y tế và nhiên liệu.",0.9843863067927192,0.9817466482346441,0.9825236451438027,0.9810095666374755
vi-zh-2022-test-0123,2,remove_tones_and_drop_one_word,"Lien hop quoc moi đay tuyen bo trich 45 trieu USD tu Quy ung pho khan cap cua Lien hop (CERF) đe giup Afghanistan đoi pho voi tinh trang thieu thuoc men, vat tu y te va nhien lieu.",0.44722185279195037,0.34116922400854655,0.33602883533876815,0.28428762235868676
vi-zh-2022-test-0123,3,word_dropout_15pct,"Liên quốc mới tuyên bố trích 45 triệu USD từ Quỹ ứng phó cấp của hợp quốc (CERF) để giúp Afghanistan đối với tình trạng thiếu thuốc men, vật y tế và nhiên liệu.",0.8276132529503761,0.8218225258685391,0.7841083797394256,0.7906413649141697
vi-zh-2022-test-0123,4,word_dropout_30pct_and_swap,"Liên quốc hợp đây tuyên bố trích 45 từ phó khẩn cấp của Liên hợp (CERF) để giúp phó tình trạng thiếu men, vật tư y nhiên liệu.",0.6173917397098375,0.6230954266255508,0.5553998753163365,0.5751852825647891
vi-zh-2022-test-0123,5,word_dropout_50pct_and_punctuation_remove,Liên mới tuyên bố trích triệu Quỹ khẩn cấp Liên quốc để đối tình trạng men tư tế và nhiên,0.38962418354055683,0.37330023449460986,0.3138310303121401,0.3205352444753155
vi-zh-2022-test-0124,0,identity,"Chủ trương bảo vệ, hỗ trợ duy trì hoạt động sản xuất kinh doanh an toàn của doanh nghiệp trong điều kiện sống chung với dịch là yếu tố nhắc đến trước tiên trong khôi phục kinh tế.",1.0,1.0,1.0,1.0
vi-zh-2022-test-0124,1,remove_one_tone,"Chu trương bảo vệ, hỗ trợ duy trì hoạt động sản xuất kinh doanh an toàn của doanh nghiệp trong điều kiện sống chung với dịch là yếu tố nhắc đến trước tiên trong khôi phục kinh tế.",0.983940511018558,0.980853503072201,0.9820208505700786,0.9801855097224306
vi-zh-2022-test-0124,2,remove_tones_and_drop_one_word,"Chu truong bao ve, ho tro duy tri hoat đong san xuat kinh doanh an toan cua doanh nghiep đieu kien song chung voi dich la yeu to nhac đen truoc tien trong khoi phuc kinh te.",0.4751284227065888,0.36722017348586766,0.3753342978029615,0.3193516707449859
vi-zh-2022-test-0124,3,word_dropout_15pct,"Chủ trương bảo vệ, hỗ trợ duy trì hoạt sản xuất an toàn của doanh nghiệp trong kiện sống chung với là yếu tố nhắc đến tiên trong khôi phục kinh tế.",0.7960438083576444,0.8002414603588167,0.757428499467443,0.7702364646490168
vi-zh-2022-test-0124,4,word_dropout_30pct_and_swap,"Chủ vệ, bảo trợ duy trì động xuất kinh doanh toàn của nghiệp điều kiện sống chung dịch là yếu nhắc đến trước trong khôi phục kinh",0.6510551594848046,0.6310333247536543,0.5753521707820011,0.5792608280515467
vi-zh-2022-test-0124,5,word_dropout_50pct_and_punctuation_remove,hỗ trợ trì động sản xuất doanh trong chung với dịch là yếu tố nhắc trước khôi phục kinh,0.468081923239883,0.4531985213031029,0.4110185755286961,0.4141203537934876
vi-zh-2022-test-0125,0,identity,"Phó chủ tịch thường trực UBND tỉnh Quảng Ninh Cao Tường Huy cho biết về kịch bản bình thường mới của tỉnh trong thời gian tới: “Chúng tôi có giải pháp rất cụ thể"".",1.0,1.0,1.0,1.0
vi-zh-2022-test-0125,1,remove_one_tone,"Pho chủ tịch thường trực UBND tỉnh Quảng Ninh Cao Tường Huy cho biết về kịch bản bình thường mới của tỉnh trong thời gian tới: “Chúng tôi có giải pháp rất cụ thể"".",0.9824360672736515,0.9788991771242331,0.9803224575475137,0.9781981923669845
vi-zh-2022-test-0125,2,remove_tones_and_drop_one_word,"Pho chu tich thuong truc UBND tinh Quang Ninh Cao Tuong Huy cho biet ve kich ban thuong moi cua tinh trong thoi gian toi: “Chung toi co giai phap rat cu the"".",0.4701373327458968,0.3649029453414834,0.36418211477908685,0.31174513391037606
vi-zh-2022-test-0125,3,word_dropout_15pct,Phó chủ tịch thường trực UBND tỉnh Quảng Ninh Cao Tường Huy cho kịch bản bình thường mới của tỉnh trong thời tới: “Chúng có giải pháp rất cụ,0.8484266482980506,0.8375323287573457,0.8226413612669823,0.8209177659208877
vi-zh-2022-test-0125,4,word_dropout_30pct_and_swap,Phó tịch chủ trực UBND tỉnh Quảng Ninh Cao Tường cho về thường mới tỉnh trong gian tới: “Chúng tôi giải pháp rất cụ,0.6485492871915894,0.6318672756477336,0.5864260013522692,0.5894443529790722
vi-zh-2022-test-0125,5,word_dropout_50pct_and_punctuation_remove,"chủ tỉnh Cao Huy cho biết về bình thường trong thời gian “Chúng tôi pháp cụ thể""",0.472069195054193,0.4341769820416299,0.4052044603486918,0.3935032108543785
vi-zh-2022-test-0126,0,identity,"Thứ nhất quyết liệt triển khai thi công các dự án trọng điểm, và tạo mọi điều kiện thuận lợi nhất để triển khai cụ thể cuối tháng 10 khởi công dự án Hạ Long Xanh, sân golf ở Đông Triều, dự án cảng Vạn Ninh.",1.0,1.0,1.0,1.0
vi-zh-2022-test-0126,1,remove_one_tone,"Thu nhất quyết liệt triển khai thi công các dự án trọng điểm, và tạo mọi điều kiện thuận lợi nhất để triển khai cụ thể cuối tháng 10 khởi công dự án Hạ Long Xanh, sân golf ở Đông Triều, dự án cảng Vạn Ninh.",0.9858583883938308,0.9838375650516693,0.9841824173482959,0.983085792603059
vi-zh-2022-test-0126,2,remove_tones_and_drop_one_word,"Thu nhat quyet liet trien khai thi cong cac du an trong điem, va tao moi đieu kien thuan loi nhat đe trien cu the cuoi thang 10 khoi cong du an Ha Long Xanh, san golf o Đong Trieu, du an cang Van Ninh.",0.43797767497373,0.34246041070491773,0.3219369706760736,0.27930920302364004
vi-zh-2022-test-0126,3,word_dropout_15pct,"nhất quyết liệt triển khai thi công các dự án trọng điểm, tạo mọi điều kiện thuận lợi nhất để cụ thể cuối 10 khởi dự Hạ Long Xanh, sân golf ở Đông Triều, dự án cảng Vạn Ninh.",0.8233694839092611,0.825935861807389,0.7942223696995526,0.8034355933888672
vi-zh-2022-test-0126,4,word_dropout_30pct_and_swap,"Thứ liệt nhất triển thi công các án trọng điểm, và tạo mọi điều lợi để triển thể cuối tháng 10 khởi Long Xanh, sân golf ở Đông Triều, án cảng Ninh.",0.6588594995952104,0.6529388251883794,0.5906241104826774,0.6032424777787575
vi-zh-2022-test-0126,5,word_dropout_50pct_and_punctuation_remove,Thứ quyết thi công dự mọi thuận nhất để triển khai cuối 10 khởi dự án Long golf ở Triều dự án Ninh,0.400949773390576,0.3876585581219746,0.3150580537048807,0.32656176309676227
vi-zh-2022-test-0127,0,identity,"Phạm Minh Chính nhấn mạnh, Chính phủ và Quốc hội cố gắng đồng hành cùng doanh nghiệp một cách thực sự, trên tinh thần “nghĩ thật, nói thật, làm thật, hiệu quả thật, nhân dân và doanh nghiệp được thụ hưởng thật”, “không nói không, không nói khó, không nói có mà không làm” khi giải quyết các kiến nghị, khó khăn, sớm khôi phục, phát triển kinh tế - xã hội.",1.0,1.0,1.0,1.0
vi-zh-2022-test-0127,1,remove_one_tone,"Pham Minh Chính nhấn mạnh, Chính phủ và Quốc hội cố gắng đồng hành cùng doanh nghiệp một cách thực sự, trên tinh thần “nghĩ thật, nói thật, làm thật, hiệu quả thật, nhân dân và doanh nghiệp được thụ hưởng thật”, “không nói không, không nói khó, không nói có mà không làm” khi giải quyết các kiến nghị, khó khăn, sớm khôi phục, phát triển kinh tế - xã hội.",0.9920243202435698,0.9907379688645274,0.9911050511813252,0.9903701049126045
vi-zh-2022-test-0127,2,remove_tones_and_drop_one_word,"Pham Minh Chinh nhan manh, Chinh phu va Quoc hoi co gang đong hanh cung doanh nghiep mot cach thuc su, tren tinh than “nghi that, noi that, lam that, hieu qua that, nhan dan va nghiep đuoc thu huong that”, “khong noi khong, khong noi kho, khong noi co ma khong lam” khi giai quyet cac kien nghi, kho khan, som khoi phuc, phat trien kinh te - xa hoi.",0.4342703982579495,0.32685655383782797,0.3116464303724935,0.26174204092554054
vi-zh-2022-test-0127,3,word_dropout_15pct,"Phạm Chính nhấn mạnh, phủ và Quốc hội cố đồng hành cùng doanh một cách thực sự, trên tinh thần “nghĩ thật, nói thật, làm thật, hiệu quả thật, nhân dân và doanh được “không không, không nói khó, không nói có mà không làm” khi giải quyết các nghị, khó khăn, sớm khôi phục, phát triển kinh - xã hội.",0.8096662676143683,0.8157788833165256,0.7768941557209811,0.789675066674105
vi-zh-2022-test-0127,4,word_dropout_30pct_and_swap,"Phạm mạnh, Chính phủ và hội cố đồng cùng doanh một thực sự, trên “nghĩ thật, thật, làm thật, quả thật, doanh nghiệp thụ hưởng thật”, “không nói không, nói khó, không nói mà không làm” khi giải các kiến nghị, khăn, sớm khôi phát triển tế - xã hội.",0.6579659028975587,0.6616746517844591,0.5956914072124936,0.6140470434847778
vi-zh-2022-test-0127,5,word_dropout_50pct_and_punctuation_remove,Phạm Minh nhấn Chính và Quốc hành cách sự trên thần thật làm thật hiệu dân và doanh được hưởng thật” “không nói không nói khó không mà không quyết các khó khôi phát - xã,0.42239888304525847,0.3906703793651634,0.34504050083794513,0.3405843579308818
vi-zh-2022-test-0128,0,identity,"Với Cuba, chuyến thăm mở ra một giai đoạn hợp tác phát triển mới giữa hai nước, hướng tới mục tiêu “cùng thắng” dựa trên cơ sở niềm tin sâu sắc, tình đoàn kết, anh em gắn bó bền chặt, không khó khăn nào ngăn cản được.",1.0,1.0,1.0,1.0
vi-zh-2022-test-0128,1,remove_one_tone,"Voi Cuba, chuyến thăm mở ra một giai đoạn hợp tác phát triển mới giữa hai nước, hướng tới mục tiêu “cùng thắng” dựa trên cơ sở niềm tin sâu sắc, tình đoàn kết, anh em gắn bó bền chặt, không khó khăn nào ngăn cản được.",0.9896620648674709,0.9867582609518021,0.9891040031324345,0.9870656656294421
vi-zh-2022-test-0128,2,remove_tones_and_drop_one_word,"Voi Cuba, chuyen tham mo ra mot giai đoan hop tac phat trien moi giua hai nuoc, huong toi muc tieu “cung thang” tren co so niem tin sau sac, tinh đoan ket, anh em gan bo ben chat, khong kho khan nao ngan can đuoc.",0.4203548974162764,0.33092447354252186,0.30533721929208657,0.26701882061318255
vi-zh-2022-test-0128,3,word_dropout_15pct,"Với chuyến thăm mở một giai đoạn hợp tác triển mới giữa hai nước, hướng tới mục tiêu thắng” dựa trên sở niềm tin sâu sắc, tình đoàn kết, anh em gắn bó bền khó khăn nào ngăn cản được.",0.8081318353387907,0.8048272367868854,0.7728376761758727,0.7791825643832737
vi-zh-2022-test-0128,4,word_dropout_30pct_and_swap,"Với thăm Cuba, mở ra một đoạn hợp giữa hai hướng tiêu “cùng thắng” dựa trên cơ niềm tin sâu sắc, tình đoàn kết, anh gắn bó chặt, không khăn nào ngăn được.",0.6585074459593555,0.6507065084721786,0.5868108596278443,0.5988846825419772
vi-zh-2022-test-0128,5,word_dropout_50pct_and_punctuation_remove,chuyến thăm mở ra hợp phát triển hai nước hướng trên sở niềm tin sâu sắc tình đoàn gắn bó bền khăn nào cản,0.45201427384140497,0.43302950493654563,0.3863847688435809,0.38855157822874875
vi-zh-2022-test-0129,0,identity,"Chuyến thăm chính thức Cuba của Chủ tịch nước Nguyễn Xuân Phúc diễn ra trong bối cảnh Việt Nam và Cuba bước sang giai đoạn phát triển mới sau khi hai Đảng, hai nhà nước tổ chức thành công Đại hội Đảng.",1.0,1.0,1.0,1.0
vi-zh-2022-test-0129,1,remove_one_tone,"Chuyen thăm chính thức Cuba của Chủ tịch nước Nguyễn Xuân Phúc diễn ra trong bối cảnh Việt Nam và Cuba bước sang giai đoạn phát triển mới sau khi hai Đảng, hai nhà nước tổ chức thành công Đại hội Đảng.",0.9841765837173193,0.9817872080314193,0.9787328313836444,0.9783017377026382
vi-zh-2022-test-0129,2,remove_tones_and_drop_one_word,"Chuyen tham chinh thuc Cuba cua Chu tich nuoc Nguyen Xuan Phuc dien ra trong boi canh Viet Nam va Cuba sang giai đoan phat trien moi sau khi hai Đang, hai nha nuoc to chuc thanh cong Đai hoi Đang.",0.4995291793291545,0.4019571835560608,0.3814765175239444,0.33781068930472
vi-zh-2022-test-0129,3,word_dropout_15pct,"Chuyến thăm chính thức Cuba của Chủ tịch Xuân Phúc diễn ra trong bối Việt Nam và Cuba bước sang giai đoạn phát mới sau khi hai Đảng, hai tổ chức thành công Đại hội Đảng.",0.8249575365489443,0.829551158718735,0.7972395650175659,0.8076181063253813
vi-zh-2022-test-0129,4,word_dropout_30pct_and_swap,"thăm Cuba thức của nước Nguyễn Phúc diễn trong bối cảnh Việt Nam và bước sang giai đoạn phát sau khi hai Đảng, hai nhà chức thành Đại hội",0.6315815165145682,0.6211870816679106,0.5667053049706736,0.5751286539890452
vi-zh-2022-test-0129,5,word_dropout_50pct_and_punctuation_remove,Chuyến thăm thức Chủ tịch nước Nguyễn Xuân Phúc ra trong bối Việt và Cuba đoạn sau hai Đảng chức Đảng,0.45662621983991825,0.4366862986738253,0.39029411864619057,0.39192018899652714
vi-zh-2022-test-0130,0,identity,"Việt Nam cũng tặng nhân dân Cuba 23.000 tấn gạo từ khi dịch COVID-19 bùng phát, riêng trong chuyến thăm này tặng 6.000 tấn gạo cùng một số thiết bị, vật tư y tế, giống ngô lai, máy tính.",1.0,1.0,1.0,1.0
vi-zh-2022-test-0130,1,remove_one_tone,"Viet Nam cũng tặng nhân dân Cuba 23.000 tấn gạo từ khi dịch COVID-19 bùng phát, riêng trong chuyến thăm này tặng 6.000 tấn gạo cùng một số thiết bị, vật tư y tế, giống ngô lai, máy tính.",0.9846000501721197,0.9820695190012863,0.9827646410626873,0.9813255949619204
vi-zh-2022-test-0130,2,remove_tones_and_drop_one_word,"Viet Nam cung tang nhan dan Cuba 23.000 tan gao tu khi dich COVID-19 bung phat, rieng trong chuyen nay tang 6.000 tan gao cung mot so thiet bi, vat tu y te, giong ngo lai, may tinh.",0.5012627482088834,0.39523594612637836,0.3925489022595226,0.34020727072621576
vi-zh-2022-test-0130,3,word_dropout_15pct,"Nam tặng nhân dân Cuba 23.000 tấn gạo từ dịch COVID-19 bùng phát, riêng trong chuyến thăm này tặng 6.000 tấn gạo một số thiết vật tư y tế, giống lai, máy tính.",0.8289149818665785,0.8215774747233895,0.7954730366768682,0.7983303755414977
vi-zh-2022-test-0130,4,word_dropout_30pct_and_swap,"Việt tặng Nam dân Cuba 23.000 tấn gạo từ khi COVID-19 bùng phát, trong chuyến thăm này tặng gạo cùng thiết bị, vật y giống lai, máy",0.6520066852916395,0.6348318585965619,0.586606779380355,0.5900749312149237
vi-zh-2022-test-0130,5,word_dropout_50pct_and_punctuation_remove,cũng tặng tấn khi dịch COVID-19 trong thăm tặng 6000 tấn cùng một số tư y tế giống lai tính,0.4199763726769361,0.3913426381186109,0.33970321377929674,0.33829426002311036
vi-zh-2022-test-0131,0,identity,"Đánh giá về những đóng góp quan trọng của Việt Nam giải quyết các thách thức toàn cầu đó, Bộ trưởng Bộ Ngoại giao Bùi Thanh Sơn, cho rằng: Phát biểu của Chủ tịch nước tại Đại hội đồng LHQ tập trung vào mối quan tâm chung của cộng đồng quốc tế và từ kinh nghiệm của Việt Nam đã đưa ra nhiều giải pháp và cam kết.",1.0,1.0,1.0,1.0
vi-zh-2022-test-0131,1,remove_one_tone,"Đanh giá về những đóng góp quan trọng của Việt Nam giải quyết các thách thức toàn cầu đó, Bộ trưởng Bộ Ngoại giao Bùi Thanh Sơn, cho rằng: Phát biểu của Chủ tịch nước tại Đại hội đồng LHQ tập trung vào mối quan tâm chung của cộng đồng quốc tế và từ kinh nghiệm của Việt Nam đã đưa ra nhiều giải pháp và cam kết.",0.9927769921681815,0.9905224287902638,0.9924010724170955,0.9908041298214286
vi-zh-2022-test-0131,2,remove_tones_and_drop_one_word,"Đanh gia ve nhung đong gop quan trong cua Viet Nam giai quyet cac thach thuc toan cau đo, Bo truong Bo Ngoai giao Bui Thanh Son, cho rang: Phat bieu cua Chu tich tai Đai hoi đong LHQ tap trung vao moi quan tam chung cua cong đong quoc te va tu kinh nghiem cua Viet Nam đa đua ra nhieu giai phap va cam ket.",0.45620422322390924,0.34595170419486865,0.3369339254189051,0.28406211147877614
vi-zh-2022-test-0131,3,word_dropout_15pct,"Đánh giá về những góp quan trọng của Nam giải quyết các thách toàn cầu đó, Bộ trưởng Bộ Ngoại giao Bùi Thanh cho rằng: Phát biểu của tịch tại Đại hội đồng LHQ tập trung vào mối quan tâm chung của cộng đồng quốc tế từ kinh nghiệm Việt đã đưa ra nhiều giải pháp và kết.",0.829237889377041,0.8196102217019751,0.7891699697693507,0.7919663165017545
vi-zh-2022-test-0131,4,word_dropout_30pct_and_swap,"về góp đóng quan trọng Nam giải các thách cầu đó, Bộ Bộ Ngoại giao Bùi Thanh Sơn, cho rằng: Phát của Chủ tại Đại hội đồng tập trung vào quan tâm chung của tế và từ kinh nghiệm của Việt đưa ra giải pháp và cam kết.",0.6420270111067253,0.6475750850371714,0.5828304035900242,0.6017982964134986
vi-zh-2022-test-0131,5,word_dropout_50pct_and_punctuation_remove,giá góp quan trọng Nam giải thách thức toàn cầu đó Bùi Thanh cho rằng Phát biểu Chủ tịch tại vào mối quan đồng từ kinh của Việt đã đưa ra giải và kết,0.4179639849842781,0.4113252064641435,0.3526464059153514,0.36399653543298816
vi-zh-2022-test-0132,0,identity,"Bên cạnh những dấu ấn tại các hoạt động đa phương, chuyến đi lần này của Chủ tịch nước Nguyễn Xuân Phúc còn để lại dấu ấn đậm nét về thúc đẩy quan hệ song phương, trong đó có thành công của ngoại giao vaccine.",1.0,1.0,1.0,1.0
vi-zh-2022-test-0132,1,remove_one_tone,"Ben cạnh những dấu ấn tại các hoạt động đa phương, chuyến đi lần này của Chủ tịch nước Nguyễn Xuân Phúc còn để lại dấu ấn đậm nét về thúc đẩy quan hệ song phương, trong đó có thành công của ngoại giao vaccine.",0.9892821635813804,0.9858364542079181,0.9887010490128457,0.9862620456248827
vi-zh-2022-test-0132,2,remove_tones_and_drop_one_word,"Ben canh nhung dau an tai cac hoat đong đa phuong, chuyen đi lan nay cua Chu tich nuoc Nguyen Xuan Phuc đe lai dau an đam net ve thuc đay quan he song phuong, trong đo co thanh cong cua ngoai giao vaccine.",0.4452255488599455,0.34236834244436504,0.3395296789270796,0.2888107409100975
vi-zh-2022-test-0132,3,word_dropout_15pct,"những dấu tại các hoạt động đa phương, chuyến đi lần này của tịch nước Nguyễn Phúc còn để lại dấu ấn đậm nét về đẩy quan hệ song phương, đó có thành công của ngoại giao vaccine.",0.8309881295468527,0.8285553948736373,0.7983472208238112,0.8046833211181963
vi-zh-2022-test-0132,4,word_dropout_30pct_and_swap,"Bên dấu những tại hoạt động chuyến đi này của Chủ tịch nước Phúc còn lại ấn đậm nét về thúc quan hệ song phương, đó thành công của giao vaccine.",0.6124973128007829,0.6025243882409137,0.5424769436576963,0.5525021447692666
vi-zh-2022-test-0132,5,word_dropout_50pct_and_punctuation_remove,dấu ấn tại hoạt phương đi này của Chủ nước Nguyễn Xuân để dấu nét đẩy hệ có thành công của ngoại,0.40657547242715997,0.3965948458204004,0.3493967477158912,0.35620686114511096
vi-zh-2022-test-0133,0,identity,Việt Nam đang dần từng bước hướng tới mục tiêu sống chung an toàn với COVID-19.,1.0,1.0,1.0,1.0
vi-zh-2022-test-0133,1,remove_one_tone,Viet Nam đang dần từng bước hướng tới mục tiêu sống chung an toàn với COVID-19.,0.9637653859027305,0.9556230023665262,0.9590356809973009,0.954111319571505
vi-zh-2022-test-0133,2,remove_tones_and_drop_one_word,Viet Nam đang dan tung buoc huong toi tieu song chung an toan voi COVID-19.,0.534238630699804,0.44733043170963105,0.4494724476347609,0.4054827782800704
vi-zh-2022-test-0133,3,word_dropout_15pct,Việt Nam đang dần từng bước tới mục sống chung an toàn với COVID-19.,0.8353105812205642,0.8357008547654021,0.7965643061245801,0.8065483517281496
vi-zh-2022-test-0133,4,word_dropout_30pct_and_swap,Việt đang Nam từng hướng tới mục tiêu chung toàn với,0.5397816165913084,0.5209401905454759,0.44145554951545507,0.4519048845082718
vi-zh-2022-test-0133,5,word_dropout_50pct_and_punctuation_remove,Việt Nam từng mục tiêu sống với COVID-19,0.47819887362581004,0.45356770179597405,0.41567611040292407,0.4128214525835057
vi-zh-2022-test-0134,0,identity,"Điều này là tất yếu, bởi thực tế, không thể khống chế tuyệt đối dịch COVID-19.",1.0,1.0,1.0,1.0
vi-zh-2022-test-0134,1,remove_one_tone,"Đieu này là tất yếu, bởi thực tế, không thể khống chế tuyệt đối dịch COVID-19.",0.9631721479355008,0.9574169095398463,0.9583528326973084,0.9552412327101157
vi-zh-2022-test-0134,2,remove_tones_and_drop_one_word,"Đieu nay la tat yeu, boi thuc te, the khong che tuyet đoi dich COVID-19.",0.3886424989793153,0.30392427726129856,0.2967539478678569,0.2561876668218336
vi-zh-2022-test-0134,3,word_dropout_15pct,"Điều này là tất yếu, thực tế, không thể chế tuyệt đối dịch COVID-19.",0.8423208315933123,0.8464706100518538,0.80460690790375,0.8171520193920281
vi-zh-2022-test-0134,4,word_dropout_30pct_and_swap,"Điều yếu, này tế, không thể khống chế đối dịch COVID-19.",0.6653137641453444,0.6614118273404272,0.6007968612104906,0.6140017504696851
vi-zh-2022-test-0134,5,word_dropout_50pct_and_punctuation_remove,Điều tất yếu bởi chế tuyệt đối COVID-19,0.4411881258615924,0.4054232741457519,0.36735421387937145,0.3589757204255751
vi-zh-2022-test-0135,0,identity,"Do vậy, cách tiếp cận của Việt Nam vẫn theo phương châm 5K, vaccine và công nghệ.",1.0,1.0,1.0,1.0
vi-zh-2022-test-0135,1,remove_one_tone,"Do vay, cách tiếp cận của Việt Nam vẫn theo phương châm 5K, vaccine và công nghệ.",0.9603075519910198,0.947661175011557,0.9514982951342682,0.9442158266138592
vi-zh-2022-test-0135,2,remove_tones_and_drop_one_word,"Do vay, cach tiep can cua Viet Nam theo phuong cham 5K, vaccine va cong nghe.",0.5133833938605831,0.4273263273208972,0.39505553925886056,0.3600946849003252
vi-zh-2022-test-0135,3,word_dropout_15pct,"Do vậy, cách cận Việt Nam vẫn theo phương châm 5K, vaccine và nghệ.",0.7819650465212044,0.7851261927988525,0.7356629992971909,0.7496136448248258
vi-zh-2022-test-0135,4,word_dropout_30pct_and_swap,"vậy, cận tiếp của Nam vẫn phương 5K, vaccine và công nghệ.",0.6365214036220955,0.6300288854600719,0.5443271363664043,0.5625131004804099
vi-zh-2022-test-0135,5,word_dropout_50pct_and_punctuation_remove,vậy tiếp cận của châm 5K và nghệ,0.3225274584417449,0.32092039807876155,0.2594318675620156,0.27400890872236305
vi-zh-2022-test-0136,0,identity,"Cùng với đó, dần nới lỏng các hoạt động sản xuất, kinh doanh theo trạng thái bình thường mới, có những điều chỉnh tích cực để hình thành các mô hình chung sống an toàn, như giáo dục an toàn, đi lại an toàn, sản xuất an toàn…",1.0,1.0,1.0,1.0
vi-zh-2022-test-0136,1,remove_one_tone,"Cung với đó, dần nới lỏng các hoạt động sản xuất, kinh doanh theo trạng thái bình thường mới, có những điều chỉnh tích cực để hình thành các mô hình chung sống an toàn, như giáo dục an toàn, đi lại an toàn, sản xuất an toàn…",0.9900159554550263,0.987112896462214,0.9894792035336236,0.9874360972693652
vi-zh-2022-test-0136,2,remove_tones_and_drop_one_word,"Cung voi đo, dan noi long cac hoat đong san xuat, kinh doanh theo trang thai binh thuong moi, co nhung đieu chinh tich đe hinh thanh cac mo hinh chung song an toan, nhu giao duc an toan, đi lai an toan, san xuat an toan…",0.46176836949400973,0.36694026348294273,0.3456388410300135,0.3035501431983266
vi-zh-2022-test-0136,3,word_dropout_15pct,"với dần nới các động sản xuất, kinh doanh theo trạng thái bình thường mới, có những điều chỉnh tích cực để hình thành các mô hình chung sống an dục an toàn, đi lại an toàn, sản xuất an toàn…",0.8375628365759211,0.8322695690698904,0.8186920331362887,0.8194397163437133
vi-zh-2022-test-0136,4,word_dropout_30pct_and_swap,"Cùng dần đó, nới lỏng hoạt xuất, theo trạng bình thường mới, những điều chỉnh tích cực hình các mô chung sống an toàn, như giáo toàn, đi lại an toàn, sản xuất an",0.6648389242123394,0.6630873351062728,0.5999300275471977,0.6148457871862761
vi-zh-2022-test-0136,5,word_dropout_50pct_and_punctuation_remove,Cùng với đó nới lỏng các trạng mới có những chỉnh tích cực thành các mô an dục an lại an sản xuất an,0.3982198520270228,0.3949179876989428,0.33539307073732055,0.34862514284468576
vi-zh-2022-test-0137,0,identity,"Xác định nông nghiệp là thế mạnh, Bộ công thương cũng đang chủ động triển khai các giải pháp hỗ trợ các địa phương đẩy mạnh tiêu thụ sản phẩm nông nghiệp tại thị trường trong nước.",1.0,1.0,1.0,1.0
vi-zh-2022-test-0137,1,remove_one_tone,"Xac định nông nghiệp là thế mạnh, Bộ công thương cũng đang chủ động triển khai các giải pháp hỗ trợ các địa phương đẩy mạnh tiêu thụ sản phẩm nông nghiệp tại thị trường trong nước.",0.9877001593410419,0.9831406370415763,0.9870210723116366,0.9837712023443889
vi-zh-2022-test-0137,2,remove_tones_and_drop_one_word,"Xac đinh nong nghiep la the manh, Bo cong thuong cung đang chu đong trien khai cac giai ho tro cac đia phuong đay manh tieu thu san pham nong nghiep tai thi truong trong nuoc.",0.41475644184034727,0.2979819756400833,0.30531790178763013,0.24509668800453435
vi-zh-2022-test-0137,3,word_dropout_15pct,"Xác định nông nghiệp là mạnh, công thương cũng đang chủ triển các pháp hỗ trợ các địa đẩy mạnh tiêu thụ sản phẩm nông nghiệp tại thị trường trong nước.",0.8008980532748161,0.7971896701524114,0.758765985868784,0.7665181948477704
vi-zh-2022-test-0137,4,word_dropout_30pct_and_swap,"Xác nông định thế mạnh, Bộ cũng đang chủ động triển các giải pháp hỗ trợ địa mạnh tiêu thụ sản phẩm nông nghiệp tại trường",0.6418274471634743,0.63511923055453,0.5879977169436189,0.5964273428458604
vi-zh-2022-test-0137,5,word_dropout_50pct_and_punctuation_remove,Xác là mạnh triển khai giải pháp hỗ trợ các phương mạnh thụ sản phẩm tại trong nước,0.41501061032374,0.40233129915500326,0.3519761781325394,0.35822615543207337
vi-zh-2022-test-0138,0,identity,"Theo báo cáo của Ngân hàng phát triển Châu Á (ADB) công bố ngày 22/9, tổ chức này vẫn đưa ra những đánh giá lạc quan về triển vọng tăng trưởng của Việt Nam trong trung và dài hạn.",1.0,1.0,1.0,1.0
vi-zh-2022-test-0138,1,remove_one_tone,"Theo bao cáo của Ngân hàng phát triển Châu Á (ADB) công bố ngày 22/9, tổ chức này vẫn đưa ra những đánh giá lạc quan về triển vọng tăng trưởng của Việt Nam trong trung và dài hạn.",0.9820134615183498,0.9759106390764996,0.9745733081082687,0.9718562296294014
vi-zh-2022-test-0138,2,remove_tones_and_drop_one_word,"Theo bao cao cua Ngan hang phat trien Chau A (ADB) cong bo ngay 22/9, to chuc nay van ra nhung đanh gia lac quan ve trien vong tang truong cua Viet Nam trong trung va dai han.",0.4644772074076295,0.3698510443425267,0.35010039483386085,0.3077249744692254
vi-zh-2022-test-0138,3,word_dropout_15pct,"Theo báo cáo hàng phát triển công bố ngày 22/9, tổ chức này vẫn đưa ra đánh giá lạc quan về triển vọng tăng trưởng của Việt Nam trong trung và dài hạn.",0.8362010545736748,0.831621633769777,0.8123098003347603,0.8148477248144291
vi-zh-2022-test-0138,4,word_dropout_30pct_and_swap,Theo của cáo Ngân hàng triển Châu (ADB) công bố ngày tổ chức này vẫn đưa ra những giá lạc triển vọng của Nam trong trung dài,0.6390970063215697,0.6149497704618127,0.5589436447024434,0.5608706598369056
vi-zh-2022-test-0138,5,word_dropout_50pct_and_punctuation_remove,Theo phát triển Châu Á công bố ngày này vẫn đưa ra đánh lạc quan trưởng của Nam dài hạn,0.44169514177301084,0.4332105717066942,0.3764696676328081,0.3864119186775551
vi-zh-2022-test-0139,0,identity,"Kể từ năm 2019 đến nay, Việt Nam đã triển khai kế hoạch tổng thể triển khai thực hiện 13 khuyến nghị Việt Nam chấp thuận theo cơ chế rà soát định kỳ phổ quát về quyền con người chu kỳ III của Hội đồng Nhân quyền Liên hợp quốc (UPR).",1.0,1.0,1.0,1.0
vi-zh-2022-test-0139,1,remove_one_tone,"Ke từ năm 2019 đến nay, Việt Nam đã triển khai kế hoạch tổng thể triển khai thực hiện 13 khuyến nghị Việt Nam chấp thuận theo cơ chế rà soát định kỳ phổ quát về quyền con người chu kỳ III của Hội đồng Nhân quyền Liên hợp quốc (UPR).",0.9902928688199839,0.9871787969201442,0.989772680865918,0.9875671739295545
vi-zh-2022-test-0139,2,remove_tones_and_drop_one_word,"Ke tu nam 2019 đen nay, Viet Nam đa trien khai ke hoach tong the trien khai thuc hien 13 khuyen nghi Viet Nam chap theo co che ra soat đinh ky pho quat ve quyen con nguoi chu ky III cua Hoi đong Nhan quyen Lien hop quoc (UPR).",0.47643524492806916,0.3682509695323152,0.35064438481328225,0.3009539033191715
vi-zh-2022-test-0139,3,word_dropout_15pct,"Kể năm 2019 đến nay, Nam đã khai kế hoạch tổng triển khai thực hiện 13 khuyến nghị Việt thuận theo cơ chế rà định kỳ phổ quát về quyền con người chu kỳ III của Hội đồng Nhân quyền Liên quốc (UPR).",0.8187665340816264,0.8141136490246142,0.7814289465775012,0.7872738587152898
vi-zh-2022-test-0139,4,word_dropout_30pct_and_swap,"Kể 2019 từ đến nay, Nam triển kế hoạch tổng triển khai thực hiện 13 khuyến Việt chấp thuận cơ chế rà soát định kỳ quát về con người chu của Hội đồng Nhân quyền quốc",0.6395086381158042,0.6253087747429414,0.5691142836646065,0.5760624942218259
vi-zh-2022-test-0139,5,word_dropout_50pct_and_punctuation_remove,Kể năm đến Việt Nam hoạch thể hiện nghị Việt chấp thuận theo chế soát về quyền chu của Hội đồng quyền Liên hợp quốc (UPR),0.4801246086559551,0.4428755079254541,0.4146775956388382,0.40310132077239175
vi-zh-2022-test-0140,0,identity,"Hiện đã có 51/54 dân tộc thiểu số có học sinh, sinh viên được ưu tiên đào tạo về chuyên môn nghiệp vụ để phục vụ sự nghiệp xây dựng và phát triển quê hương.",1.0,1.0,1.0,1.0
vi-zh-2022-test-0140,1,remove_one_tone,"Hien đã có 51/54 dân tộc thiểu số có học sinh, sinh viên được ưu tiên đào tạo về chuyên môn nghiệp vụ để phục vụ sự nghiệp xây dựng và phát triển quê hương.",0.9812660672587693,0.978376577371712,0.9789999190967485,0.9773993387219607
vi-zh-2022-test-0140,2,remove_tones_and_drop_one_word,"Hien đa co 51/54 dan toc thieu so co hoc sinh, sinh vien đuoc uu tien đao ve chuyen mon nghiep vu đe phuc vu su nghiep xay dung va phat trien que huong.",0.39001307563927445,0.29196466112071906,0.2870796003113372,0.2392766572573377
vi-zh-2022-test-0140,3,word_dropout_15pct,Hiện có dân tộc thiểu số có học sinh viên được ưu tiên đào tạo về chuyên môn nghiệp để vụ sự nghiệp xây dựng và phát triển quê hương.,0.8294430465582753,0.8218118376940313,0.8060942111542504,0.8062076599111968
vi-zh-2022-test-0140,4,word_dropout_30pct_and_swap,"Hiện có đã 51/54 thiểu học sinh, sinh viên ưu tiên tạo về chuyên nghiệp để vụ sự xây dựng và phát triển hương.",0.6090377586427319,0.5946529493828511,0.520604811210261,0.531923785682055
vi-zh-2022-test-0140,5,word_dropout_50pct_and_punctuation_remove,đã tộc số học sinh sinh ưu tiên tạo về vụ để vụ sự nghiệp dựng và hương,0.3567058162339438,0.36447235968165664,0.27626082240434574,0.30220543538362354
vi-zh-2022-test-0141,0,identity,Bây giờ mỗi ngày mẹ đều phải làm việc 12 tiếng.,1.0,1.0,1.0,1.0
vi-zh-2022-test-0141,1,remove_one_tone,Bay giờ mỗi ngày mẹ đều phải làm việc 12 tiếng.,0.950362757715699,0.9378681011033954,0.9463908283761225,0.9380128182517891
vi-zh-2022-test-0141,2,remove_tones_and_drop_one_word,Bay gio moi ngay me phai lam viec 12 tieng.,0.34347790815977086,0.25723386107976987,0.23412936555946362,0.19678346533000105
vi-zh-2022-test-0141,3,word_dropout_15pct,Bây ngày mẹ đều phải làm việc 12 tiếng.,0.8150714631147564,0.8128493779628977,0.793635277325083,0.7973271051809114
vi-zh-2022-test-0141,4,word_dropout_30pct_and_swap,Bây mỗi giờ mẹ đều phải làm tiếng.,0.6072648442131433,0.6005462743719695,0.5030669300623564,0.5240854579332029
vi-zh-2022-test-0141,5,word_dropout_50pct_and_punctuation_remove,Bây ngày mẹ đều việc tiếng,0.46018180326174857,0.4335631765636301,0.36352825196477573,0.3677096803800186
vi-zh-2022-test-0142,0,identity,"Tôi thấy tôi thích ăn lẩu Trùng Khánh nhất, bởi vì nó cực kỳ cay.",1.0,1.0,1.0,1.0
vi-zh-2022-test-0142,1,remove_one_tone,"Toi thấy tôi thích ăn lẩu Trùng Khánh nhất, bởi vì nó cực kỳ cay.",0.9644772909163666,0.9560976057089502,0.9619796185510897,0.9563192727368468
vi-zh-2022-test-0142,2,remove_tones_and_drop_one_word,"Toi thay toi thich an lau Trung nhat, boi vi no cuc ky cay.",0.29340600672170497,0.23592368497476757,0.19560400448113668,0.17694276373107562
vi-zh-2022-test-0142,3,word_dropout_15pct,Tôi thấy tôi thích lẩu Trùng Khánh bởi vì nó cực kỳ cay.,0.8200292596870112,0.8080705049887821,0.7720187448626064,0.7750507523959953
vi-zh-2022-test-0142,4,word_dropout_30pct_and_swap,Tôi tôi thấy thích ăn bởi nó cực kỳ cay.,0.5471317833216316,0.5371634928994944,0.4587188273426664,0.47336376588092544
vi-zh-2022-test-0142,5,word_dropout_50pct_and_punctuation_remove,thấy tôi ăn Khánh nhất bởi nó kỳ,0.37512240362263133,0.3612913992806085,0.3065176029350374,0.3132917177226449
vi-zh-2022-test-0143,0,identity,"Đến nay, 95% số xã vùng dân tộc thiểu số được phủ sóng phát thanh truyền hình.",1.0,1.0,1.0,1.0
vi-zh-2022-test-0143,1,remove_one_tone,"Đen nay, 95% số xã vùng dân tộc thiểu số được phủ sóng phát thanh truyền hình.",0.9709631110194888,0.9635368108550979,0.9690469943598365,0.9639562984014566
vi-zh-2022-test-0143,2,remove_tones_and_drop_one_word,"Đen nay, 95% so xa vung dan toc so đuoc phu song phat thanh truyen hinh.",0.45451698985662015,0.38012257626383833,0.3619609987438558,0.32930486857940516
vi-zh-2022-test-0143,3,word_dropout_15pct,"Đến nay, 95% số xã vùng dân tộc thiểu số được phát thanh truyền",0.8302918642771648,0.8206253025713041,0.8136318159968045,0.8105459634164137
vi-zh-2022-test-0143,4,word_dropout_30pct_and_swap,"Đến 95% nay, vùng dân tộc thiểu số sóng phát truyền hình.",0.6568951679317226,0.6528471255239073,0.58212350936817,0.5977827030183309
vi-zh-2022-test-0143,5,word_dropout_50pct_and_punctuation_remove,95% số vùng tộc phủ sóng phát truyền,0.42502022615127866,0.4073194210822806,0.352042471608259,0.3570069832660654
vi-zh-2022-test-0144,0,identity,"16.000 điểm bưu điện văn hóa xã đã được xây dựng, đảm bảo thông tin liên lạc thông suốt, đáp ứng nhu cầu thông tin liên lạc đa dạng của người dân.",1.0,1.0,1.0,1.0
vi-zh-2022-test-0144,1,remove_one_tone,"16.000 điem bưu điện văn hóa xã đã được xây dựng, đảm bảo thông tin liên lạc thông suốt, đáp ứng nhu cầu thông tin liên lạc đa dạng của người dân.",0.9778743824740768,0.970683761985519,0.9686511717176346,0.9655640090403268
vi-zh-2022-test-0144,2,remove_tones_and_drop_one_word,"16.000 điem buu đien van hoa xa đa đuoc xay dung, đam bao thong tin lien thong suot, đap ung nhu cau thong tin lien lac đa dang cua nguoi dan.",0.420836742944833,0.3188720337436604,0.3108614642421969,0.26188175075176945
vi-zh-2022-test-0144,3,word_dropout_15pct,"16.000 điểm điện văn xã đã được xây dựng, đảm bảo tin liên lạc thông suốt, đáp ứng nhu cầu thông liên lạc đa dạng người dân.",0.8146643941756089,0.8113816483491568,0.7671610864916418,0.7765753218750633
vi-zh-2022-test-0144,4,word_dropout_30pct_and_swap,"16.000 bưu điểm văn hóa xã đã dựng, đảm bảo liên lạc thông ứng nhu cầu tin lạc đa dạng của dân.",0.5903003507253278,0.5889278854195703,0.509156230967025,0.5284229425917716
vi-zh-2022-test-0144,5,word_dropout_50pct_and_punctuation_remove,điểm điện xây đảm bảo thông liên suốt đáp ứng cầu tin liên dạng của người,0.42739314809848616,0.403590786393519,0.3454456628514191,0.34807756757435604
vi-zh-2022-test-0145,0,identity,"Quan hệ đồng minh lâu năm giữa Mỹ và các nước châu Âu, đứng đầu là Pháp, đang đối mặt với thách thức mới, sau sự kiện ba nước Mỹ, Anh và Australia công bố thỏa thuận thành lập liên minh mang tên AUKUS hôm 16/9.",1.0,1.0,1.0,1.0
vi-zh-2022-test-0145,1,remove_one_tone,"Quan he đồng minh lâu năm giữa Mỹ và các nước châu Âu, đứng đầu là Pháp, đang đối mặt với thách thức mới, sau sự kiện ba nước Mỹ, Anh và Australia công bố thỏa thuận thành lập liên minh mang tên AUKUS hôm 16/9.",0.9846620014970057,0.9798400271417944,0.9783486842278176,0.9763105327787062
vi-zh-2022-test-0145,2,remove_tones_and_drop_one_word,"Quan he đong minh lau nam giua My va cac nuoc chau Au, đung đau la Phap, đang đoi mat voi thach thuc sau su kien ba nuoc My, Anh va Australia cong bo thoa thuan thanh lap lien minh mang ten AUKUS hom 16/9.",0.47343041480056736,0.3784702296411721,0.35942675340385855,0.3167075482202697
vi-zh-2022-test-0145,3,word_dropout_15pct,"Quan hệ đồng minh lâu năm giữa và các nước châu Âu, đứng đầu là đang mặt với thách thức mới, sự kiện nước Mỹ, Anh và công bố thỏa thuận thành lập liên minh tên AUKUS hôm 16/9.",0.796044136855721,0.7962998884993452,0.7512468448757226,0.7626392412909982
vi-zh-2022-test-0145,4,word_dropout_30pct_and_swap,"Quan đồng hệ minh năm Mỹ và các châu Pháp, đang với thách mới, sau sự kiện ba Anh và Australia công thỏa thành lập liên minh mang tên AUKUS hôm 16/9.",0.653215286839006,0.6358912174783227,0.5854612361462567,0.5894063771106659
vi-zh-2022-test-0145,5,word_dropout_50pct_and_punctuation_remove,năm giữa và châu đầu đang mặt với thách mới sự ba nước Mỹ Australia công bố thỏa thuận minh AUKUS hôm 16/9,0.4644205076078742,0.43546913134926385,0.4019936104563242,0.3958863940777711
vi-zh-2022-test-0146,0,identity,"Trong quá khứ, Pháp đã không ít lần có phản ứng cứng rắn.",1.0,1.0,1.0,1.0
vi-zh-2022-test-0146,1,remove_one_tone,"Trong qua khứ, Pháp đã không ít lần có phản ứng cứng rắn.",0.9418294238061681,0.9262989809501437,0.9158944126187459,0.9107303332735832
vi-zh-2022-test-0146,2,remove_tones_and_drop_one_word,"Trong qua khu, Phap đa khong lan co phan ung cung ran.",0.3593040262447992,0.27332217145067617,0.2602688515402044,0.22054121857819234
vi-zh-2022-test-0146,3,word_dropout_15pct,"Trong khứ, Pháp không ít lần có phản ứng cứng rắn.",0.8337957199438839,0.8268342201772082,0.7793704294760583,0.7877539698727961
vi-zh-2022-test-0146,4,word_dropout_30pct_and_swap,"quá Pháp khứ, đã không ít lần phản cứng",0.5424926614061606,0.5320110680078813,0.42793843934687525,0.4487124940779241
vi-zh-2022-test-0146,5,word_dropout_50pct_and_punctuation_remove,khứ đã lần có phản rắn,0.2939151685957089,0.2990711504187063,0.23892858054156677,0.2565639561672046
vi-zh-2022-test-0147,0,identity,"Năm 2020, Pháp cũng đã rút khỏi một chiến dịch giám sát hàng hải của NATO, vì mâu thuẫn với một nước thành viên khác trong khối là Thổ Nhĩ Kỳ.",1.0,1.0,1.0,1.0
vi-zh-2022-test-0147,1,remove_one_tone,"Nam 2020, Pháp cũng đã rút khỏi một chiến dịch giám sát hàng hải của NATO, vì mâu thuẫn với một nước thành viên khác trong khối là Thổ Nhĩ Kỳ.",0.9841307421295954,0.9794680289182448,0.9832188102024694,0.9799497582757379
vi-zh-2022-test-0147,2,remove_tones_and_drop_one_word,"Nam 2020, Phap cung đa rut khoi mot chien dich giam sat hang hai cua vi mau thuan voi mot nuoc thanh vien khac trong khoi la Tho Nhi Ky.",0.37451345179423173,0.27463017237429366,0.27157066381149436,0.2223938955917822
vi-zh-2022-test-0147,3,word_dropout_15pct,"Pháp cũng đã rút một chiến dịch giám sát hàng hải của NATO, vì mâu thuẫn với một nước viên khác trong khối là Thổ Kỳ.",0.8071604057461289,0.8061700672401504,0.7812464314413616,0.7869824590140211
vi-zh-2022-test-0147,4,word_dropout_30pct_and_swap,Năm rút đã khỏi một chiến dịch sát hàng hải của vì mâu thuẫn nước thành viên khác trong Thổ Nhĩ Kỳ.,0.6380429915365841,0.6270920622413082,0.5825599598876763,0.5882158611275554
vi-zh-2022-test-0147,5,word_dropout_50pct_and_punctuation_remove,Pháp cũng đã chiến sát hàng hải của mâu thuẫn với thành trong khối Nhĩ Kỳ,0.47561311164016323,0.45590832379220436,0.4083689512297131,0.41039732815897395
vi-zh-2022-test-0148,0,identity,"Để xoa dịu tình hình, Ngoại trưởng Mỹ Antony Blinken hôm 16/9 khẳng định Pháp vẫn là một ""đối tác quan trọng"" trong chiến lược của Washington ở châu Á, đồng thời nhấn mạnh rằng không có bất kỳ mối chia rẽ nào ngăn cách lợi ích của các đối tác với Mỹ ở Đại Tây Dương và Ấn Độ Dương.",1.0,1.0,1.0,1.0
vi-zh-2022-test-0148,1,remove_one_tone,"Đe xoa dịu tình hình, Ngoại trưởng Mỹ Antony Blinken hôm 16/9 khẳng định Pháp vẫn là một ""đối tác quan trọng"" trong chiến lược của Washington ở châu Á, đồng thời nhấn mạnh rằng không có bất kỳ mối chia rẽ nào ngăn cách lợi ích của các đối tác với Mỹ ở Đại Tây Dương và Ấn Độ Dương.",0.9920193680033332,0.9895902235795339,0.9916002704820538,0.9898831865445241
vi-zh-2022-test-0148,2,remove_tones_and_drop_one_word,"Đe xoa diu tinh hinh, Ngoai truong My Antony Blinken hom 16/9 khang đinh Phap van la mot ""đoi tac quan trong"" trong chien luoc cua Washington o chau A, thoi nhan manh rang khong co bat ky moi chia re nao ngan cach loi ich cua cac đoi tac voi My o Đai Tay Duong va An Đo Duong.",0.43451307167332975,0.32774752843675237,0.33679646146298525,0.28115145822923515
vi-zh-2022-test-0148,3,word_dropout_15pct,"xoa dịu tình hình, Antony Blinken hôm 16/9 khẳng định Pháp là một ""đối tác quan trọng"" trong chiến lược của Washington ở châu Á, thời nhấn mạnh rằng không bất kỳ mối chia rẽ nào ngăn cách lợi của các đối với Mỹ ở Đại Tây Dương và Ấn Độ Dương.",0.845264551379109,0.8433413971080981,0.8160713295088909,0.8219272561130395
vi-zh-2022-test-0148,4,word_dropout_30pct_and_swap,"dịu Ngoại hình, trưởng Mỹ Antony Blinken hôm khẳng định Pháp vẫn là trong chiến lược Washington ở châu Á, nhấn rằng có bất kỳ chia rẽ nào ngăn cách lợi ích của các đối tác với Mỹ ở Đại Tây Dương và",0.6771292821874749,0.6659958413481702,0.6317625475934084,0.634753832124936
vi-zh-2022-test-0148,5,word_dropout_50pct_and_punctuation_remove,"dịu tình hình Ngoại trưởng Blinken khẳng định vẫn tác quan trọng"" của ở nhấn không có kỳ mối rẽ nào ngăn lợi ích của với Đại Dương và Độ",0.42145377113615007,0.40877784528439987,0.35494651883196776,0.3620655156332719
vi-zh-2022-test-0149,0,identity,"Đặc biệt trên cương vị Chủ tịch HĐBA tháng 1/2020 và tháng 4/2021, Việt Nam đã tổ chức thành công các sự kiện điểm nhấn, như phiên thảo luận mở về Hiến chương LHQ, Phiên họp về quan hệ hợp tác ASEAN-LHQ (lần đầu tiên trong lịch sử tại HĐBA).",1.0,1.0,1.0,1.0
vi-zh-2022-test-0149,1,remove_one_tone,"Đac biệt trên cương vị Chủ tịch HĐBA tháng 1/2020 và tháng 4/2021, Việt Nam đã tổ chức thành công các sự kiện điểm nhấn, như phiên thảo luận mở về Hiến chương LHQ, Phiên họp về quan hệ hợp tác ASEAN-LHQ (lần đầu tiên trong lịch sử tại HĐBA).",0.9908030340266752,0.9877519665677273,0.990313108511431,0.9881472892960309
vi-zh-2022-test-0149,2,remove_tones_and_drop_one_word,"Đac biet tren cuong vi Chu tich HĐBA thang 1/2020 va thang 4/2021, Viet Nam đa to chuc thanh cong cac su kien điem nhan, phien thao luan mo ve Hien chuong LHQ, Phien hop ve quan he hop tac ASEAN-LHQ (lan đau tien trong lich su tai HĐBA).",0.48199134247388964,0.3762982609072558,0.3792697666802335,0.32568034901887566
vi-zh-2022-test-0149,3,word_dropout_15pct,"biệt trên cương vị Chủ tịch HĐBA tháng 1/2020 và tháng 4/2021, Việt Nam đã tổ chức công các kiện điểm nhấn, như phiên thảo luận mở về Hiến chương Phiên họp quan hệ hợp ASEAN-LHQ (lần đầu lịch sử tại HĐBA).",0.8299529997361774,0.8219454623532367,0.7960938055131481,0.7985531748899407
vi-zh-2022-test-0149,4,word_dropout_30pct_and_swap,"Đặc trên biệt cương vị Chủ HĐBA 1/2020 và 4/2021, Việt đã tổ chức công các sự kiện như thảo luận mở về chương Phiên về quan hệ hợp ASEAN-LHQ đầu trong lịch sử tại",0.5818008128603724,0.5681412329592078,0.4975507381634533,0.5083680656510217
vi-zh-2022-test-0149,5,word_dropout_50pct_and_punctuation_remove,biệt trên Chủ tịch tháng 1/2020 tháng Việt chức thành công các kiện thảo chương họp hệ ASEAN-LHQ (lần đầu trong lịch sử tại HĐBA),0.5050014220922991,0.46582299211622846,0.44148460556511593,0.42798063114283386
vi-zh-2022-test-0150,0,identity,"52 năm kể từ ngày Người đi xa, người dân Việt Nam và bạn bè quốc tế vẫn nhắc đến Người với lòng tôn kính, trân trọng.",1.0,1.0,1.0,1.0
vi-zh-2022-test-0150,1,remove_one_tone,"52 nam kể từ ngày Người đi xa, người dân Việt Nam và bạn bè quốc tế vẫn nhắc đến Người với lòng tôn kính, trân trọng.",0.9719065890414207,0.9642212509318283,0.9658562861274088,0.9616048582737176
vi-zh-2022-test-0150,2,remove_tones_and_drop_one_word,"52 nam ke tu ngay Nguoi đi xa, nguoi dan Viet Nam va be quoc te van nhac đen Nguoi voi long ton kinh, tran trong.",0.36838728753854805,0.2963154899705421,0.2630204050997678,0.23530827727170767
vi-zh-2022-test-0150,3,word_dropout_15pct,"52 năm kể từ Người đi người dân Việt Nam và bạn bè quốc tế nhắc đến Người với lòng tôn kính, trân",0.799000027908652,0.7914827849018248,0.7607194738318781,0.7646507919239959
vi-zh-2022-test-0150,4,word_dropout_30pct_and_swap,"52 kể năm ngày đi người dân Việt bạn bè quốc tế vẫn đến Người lòng kính, trân trọng.",0.619872234897611,0.6047855500772641,0.5420272566024134,0.5501716728830133
vi-zh-2022-test-0150,5,word_dropout_50pct_and_punctuation_remove,52 năm từ ngày Người đi bè quốc tế vẫn nhắc đến trân trọng,0.48500530039133205,0.47504074843240895,0.43972777550117653,0.4435672219376537
vi-zh-2022-test-0151,0,identity,Chủ tịch Hồ Chí Minh đã để lại cho dân tộc Việt Nam một di sản tinh thần vô cùng quý báu,1.0,1.0,1.0,1.0
vi-zh-2022-test-0151,1,remove_one_tone,Chu tịch Hồ Chí Minh đã để lại cho dân tộc Việt Nam một di sản tinh thần vô cùng quý báu,0.9654356876021987,0.961444859555867,0.9609561010025925,0.9590828766177454
vi-zh-2022-test-0151,2,remove_tones_and_drop_one_word,Chu tich Ho Chi Minh đa đe lai cho dan toc Nam mot di san tinh than vo cung quy bau,0.4060713810595286,0.3089418692633573,0.28955855187112683,0.24583966122285866
vi-zh-2022-test-0151,3,word_dropout_15pct,Chủ tịch Hồ Minh đã để lại cho dân tộc Việt Nam một di sản tinh thần vô quý,0.8260987331902195,0.8294334795895218,0.7986397433593767,0.8080081460366302
vi-zh-2022-test-0151,4,word_dropout_30pct_and_swap,Chủ Chí tịch Minh đã để lại dân Nam một sản tinh thần quý báu,0.5666522814947373,0.5586654929635073,0.4688503817344436,0.48730858884469536
vi-zh-2022-test-0151,5,word_dropout_50pct_and_punctuation_remove,tịch Chí Minh để cho di sản vô cùng quý báu,0.4498809834059322,0.4368501207726963,0.374669509745727,0.3837035369062075
vi-zh-2022-test-0152,0,identity,"Tại Việt Nam đã có nhiều bài viết, công trình nghiên cứu, ý kiến đánh giá, phân tích về tấm gương đạo đức Hồ Chủ tịch.",1.0,1.0,1.0,1.0
vi-zh-2022-test-0152,1,remove_one_tone,"Tai Việt Nam đã có nhiều bài viết, công trình nghiên cứu, ý kiến đánh giá, phân tích về tấm gương đạo đức Hồ Chủ tịch.",0.9808269842982326,0.9759153075398177,0.9796847923922164,0.9762865827999094
vi-zh-2022-test-0152,2,remove_tones_and_drop_one_word,"Tai Viet Nam đa co nhieu bai viet, cong trinh nghien cuu, y đanh gia, phan tich ve tam guong đao đuc Ho Chu tich.",0.3554347822231528,0.26492115201442656,0.24453677439816976,0.2043760581185522
vi-zh-2022-test-0152,3,word_dropout_15pct,"Tại Việt Nam đã có nhiều bài công trình nghiên ý kiến đánh giá, tích về tấm gương đức Hồ Chủ tịch.",0.7949575049274352,0.7827995342941074,0.746804655584659,0.7497238206297101
vi-zh-2022-test-0152,4,word_dropout_30pct_and_swap,"Tại Nam Việt đã bài viết, công trình đánh giá, phân tích về tấm gương đức Hồ tịch.",0.6274927832356845,0.6221002952974789,0.5630414167479261,0.5751103681591687
vi-zh-2022-test-0152,5,word_dropout_50pct_and_punctuation_remove,Tại đã công trình cứu ý giá phân đạo đức Hồ Chủ tịch,0.36645953173718626,0.3583174042109913,0.3084781802848918,0.31686902746736195
vi-zh-2022-test-0153,0,identity,"Nguyễn Phú Trọng nói: “Người là biểu tượng cao đẹp nhất của chủ nghĩa yêu nước và chủ nghĩa anh hùng cách mạng Việt Nam; kết tinh rạng ngời của đạo đức, trí tuệ, khí phách, lương tri của dân tộc và thời đại.",1.0,1.0,1.0,1.0
vi-zh-2022-test-0153,1,remove_one_tone,"Nguyen Phú Trọng nói: “Người là biểu tượng cao đẹp nhất của chủ nghĩa yêu nước và chủ nghĩa anh hùng cách mạng Việt Nam; kết tinh rạng ngời của đạo đức, trí tuệ, khí phách, lương tri của dân tộc và thời đại.",0.9845673153396678,0.9829768496822274,0.9792621200796945,0.9793955696516076
vi-zh-2022-test-0153,2,remove_tones_and_drop_one_word,"Nguyen Phu Trong noi: “Nguoi la bieu tuong cao đep nhat cua chu nghia yeu nuoc va chu nghia anh hung cach Viet Nam; ket tinh rang ngoi cua đao đuc, tri tue, khi phach, luong tri cua dan toc va thoi đai.",0.391125742225837,0.3009798333506548,0.2754335822057481,0.2367471922742132
vi-zh-2022-test-0153,3,word_dropout_15pct,"Nguyễn Phú Trọng nói: biểu tượng cao nhất của chủ yêu nước chủ nghĩa anh hùng cách mạng Việt Nam; kết tinh rạng của đạo đức, trí tuệ, khí phách, lương tri của tộc và thời đại.",0.8155615520060528,0.8172261464785335,0.7756169455310085,0.7868526966310089
vi-zh-2022-test-0153,4,word_dropout_30pct_and_swap,"Nguyễn “Người Phú là biểu tượng nhất chủ nước và chủ nghĩa anh cách mạng Việt Nam; kết ngời đạo trí tuệ, khí phách, lương tri của tộc và thời đại.",0.6534480151918384,0.643081246805966,0.5868169290151335,0.5956991782112482
vi-zh-2022-test-0153,5,word_dropout_50pct_and_punctuation_remove,Nguyễn Phú Trọng nói biểu tượng đẹp nhất chủ nghĩa yêu chủ hùng mạng Nam ngời tuệ lương của dân tộc và,0.4397107183216342,0.41423581133453075,0.37242922772007475,0.37014237810291883
vi-zh-2022-test-0154,0,identity,"Trọn cả cuộc đời, Người đã cống hiến không ngừng, không nghỉ, tất thảy đều hiến dâng cho Tổ quốc, đồng bào, cho sự nghiệp giải phóng dân tộc, giải phóng giai cấp, giải phóng xã hội và giải phóng con người.",1.0,1.0,1.0,1.0
vi-zh-2022-test-0154,1,remove_one_tone,"Tron cả cuộc đời, Người đã cống hiến không ngừng, không nghỉ, tất thảy đều hiến dâng cho Tổ quốc, đồng bào, cho sự nghiệp giải phóng dân tộc, giải phóng giai cấp, giải phóng xã hội và giải phóng con người.",0.9861201103707234,0.9840120463695979,0.9844770861590985,0.9833067942111607
vi-zh-2022-test-0154,2,remove_tones_and_drop_one_word,"Tron ca cuoc đoi, Nguoi đa cong hien khong ngung, khong nghi, tat thay đeu hien dang cho To quoc, đong cho su nghiep giai phong dan toc, giai phong giai cap, giai phong xa hoi va giai phong con nguoi.",0.4173955994752206,0.31522741250137315,0.29400033917795343,0.24822301668399205
vi-zh-2022-test-0154,3,word_dropout_15pct,"Trọn Người đã cống hiến không nghỉ, tất thảy đều hiến dâng cho Tổ quốc, đồng bào, cho sự nghiệp giải phóng dân tộc, phóng giai cấp, giải phóng xã hội và giải phóng con người.",0.8538602978612656,0.8510015511167254,0.841081049983959,0.8421315703408762
vi-zh-2022-test-0154,4,word_dropout_30pct_and_swap,"Trọn cuộc cả đời, Người cống hiến ngừng, không nghỉ, tất thảy đều hiến cho đồng cho sự giải tộc, giải phóng cấp, phóng xã và giải phóng con",0.6115850998882773,0.601587155634151,0.5319365252685984,0.5443505922785576
vi-zh-2022-test-0154,5,word_dropout_50pct_and_punctuation_remove,Trọn cả Người cống hiến hiến cho Tổ đồng cho sự phóng tộc giải phóng cấp phóng xã và con người,0.3833418664410532,0.36178682115127003,0.3002808621889082,0.30487830653910936
vi-zh-2022-test-0155,0,identity,Một vĩ nhân đã đi vào lịch sử và trở thành huyên thoại ngay từ khi Người còn sống”.,1.0,1.0,1.0,1.0
vi-zh-2022-test-0155,1,remove_one_tone,Mot vĩ nhân đã đi vào lịch sử và trở thành huyên thoại ngay từ khi Người còn sống”.,0.9723403220883061,0.9644549515676427,0.9705401782956646,0.9650761863533275
vi-zh-2022-test-0155,2,remove_tones_and_drop_one_word,Mot vi nhan đa đi vao lich su va thanh huyen thoai ngay tu khi Nguoi con song”.,0.39761550980777044,0.2987470923421498,0.27892038503579797,0.23444285030385476
vi-zh-2022-test-0155,3,word_dropout_15pct,Một vĩ nhân đã đi lịch sử và trở thành huyên thoại ngay khi Người còn,0.8067758981188203,0.7958262812098653,0.7693576108913571,0.7704981671750066
vi-zh-2022-test-0155,4,word_dropout_30pct_and_swap,Một đã nhân đi vào sử trở thành huyên thoại ngay Người còn,0.6136587591861902,0.5825269981171066,0.5383542478332232,0.5338271076832155
vi-zh-2022-test-0155,5,word_dropout_50pct_and_punctuation_remove,Một đã lịch sử thành thoại ngay khi còn sống”,0.45705006269123305,0.42680003903285024,0.3716383913584067,0.3702962394528642
vi-zh-2022-test-0156,0,identity,"Vì vậy bên cạnh việc vận động, tiên phong trong các phong trào của địa phương, tôi cố gắng hết sức mình để xây dựng cuộc sống gia đình ngày một tốt hơn, chung tay góp sức xây dựng quê hương ngày thêm khởi sắc”.",1.0,1.0,1.0,1.0
vi-zh-2022-test-0156,1,remove_one_tone,"Vi vậy bên cạnh việc vận động, tiên phong trong các phong trào của địa phương, tôi cố gắng hết sức mình để xây dựng cuộc sống gia đình ngày một tốt hơn, chung tay góp sức xây dựng quê hương ngày thêm khởi sắc”.",0.9893474077229298,0.9860246890488468,0.988770265271821,0.986422511879036
vi-zh-2022-test-0156,2,remove_tones_and_drop_one_word,"Vi vay ben canh viec van đong, tien phong trong cac phong trao cua đia phuong, toi co gang het suc minh xay dung cuoc song gia đinh ngay mot tot hon, chung tay gop suc xay dung que huong ngay them khoi sac”.",0.44039584304667,0.3382109324144211,0.3339291732488622,0.2839071606410896
vi-zh-2022-test-0156,3,word_dropout_15pct,"Vì vậy bên cạnh việc vận động, tiên phong trong các trào của địa phương, cố gắng sức để cuộc sống gia đình ngày một tốt hơn, chung tay góp sức xây dựng quê hương ngày khởi sắc”.",0.8142112612430503,0.8150521655363412,0.7827164426316466,0.7912222016032733
vi-zh-2022-test-0156,4,word_dropout_30pct_and_swap,"vậy cạnh bên việc động, tiên các trào của địa phương, tôi hết sức để dựng cuộc sống gia đình ngày một tốt hơn, tay góp quê hương ngày thêm sắc”.",0.6174697705264421,0.6190580174195283,0.5517074116814752,0.5693436899546013
vi-zh-2022-test-0156,5,word_dropout_50pct_and_punctuation_remove,vậy bên cạnh vận động phong phong của phương tôi cố gắng để xây cuộc một tốt sức dựng quê ngày thêm,0.42479059827851295,0.4025196437548231,0.3410670918083351,0.34529335616811674
vi-zh-2022-test-0157,0,identity,"Tại xã An Phú Tây, huyện Bình Chánh (Thành phố HCM), nhiều năm qua, bà Lê Thị Lập, Chi hội trưởng Chi hội Nông dân ấp 3, đã tích cực tổ chức cho người dân trong thôn làm đường bê tông, nâng cấp lưới điện và hệ thống nước sinh hoạt trong nhiều năm qua.",1.0,1.0,1.0,1.0
vi-zh-2022-test-0157,1,remove_one_tone,"Tai xã An Phú Tây, huyện Bình Chánh (Thành phố HCM), nhiều năm qua, bà Lê Thị Lập, Chi hội trưởng Chi hội Nông dân ấp 3, đã tích cực tổ chức cho người dân trong thôn làm đường bê tông, nâng cấp lưới điện và hệ thống nước sinh hoạt trong nhiều năm qua.",0.9910385219071104,0.9886920065828932,0.9905624544435429,0.988921584816272
vi-zh-2022-test-0157,2,remove_tones_and_drop_one_word,"Tai xa An Phu Tay, huyen Binh Chanh (Thanh pho HCM), nhieu nam qua, ba Le Thi Lap, Chi hoi truong Chi hoi Nong dan ap 3, tich cuc to chuc cho nguoi dan trong thon lam đuong be tong, nang cap luoi đien va he thong nuoc sinh hoat trong nhieu nam qua.",0.4550360325631545,0.3672666237499614,0.34063972567967155,0.30341174844608954
vi-zh-2022-test-0157,3,word_dropout_15pct,"Tại xã An Phú Tây, Bình Chánh (Thành HCM), năm qua, bà Lê Thị Lập, Chi hội trưởng Chi hội Nông dân ấp 3, đã tích tổ chức cho người thôn làm đường bê tông, nâng cấp lưới điện hệ thống nước sinh hoạt trong nhiều qua.",0.8273804032712168,0.8305872341524326,0.7899223939699812,0.8016941701852695
vi-zh-2022-test-0157,4,word_dropout_30pct_and_swap,"Tại An xã Phú huyện Bình Chánh (Thành phố năm qua, bà Lê Thị hội hội Nông dân ấp tích chức cho người trong đường bê tông, nâng cấp lưới và hệ thống sinh trong nhiều năm qua.",0.632352879946606,0.6184916669236153,0.5703734589724997,0.5754720174993259
vi-zh-2022-test-0157,5,word_dropout_50pct_and_punctuation_remove,Tây huyện Bình Chánh (Thành phố HCM) năm qua bà Chi trưởng Chi hội ấp 3 đã tích cực tổ người thôn làm tông điện hệ sinh năm,0.4272792161438079,0.4067093742549974,0.36609226633732594,0.3659607882907959
vi-zh-2022-test-0158,0,identity,"Nét đặc biệt ở Người là sự khiêm tốn, giản dị, chân thành.",1.0,1.0,1.0,1.0
vi-zh-2022-test-0158,1,remove_one_tone,"Net đặc biệt ở Người là sự khiêm tốn, giản dị, chân thành.",0.9604625629398127,0.9521139308487641,0.9575751193892209,0.9520355062085823
vi-zh-2022-test-0158,2,remove_tones_and_drop_one_word,"Net đac biet o Nguoi la khiem ton, gian di, chan thanh.",0.3168591922353436,0.24288664850461814,0.211239461490229,0.18216498637846365
vi-zh-2022-test-0158,3,word_dropout_15pct,Nét đặc biệt ở Người là sự khiêm giản chân thành.,0.7989848286081673,0.770242866550672,0.7487172005260789,0.7397369710746928
vi-zh-2022-test-0158,4,word_dropout_30pct_and_swap,"Nét biệt đặc ở sự tốn, giản dị, thành.",0.5107378963063316,0.5310882809068295,0.41002968472449103,0.45051090268354727
vi-zh-2022-test-0158,5,word_dropout_50pct_and_punctuation_remove,đặc sự khiêm tốn giản chân,0.37687459111525506,0.34856762236285305,0.3014657949719657,0.299064010711572
vi-zh-2022-test-0159,0,identity,"Ngày nay, Việt Nam đã bước sang vận hội mới, phù hợp với xu thế tiến lên của thời đại.",1.0,1.0,1.0,1.0
vi-zh-2022-test-0159,1,remove_one_tone,"Ngay nay, Việt Nam đã bước sang vận hội mới, phù hợp với xu thế tiến lên của thời đại.",0.9654356876021987,0.9621349906807807,0.9609561010025925,0.9596004749614305
vi-zh-2022-test-0159,2,remove_tones_and_drop_one_word,"Ngay nay, Viet Nam đa buoc sang van hoi moi, hop voi xu the tien len cua thoi đai.",0.4047116503954339,0.32862264506182515,0.2966476960568762,0.2665969358888306
vi-zh-2022-test-0159,3,word_dropout_15pct,"Ngày nay, Việt Nam đã bước sang vận hội mới, với xu thế tiến của thời đại.",0.8510786163199066,0.8485951271592613,0.8171991216532792,0.8238070734730895
vi-zh-2022-test-0159,4,word_dropout_30pct_and_swap,"nay, Nam Việt hội mới, hợp với xu thế tiến lên của thời đại.",0.6408399198999598,0.6534077119643701,0.5810424569555727,0.6054320777951712
vi-zh-2022-test-0159,5,word_dropout_50pct_and_punctuation_remove,Ngày Việt Nam đã bước vận mới xu thế thời,0.4256910315219367,0.39992707512943876,0.35583732843349203,0.3539680913081785
vi-zh-2022-test-0160,0,identity,"Bên cạnh ý nghĩa đặc biệt là tuyên bố với thế giới về sự ra đời của một nước Việt Nam độc lập và tự do, Tuyên ngôn độc lập còn mang những giá trị lịch sử và thực tiễn to lớn, thể hiện trí tuệ và tầm nhìn vượt thời đại của Chủ tịch Hồ Chí Minh.",1.0,1.0,1.0,1.0
vi-zh-2022-test-0160,1,remove_one_tone,"Ben cạnh ý nghĩa đặc biệt là tuyên bố với thế giới về sự ra đời của một nước Việt Nam độc lập và tự do, Tuyên ngôn độc lập còn mang những giá trị lịch sử và thực tiễn to lớn, thể hiện trí tuệ và tầm nhìn vượt thời đại của Chủ tịch Hồ Chí Minh.",0.9905035795342857,0.9881590348079209,0.9899959305652044,0.988364434262701
vi-zh-2022-test-0160,2,remove_tones_and_drop_one_word,"Ben canh y nghia đac biet la tuyen bo voi the gioi ve su ra đoi cua mot nuoc Viet Nam đoc lap va tu do, Tuyen ngon đoc con mang nhung gia tri lich su va thuc tien to lon, the hien tri tue va tam nhin vuot thoi đai cua Chu tich Ho Chi Minh.",0.34658780111299575,0.2613037230445243,0.24026161187117318,0.20288010061167103
vi-zh-2022-test-0160,3,word_dropout_15pct,"Bên cạnh ý nghĩa đặc biệt là tuyên bố với giới về ra đời một nước Việt Nam độc lập và do, ngôn độc lập còn mang những giá trị lịch sử và thực tiễn to lớn, hiện trí tuệ và tầm nhìn vượt Chủ tịch Hồ Chí Minh.",0.8158179234711719,0.8162777197249224,0.7778963638986256,0.7877217878528975
vi-zh-2022-test-0160,4,word_dropout_30pct_and_swap,"Bên đặc nghĩa biệt là tuyên bố thế giới về ra đời của một Việt độc lập và Tuyên ngôn độc mang những giá lịch sử và thực to lớn, tuệ tầm nhìn vượt thời đại của Chủ tịch Hồ Minh.",0.6584620070680522,0.646596630005288,0.5856897677741935,0.5949837086728562
vi-zh-2022-test-0160,5,word_dropout_50pct_and_punctuation_remove,cạnh nghĩa đặc biệt bố với thế giới về ra một Nam lập và tự do lập mang những trị sử thực thể hiện trí tầm tịch Hồ Chí,0.43044724177681304,0.4190230044138239,0.36396345958255905,0.3720155438117259
vi-zh-2022-test-0161,0,identity,"Mở đầu Tuyên ngôn độc lập, Chủ tịch Hồ Chí Minh khẳng định: ""Tất cả mọi người đều sinh ra có quyền bình đẳng.",1.0,1.0,1.0,1.0
vi-zh-2022-test-0161,1,remove_one_tone,"Mo đầu Tuyên ngôn độc lập, Chủ tịch Hồ Chí Minh khẳng định: ""Tất cả mọi người đều sinh ra có quyền bình đẳng.",0.9792341929767144,0.9740309081925891,0.9779758616632876,0.9743879809035506
vi-zh-2022-test-0161,2,remove_tones_and_drop_one_word,"Mo đau Tuyen ngon đoc lap, Chu tich Ho Chi Minh khang ""Tat ca moi nguoi đeu sinh ra co quyen binh đang.",0.3802946246842517,0.29602840374735245,0.2742087842884294,0.23753056351130192
vi-zh-2022-test-0161,3,word_dropout_15pct,"Mở Tuyên ngôn độc lập, tịch Hồ Chí Minh khẳng định: ""Tất mọi người đều sinh ra có quyền bình",0.8205878041260388,0.8108578551640956,0.7899528228897811,0.7903136246157263
vi-zh-2022-test-0161,4,word_dropout_30pct_and_swap,"Mở Tuyên đầu độc lập, tịch Hồ Minh khẳng người đều sinh ra có quyền bình đẳng.",0.6512388062080791,0.6344567258767309,0.5840329737810017,0.588245633825501
vi-zh-2022-test-0161,5,word_dropout_50pct_and_punctuation_remove,"đầu Chủ Hồ Minh khẳng ""Tất cả người đều sinh ra đẳng",0.40591314029866843,0.3989518033685556,0.3418401141977034,0.3526351877427405
vi-zh-2022-test-0162,0,identity,"tạo hóa cho họ những quyền không ai có thể xâm phạm được; trong những quyền ấy, có quyền được sống, quyền tự do và quyền mưu cầu hạnh phúc. Lời bất hủ ấy ở trong bản Tuyên ngôn độc lập 4/7/1776 của nước Mỹ.",1.0,1.0,1.0,1.0
vi-zh-2022-test-0162,1,remove_one_tone,"tao hóa cho họ những quyền không ai có thể xâm phạm được; trong những quyền ấy, có quyền được sống, quyền tự do và quyền mưu cầu hạnh phúc. Lời bất hủ ấy ở trong bản Tuyên ngôn độc lập 4/7/1776 của nước Mỹ.",0.9890815459732949,0.9859863367713122,0.988488183756982,0.9863151174095733
vi-zh-2022-test-0162,2,remove_tones_and_drop_one_word,"tao hoa cho ho nhung quyen khong ai co the xam pham đuoc; trong nhung quyen ay, co quyen đuoc song, quyen do va quyen muu cau hanh phuc. Loi bat hu ay o trong ban Tuyen ngon đoc lap 4/7/1776 cua nuoc My.",0.4279635744502379,0.3255386079262439,0.3171092219912248,0.2680040865870805
vi-zh-2022-test-0162,3,word_dropout_15pct,"hóa cho họ những quyền không ai thể xâm phạm được; những quyền ấy, có quyền được sống, quyền tự do và cầu hạnh phúc. Lời bất hủ ấy ở trong ngôn độc lập 4/7/1776 của nước Mỹ.",0.8320598149955098,0.8352379846846776,0.8052935177821219,0.8143713716329706
vi-zh-2022-test-0162,4,word_dropout_30pct_and_swap,"họ không những ai có thể phạm được; ấy, có được quyền tự và quyền mưu hạnh phúc. Lời hủ ấy ở bản Tuyên ngôn độc lập 4/7/1776 của nước Mỹ.",0.6182051955065254,0.6196431557547535,0.5508950324928851,0.5688092490682977
vi-zh-2022-test-0162,5,word_dropout_50pct_and_punctuation_remove,hóa cho những quyền không thể xâm phạm trong những quyền quyền sống do mưu cầu ở trong bản ngôn 4/7/1776 của,0.4908256762034894,0.4524072933000085,0.424259837296391,0.4120959572823214
vi-zh-2022-test-0163,0,identity,"Chủ tịch Hồ Chí Minh trích dẫn nội dung về quyền con người trong Tuyên ngôn độc lập của cường quốc số một thế giới là Mỹ, để làm căn cứ cho lập luận của mình, phát triển thành quan điểm về quyền dân tộc.",1.0,1.0,1.0,1.0
vi-zh-2022-test-0163,1,remove_one_tone,"Chu tịch Hồ Chí Minh trích dẫn nội dung về quyền con người trong Tuyên ngôn độc lập của cường quốc số một thế giới là Mỹ, để làm căn cứ cho lập luận của mình, phát triển thành quan điểm về quyền dân tộc.",0.9856783536225631,0.983433914235373,0.9839796760500092,0.9827210159027553
vi-zh-2022-test-0163,2,remove_tones_and_drop_one_word,"Chu tich Ho Chi Minh trich dan noi dung ve quyen con nguoi trong Tuyen ngon đoc lap cua cuong quoc so the gioi la My, đe lam can cu cho lap luan cua minh, phat trien thanh quan điem ve quyen dan toc.",0.4111365566052475,0.3054718068443161,0.3022270370566976,0.25020585422757574
vi-zh-2022-test-0163,3,word_dropout_15pct,"Chủ Hồ Chí Minh trích dẫn nội dung về con người Tuyên độc lập của cường số một thế giới là Mỹ, để làm căn cứ lập luận của phát triển thành quan điểm về quyền dân tộc.",0.7768508983394391,0.779071017345626,0.7322429346006291,0.7450629676029944
vi-zh-2022-test-0163,4,word_dropout_30pct_and_swap,"Chủ Hồ tịch Chí Minh trích dẫn nội về quyền con trong Tuyên ngôn của cường quốc thế giới Mỹ, để làm luận của mình, phát thành quan điểm về quyền",0.6677932739908138,0.6507839472371644,0.605533480430417,0.608341079591096
vi-zh-2022-test-0163,5,word_dropout_50pct_and_punctuation_remove,Chủ tịch Hồ Minh nội dung quyền trong Tuyên của quốc giới là căn cứ cho của mình thành quan về tộc,0.4262709777244751,0.4057605652364804,0.34449167477307907,0.3495520454431664
vi-zh-2022-test-0164,0,identity,"Đây là điểm nổi bật của bản ""Tuyên ngôn độc lập""",1.0,1.0,1.0,1.0
vi-zh-2022-test-0164,1,remove_one_tone,"Đay là điểm nổi bật của bản ""Tuyên ngôn độc lập""",0.9517329359434623,0.9411125555862401,0.9479170256260041,0.9409057179374518
vi-zh-2022-test-0164,2,remove_tones_and_drop_one_word,"Đay la điem noi bat ban ""Tuyen ngon đoc lap""",0.3058661677526152,0.22995249232607887,0.2089008540496467,0.17620693012704805
vi-zh-2022-test-0164,3,word_dropout_15pct,"Đây là điểm bật của bản ""Tuyên ngôn độc",0.7965048090118192,0.7824649113018076,0.7593603946229929,0.758108897105703
vi-zh-2022-test-0164,4,word_dropout_30pct_and_swap,"Đây điểm là của bản ""Tuyên độc lập""",0.6192255261182912,0.6203692723670764,0.5290961541168856,0.5525003845464987
vi-zh-2022-test-0164,5,word_dropout_50pct_and_punctuation_remove,"Đây điểm nổi của độc lập""",0.4214300261687015,0.4261458725221946,0.33656726204789544,0.36132946130996507
vi-zh-2022-test-0165,0,identity,"Trong những thập niên qua, cục diện khu vực và toàn thế giới có nhiều biến động lớn, diễn ra trên hầu hết các lĩnh vực quốc phòng, an ninh, kinh tế, chính trị, ngoại giao, văn hóa….",1.0,1.0,1.0,1.0
vi-zh-2022-test-0165,1,remove_one_tone,"Trong nhung thập niên qua, cục diện khu vực và toàn thế giới có nhiều biến động lớn, diễn ra trên hầu hết các lĩnh vực quốc phòng, an ninh, kinh tế, chính trị, ngoại giao, văn hóa….",0.9823934966699798,0.9772317353001153,0.9751157055566224,0.9730638323075637
vi-zh-2022-test-0165,2,remove_tones_and_drop_one_word,"Trong nhung thap nien qua, cuc dien khu vuc va toan the gioi co nhieu bien đong lon, dien tren hau het cac linh vuc quoc phong, an ninh, kinh te, chinh tri, ngoai giao, van hoa….",0.47680865242010595,0.3947796511522934,0.3597876996608776,0.32752119305929883
vi-zh-2022-test-0165,3,word_dropout_15pct,"Trong những thập niên qua, cục diện và toàn thế giới có nhiều biến động lớn, diễn ra trên hầu các lĩnh vực quốc phòng, an kinh tế, chính trị, ngoại giao,",0.8415678970302516,0.8342737792978681,0.8176309793878445,0.8181447471568329
vi-zh-2022-test-0165,4,word_dropout_30pct_and_swap,"những niên thập cục diện khu vực và thế có nhiều biến động ra trên hầu hết vực quốc phòng, ninh, kinh chính trị, giao, văn hóa….",0.6517929369783403,0.6409301845203086,0.5768780832296057,0.5874589776063374
vi-zh-2022-test-0165,5,word_dropout_50pct_and_punctuation_remove,thập niên qua cục vực và toàn giới có động ra trên lĩnh vực quốc kinh tế chính văn,0.388572600095089,0.37496314107673423,0.3197437557287652,0.32674120480190605
vi-zh-2022-test-0166,0,identity,Điều này thể hiện tầm nhìn thực tế và tầm nhìn lịch sử rộng lớn của Chủ tịch Hồ Chí Minh,1.0,1.0,1.0,1.0
vi-zh-2022-test-0166,1,remove_one_tone,Đieu này thể hiện tầm nhìn thực tế và tầm nhìn lịch sử rộng lớn của Chủ tịch Hồ Chí Minh,0.9659587449425027,0.9610359886918274,0.9615568220251606,0.9589652355664895
vi-zh-2022-test-0166,2,remove_tones_and_drop_one_word,Đieu nay the hien tam nhin thuc te va tam lich su rong lon cua Chu tich Ho Chi Minh,0.2964484615975151,0.20564531018290777,0.19763230773167678,0.15423398263718086
vi-zh-2022-test-0166,3,word_dropout_15pct,Điều này thể tầm nhìn thực tế và tầm nhìn lịch sử lớn của Chủ Hồ Chí Minh,0.779052616649399,0.7867448473724924,0.7266058563490745,0.7454953272543873
vi-zh-2022-test-0166,4,word_dropout_30pct_and_swap,Điều thể này hiện tầm nhìn và tầm lịch sử lớn của tịch Hồ Chí,0.5594048902808116,0.5612770517911044,0.4543349509109708,0.48201125877703627
vi-zh-2022-test-0166,5,word_dropout_50pct_and_punctuation_remove,Điều tầm thực tế và tầm rộng của Chí Minh,0.4072106077884095,0.39758952435536804,0.3276614199547151,0.3403358760102123
vi-zh-2022-test-0167,0,identity,"Bằng bất cứ giá nào cũng phải giữ cho được độc lập, tự do của đất nước”.",1.0,1.0,1.0,1.0
vi-zh-2022-test-0167,1,remove_one_tone,"Bang bất cứ giá nào cũng phải giữ cho được độc lập, tự do của đất nước”.",0.967751583671395,0.9604698666971093,0.9655548516582553,0.9606427469308261
vi-zh-2022-test-0167,2,remove_tones_and_drop_one_word,"Bang bat cu gia nao cung phai giu đuoc đoc lap, tu do cua đat nuoc”.",0.29642183000668537,0.22421030725133612,0.19761455333779027,0.16815773043850207
vi-zh-2022-test-0167,3,word_dropout_15pct,"Bằng bất cứ nào phải cho được độc lập, tự do của đất nước”.",0.760437397542447,0.7668456775018232,0.7089348817224058,0.7266223010980571
vi-zh-2022-test-0167,4,word_dropout_30pct_and_swap,Bằng cứ bất giá nào phải cho được do của đất nước”.,0.577019774381316,0.5659576967071138,0.4777569620304314,0.4942724475496568
vi-zh-2022-test-0167,5,word_dropout_50pct_and_punctuation_remove,giá nào phải giữ cho độc lập nước”,0.4449153593772916,0.4183306396291507,0.36942596925052834,0.3683434733850624
vi-zh-2022-test-0168,0,identity,"Phản ánh sự thật khách quan, khơi dậy khát vọng và đáp ứng lý tưởng chung của xã hội tiến bộ, đó chính là lý tưởng bao trùm nhất, là nguồn năng lượng vô tận để Tuyên ngôn độc lập 2/9/1945 cho đến hôm nay vẫn còn nguyên sức sống và vẹn nguyên giá trị.",1.0,1.0,1.0,1.0
vi-zh-2022-test-0168,1,remove_one_tone,"Phan ánh sự thật khách quan, khơi dậy khát vọng và đáp ứng lý tưởng chung của xã hội tiến bộ, đó chính là lý tưởng bao trùm nhất, là nguồn năng lượng vô tận để Tuyên ngôn độc lập 2/9/1945 cho đến hôm nay vẫn còn nguyên sức sống và vẹn nguyên giá trị.",0.9884083974876784,0.9865738430163327,0.9870502972779986,0.986013906476909
vi-zh-2022-test-0168,2,remove_tones_and_drop_one_word,"Phan anh su that khach quan, khoi day khat vong va đap ung ly tuong chung cua xa hoi tien bo, đo chinh la ly tuong bao nhat, la nguon nang luong vo tan đe Tuyen ngon đoc lap 2/9/1945 cho đen hom nay van con nguyen suc song va ven nguyen gia tri.",0.40273353326603534,0.3026007671533921,0.3008102086625423,0.25119146686019517
vi-zh-2022-test-0168,3,word_dropout_15pct,"Phản ánh sự thật khách khơi khát vọng và đáp ứng lý tưởng của xã hội tiến bộ, đó chính lý tưởng bao trùm là nguồn năng lượng vô tận để Tuyên ngôn độc lập cho hôm nay vẫn còn nguyên sống và vẹn nguyên giá trị.",0.806905217730131,0.8002599688057856,0.7698292797138662,0.7741145965947753
vi-zh-2022-test-0168,4,word_dropout_30pct_and_swap,"Phản sự ánh thật quan, khơi vọng và lý tưởng chung của xã hội tiến bộ, đó chính là tưởng bao nhất, nguồn vô tận để Tuyên ngôn cho đến hôm nay vẫn còn nguyên sống vẹn giá",0.6200411419769838,0.6163803758672703,0.5541711632150953,0.5678960523164244
vi-zh-2022-test-0168,5,word_dropout_50pct_and_punctuation_remove,ánh sự quan khơi dậy vọng đáp lý chung của hội tiến bộ đó lý trùm nhất là lượng vô tận độc 2/9/1945 cho đến hôm và trị,0.3985347843681782,0.3894715797235151,0.33116595044594804,0.34121224063563493
vi-zh-2022-test-0169,0,identity,"Những điều này đã một lần nữa tô thắm truyền thống nhân ái, thương người như thể thương thân và củng cố thêm tinh thần đại đoàn kết của dân tộc Việt Nam.",1.0,1.0,1.0,1.0
vi-zh-2022-test-0169,1,remove_one_tone,"Nhung điều này đã một lần nữa tô thắm truyền thống nhân ái, thương người như thể thương thân và củng cố thêm tinh thần đại đoàn kết của dân tộc Việt Nam.",0.9811087644190608,0.9777419773998219,0.9788219938449503,0.9768685962240489
vi-zh-2022-test-0169,2,remove_tones_and_drop_one_word,"Nhung đieu nay đa mot lan nua to tham truyen thong nhan ai, thuong nguoi nhu thuong than va cung co them tinh than đai đoan ket cua dan toc Viet Nam.",0.37214212887276654,0.27218285979745094,0.25814247830750847,0.21167293868185
vi-zh-2022-test-0169,3,word_dropout_15pct,"Những điều này lần nữa tô thắm truyền thống ái, thương người thể thương thân và củng thêm tinh thần đại đoàn kết của dân tộc Việt Nam.",0.8522330108629123,0.8415045954853586,0.8158561567090475,0.8169048554586918
vi-zh-2022-test-0169,4,word_dropout_30pct_and_swap,"Những này điều đã lần nữa tô thắm truyền ái, thương người như thương và cố tinh đoàn kết của tộc Việt Nam.",0.6324513792304858,0.6156204680998245,0.552974833178308,0.5602240338307103
vi-zh-2022-test-0169,5,word_dropout_50pct_and_punctuation_remove,Những đã một thắm nhân ái thương người như thương thân thêm kết của dân Việt,0.46664064003758426,0.4352804088750185,0.3907993872103503,0.38623607686284706
vi-zh-2022-test-0170,0,identity,"Trước thực tế nêu trên, trên không gian mạng, nhiều người đã cố tình bôi bẩn bức tranh đẹp ấy bằng những luận điệu xuyên tạc phi nhân tính.",1.0,1.0,1.0,1.0
vi-zh-2022-test-0170,1,remove_one_tone,"Truoc thực tế nêu trên, trên không gian mạng, nhiều người đã cố tình bôi bẩn bức tranh đẹp ấy bằng những luận điệu xuyên tạc phi nhân tính.",0.9702437424914488,0.9695778175749444,0.9676426572231831,0.9677934848528712
vi-zh-2022-test-0170,2,remove_tones_and_drop_one_word,"Truoc thuc te neu tren, tren khong gian mang, nhieu nguoi đa co tinh ban buc tranh đep ay bang nhung luan đieu xuyen tac phi nhan tinh.",0.4293804202179525,0.317700229654323,0.31140544294236405,0.2571390427917154
vi-zh-2022-test-0170,3,word_dropout_15pct,"Trước thực tế nêu trên, không gian mạng, nhiều người đã cố tình bẩn tranh ấy bằng những luận điệu xuyên tạc phi nhân tính.",0.8531807195356202,0.8452939657932204,0.8190030738214049,0.8216321488587209
vi-zh-2022-test-0170,4,word_dropout_30pct_and_swap,"Trước nêu tế trên không gian mạng, đã cố tình bôi bẩn bức đẹp bằng những luận điệu xuyên nhân",0.6162306122744643,0.6035072911614197,0.5587919539896024,0.5636079467402109
vi-zh-2022-test-0170,5,word_dropout_50pct_and_punctuation_remove,tế nêu trên trên không gian mạng nhiều người tình những luận tạc nhân,0.4840257418529344,0.4476069641891199,0.41689725208423556,0.4063613920949116
vi-zh-2022-test-0171,0,identity,"Hơn thế nữa, trước diễn biến phức tạp của dịch COVID-19 tại các tỉnh phía Nam, đặc biệt là tại thành phố Hồ Chí Minh, khi Chính phủ quyết định việc thực hiện giãn cách ở mức độ cao hơn ở các địa phương này, thì một số trang mạng như: RFA, RFI, BBC và hệ thống truyền thông hải ngoại, phản động đã đăng các bài viết phê phán cách thức, biện pháp phòng, chống dịch của Việt Nam, cho rằng đó là “biện pháp sai lầm, phi khoa học”.",1.0,1.0,1.0,1.0
vi-zh-2022-test-0171,1,remove_one_tone,"Hon thế nữa, trước diễn biến phức tạp của dịch COVID-19 tại các tỉnh phía Nam, đặc biệt là tại thành phố Hồ Chí Minh, khi Chính phủ quyết định việc thực hiện giãn cách ở mức độ cao hơn ở các địa phương này, thì một số trang mạng như: RFA, RFI, BBC và hệ thống truyền thông hải ngoại, phản động đã đăng các bài viết phê phán cách thức, biện pháp phòng, chống dịch của Việt Nam, cho rằng đó là “biện pháp sai lầm, phi khoa học”.",0.9947649075779941,0.993289251305419,0.9944988729756544,0.9934586394218081
vi-zh-2022-test-0171,2,remove_tones_and_drop_one_word,"Hon the nua, truoc dien bien phuc tap cua dich COVID-19 tai cac tinh phia Nam, đac biet la tai thanh pho Ho Chi Minh, khi Chinh phu quyet đinh viec thuc hien gian cach o muc đo cao hon o cac đia phuong nay, mot so trang mang nhu: RFA, RFI, BBC va he thong truyen thong hai ngoai, phan đong đa đang cac bai viet phe phan cach thuc, bien phap phong, chong dich cua Viet Nam, cho rang đo la “bien phap sai lam, phi khoa hoc”.",0.4515121803108221,0.3638159783098513,0.33726532487381516,0.300054887200631
vi-zh-2022-test-0171,3,word_dropout_15pct,"Hơn thế nữa, trước diễn biến phức tạp của COVID-19 các tỉnh phía Nam, đặc biệt là tại thành Hồ Chí Minh, khi Chính phủ quyết định thực hiện giãn cách ở mức độ ở các địa phương này, một số trang RFA, RFI, BBC và thống hải ngoại, phản động đã đăng các bài viết phê phán cách thức, biện pháp phòng, chống dịch của Nam, cho đó là “biện pháp sai lầm, phi khoa học”.",0.8244665517717202,0.8248464939696885,0.7904741074831576,0.7992578059364744
vi-zh-2022-test-0171,4,word_dropout_30pct_and_swap,"Hơn trước nữa, phức của dịch COVID-19 tại các Nam, là tại thành phố Chí Minh, khi Chính phủ định việc thực hiện cách mức độ cao ở các địa phương thì số như: RFA, BBC và hệ truyền thông hải ngoại, phản động đăng các bài cách biện pháp phòng, của Việt Nam, cho rằng đó là “biện sai lầm, phi khoa học”.",0.6627127968956995,0.6587274257818546,0.6017749034920812,0.6140210099986867
vi-zh-2022-test-0171,5,word_dropout_50pct_and_punctuation_remove,nữa diễn phức tạp của tại tỉnh đặc biệt là Chí Minh khi Chính định việc thực hiện độ cao địa này thì mạng RFI BBC thống hải ngoại phản đã đăng các bài viết phê biện pháp chống dịch của Việt đó pháp sai lầm,0.43237575107092235,0.4113836147954114,0.36755058024141013,0.3680129261140406
vi-zh-2022-test-0172,0,identity,"Nói về vấn đề tiêm phòng vaccine ngừa COVID-19, các đối tượng thù địch dùng những giọng điệu lạc lõng rêu rao rằng ""chính quyền lừa dối dân trong chiến lược vaccine"".",1.0,1.0,1.0,1.0
vi-zh-2022-test-0172,1,remove_one_tone,"Noi về vấn đề tiêm phòng vaccine ngừa COVID-19, các đối tượng thù địch dùng những giọng điệu lạc lõng rêu rao rằng ""chính quyền lừa dối dân trong chiến lược vaccine"".",0.9868695275804467,0.9815824861740794,0.9861377198941086,0.9823553907609177
vi-zh-2022-test-0172,2,remove_tones_and_drop_one_word,"Noi ve van đe tiem phong vaccine ngua COVID-19, cac đoi tuong thu đich dung nhung đieu lac long reu rao rang ""chinh quyen lua doi dan trong chien luoc vaccine"".",0.5022516233699251,0.3830110469074697,0.3978636427492907,0.33453022760205287
vi-zh-2022-test-0172,3,word_dropout_15pct,"Nói về vấn đề tiêm phòng vaccine ngừa COVID-19, các đối thù địch dùng giọng điệu lạc lõng rêu rằng ""chính quyền dân trong chiến lược vaccine"".",0.857537321374962,0.8450134649377471,0.8281814251200285,0.8261274019706848
vi-zh-2022-test-0172,4,word_dropout_30pct_and_swap,"về phòng đề vaccine ngừa các đối tượng dùng những giọng điệu lạc lõng rêu rao rằng quyền lừa dối trong vaccine"".",0.636955551967238,0.6160761121656867,0.582093384970886,0.5801480489828922
vi-zh-2022-test-0172,5,word_dropout_50pct_and_punctuation_remove,"về đề tiêm các đối địch dùng những giọng lõng rao rằng ""chính quyền trong chiến",0.462626758225917,0.4534844983678577,0.41443601109996275,0.41963022117989207
vi-zh-2022-test-0173,0,identity,"Đập tan mọi luận điệu xuyên tạc công cuộc phòng, chống dịch COVID-19",1.0,1.0,1.0,1.0
vi-zh-2022-test-0173,1,remove_one_tone,"Đap tan mọi luận điệu xuyên tạc công cuộc phòng, chống dịch COVID-19",0.967751583671395,0.9537757810556552,0.9655548516582553,0.9556221826997354
vi-zh-2022-test-0173,2,remove_tones_and_drop_one_word,"Đap tan moi luan đieu xuyen cong cuoc phong, chong dich COVID-19",0.5015258069610496,0.37058404476383716,0.3768253491921481,0.3097940985939591
vi-zh-2022-test-0173,3,word_dropout_15pct,"Đập tan mọi điệu xuyên tạc cuộc phòng, chống dịch COVID-19",0.8356507396421676,0.8232085638983611,0.794167413562134,0.7952066481702027
vi-zh-2022-test-0173,4,word_dropout_30pct_and_swap,"Đập tạc xuyên công cuộc phòng, chống dịch COVID-19",0.7094355798296865,0.6812450109234373,0.6577190312843386,0.6494998841040405
vi-zh-2022-test-0173,5,word_dropout_50pct_and_punctuation_remove,luận điệu tạc công dịch COVID-19,0.4867459278582727,0.44916488948358724,0.43748549843006423,0.42159357846196016
vi-zh-2022-test-0174,0,identity,"Việc tiếp tục triển khai thông điệp 5K, áp dụng giãn cách xã hội nghiêm ngặt cùng với nỗ lực tiêm phòng vaccine cho toàn dân hiện vẫn là giải pháp chủ đạo để ngăn chặn sự lây lan bệnh ở mọi quốc gia trên thế giới.",1.0,1.0,1.0,1.0
vi-zh-2022-test-0174,1,remove_one_tone,"Viec tiếp tục triển khai thông điệp 5K, áp dụng giãn cách xã hội nghiêm ngặt cùng với nỗ lực tiêm phòng vaccine cho toàn dân hiện vẫn là giải pháp chủ đạo để ngăn chặn sự lây lan bệnh ở mọi quốc gia trên thế giới.",0.9863723205420432,0.9840412975949223,0.9847609759456989,0.9834155448844445
vi-zh-2022-test-0174,2,remove_tones_and_drop_one_word,"Viec tiep tuc trien khai thong điep 5K, ap dung gian cach xa hoi nghiem ngat cung voi no luc tiem phong vaccine toan dan hien van la giai phap chu đao đe ngan chan su lay lan benh o moi quoc gia tren the gioi.",0.4062383926364509,0.29821947302603613,0.29036928449997207,0.23832237154953315
vi-zh-2022-test-0174,3,word_dropout_15pct,Việc tiếp tục triển khai thông điệp áp dụng giãn cách xã hội nghiêm ngặt cùng với nỗ lực phòng vaccine cho vẫn là pháp chủ đạo để ngăn chặn sự lây lan bệnh ở mọi quốc gia trên giới.,0.8284096526365203,0.8221618425071953,0.7956419217537294,0.7991478834978011
vi-zh-2022-test-0174,4,word_dropout_30pct_and_swap,Việc tục tiếp điệp dụng giãn xã hội nghiêm ngặt cùng với nỗ tiêm phòng vaccine cho toàn dân hiện vẫn là giải pháp chủ để chặn sự lan bệnh mọi quốc thế,0.6722926721599856,0.6464487650250603,0.6118889995551978,0.6076068735448232
vi-zh-2022-test-0174,5,word_dropout_50pct_and_punctuation_remove,tục khai thông 5K cách hội nghiêm ngặt cùng với phòng vaccine toàn dân vẫn là chủ chặn lan mọi quốc gia trên giới,0.4806803235902105,0.45408790687981126,0.4133410779351865,0.410230784904259
vi-zh-2022-test-0175,0,identity,"Không khó để nhận thấy những luận điệu xuyên tạc, sai trái của các thế lực thù địch nhằm phủ nhận kết quả phòng chống dịch của Việt Nam.",1.0,1.0,1.0,1.0
vi-zh-2022-test-0175,1,remove_one_tone,"Khong khó để nhận thấy những luận điệu xuyên tạc, sai trái của các thế lực thù địch nhằm phủ nhận kết quả phòng chống dịch của Việt Nam.",0.9787939591479531,0.9749307397903919,0.9762005781922376,0.9739515089129955
vi-zh-2022-test-0175,2,remove_tones_and_drop_one_word,"Khong kho đe nhan thay nhung luan đieu xuyen tac, sai trai cua cac luc thu đich nham phu nhan ket qua phong chong dich cua Viet Nam.",0.39410556546015263,0.29556785363432353,0.2724397066504766,0.22895288665518565
vi-zh-2022-test-0175,3,word_dropout_15pct,"Không để nhận thấy những luận điệu xuyên tạc, sai trái của các thế lực thù nhằm phủ kết phòng chống dịch của Việt Nam.",0.8336529120596807,0.830346257210543,0.7973840423567509,0.8039713374571943
vi-zh-2022-test-0175,4,word_dropout_30pct_and_swap,khó nhận để thấy luận điệu xuyên sai trái các thế lực địch nhằm quả phòng chống dịch của Nam.,0.6007005425992857,0.5866362243715064,0.522799791919598,0.5317260367947896
vi-zh-2022-test-0175,5,word_dropout_50pct_and_punctuation_remove,Không khó để nhận điệu tạc thế lực nhằm phủ quả chống dịch của,0.4268951758896774,0.4130020379218837,0.3699819868701105,0.37379053853209776
vi-zh-2022-test-0176,0,identity,"Sức mạnh đoàn kết, quyết tâm của toàn Đảng, toàn dân, toàn quân Việt Nam sẽ tiếp tục là vũ khí hiệu quả để Việt Nam thắng trong trận chiến phòng chống COVID-19 này.",1.0,1.0,1.0,1.0
vi-zh-2022-test-0176,1,remove_one_tone,"Suc mạnh đoàn kết, quyết tâm của toàn Đảng, toàn dân, toàn quân Việt Nam sẽ tiếp tục là vũ khí hiệu quả để Việt Nam thắng trong trận chiến phòng chống COVID-19 này.",0.9864632302150333,0.982085017393237,0.9857053122485091,0.982611132123793
vi-zh-2022-test-0176,2,remove_tones_and_drop_one_word,"Suc manh đoan ket, quyet tam cua toan Đang, toan dan, toan quan Viet Nam se tiep la vu khi hieu qua đe Viet Nam thang trong tran chien phong chong COVID-19 nay.",0.45593462812901286,0.3392298423130157,0.3409919157479355,0.282199003241792
vi-zh-2022-test-0176,3,word_dropout_15pct,"Sức mạnh đoàn kết, quyết tâm của toàn Đảng, dân, toàn quân Nam sẽ tục là vũ khí quả Việt Nam thắng trong trận chiến phòng chống COVID-19 này.",0.8316256996643652,0.8280671292957942,0.7944264492331314,0.8010578092259056
vi-zh-2022-test-0176,4,word_dropout_30pct_and_swap,"Sức đoàn mạnh kết, tâm của toàn Đảng, toàn dân, quân Việt Nam sẽ là khí quả để Việt Nam trong trận chống COVID-19",0.6298893364226379,0.6222737556826101,0.5621943967379756,0.5734106530818276
vi-zh-2022-test-0176,5,word_dropout_50pct_and_punctuation_remove,Sức kết của dân quân tiếp tục vũ khí hiệu quả Việt thắng trong trận chống này,0.4038564027809842,0.3835647845373124,0.33587723607810227,0.3376513332634998
vi-zh-2022-test-0177,0,identity,Tư lệnh Bộ Chỉ huy Trung tâm Hoa Kỳ Kenneth McKenzie đã ra một tuyên bố cho biết chiếc máy bay vận tải quân sự C-17 cuối cùng được rút khỏi Kabul đã khởi hành từ Kabul lúc 15:29 Giờ miền Đông Hoa Kỳ vào ngày 30 (23:59 giờ địa phương Afghanistan vào ngày 30) ra sân bay quốc tế.,1.0,1.0,1.0,1.0
vi-zh-2022-test-0177,1,remove_one_tone,Tu lệnh Bộ Chỉ huy Trung tâm Hoa Kỳ Kenneth McKenzie đã ra một tuyên bố cho biết chiếc máy bay vận tải quân sự C-17 cuối cùng được rút khỏi Kabul đã khởi hành từ Kabul lúc 15:29 Giờ miền Đông Hoa Kỳ vào ngày 30 (23:59 giờ địa phương Afghanistan vào ngày 30) ra sân bay quốc tế.,0.9919086673335729,0.9892721035338687,0.991483200596711,0.9896121444311483
vi-zh-2022-test-0177,2,remove_tones_and_drop_one_word,Tu lenh Bo Chi huy Trung tam Hoa Ky Kenneth McKenzie đa ra mot tuyen bo cho biet chiec may bay van tai quan su C-17 cuoi cung đuoc rut Kabul đa khoi hanh tu Kabul luc 15:29 Gio mien Đong Hoa Ky vao ngay 30 (23:59 gio đia phuong Afghanistan vao ngay 30) ra san bay quoc te.,0.5403490951313928,0.43480043599236806,0.43386351689011204,0.3813234204509154
vi-zh-2022-test-0177,3,word_dropout_15pct,Tư lệnh Bộ huy tâm Hoa Kỳ Kenneth McKenzie đã ra một tuyên bố cho biết chiếc máy vận quân sự C-17 cuối cùng được khỏi Kabul đã khởi hành từ Giờ miền Đông Hoa Kỳ ngày 30 (23:59 giờ địa phương Afghanistan vào ngày 30) ra sân bay quốc tế.,0.8275802209698491,0.8261349274666984,0.7965948713927292,0.8032578198318281
vi-zh-2022-test-0177,4,word_dropout_30pct_and_swap,Tư Bộ lệnh Chỉ huy Trung tâm Hoa Kỳ đã ra một cho biết chiếc bay vận tải quân sự C-17 cuối cùng được rút đã hành từ 15:29 Giờ miền Hoa Kỳ vào ngày giờ địa ngày 30) ra quốc tế.,0.5704611744054333,0.5903593286534321,0.514163397356244,0.5431885767176029
vi-zh-2022-test-0177,5,word_dropout_50pct_and_punctuation_remove,lệnh huy tâm Kỳ McKenzie ra tuyên bố cho chiếc bay tải quân sự C-17 cuối cùng rút khởi hành miền Hoa ngày giờ phương vào 30) bay quốc tế,0.40597978347094055,0.3949114623071576,0.3333653959884184,0.34321797253783204
vi-zh-2022-test-0178,0,identity,"Tổng cộng có khoảng 123000 người Mỹ, người Afghanistan và công dân nước thứ 3 đã được đưa ra khỏi Afghanistan từ sân bay quốc tế Kabul, trở thành chiến dịch sơ tán qua đường hàng không lớn nhất mà Mỹ thực hiện trong nhiều thập niên qua.",1.0,1.0,1.0,1.0
vi-zh-2022-test-0178,1,remove_one_tone,"Tong cộng có khoảng 123000 người Mỹ, người Afghanistan và công dân nước thứ 3 đã được đưa ra khỏi Afghanistan từ sân bay quốc tế Kabul, trở thành chiến dịch sơ tán qua đường hàng không lớn nhất mà Mỹ thực hiện trong nhiều thập niên qua.",0.9906557053747089,0.9871691630602633,0.9901570742451056,0.9876668252916723
vi-zh-2022-test-0178,2,remove_tones_and_drop_one_word,"Tong cong co khoang 123000 nguoi My, nguoi Afghanistan va cong dan nuoc thu 3 đa đuoc đua ra khoi Afghanistan tu san bay te Kabul, tro thanh chien dich so tan qua đuong hang khong lon nhat ma My thuc hien trong nhieu thap nien qua.",0.49163981960877945,0.3771042575768328,0.3867110558421258,0.32704157659913735
vi-zh-2022-test-0178,3,word_dropout_15pct,"Tổng cộng có người Mỹ, người Afghanistan công dân nước thứ 3 được đưa ra khỏi từ sân bay quốc tế Kabul, thành chiến dịch sơ tán qua đường hàng không lớn nhất mà Mỹ thực hiện trong nhiều niên qua.",0.8077550354257689,0.8133063552431185,0.7739025603141674,0.7865372464996974
vi-zh-2022-test-0178,4,word_dropout_30pct_and_swap,"cộng 123000 khoảng người Mỹ, Afghanistan và công dân nước thứ 3 đã được Afghanistan từ sân quốc tế Kabul, trở thành chiến sơ tán qua đường không nhất thực trong thập niên qua.",0.7070543909708655,0.6840792949535591,0.6407713236666348,0.6401107984531715
vi-zh-2022-test-0178,5,word_dropout_50pct_and_punctuation_remove,Tổng cộng khoảng Afghanistan và dân nước thứ 3 đã được đưa sân bay chiến sơ tán đường nhất mà nhiều thập niên qua,0.46174792068980053,0.4478710975703063,0.39887916695494513,0.4041881747845124
vi-zh-2022-test-0179,0,identity,"Trước khi hoàn tất việc rút quân, quân đội Mỹ đã buộc phải phá hủy, vô hiệu hóa hoặc bỏ lại nhiều trang thiết bị quân sự và vũ khí.",1.0,1.0,1.0,1.0
vi-zh-2022-test-0179,1,remove_one_tone,"Truoc khi hoàn tất việc rút quân, quân đội Mỹ đã buộc phải phá hủy, vô hiệu hóa hoặc bỏ lại nhiều trang thiết bị quân sự và vũ khí.",0.9675712865404187,0.968122019309774,0.9647052843715,0.9658348344907464
vi-zh-2022-test-0179,2,remove_tones_and_drop_one_word,"Truoc khi hoan tat viec rut quan, quan đoi My đa buoc phai pha huy, hieu hoa hoac bo lai nhieu trang thiet bi quan su va vu khi.",0.3621154730703083,0.26681724370733373,0.26199050805943147,0.2155480762237814
vi-zh-2022-test-0179,3,word_dropout_15pct,"Trước khi hoàn tất việc rút quân, quân đội Mỹ đã buộc phải phá hủy, hiệu hóa bỏ lại nhiều trang thiết quân và vũ khí.",0.8573344450117566,0.8498846651235503,0.8158548598114149,0.8206377807682579
vi-zh-2022-test-0179,4,word_dropout_30pct_and_swap,"Trước việc tất rút quân, quân đội đã buộc hủy, hóa hoặc bỏ nhiều trang thiết bị quân sự vũ khí.",0.6534629959834176,0.6466316320014716,0.5731207290074799,0.5880821107986086
vi-zh-2022-test-0179,5,word_dropout_50pct_and_punctuation_remove,khi rút đã buộc phải hủy vô hóa hoặc bỏ lại quân sự và vũ,0.37666372545945265,0.3831427730436731,0.323044879624662,0.34132238826877986
vi-zh-2022-test-0180,0,identity,"Cùng với đó, Ngoại trưởng Mỹ yêu cầu Taliban bảo đảm cam kết duy trì tự do đi lại, bảo đảm quyền cho phụ nữ và các dân tộc thiểu số, cũng như ngăn Afghanistan trở thành căn cứ khủng bố.",1.0,1.0,1.0,1.0
vi-zh-2022-test-0180,1,remove_one_tone,"Cung với đó, Ngoại trưởng Mỹ yêu cầu Taliban bảo đảm cam kết duy trì tự do đi lại, bảo đảm quyền cho phụ nữ và các dân tộc thiểu số, cũng như ngăn Afghanistan trở thành căn cứ khủng bố.",0.9877860095896764,0.9843657572348685,0.9871123211516452,0.9847155539950472
vi-zh-2022-test-0180,2,remove_tones_and_drop_one_word,"Cung voi đo, Ngoai truong My yeu cau Taliban bao đam cam ket duy tri tu do đi lai, bao quyen cho phu nu va cac dan toc thieu so, cung nhu ngan Afghanistan tro thanh can cu khung bo.",0.4480464441698064,0.3434254368196647,0.3415604088653618,0.2897161614734767
vi-zh-2022-test-0180,3,word_dropout_15pct,"Cùng với đó, Ngoại trưởng Mỹ yêu cầu Taliban bảo đảm cam kết duy trì tự do đi quyền cho phụ nữ và dân thiểu số, cũng như Afghanistan trở thành căn cứ khủng bố.",0.8474228802178978,0.8393284867519744,0.8189026820496949,0.819961948826124
vi-zh-2022-test-0180,4,word_dropout_30pct_and_swap,"Cùng đó, với Ngoại Mỹ yêu Taliban đảm cam do đi bảo quyền cho phụ nữ và các dân thiểu số, cũng ngăn Afghanistan trở căn cứ khủng bố.",0.6403857138096734,0.629201271371111,0.5629431744730011,0.5739151030089069
vi-zh-2022-test-0180,5,word_dropout_50pct_and_punctuation_remove,Cùng đó Mỹ yêu cầu tự đi quyền cho phụ và các tộc ngăn Afghanistan trở thành căn cứ bố,0.41569612271889794,0.40321262509492667,0.3678548325773734,0.3704502415737349
vi-zh-2022-test-0181,0,identity,"Ngày 29/08, Thủ tướng Chính phủ Việt Nam kiêm Trưởng ban Chỉ đạo quốc gia phòng, chống dịch COVID-19 Phạm Minh Chính chủ trì Hội nghị trực tuyến với 20 tỉnh, thành phố trực thuộc trực ung ương, 209 quận huyện, thị xã và 1060 xã phường, thị trấn về công tác phòng, chống dịch.",1.0,1.0,1.0,1.0
vi-zh-2022-test-0181,1,remove_one_tone,"Ngay 29/08, Thủ tướng Chính phủ Việt Nam kiêm Trưởng ban Chỉ đạo quốc gia phòng, chống dịch COVID-19 Phạm Minh Chính chủ trì Hội nghị trực tuyến với 20 tỉnh, thành phố trực thuộc trực ung ương, 209 quận huyện, thị xã và 1060 xã phường, thị trấn về công tác phòng, chống dịch.",0.989731026501092,0.9878203429788813,0.9885350553871419,0.9874010355239716
vi-zh-2022-test-0181,2,remove_tones_and_drop_one_word,"Ngay 29/08, Thu tuong Chinh phu Viet Nam kiem Truong ban Chi đao quoc gia phong, chong dich COVID-19 Pham Minh Chinh chu tri Hoi nghi truc voi 20 tinh, thanh pho truc thuoc truc ung uong, 209 quan huyen, thi xa va 1060 xa phuong, thi tran ve cong tac phong, chong dich.",0.4909986711961612,0.38049724217151865,0.36752768219548165,0.3155193647403475
vi-zh-2022-test-0181,3,word_dropout_15pct,"Ngày 29/08, Thủ tướng Chính phủ Việt Nam kiêm ban Chỉ đạo quốc gia chống dịch Phạm Minh Chính chủ trì Hội trực tuyến với 20 tỉnh, trực thuộc trực ung ương, 209 huyện, thị và 1060 xã phường, thị trấn về công tác phòng, chống dịch.",0.810332133682091,0.8146648484715725,0.7763653587390753,0.7881105713827181
vi-zh-2022-test-0181,4,word_dropout_30pct_and_swap,"Ngày Thủ 29/08, tướng Chính phủ Việt Nam Trưởng Chỉ gia phòng, dịch COVID-19 chủ trì nghị trực với 20 thành trực ung ương, 209 quận huyện, thị và xã phường, thị trấn về công tác phòng, dịch.",0.6358021023368726,0.6329110399116458,0.5700584927926204,0.5843288290696055
vi-zh-2022-test-0181,5,word_dropout_50pct_and_punctuation_remove,Thủ Chính phủ kiêm Trưởng đạo gia phòng Phạm trì nghị trực tuyến 20 trực ung ương 209 huyện xã 1060 xã thị trấn về công tác chống,0.403190907395512,0.38850231222776743,0.3405627548667331,0.34520229765366134
vi-zh-2022-test-0182,0,identity,"Hội nghị đã cho thấy sự đồng lòng, quyết tâm sớm đạt mục tiêu kiềm chế dịch bệnh của Việt Nam.",1.0,1.0,1.0,1.0
vi-zh-2022-test-0182,1,remove_one_tone,"Hoi nghị đã cho thấy sự đồng lòng, quyết tâm sớm đạt mục tiêu kiềm chế dịch bệnh của Việt Nam.",0.9757856085875573,0.9690349380043531,0.9742642497554038,0.9695815865260391
vi-zh-2022-test-0182,2,remove_tones_and_drop_one_word,"Hoi nghi đa cho thay su đong long, quyet tam đat muc tieu kiem che dich benh cua Viet Nam.",0.39285674685507066,0.2987895731656129,0.2739473006680767,0.23312428011154773
vi-zh-2022-test-0182,3,word_dropout_15pct,"Hội nghị đã cho thấy đồng lòng, quyết đạt mục tiêu kiềm chế dịch bệnh của Việt Nam.",0.8668888529754759,0.8591537466382981,0.8356184145111087,0.8376343402323216
vi-zh-2022-test-0182,4,word_dropout_30pct_and_swap,"nghị thấy đã đồng lòng, tâm sớm mục tiêu kiềm chế dịch của Việt Nam.",0.6481053288133523,0.6421729338907923,0.5694092224870894,0.5846361077824191
vi-zh-2022-test-0182,5,word_dropout_50pct_and_punctuation_remove,cho thấy lòng quyết tâm sớm tiêu dịch bệnh Nam,0.4284740614727809,0.4018741427471965,0.3526976688772546,0.3516827742801393
vi-zh-2022-test-0183,0,identity,"Hội nghị trực tuyến với 20 tỉnh, thành phố trực thuộc trực ung ương, 209 quận huyện, thị xã và 1.060 xã phường, thị trấn về công tác phòng, chống dịch diễn ra sau chuyến đi thị sát, kiểm tra, chỉ đạo công tác phòng chống dịch COVID – 19 của Thủ tướng Phạm Minh Chính tại một số tỉnh, thành phía Nam.",1.0,1.0,1.0,1.0
vi-zh-2022-test-0183,1,remove_one_tone,"Hoi nghị trực tuyến với 20 tỉnh, thành phố trực thuộc trực ung ương, 209 quận huyện, thị xã và 1.060 xã phường, thị trấn về công tác phòng, chống dịch diễn ra sau chuyến đi thị sát, kiểm tra, chỉ đạo công tác phòng chống dịch COVID – 19 của Thủ tướng Phạm Minh Chính tại một số tỉnh, thành phía Nam.",0.992562091900308,0.990379161945015,0.9921739978264893,0.9906338238784739
vi-zh-2022-test-0183,2,remove_tones_and_drop_one_word,"Hoi nghi truc tuyen voi 20 tinh, thanh pho truc thuoc truc ung uong, 209 quan huyen, thi xa va 1.060 xa phuong, thi tran ve cong tac phong, chong dich ra sau chuyen đi thi sat, kiem tra, chi đao cong tac phong chong dich COVID – 19 cua Thu tuong Pham Minh Chinh tai mot so tinh, thanh phia Nam.",0.4826361247029596,0.3869495720218856,0.35626635639315213,0.31609388593028453
vi-zh-2022-test-0183,3,word_dropout_15pct,"nghị trực với 20 tỉnh, thành phố trực thuộc ung ương, 209 huyện, xã và 1.060 xã thị trấn về công tác phòng, chống dịch diễn ra sau thị sát, kiểm tra, chỉ đạo công tác phòng chống dịch COVID – 19 của Thủ tướng Phạm Minh Chính tại một số tỉnh, thành Nam.",0.8236608214778895,0.8271781753464369,0.7929091097184081,0.8032373892622158
vi-zh-2022-test-0183,4,word_dropout_30pct_and_swap,"Hội trực nghị tuyến với thành phố thuộc trực ương, 209 quận huyện, thị xã và 1.060 xã phường, về tác diễn ra sau chuyến đi kiểm tra, chỉ đạo công tác phòng chống dịch COVID 19 của Thủ tướng một số tỉnh, thành",0.667957631590593,0.6568434499135286,0.6202869779369192,0.6238686348004968
vi-zh-2022-test-0183,5,word_dropout_50pct_and_punctuation_remove,Hội nghị phố thuộc trực ung huyện và 1060 phường trấn công tác phòng dịch diễn ra chuyến tra chỉ công tác chống dịch COVID 19 của tướng Minh tại thành Nam,0.44846624072350794,0.4089965790821143,0.36651101410576004,0.3574009005504064
vi-zh-2022-test-0184,0,identity,"Các bác sĩ, y tá Đà Nẵng đã lên đường đến TP.HCM để hỗ trợ công tác phòng chống dịch, kể từ khi đợt dịch thứ 4 bùng phát vào ngày 27/4, Việt Nam đã có thêm gần 420.000 trường hợp được xác nhận, trong đó 50% đã được chữa khỏi và xuất viện. , nhưng cũng có 10.000.370 bệnh nhân tử vong.",1.0,1.0,1.0,1.0
vi-zh-2022-test-0184,1,remove_one_tone,"Cac bác sĩ, y tá Đà Nẵng đã lên đường đến TP.HCM để hỗ trợ công tác phòng chống dịch, kể từ khi đợt dịch thứ 4 bùng phát vào ngày 27/4, Việt Nam đã có thêm gần 420.000 trường hợp được xác nhận, trong đó 50% đã được chữa khỏi và xuất viện. , nhưng cũng có 10.000.370 bệnh nhân tử vong.",0.9920555981394016,0.9899073207747839,0.991638581794875,0.9901316278575433
vi-zh-2022-test-0184,2,remove_tones_and_drop_one_word,"Cac bac si, y ta Đa Nang đa len đuong đen TP.HCM đe ho tro cong tac phong chong dich, ke tu khi đot dich thu 4 bung phat vao ngay Viet Nam đa co them gan 420.000 truong hop đuoc xac nhan, trong đo 50% đa đuoc chua khoi va xuat vien. , nhung cung co 10.000.370 benh nhan tu vong.",0.4260420030724579,0.33688480147978067,0.3155784663440431,0.2763264501335314
vi-zh-2022-test-0184,3,word_dropout_15pct,"Các bác sĩ, y tá Đà Nẵng đã lên đường đến TP.HCM hỗ trợ công tác phòng chống dịch, kể từ khi thứ 4 bùng ngày 27/4, Việt Nam đã có gần 420.000 trường hợp được xác nhận, trong đó 50% đã chữa khỏi và xuất , cũng có 10.000.370 bệnh nhân tử vong.",0.8269170023221926,0.8276940442243419,0.7972717907348071,0.8052666476869328
vi-zh-2022-test-0184,4,word_dropout_30pct_and_swap,"Các sĩ, bác đã lên đường đến TP.HCM để công tác dịch, kể khi dịch 4 bùng phát vào ngày 27/4, Việt Nam đã gần 420.000 trường hợp được xác nhận, đó 50% đã được chữa khỏi xuất , cũng có nhân tử vong.",0.6406469045646935,0.6431280841446031,0.5849934047099588,0.6007713248792154
vi-zh-2022-test-0184,5,word_dropout_50pct_and_punctuation_remove,bác đã lên đến hỗ trợ phòng chống dịch kể khi dịch 4 vào Nam đã thêm trường được nhận 50% được chữa xuất viện  nhưng cũng có bệnh tử vong,0.4010730627379695,0.3827249298207378,0.31796823259099244,0.3249825698941152
vi-zh-2022-test-0185,0,identity,"Xác định công tác đảm bảo an sinh xã hội là trọng yếu, các Bộ, ngành, địa phương đã tích cực phối hợp, đảm bảo cung ứng hàng hóa thiết yếu, lương thực, thực phẩm cho người dân để yên tâm thực hiện giãn cách.",1.0,1.0,1.0,1.0
vi-zh-2022-test-0185,1,remove_one_tone,"Xac định công tác đảm bảo an sinh xã hội là trọng yếu, các Bộ, ngành, địa phương đã tích cực phối hợp, đảm bảo cung ứng hàng hóa thiết yếu, lương thực, thực phẩm cho người dân để yên tâm thực hiện giãn cách.",0.9891492478535132,0.9862930631743382,0.9885600245356251,0.9865651918557158
vi-zh-2022-test-0185,2,remove_tones_and_drop_one_word,"Xac đinh cong tac đam bao an sinh xa hoi la trong yeu, cac Bo, nganh, đia phuong đa tich cuc phoi đam bao cung ung hang hoa thiet yeu, luong thuc, thuc pham cho nguoi dan đe yen tam thuc hien gian cach.",0.3748416830130026,0.28548901108669156,0.2615099692897107,0.22282839532851542
vi-zh-2022-test-0185,3,word_dropout_15pct,"Xác định tác đảm bảo sinh xã hội là trọng yếu, Bộ, ngành, địa đã tích phối hợp, đảm bảo cung ứng hàng hóa thiết yếu, lương thực, thực phẩm cho người dân để yên tâm thực cách.",0.8090244291940587,0.8152821073936005,0.7687252583581295,0.7834966487275358
vi-zh-2022-test-0185,4,word_dropout_30pct_and_swap,"Xác tác định bảo xã trọng yếu, các Bộ, phương đã tích cực phối đảm bảo cung ứng hàng thiết yếu, thực, thực cho người yên tâm thực hiện giãn cách.",0.6561601925777922,0.6440797565612519,0.5941175853264004,0.6005672179164518
vi-zh-2022-test-0185,5,word_dropout_50pct_and_punctuation_remove,công đảm bảo sinh xã là trọng Bộ phương cực cung ứng yếu thực thực phẩm dân để yên hiện giãn cách,0.4070011236098491,0.38444612900570546,0.32917819663548153,0.3317159859479283
vi-zh-2022-test-0186,0,identity,"Phát biểu tại hội nghị, người đứng đầu Chính phủ nhấn mạnh tinh thần chung: Việt Nam đã hy sinh về kinh tế - xã hội để thực hiện giãn cách thì phải đạt kết quả chống dịch thành công, phải ngăn chặn, đẩy lùi được dịch bệnh sớm, nhanh, hiệu quả.",1.0,1.0,1.0,1.0
vi-zh-2022-test-0186,1,remove_one_tone,"Phat biểu tại hội nghị, người đứng đầu Chính phủ nhấn mạnh tinh thần chung: Việt Nam đã hy sinh về kinh tế - xã hội để thực hiện giãn cách thì phải đạt kết quả chống dịch thành công, phải ngăn chặn, đẩy lùi được dịch bệnh sớm, nhanh, hiệu quả.",0.9881644932302397,0.98641124017804,0.9867762908939643,0.9858084016888836
vi-zh-2022-test-0186,2,remove_tones_and_drop_one_word,"Phat bieu tai hoi nghi, nguoi đung đau Chinh phu nhan manh tinh than chung: Viet Nam đa hy sinh ve kinh te - xa hoi thuc hien gian cach thi phai đat ket qua chong dich thanh cong, phai ngan chan, đay lui đuoc dich benh som, nhanh, hieu qua.",0.4392555940326751,0.3468884141339168,0.3239982451615451,0.2835371997337743
vi-zh-2022-test-0186,3,word_dropout_15pct,"Phát biểu tại hội người đầu Chính nhấn mạnh tinh thần chung: Nam đã hy sinh về kinh tế - xã hội để thực hiện giãn phải đạt kết chống dịch thành công, phải ngăn chặn, đẩy lùi dịch bệnh sớm, nhanh, hiệu quả.",0.8236214910090528,0.819324390398346,0.7859773811816777,0.792165814915672
vi-zh-2022-test-0186,4,word_dropout_30pct_and_swap,"tại người nghị, đầu Chính nhấn tinh thần chung: đã sinh về tế - xã hội để thực hiện giãn phải chống dịch thành công, ngăn chặn, đẩy lùi được dịch bệnh sớm, nhanh, hiệu quả.",0.6736788731759633,0.6718454492135837,0.6171830217098919,0.6299338416528003
vi-zh-2022-test-0186,5,word_dropout_50pct_and_punctuation_remove,Phát tại nghị người đứng đầu phủ mạnh thần chung Việt Nam đã hy về để cách đạt quả dịch phải đẩy lùi dịch bệnh hiệu,0.3976440734503221,0.37375975220333935,0.3189342982426436,0.320697293383407
vi-zh-2022-test-0187,0,identity,"Trên cơ sở đó, Thủ tướng Phạm Minh Chính chỉ ra, giãn cách xã hội là biện pháp chống lây lan dịch bệnh nên phải thực hiện thật nghiêm, thật chặt chẽ, kiểm soát có hiệu quả.",1.0,1.0,1.0,1.0
vi-zh-2022-test-0187,1,remove_one_tone,"Tren cơ sở đó, Thủ tướng Phạm Minh Chính chỉ ra, giãn cách xã hội là biện pháp chống lây lan dịch bệnh nên phải thực hiện thật nghiêm, thật chặt chẽ, kiểm soát có hiệu quả.",0.9832219483324445,0.9807813376029693,0.9812099595406213,0.9798824986914706
vi-zh-2022-test-0187,2,remove_tones_and_drop_one_word,"Tren co so đo, Thu tuong Pham Minh Chinh chi ra, gian cach xa hoi la bien phap lay lan dich benh nen phai thuc hien that nghiem, that chat che, kiem soat co hieu qua.",0.3838322622014848,0.2918719727264154,0.2660858667044013,0.22655225550840935
vi-zh-2022-test-0187,3,word_dropout_15pct,"cơ sở đó, Thủ tướng Phạm Minh Chính chỉ ra, giãn cách xã hội là biện pháp lây lan dịch bệnh nên thực hiện thật nghiêm, thật soát có hiệu quả.",0.8105734796027846,0.8145433562104039,0.785425287267119,0.7946922510262653
vi-zh-2022-test-0187,4,word_dropout_30pct_and_swap,"Trên sở cơ đó, Thủ tướng Minh Chính chỉ ra, giãn xã hội là pháp lây lan dịch bệnh thực hiện thật thật chặt soát hiệu",0.5848004642092259,0.5787236038083895,0.509565224713542,0.5238162631773858
vi-zh-2022-test-0187,5,word_dropout_50pct_and_punctuation_remove,sở đó Minh Chính giãn xã là biện lây dịch thực hiện thật nghiêm thật chặt kiểm soát,0.4245159781927254,0.400610371327795,0.3581632123865565,0.35681981896945847
vi-zh-2022-test-0188,0,identity,"Trong thời gian thực hiện giãn cách xã hội phải thực hiện thần tốc xét nghiệm, tiêm vaccine một cách khoa học, hiệu quả và toàn diện.",1.0,1.0,1.0,1.0
vi-zh-2022-test-0188,1,remove_one_tone,"Trong thoi gian thực hiện giãn cách xã hội phải thực hiện thần tốc xét nghiệm, tiêm vaccine một cách khoa học, hiệu quả và toàn diện.",0.976188328511552,0.9670757439119159,0.9662310158856758,0.9618859055924179
vi-zh-2022-test-0188,2,remove_tones_and_drop_one_word,"Trong thoi gian thuc hien gian cach xa hoi phai thuc hien than xet nghiem, tiem vaccine mot cach khoa hoc, hieu qua va toan dien.",0.47442799434059085,0.355435364979315,0.35713595235138046,0.2972144875386286
vi-zh-2022-test-0188,3,word_dropout_15pct,"Trong thời gian thực hiện giãn cách xã hội phải hiện thần tốc xét nghiệm, tiêm vaccine cách khoa học, hiệu và toàn",0.838648609541744,0.8278049237457626,0.806978485077074,0.8067634596522268
vi-zh-2022-test-0188,4,word_dropout_30pct_and_swap,"Trong hiện thời cách xã hội phải thực hiện tốc xét nghiệm, tiêm vaccine một khoa học, và toàn",0.6703621997951553,0.6568073934552043,0.6116291040005136,0.6161462837627089
vi-zh-2022-test-0188,5,word_dropout_50pct_and_punctuation_remove,Trong thời gian thực giãn xã hội hiện tốc tiêm cách học quả toàn,0.39376844472935035,0.3754220743785634,0.3117770597615365,0.3185142167434208
vi-zh-2022-test-0189,0,identity,"Đồng thời đảm bảo cho người dân được tiếp cận y tế từ sớm, từ xa, từ cơ sở, nhằm phát hiện sớm, cách ly nhanh, điều trị tích cực ngay tại cơ sở, không để quá tải tuyến trên; điều trị tích cực, kết hợp y học cổ truyền và y học hiện đại để giảm ca bệnh nặng, ca tử vong do COVID-19.",1.0,1.0,1.0,1.0
vi-zh-2022-test-0189,1,remove_one_tone,"Đong thời đảm bảo cho người dân được tiếp cận y tế từ sớm, từ xa, từ cơ sở, nhằm phát hiện sớm, cách ly nhanh, điều trị tích cực ngay tại cơ sở, không để quá tải tuyến trên; điều trị tích cực, kết hợp y học cổ truyền và y học hiện đại để giảm ca bệnh nặng, ca tử vong do COVID-19.",0.9918331447587373,0.9900809553646838,0.9914033239641694,0.9901966371172712
vi-zh-2022-test-0189,2,remove_tones_and_drop_one_word,"Đong thoi đam bao cho nguoi dan đuoc tiep can y te tu som, tu xa, tu co so, nham phat hien som, cach ly nhanh, đieu tri tich cuc ngay tai so, khong đe qua tai tuyen tren; đieu tri tich cuc, ket hop y hoc co truyen va y hoc hien đai đe giam ca benh nang, ca tu vong do COVID-19.",0.43207853930589324,0.3551087698747742,0.32357139460304135,0.2929708551132389
vi-zh-2022-test-0189,3,word_dropout_15pct,"Đồng thời đảm bảo cho người dân được cận tế từ sớm, từ xa, từ cơ sở, nhằm hiện sớm, cách ly điều trị tích cực ngay tại cơ sở, không để quá tải tuyến trên; điều trị tích cực, kết hợp truyền và y học đại để giảm ca bệnh nặng, vong do COVID-19.",0.839513771188331,0.836192414864523,0.8067872954847475,0.8124779386262698
vi-zh-2022-test-0189,4,word_dropout_30pct_and_swap,"Đồng bảo thời cho người dân được tiếp y tế sớm, xa, từ cơ sở, phát cách ly nhanh, trị tích cực ngay cơ sở, không để quá tải tuyến điều trị tích cực, kết cổ và y học hiện đại để giảm ca ca do",0.6111223375977854,0.6169950792117767,0.5518516378447808,0.5710770217979527
vi-zh-2022-test-0189,5,word_dropout_50pct_and_punctuation_remove,bảo người dân tiếp cận y sớm từ nhằm sớm cách ly nhanh tích cơ để quá tải trị tích kết hợp y học cổ y để ca tử vong do COVID-19,0.39980580198396515,0.3876454789194866,0.34296522856761086,0.3480538644290647
vi-zh-2022-test-0190,0,identity,"Bên cạnh đó, chủ động nắm bắt tâm tư, tình cảm, nguyện vọng của nhân dân, động viên, chăm sóc đời sống tinh thần cho nhân dân.",1.0,1.0,1.0,1.0
vi-zh-2022-test-0190,1,remove_one_tone,"Ben cạnh đó, chủ động nắm bắt tâm tư, tình cảm, nguyện vọng của nhân dân, động viên, chăm sóc đời sống tinh thần cho nhân dân.",0.9821928149579107,0.9778697049214354,0.9811475491532269,0.9781665330770415
vi-zh-2022-test-0190,2,remove_tones_and_drop_one_word,"Ben canh đo, chu đong nam bat tam tu, tinh cam, nguyen vong nhan dan, đong vien, cham soc đoi song tinh than cho nhan dan.",0.4033832612976844,0.3095725807121004,0.2917261026701002,0.24928238189045582
vi-zh-2022-test-0190,3,word_dropout_15pct,"Bên cạnh đó, chủ động nắm bắt tâm tư, tình nguyện của dân, động viên, sóc đời sống tinh thần cho nhân dân.",0.8021509649023119,0.8042595758537882,0.7622547306836932,0.7738113585943386
vi-zh-2022-test-0190,4,word_dropout_30pct_and_swap,"đó, nắm động tâm tư, tình cảm, nguyện vọng của nhân dân, động chăm đời sống tinh thần nhân",0.6610856634694628,0.6532894667570303,0.6075630945195628,0.6150946870513007
vi-zh-2022-test-0190,5,word_dropout_50pct_and_punctuation_remove,Bên cạnh nắm tâm tình của dân động viên sóc sống tinh cho nhân,0.4006000007850526,0.3707580788206259,0.31586368524740166,0.31466245763311246
vi-zh-2022-test-0191,0,identity,"Việc thống nhất ý chí từ Trung ương đến địa phương, sự chỉ đạo xuyên suốt, sát sao của các cấp có thẩm quyền sẽ từng bước giúp Việt Nam kiểm soát được dịch bệnh.",1.0,1.0,1.0,1.0
vi-zh-2022-test-0191,1,remove_one_tone,"Viec thống nhất ý chí từ Trung ương đến địa phương, sự chỉ đạo xuyên suốt, sát sao của các cấp có thẩm quyền sẽ từng bước giúp Việt Nam kiểm soát được dịch bệnh.",0.9820148549979638,0.9791194339151907,0.9798465020258318,0.9782170244567849
vi-zh-2022-test-0191,2,remove_tones_and_drop_one_word,"Viec thong nhat y chi tu Trung uong đen đia phuong, su chi đao xuyen suot, sat cua cac cap co tham quyen se tung buoc giup Viet Nam kiem soat đuoc dich benh.",0.36212688563793516,0.26346380095383604,0.24687576353824042,0.20169123038891137
vi-zh-2022-test-0191,3,word_dropout_15pct,"Việc thống nhất chí từ Trung đến địa sự chỉ đạo xuyên suốt, sát của các cấp có thẩm quyền sẽ từng bước giúp Việt Nam soát được dịch bệnh.",0.8295576436054631,0.8190116594823897,0.788896406537381,0.7911519046254176
vi-zh-2022-test-0191,4,word_dropout_30pct_and_swap,"Việc nhất thống chí từ ương phương, sự chỉ đạo suốt, sát sao các cấp có thẩm quyền từng bước Nam kiểm soát được",0.6257752898156786,0.6159813092664357,0.5493724176594474,0.5611269614510686
vi-zh-2022-test-0191,5,word_dropout_50pct_and_punctuation_remove,thống nhất ý chí từ địa sao của thẩm quyền sẽ từng bước giúp kiểm soát được dịch,0.4920182444119556,0.4819302391585276,0.4556143065000952,0.45714552597764646
vi-zh-2022-test-0192,0,identity,"Trong tuyên bố đưa ra chỉ ít giờ sau vụ tấn công, Tổng thống Mỹ Joe Biden nêu rõ sẽ có hành động đáp trả thích đáng với thủ phạm gây ra tội ác, đồng thời khẳng định sẽ tiếp tục thực hiện kế hoạch sơ tán và rút lực lượng Mỹ theo hạn chót là ngày 31/8.",1.0,1.0,1.0,1.0
vi-zh-2022-test-0192,1,remove_one_tone,"Trong tuyen bố đưa ra chỉ ít giờ sau vụ tấn công, Tổng thống Mỹ Joe Biden nêu rõ sẽ có hành động đáp trả thích đáng với thủ phạm gây ra tội ác, đồng thời khẳng định sẽ tiếp tục thực hiện kế hoạch sơ tán và rút lực lượng Mỹ theo hạn chót là ngày 31/8.",0.986910637080351,0.9829859620608533,0.9815454380415596,0.9799432315366342
vi-zh-2022-test-0192,2,remove_tones_and_drop_one_word,"Trong tuyen bo đua ra chi it gio sau vu tan cong, Tong thong My Joe Biden neu ro se co hanh đong đap tra thich đang voi thu gay ra toi ac, đong thoi khang đinh se tiep tuc thuc hien ke hoach so tan va rut luc luong My theo han chot la ngay 31/8.",0.394590488604728,0.29878806972512006,0.2816954085747993,0.23806736589599312
vi-zh-2022-test-0192,3,word_dropout_15pct,"Trong bố đưa ra chỉ giờ sau vụ tấn công, Tổng thống Mỹ Joe Biden nêu hành động đáp trả đáng với phạm gây ra tội ác, đồng thời khẳng định sẽ tiếp tục thực hiện kế hoạch sơ tán và rút lực lượng Mỹ theo chót ngày 31/8.",0.8317333420076126,0.8268937229995568,0.7936078634564709,0.799509523015762
vi-zh-2022-test-0192,4,word_dropout_30pct_and_swap,"Trong bố tuyên đưa ra chỉ ít giờ vụ tấn công, thống Joe Biden nêu rõ sẽ có hành động đáp đáng với gây đồng thời khẳng định sẽ tục thực hiện hoạch tán và rút lực lượng hạn là 31/8.",0.6427784951849218,0.6331695344522051,0.5710514300019534,0.5817760421848314
vi-zh-2022-test-0192,5,word_dropout_50pct_and_punctuation_remove,Trong tuyên đưa chỉ ít giờ vụ Tổng Joe Biden nêu rõ sẽ hành đáp đáng với gây thời tục thực sơ rút lực theo hạn chót là 31/8,0.4269675160892129,0.4136011306949458,0.35567201906170437,0.36347002222491603
vi-zh-2022-test-0193,0,identity,"Cùng lúc đó, Taliban chưa đưa ra bất kỳ dấu hiệu nào cho thấy lực lượng này sẽ nhượng bộ đối với kế hoạch rút quân của Mỹ.",1.0,1.0,1.0,1.0
vi-zh-2022-test-0193,1,remove_one_tone,"Cung lúc đó, Taliban chưa đưa ra bất kỳ dấu hiệu nào cho thấy lực lượng này sẽ nhượng bộ đối với kế hoạch rút quân của Mỹ.",0.981238145421744,0.9761894149554923,0.980125389581122,0.9766170306915886
vi-zh-2022-test-0193,2,remove_tones_and_drop_one_word,"Cung luc đo, Taliban chua đua ra bat ky dau hieu nao cho thay luong nay se nhuong bo đoi voi ke hoach rut quan cua My.",0.3687312643698416,0.279572100671493,0.27175579418519746,0.22913028761557064
vi-zh-2022-test-0193,3,word_dropout_15pct,"Cùng lúc đó, Taliban chưa đưa ra kỳ dấu nào cho thấy lượng này nhượng bộ đối với kế hoạch rút quân của Mỹ.",0.8446892086063517,0.8356435466576504,0.7995543957855511,0.8040535080509795
vi-zh-2022-test-0193,4,word_dropout_30pct_and_swap,"Cùng đó, lúc Taliban chưa ra kỳ dấu hiệu nào cho thấy lượng sẽ nhượng với kế hoạch rút Mỹ.",0.65256386001762,0.6371505737604558,0.5691814559050572,0.5784660308881208
vi-zh-2022-test-0193,5,word_dropout_50pct_and_punctuation_remove,Cùng lúc Taliban chưa bất hiệu nào này bộ hoạch rút quân của Mỹ,0.48120012961835945,0.4532251222703223,0.418921407589608,0.4135039240458244
vi-zh-2022-test-0194,0,identity,"Hôm 24/8, Phát ngôn viên Taliban Zabihullah Mujahid nêu rõ: chiến dịch sơ tán người nước ngoài tại sân bay Hamid Karzai sẽ được xem là vi phạm thỏa thuận, nếu tiếp diễn sau hạn chót là ngày 31/8.",1.0,1.0,1.0,1.0
vi-zh-2022-test-0194,1,remove_one_tone,"Hom 24/8, Phát ngôn viên Taliban Zabihullah Mujahid nêu rõ: chiến dịch sơ tán người nước ngoài tại sân bay Hamid Karzai sẽ được xem là vi phạm thỏa thuận, nếu tiếp diễn sau hạn chót là ngày 31/8.",0.9887299554086075,0.9846424139785697,0.9881150052454585,0.9852030867137174
vi-zh-2022-test-0194,2,remove_tones_and_drop_one_word,"Hom 24/8, Phat ngon vien Taliban Zabihullah Mujahid neu ro: chien dich so tan nguoi nuoc ngoai tai san Hamid Karzai se đuoc xem la vi pham thoa thuan, neu tiep dien sau han chot la ngay 31/8.",0.536143685281589,0.43188263809545413,0.43421320309064443,0.38150003759130735
vi-zh-2022-test-0194,3,word_dropout_15pct,"Hôm 24/8, Phát ngôn viên Taliban Zabihullah Mujahid nêu rõ: dịch sơ tán nước ngoài tại Karzai sẽ được xem là vi phạm thuận, nếu tiếp diễn sau hạn chót là ngày 31/8.",0.8403572649126528,0.8384995400989141,0.8144596098105112,0.8195432110736995
vi-zh-2022-test-0194,4,word_dropout_30pct_and_swap,"Hôm ngôn Phát Taliban Zabihullah Mujahid nêu rõ: dịch tán người ngoài tại bay Hamid Karzai sẽ được xem thỏa thuận, tiếp sau chót là ngày 31/8.",0.6748747055179265,0.6498823815985643,0.609285386218039,0.606939318226963
vi-zh-2022-test-0194,5,word_dropout_50pct_and_punctuation_remove,Hôm viên Taliban Zabihullah Mujahid chiến dịch nước ngoài tại bay Hamid sẽ được vi nếu diễn hạn chót là,0.4926735979438687,0.4600096935399804,0.43720158517100893,0.4265733520171169
vi-zh-2022-test-0195,0,identity,Chiến sự và nguy cơ khủng hoảng nhân đạo,1.0,1.0,1.0,1.0
vi-zh-2022-test-0195,1,remove_one_tone,Chien sự và nguy cơ khủng hoảng nhân đạo,0.916575709121246,0.9050319542289786,0.8958829242466153,0.8923983042960725
vi-zh-2022-test-0195,2,remove_tones_and_drop_one_word,Chien su va nguy khung hoang nhan đao,0.38168677054003125,0.27340439088255936,0.25445784702668756,0.20505329316191948
vi-zh-2022-test-0195,3,word_dropout_15pct,Chiến sự và cơ khủng hoảng nhân đạo,0.8401094444984214,0.8398023866891015,0.7971328548534536,0.8076512998556972
vi-zh-2022-test-0195,4,word_dropout_30pct_and_swap,Chiến và sự khủng nhân đạo,0.5339597737683817,0.4975621930831946,0.4281051566682703,0.42727791149951583
vi-zh-2022-test-0195,5,word_dropout_50pct_and_punctuation_remove,Chiến nguy cơ khủng,0.4737001358060484,0.4469814002153306,0.41169850824255805,0.4071165464733504
vi-zh-2022-test-0196,0,identity,"Theo Liên hợp quốc, gần 18 triệu người (gần một nửa dân số Afghanistan) đang cần hỗ trợ nhân đạo.",1.0,1.0,1.0,1.0
vi-zh-2022-test-0196,1,remove_one_tone,"Theo Lien hợp quốc, gần 18 triệu người (gần một nửa dân số Afghanistan) đang cần hỗ trợ nhân đạo.",0.9670996109154005,0.9566292092093006,0.9531065158786859,0.9487519883582898
vi-zh-2022-test-0196,2,remove_tones_and_drop_one_word,"Theo Lien hop quoc, gan 18 trieu nguoi (gan mot dan so Afghanistan) đang can ho tro nhan đao.",0.48795987638977684,0.3959489738228507,0.39613624939317577,0.35008396737187353
vi-zh-2022-test-0196,3,word_dropout_15pct,"Theo Liên hợp quốc, gần 18 triệu người (gần một nửa dân Afghanistan) đang cần hỗ trợ",0.8722298117030607,0.8603597202293278,0.8565267489150683,0.8515510320722668
vi-zh-2022-test-0196,4,word_dropout_30pct_and_swap,"Theo hợp Liên quốc, gần (gần một nửa dân số cần hỗ trợ nhân",0.5264310841002059,0.5481162572697169,0.4577192305060458,0.4911974148397597
vi-zh-2022-test-0196,5,word_dropout_50pct_and_punctuation_remove,Liên hợp gần một nửa Afghanistan) đang hỗ trợ đạo,0.4705146947683716,0.4484940053230153,0.40972395057043054,0.408396617060129
vi-zh-2022-test-0197,0,identity,"Hơn thế, giao tranh kéo dài còn có nguy cơ lôi kéo hoặc ảnh hưởng tới các quốc gia trong khu vực, chủ yếu liên quan đến vấn đề người tỵ nạn.",1.0,1.0,1.0,1.0
vi-zh-2022-test-0197,1,remove_one_tone,"Hon thế, giao tranh kéo dài còn có nguy cơ lôi kéo hoặc ảnh hưởng tới các quốc gia trong khu vực, chủ yếu liên quan đến vấn đề người tỵ nạn.",0.983686914060382,0.9794607438273695,0.9827448779938566,0.9798107593357286
vi-zh-2022-test-0197,2,remove_tones_and_drop_one_word,"Hon the, giao tranh keo dai con co nguy co loi keo hoac anh huong toi quoc gia trong khu vuc, chu yeu lien quan đen van đe nguoi ty nan.",0.44701338877945335,0.36562552343799815,0.3525189382471849,0.3151016501778144
vi-zh-2022-test-0197,3,word_dropout_15pct,"Hơn thế, tranh kéo dài còn nguy cơ hoặc ảnh hưởng tới các quốc gia trong khu vực, chủ yếu liên quan vấn đề người tỵ nạn.",0.8344858518539177,0.8296466156255643,0.794385032758005,0.8007805496647975
vi-zh-2022-test-0197,4,word_dropout_30pct_and_swap,"Hơn giao thế, tranh kéo dài còn nguy cơ lôi kéo ảnh hưởng các gia trong khu chủ yếu liên vấn người",0.6195138399269268,0.593971466812004,0.5301809186476651,0.5333568389010678
vi-zh-2022-test-0197,5,word_dropout_50pct_and_punctuation_remove,giao tranh kéo còn có nguy lôi kéo hoặc hưởng gia khu chủ yếu quan đến,0.4436686646533164,0.42548774267557526,0.3739942397096829,0.37777288312450613
vi-zh-2022-test-0198,0,identity,"Trước thực tế này, nhiều quốc gia và tổ chức liên tiếp kêu gọi tìm kiếm giải pháp chính trị cho Afghanistan.",1.0,1.0,1.0,1.0
vi-zh-2022-test-0198,1,remove_one_tone,"Truoc thực tế này, nhiều quốc gia và tổ chức liên tiếp kêu gọi tìm kiếm giải pháp chính trị cho Afghanistan.",0.9618624755435455,0.9603841624396581,0.9584127738808277,0.9581664644685918
vi-zh-2022-test-0198,2,remove_tones_and_drop_one_word,"Truoc thuc te nay, nhieu quoc gia va to chuc lien keu goi tim kiem giai phap chinh tri cho Afghanistan.",0.454774481608312,0.35281701728114323,0.3500669412997002,0.29977574289349934
vi-zh-2022-test-0198,3,word_dropout_15pct,"Trước thực này, nhiều quốc gia và chức liên kêu gọi tìm kiếm giải pháp chính trị cho Afghanistan.",0.869527708298677,0.8557870498971916,0.8309833044650966,0.8303152506065239
vi-zh-2022-test-0198,4,word_dropout_30pct_and_swap,"thực này, tế nhiều quốc liên tiếp kêu gọi tìm kiếm giải chính trị Afghanistan.",0.6787598944829485,0.6550652136877418,0.6107838714570142,0.6100047015161312
vi-zh-2022-test-0198,5,word_dropout_50pct_and_punctuation_remove,Trước tế này nhiều chức liên tiếp tìm kiếm pháp Afghanistan,0.5090818041316038,0.45813649058257366,0.4283174240721216,0.41029853635222663
vi-zh-2022-test-0199,0,identity,"Thực hiện Chỉ thị của Thủ tướng Chính phủ Phạm Minh Chính về tăng cường các lực lượng tham gia phòng, chống dịch Covid-19 trên địa bàn Thành phố Hồ Chí Minh và các tỉnh phía Nam, từ ngày 20/8/2021, nhiều lượt cán bộ, chiến sỹ quân đội, công an, đội ngũ y, bác sỹ ở mọi miền Tổ quốc đã gấp rút chi viện cho các tỉnh phía Nam.",1.0,1.0,1.0,1.0
vi-zh-2022-test-0199,1,remove_one_tone,"Thuc hiện Chỉ thị của Thủ tướng Chính phủ Phạm Minh Chính về tăng cường các lực lượng tham gia phòng, chống dịch Covid-19 trên địa bàn Thành phố Hồ Chí Minh và các tỉnh phía Nam, từ ngày 20/8/2021, nhiều lượt cán bộ, chiến sỹ quân đội, công an, đội ngũ y, bác sỹ ở mọi miền Tổ quốc đã gấp rút chi viện cho các tỉnh phía Nam.",0.9911104865524685,0.9897724034003912,0.9900816258291357,0.9893352786459111
vi-zh-2022-test-0199,2,remove_tones_and_drop_one_word,"Thuc hien Chi thi cua Thu tuong Chinh phu Pham Minh Chinh ve tang cuong cac luc luong tham gia phong, chong dich Covid-19 tren đia ban Thanh pho Ho Chi Minh va cac tinh Nam, tu ngay 20/8/2021, nhieu luot can bo, chien sy quan đoi, cong an, đoi ngu y, bac sy o moi mien To quoc đa gap rut chi vien cho cac tinh phia Nam.",0.45121620421815395,0.35667660179291594,0.34284673026734913,0.299034398775116
vi-zh-2022-test-0199,3,word_dropout_15pct,"Thực hiện thị của Thủ tướng Chính phủ Phạm Minh về tăng cường các lực lượng tham gia chống dịch Covid-19 trên địa bàn Thành phố Hồ Minh và tỉnh phía Nam, ngày 20/8/2021, nhiều lượt bộ, chiến sỹ quân đội, công an, đội y, bác sỹ ở mọi miền Tổ quốc đã gấp rút chi viện các phía Nam.",0.8334828506718815,0.8277504912444548,0.7952042289159513,0.800474550286292
vi-zh-2022-test-0199,4,word_dropout_30pct_and_swap,"Thực Chỉ hiện thị Thủ phủ Phạm Minh Chính về tăng lực lượng tham gia phòng, Covid-19 địa bàn Thành phố Chí Minh tỉnh phía Nam, từ 20/8/2021, nhiều lượt cán chiến sỹ quân đội, công đội y, ở miền quốc đã rút chi viện cho các phía Nam.",0.6483647207111144,0.6377102737361329,0.5838711539839468,0.5920035367100647
vi-zh-2022-test-0199,5,word_dropout_50pct_and_punctuation_remove,hiện Chỉ thị Thủ tướng Chính phủ Chính tăng tham chống dịch phố và tỉnh phía Nam nhiều bộ chiến sỹ quân an ngũ y bác sỹ mọi quốc chi viện cho các tỉnh phía,0.42639522162524535,0.4097658926366986,0.36471336394164067,0.3676609866526928
vi-zh-2022-test-0200,0,identity,"Mối quan hệ keo sơn, gắn bó này được bồi đắp và hun đúc qua quá trình lịch sử.",1.0,1.0,1.0,1.0
vi-zh-2022-test-0200,1,remove_one_tone,"Moi quan hệ keo sơn, gắn bó này được bồi đắp và hun đúc qua quá trình lịch sử.",0.9699661375824131,0.9637075837851008,0.9679644380419549,0.9637709475790852
vi-zh-2022-test-0200,2,remove_tones_and_drop_one_word,"Moi quan he keo son, gan bo nay đuoc đap va hun đuc qua qua trinh lich su.",0.3930698541822848,0.31012356147247283,0.2802077442652068,0.2462135597271544
vi-zh-2022-test-0200,3,word_dropout_15pct,"Mối quan hệ keo sơn, gắn bó này bồi đắp và hun qua quá trình lịch",0.804451570674836,0.7981157232527739,0.7636509048959806,0.769097065037965
vi-zh-2022-test-0200,4,word_dropout_30pct_and_swap,quan gắn hệ này được bồi và hun đúc qua quá trình sử.,0.6104330471839587,0.5976999144115153,0.5358635553472085,0.544953130588767
vi-zh-2022-test-0200,5,word_dropout_50pct_and_punctuation_remove,Mối gắn này bồi đắp và hun đúc qua trình,0.44388385037074035,0.4314596746047752,0.3830765218111199,0.38894903580217677
vi-zh-2022-test-0201,0,identity,"Vì thế, quân đội không những chỉ làm nhiệm vụ chính yếu của mình là huấn luyện, chiến đấu bảo vệ Tổ quốc mà còn thường xuyên giúp đỡ nhân dân khi nhân dân đối mặt với thiên tai, thảm họa.",1.0,1.0,1.0,1.0
vi-zh-2022-test-0201,1,remove_one_tone,"Vi thế, quân đội không những chỉ làm nhiệm vụ chính yếu của mình là huấn luyện, chiến đấu bảo vệ Tổ quốc mà còn thường xuyên giúp đỡ nhân dân khi nhân dân đối mặt với thiên tai, thảm họa.",0.9879541641093533,0.9844778602479863,0.9872910225681912,0.9848495800574565
vi-zh-2022-test-0201,2,remove_tones_and_drop_one_word,"Vi the, quan đoi khong nhung chi lam nhiem vu chinh yeu cua minh la huan luyen, chien đau bao To quoc ma con thuong xuyen giup đo nhan dan khi nhan dan đoi mat voi thien tai, tham hoa.",0.37553944038434733,0.2764865194051601,0.26207209375158014,0.21614923984574796
vi-zh-2022-test-0201,3,word_dropout_15pct,"Vì thế, quân đội không chỉ làm nhiệm vụ yếu của mình là luyện, chiến đấu vệ Tổ quốc mà còn thường giúp đỡ dân khi nhân dân đối mặt với thiên tai, thảm họa.",0.7961581810135402,0.8038545863082058,0.7528859148345793,0.7694850437253874
vi-zh-2022-test-0201,4,word_dropout_30pct_and_swap,"Vì quân thế, đội không những chỉ làm nhiệm vụ mình chiến bảo vệ Tổ quốc còn thường xuyên giúp đỡ nhân dân khi đối mặt thiên thảm họa.",0.652160690159737,0.6381369662314197,0.585129892529719,0.5913690547017737
vi-zh-2022-test-0201,5,word_dropout_50pct_and_punctuation_remove,quân đội chỉ nhiệm của mình là huấn luyện đấu bảo vệ mà xuyên đỡ nhân dân khi dân mặt,0.403421944537097,0.39501905691684924,0.345459512434552,0.35364753343558314
vi-zh-2022-test-0202,0,identity,"Việc quân đội tham gia phòng, chống dịch Covid-19 ở Thành phố Hồ Chí Minh và các tỉnh miền Nam lần này chính là sự tiếp nối của tinh thần gắn bó mật thiết giữa quân và dân Việt Nam trong lịch sử.",1.0,1.0,1.0,1.0
vi-zh-2022-test-0202,1,remove_one_tone,"Viec quân đội tham gia phòng, chống dịch Covid-19 ở Thành phố Hồ Chí Minh và các tỉnh miền Nam lần này chính là sự tiếp nối của tinh thần gắn bó mật thiết giữa quân và dân Việt Nam trong lịch sử.",0.9851096519704666,0.9825815188220618,0.9833390182372793,0.9818855768092728
vi-zh-2022-test-0202,2,remove_tones_and_drop_one_word,"Viec quan đoi tham gia phong, chong dich Covid-19 o Thanh pho Ho Chi Minh va cac tinh mien Nam lan chinh la su tiep noi cua tinh than gan bo mat thiet giua quan va dan Viet Nam trong lich su.",0.4640572914301541,0.35418430148265967,0.3555477783564109,0.30027041323560455
vi-zh-2022-test-0202,3,word_dropout_15pct,"Việc quân đội tham gia phòng, chống dịch Covid-19 ở Thành Hồ Chí Minh và tỉnh miền Nam lần này chính là sự tiếp của tinh thần gắn thiết giữa quân và dân Việt Nam trong lịch",0.8674215756110868,0.8527233018894828,0.8390042601696098,0.8350893055070656
vi-zh-2022-test-0202,4,word_dropout_30pct_and_swap,"tham phòng, gia chống dịch Covid-19 Thành Hồ Minh và các miền Nam lần này là sự tiếp nối của tinh thần gắn bó mật thiết dân Nam lịch sử.",0.626513355909978,0.6239825779365255,0.5624200356066581,0.5765468521275747
vi-zh-2022-test-0202,5,word_dropout_50pct_and_punctuation_remove,Việc đội tham gia dịch Thành phố Minh các tỉnh này tiếp nối của bó mật giữa dân Việt Nam trong sử,0.4327669857340467,0.421575188617472,0.3598571334980577,0.3696900443702475
vi-zh-2022-test-0203,0,identity,Tất cả các cơ quan của hệ thống chính trị với người dân đều đang đối diện với những khó khăn chồng chất.,1.0,1.0,1.0,1.0
vi-zh-2022-test-0203,1,remove_one_tone,Tat cả các cơ quan của hệ thống chính trị với người dân đều đang đối diện với những khó khăn chồng chất.,0.9781992660819716,0.9712753561319424,0.9768636687854726,0.9720046356470753
vi-zh-2022-test-0203,2,remove_tones_and_drop_one_word,Tat ca cac co quan cua he thong chinh tri voi dan đeu đang đoi dien voi nhung kho khan chong chat.,0.38044555987739664,0.27464009842631804,0.26231687316602825,0.21249496024980327
vi-zh-2022-test-0203,3,word_dropout_15pct,cả cơ quan của hệ thống chính trị với người dân đều đang đối với những khó khăn chồng chất.,0.8690552800019827,0.8628722289379435,0.848669296602838,0.8491282944771872
vi-zh-2022-test-0203,4,word_dropout_30pct_and_swap,Tất của cả hệ chính với dân đều đang đối diện với những khó khăn chất.,0.614632655738417,0.6046222894931385,0.5553507423479077,0.5626753138015324
vi-zh-2022-test-0203,5,word_dropout_50pct_and_punctuation_remove,cả các quan của hệ thống dân đang đối với khăn chất,0.4355626520610491,0.4234331743840263,0.3578545925146195,0.3681886688666082
vi-zh-2022-test-0204,0,identity,"Đó không chỉ là quyết tâm và mục tiêu cao nhất của thành phố Hồ Chí Minh, của các tỉnh đang bị ảnh hưởng nặng nề bởi dịch bệnh, mà còn là nhiệm vụ của cả đất nước.",1.0,1.0,1.0,1.0
vi-zh-2022-test-0204,1,remove_one_tone,"Đo không chỉ là quyết tâm và mục tiêu cao nhất của thành phố Hồ Chí Minh, của các tỉnh đang bị ảnh hưởng nặng nề bởi dịch bệnh, mà còn là nhiệm vụ của cả đất nước.",0.9859185743009504,0.9823806755502271,0.9851253214935026,0.9826702106323221
vi-zh-2022-test-0204,2,remove_tones_and_drop_one_word,"Đo khong chi la quyet tam va muc tieu cao nhat cua thanh pho Ho Chi Minh, cua cac đang bi anh huong nang ne boi dich benh, ma con la nhiem vu cua ca đat nuoc.",0.3476168588513287,0.26044221802953205,0.2413934173224834,0.20256829963250716
vi-zh-2022-test-0204,3,word_dropout_15pct,"Đó không chỉ là quyết tâm và mục tiêu cao nhất của phố Hồ Chí Minh, của các tỉnh bị ảnh hưởng nặng nề bởi dịch còn là của cả đất nước.",0.8002848190889698,0.8018423251073753,0.7630385946541813,0.773519824076291
vi-zh-2022-test-0204,4,word_dropout_30pct_and_swap,"chỉ quyết là tâm và mục tiêu cao nhất của phố Hồ Chí của các tỉnh đang ảnh nặng nề bởi bệnh, mà của cả đất nước.",0.6172181674793087,0.6209384373727217,0.5509389120309927,0.570303834105103
vi-zh-2022-test-0204,5,word_dropout_50pct_and_punctuation_remove,là tâm và mục tiêu cao thành Hồ Chí Minh tỉnh hưởng nặng bởi bệnh mà là nhiệm đất,0.434735082109868,0.4138461463603902,0.3647865652727379,0.36660389086340095
vi-zh-2022-test-0205,0,identity,"Quân đội nhân dân Việt Nam từ nhân dân mà ra, vì nhân dân mà phục vụ",1.0,1.0,1.0,1.0
vi-zh-2022-test-0205,1,remove_one_tone,"Quan đội nhân dân Việt Nam từ nhân dân mà ra, vì nhân dân mà phục vụ",0.9550822636747006,0.9509916616219136,0.9489998779107934,0.9474525228121802
vi-zh-2022-test-0205,2,remove_tones_and_drop_one_word,"Quan đoi nhan dan Viet Nam tu nhan ma ra, vi nhan dan ma phuc vu",0.3253211538137194,0.25489132931254255,0.22039695340603457,0.19380563631631356
vi-zh-2022-test-0205,3,word_dropout_15pct,"Quân đội nhân dân Nam nhân dân ra, vì nhân dân mà phục vụ",0.7754118154019135,0.7724149953803525,0.7165589401729541,0.7290231029328116
vi-zh-2022-test-0205,4,word_dropout_30pct_and_swap,đội dân nhân từ nhân dân mà vì nhân dân mà vụ,0.5354550911266545,0.539320584790375,0.4556191001647876,0.4784827379222306
vi-zh-2022-test-0205,5,word_dropout_50pct_and_punctuation_remove,Quân nhân dân Việt Nam dân mà nhân,0.45942052466731204,0.4342895095453014,0.38465843080171147,0.3844818529237142
vi-zh-2022-test-0206,0,identity,Quân đội Việt Nam tham gia chống dịch Covid-19 cũng là thông lệ quốc tế trong bối cảnh đại dịch Covid – 19 đang lây lan khắp toàn cầu.,1.0,1.0,1.0,1.0
vi-zh-2022-test-0206,1,remove_one_tone,Quan đội Việt Nam tham gia chống dịch Covid-19 cũng là thông lệ quốc tế trong bối cảnh đại dịch Covid – 19 đang lây lan khắp toàn cầu.,0.9783865128124609,0.9742883265493033,0.975738552707822,0.9733269030366135
vi-zh-2022-test-0206,2,remove_tones_and_drop_one_word,Quan đoi Viet Nam tham gia chong dich Covid-19 cung la thong le quoc trong boi canh đai dich Covid – 19 đang lay lan khap toan cau.,0.5648686183213368,0.4670381192622195,0.47050698617653913,0.4207245648384278
vi-zh-2022-test-0206,3,word_dropout_15pct,đội Việt Nam tham chống dịch Covid-19 cũng là thông lệ quốc tế trong bối cảnh đại – 19 đang lây lan khắp toàn cầu.,0.8437654190750876,0.8468577107534054,0.8219018596632811,0.829689636629262
vi-zh-2022-test-0206,4,word_dropout_30pct_and_swap,Quân tham đội chống Covid-19 cũng là thông lệ quốc tế trong cảnh dịch – 19 lây khắp toàn cầu.,0.602743209388593,0.5933456014833405,0.5262373953220513,0.5383160457534697
vi-zh-2022-test-0206,5,word_dropout_50pct_and_punctuation_remove,Việt tham dịch Covid-19 lệ quốc tế trong cảnh Covid 19 đang lây cầu,0.45328537371768185,0.42808570469592744,0.38265641671680933,0.38140944852913206
vi-zh-2022-test-0207,0,identity,"Tại Anh, Bộ Quốc phòng nước này hồi đầu năm nay khẳng định phản ứng của quân đội với dịch Covid-19 đã trở thành chiến dịch quân sự trong nước lớn nhất trong thời bình, với hơn 5.",1.0,1.0,1.0,1.0
vi-zh-2022-test-0207,1,remove_one_tone,"Tai Anh, Bộ Quốc phòng nước này hồi đầu năm nay khẳng định phản ứng của quân đội với dịch Covid-19 đã trở thành chiến dịch quân sự trong nước lớn nhất trong thời bình, với hơn 5.",0.9874352110752261,0.9833917667330775,0.986739403633663,0.9838807722374423
vi-zh-2022-test-0207,2,remove_tones_and_drop_one_word,"Tai Anh, Bo Quoc phong nuoc nay hoi đau nam nay khang đinh phan ung cua quan đoi voi Covid-19 đa tro thanh chien dich quan su trong nuoc lon nhat trong thoi binh, voi hon 5.",0.4326855374722257,0.3335970474457163,0.3203634940887333,0.2741276413897686
vi-zh-2022-test-0207,3,word_dropout_15pct,"Tại Anh, Bộ Quốc phòng hồi đầu năm nay khẳng định ứng của đội với dịch Covid-19 đã thành chiến dịch quân sự trong nước nhất trong thời bình, với hơn 5.",0.8311736388079092,0.8252527714706113,0.7934460023279237,0.7984374611189498
vi-zh-2022-test-0207,4,word_dropout_30pct_and_swap,"Tại Bộ Anh, phòng này hồi đầu năm nay định phản ứng của quân đội dịch trở thành chiến quân sự lớn nhất trong bình, với 5.",0.6055437064618879,0.6120481226007735,0.5345826046063383,0.5572155445930093
vi-zh-2022-test-0207,5,word_dropout_50pct_and_punctuation_remove,Tại Bộ nước nay phản ứng của quân với đã trở thành quân lớn nhất trong thời với 5,0.4028381668618636,0.3925467285697073,0.3443566130609853,0.35126247316507064
vi-zh-2022-test-0208,0,identity,Bản lĩnh quân sự và lý tưởng cao cả của Đại tướng Võ Nguyên Giáp đã thu phục cộng đồng quốc tế.,1.0,1.0,1.0,1.0
vi-zh-2022-test-0208,1,remove_one_tone,Ban lĩnh quân sự và lý tưởng cao cả của Đại tướng Võ Nguyên Giáp đã thu phục cộng đồng quốc tế.,0.9757856085875573,0.9690349380043531,0.9742642497554038,0.9695815865260391
vi-zh-2022-test-0208,2,remove_tones_and_drop_one_word,Ban linh quan su va ly tuong cao ca cua Đai Vo Nguyen Giap đa thu phuc cong đong quoc te.,0.3464188227468455,0.25287783958069115,0.24064325778298506,0.19693143475317063
vi-zh-2022-test-0208,3,word_dropout_15pct,Bản lĩnh quân và lý cao cả của tướng Võ Nguyên Giáp đã thu phục cộng đồng quốc tế.,0.8218963515237544,0.8213522662942183,0.7775194681874047,0.7882062825066357
vi-zh-2022-test-0208,4,word_dropout_30pct_and_swap,Bản lý quân tưởng cao cả của Đại tướng Nguyên Giáp thu phục đồng tế.,0.625935041069403,0.6055122838859209,0.5419248377380352,0.5476075593351698
vi-zh-2022-test-0208,5,word_dropout_50pct_and_punctuation_remove,lĩnh và tưởng cao cả của Đại tướng thu cộng tế,0.4222643501637281,0.4130321495186136,0.3703641559151504,0.3764137279515804
vi-zh-2022-test-0209,0,identity,"Đại tướng Marcel Bigeard, vị tướng danh tiếng từng tham gia chỉ huy quân đội Pháp trong trận chiến Điện biên phủ, nhận xét: ""Với trận thắng Điện biên phủ, Tướng Giáp đã chỉ huy quân đội của ông thành công trong hơn 30 năm.",1.0,1.0,1.0,1.0
vi-zh-2022-test-0209,1,remove_one_tone,"Đai tướng Marcel Bigeard, vị tướng danh tiếng từng tham gia chỉ huy quân đội Pháp trong trận chiến Điện biên phủ, nhận xét: ""Với trận thắng Điện biên phủ, Tướng Giáp đã chỉ huy quân đội của ông thành công trong hơn 30 năm.",0.9900725949128635,0.9867804227523664,0.9895392388560453,0.9872034487498772
vi-zh-2022-test-0209,2,remove_tones_and_drop_one_word,"Đai tuong Marcel Bigeard, vi tuong danh tieng tung tham gia chi huy quan đoi Phap trong tran chien Đien bien phu, xet: ""Voi tran thang Đien bien phu, Tuong Giap đa chi huy quan đoi cua ong thanh cong trong hon 30 nam.",0.5039245408575943,0.4018300908633148,0.3947995746920327,0.3455099828822686
vi-zh-2022-test-0209,3,word_dropout_15pct,"Đại tướng Bigeard, vị tướng danh tiếng tham gia chỉ huy quân Pháp trong trận Điện biên phủ, nhận xét: trận thắng Điện biên phủ, Tướng Giáp đã huy quân đội của ông công trong hơn 30 năm.",0.810597335753036,0.806000924331448,0.7712225970801854,0.777620028492122
vi-zh-2022-test-0209,4,word_dropout_30pct_and_swap,"Marcel vị Bigeard, tướng danh từng tham gia chỉ quân đội trong trận chiến Điện biên phủ, xét: ""Với thắng Điện biên Tướng đã chỉ huy quân của thành công hơn",0.6474473046179586,0.6284637895846295,0.5748331881929313,0.5787484837690324
vi-zh-2022-test-0209,5,word_dropout_50pct_and_punctuation_remove,"Marcel tham gia chỉ Pháp trận chiến Điện biên xét ""Với trận thắng Điện phủ Tướng Giáp đã quân thành hơn 30",0.45077309480094,0.4300245708835048,0.3887201812945706,0.38867010279829584
vi-zh-2022-test-0210,0,identity,"Ông Bigeard nói thêm rằng: “Không phải hiện nay mà muôn đời sau, tôi tin rằng cuộc đời và sự nghiệp đầy huyền thoại của đại tướng Võ Nguyên Giáp mãi mãi là tấm gương, là niềm tự hào của mỗi người Việt Nam"".",1.0,1.0,1.0,1.0
vi-zh-2022-test-0210,1,remove_one_tone,"Ong Bigeard nói thêm rằng: “Không phải hiện nay mà muôn đời sau, tôi tin rằng cuộc đời và sự nghiệp đầy huyền thoại của đại tướng Võ Nguyên Giáp mãi mãi là tấm gương, là niềm tự hào của mỗi người Việt Nam"".",0.9938077527611127,0.9888535136610725,0.9937687648240496,0.9900628324832855
vi-zh-2022-test-0210,2,remove_tones_and_drop_one_word,"Ong Bigeard noi them rang: “Khong phai hien nay ma muon đoi sau, toi tin rang cuoc đoi va su nghiep đay thoai cua đai tuong Vo Nguyen Giap mai mai la tam guong, la niem tu hao cua moi nguoi Viet Nam"".",0.4097124564205398,0.3116454493877062,0.2964021407537493,0.2511794728712149
vi-zh-2022-test-0210,3,word_dropout_15pct,"nói thêm rằng: “Không phải hiện nay mà muôn đời tôi tin rằng cuộc đời và sự nghiệp đầy thoại của đại tướng Nguyên Giáp mãi mãi tấm gương, là tự hào của mỗi người Việt Nam"".",0.8165182916516833,0.8128403596236299,0.7816447470829568,0.7876046469331702
vi-zh-2022-test-0210,4,word_dropout_30pct_and_swap,"Bigeard “Không nói phải nay mà muôn đời sau, tin rằng đời và sự nghiệp thoại của đại Võ Giáp mãi mãi là tấm tự hào của mỗi người Việt Nam"".",0.6248940338170557,0.6221654670939312,0.5655190860285161,0.5783194322317441
vi-zh-2022-test-0210,5,word_dropout_50pct_and_punctuation_remove,Ông “Không phải nay đời tôi rằng cuộc đời sự nghiệp huyền đại tướng Giáp mãi tấm gương là hào của Việt,0.4264991331431116,0.40195291552859996,0.34763846973193174,0.34894235969121845
vi-zh-2022-test-0211,0,identity,"Trong 30 năm làm Tổng tư lệnh và gần 50 năm làm chính trị, ông đã thể hiện những phẩm chất phi thường trong mọi lĩnh vực tác chiến.",1.0,1.0,1.0,1.0
vi-zh-2022-test-0211,1,remove_one_tone,"Trong 30 nam làm Tổng tư lệnh và gần 50 năm làm chính trị, ông đã thể hiện những phẩm chất phi thường trong mọi lĩnh vực tác chiến.",0.9752451121754094,0.9670092862531403,0.9648751514001116,0.9612907721522341
vi-zh-2022-test-0211,2,remove_tones_and_drop_one_word,"Trong 30 nam lam Tong tu lenh va gan 50 nam lam chinh tri, đa the hien nhung pham chat phi thuong trong moi linh vuc tac chien.",0.4287442604599326,0.3293011937232576,0.3147452783387776,0.26866272165415217
vi-zh-2022-test-0211,3,word_dropout_15pct,"Trong 30 năm làm Tổng tư và gần 50 năm làm chính trị, ông đã thể hiện những phẩm chất trong lĩnh vực tác chiến.",0.8235977037493695,0.829376360833768,0.7903790355641453,0.803022388470702
vi-zh-2022-test-0211,4,word_dropout_30pct_and_swap,"Trong làm năm Tổng tư lệnh và gần 50 năm làm trị, ông đã thể hiện phẩm chất mọi chiến.",0.5902010246963424,0.6019131359803297,0.5266854380610347,0.5513682316536618
vi-zh-2022-test-0211,5,word_dropout_50pct_and_punctuation_remove,Trong năm Tổng lệnh và làm chính trị hiện những chất thường lĩnh tác,0.4420501856156572,0.4045271598404475,0.35088584674651885,0.3455327926623773
vi-zh-2022-test-0212,0,identity,Điều này tạo thành một sức mạnh chưa từng có.,1.0,1.0,1.0,1.0
vi-zh-2022-test-0212,1,remove_one_tone,Đieu này tạo thành một sức mạnh chưa từng có.,0.9339837450131567,0.9241709815239227,0.9242351310840401,0.9193127119493937
vi-zh-2022-test-0212,2,remove_tones_and_drop_one_word,Đieu nay tao thanh mot manh chua tung co.,0.30910968137307293,0.2215053157431779,0.206073120915382,0.1661289868073834
vi-zh-2022-test-0212,3,word_dropout_15pct,Điều này tạo một sức mạnh chưa có.,0.6853771823063856,0.7027773473112806,0.625147434577972,0.6532996871697425
vi-zh-2022-test-0212,4,word_dropout_30pct_and_swap,Điều tạo này sức mạnh chưa có.,0.508582171359513,0.5205853832143992,0.4134582778183768,0.44627074479063694
vi-zh-2022-test-0212,5,word_dropout_50pct_and_punctuation_remove,Điều này thành một từng,0.48752990663800533,0.448175305560598,0.4079378590809217,0.39828738897561755
vi-zh-2022-test-0213,0,identity,Các hãng thông tấn nổi tiếng hàng đầu thế giới đều dành nhiều lời ngợi ca Đại tướng Võ Nguyên Giáp khi viết về ông.,1.0,1.0,1.0,1.0
vi-zh-2022-test-0213,1,remove_one_tone,Cac hãng thông tấn nổi tiếng hàng đầu thế giới đều dành nhiều lời ngợi ca Đại tướng Võ Nguyên Giáp khi viết về ông.,0.9803973959872836,0.9738546742479328,0.9792242107080865,0.9746104657233725
vi-zh-2022-test-0213,2,remove_tones_and_drop_one_word,Cac hang thong tan noi tieng hang đau the gioi đeu danh loi ngoi ca Đai tuong Vo Nguyen Giap khi viet ve ong.,0.3613559989174407,0.26028472151927806,0.24674075785977348,0.19959111546367253
vi-zh-2022-test-0213,3,word_dropout_15pct,Các hãng thông tấn nổi tiếng hàng đầu thế giới đều nhiều lời ngợi Đại tướng Võ Giáp viết về ông.,0.791205018841169,0.7900572752675359,0.7429999421326257,0.7541919410283312
vi-zh-2022-test-0213,4,word_dropout_30pct_and_swap,hãng tấn thông nổi đầu thế giới dành nhiều lời ca Đại tướng Nguyên Giáp viết về ông.,0.6599137464654635,0.6392925235471202,0.5704088065749081,0.5773186721222139
vi-zh-2022-test-0213,5,word_dropout_50pct_and_punctuation_remove,hãng thông nổi hàng thế lời ca tướng Võ khi viết ông,0.3599910318317383,0.3487332641042109,0.2813550530995361,0.2925734978976838
vi-zh-2022-test-0214,0,identity,Hãng tin AFP của Pháp cho rằng Đại tướng Võ Nguyên Giáp là “một trong những nhà chiến lược quân sự vĩ đại nhất lịch sử” và là kiến trúc sư cho chiến thắng chống thực dân Pháp và chống đế quốc Mỹ của Việt Nam.,1.0,1.0,1.0,1.0
vi-zh-2022-test-0214,1,remove_one_tone,Hang tin AFP của Pháp cho rằng Đại tướng Võ Nguyên Giáp là “một trong những nhà chiến lược quân sự vĩ đại nhất lịch sử” và là kiến trúc sư cho chiến thắng chống thực dân Pháp và chống đế quốc Mỹ của Việt Nam.,0.9891492478535132,0.9855968775390984,0.9885600245356251,0.986043052629286
vi-zh-2022-test-0214,2,remove_tones_and_drop_one_word,Hang tin AFP cua Phap cho rang Đai tuong Vo Nguyen Giap la “mot trong nhung nha chien luoc quan su vi đai lich su” va la kien truc su cho chien thang chong thuc dan Phap va chong đe quoc My cua Viet Nam.,0.40294246344396045,0.3008351560008801,0.2908058179776093,0.24225950006679778
vi-zh-2022-test-0214,3,word_dropout_15pct,tin AFP của Pháp cho rằng Đại tướng Võ Giáp là “một những chiến lược quân sự đại nhất sử” và là kiến trúc cho chiến thắng chống thực dân Pháp và chống đế quốc Mỹ của Việt Nam.,0.8090244291940587,0.8088709845454012,0.7687252583581295,0.7786859107353905
vi-zh-2022-test-0214,4,word_dropout_30pct_and_swap,của tướng Pháp Giáp là “một trong nhà chiến quân sự vĩ đại nhất lịch sử” và là kiến sư cho chống thực dân Pháp và chống đế quốc của Việt Nam.,0.6573565297778713,0.6552940192576188,0.6128820074246497,0.6224592429322875
vi-zh-2022-test-0214,5,word_dropout_50pct_and_punctuation_remove,tin AFP của Đại tướng Võ Giáp “một những nhà sự đại sử” là trúc thắng chống Pháp và chống Mỹ của Nam,0.3971476844888435,0.39201626069805945,0.32599194186077335,0.3399340022139933
vi-zh-2022-test-0215,0,identity,Hãng Reuters (Anh) đánh giá Đại tướng Võ Nguyên Giáp là một trong 10 vị tướng vĩ đại nhất mọi thời đại.,1.0,1.0,1.0,1.0
vi-zh-2022-test-0215,1,remove_one_tone,Hang Reuters (Anh) đánh giá Đại tướng Võ Nguyên Giáp là một trong 10 vị tướng vĩ đại nhất mọi thời đại.,0.9781992660819716,0.9712753561319424,0.9768636687854726,0.9720046356470753
vi-zh-2022-test-0215,2,remove_tones_and_drop_one_word,Hang Reuters (Anh) đanh gia Đai tuong Vo Nguyen Giap la trong 10 vi tuong vi đai nhat moi thoi đai.,0.4636201614030487,0.37302699162810865,0.3697393838526894,0.325264687419428
vi-zh-2022-test-0215,3,word_dropout_15pct,Hãng Reuters (Anh) đánh giá tướng Giáp là một trong 10 vị tướng vĩ đại nhất mọi thời đại.,0.848859527608025,0.8494109698441015,0.8204119072097842,0.8279386571802874
vi-zh-2022-test-0215,4,word_dropout_30pct_and_swap,Hãng đánh Reuters giá Đại tướng Võ Nguyên là một trong 10 vĩ đại mọi,0.5894291714072388,0.5685025097122968,0.5134372907159537,0.5167365972530816
vi-zh-2022-test-0215,5,word_dropout_50pct_and_punctuation_remove,Hãng đánh là một trong 10 vị đại mọi thời đại,0.38565003073373627,0.3918396046687975,0.3305065917724047,0.34895011654447006
vi-zh-2022-test-0216,0,identity,"Tờ Prensa Latina (Cuba) ca ngợi Đại tướng Võ Nguyên Giáp là một chiến lược gia quân sự lỗi lạc, đã áp dụng một cách tài tình chiến lược chiến tranh nhân dân.",1.0,1.0,1.0,1.0
vi-zh-2022-test-0216,1,remove_one_tone,"To Prensa Latina (Cuba) ca ngợi Đại tướng Võ Nguyên Giáp là một chiến lược gia quân sự lỗi lạc, đã áp dụng một cách tài tình chiến lược chiến tranh nhân dân.",0.9858043406293396,0.9811446926946923,0.9850036283718098,0.9817090704852065
vi-zh-2022-test-0216,2,remove_tones_and_drop_one_word,"To Prensa Latina (Cuba) ca ngoi Đai tuong Vo Nguyen Giap la mot chien luoc gia su loi lac, đa ap dung mot cach tai tinh chien luoc chien tranh nhan dan.",0.46690332594541334,0.3723255683408344,0.3711243892839455,0.32413581673209213
vi-zh-2022-test-0216,3,word_dropout_15pct,Tờ Prensa (Cuba) ca ngợi Đại tướng Võ Giáp là một chiến lược quân sự lỗi áp dụng một cách tài tình chiến lược chiến tranh nhân dân.,0.814830843138712,0.8101732411698667,0.779652213137673,0.7849538143431052
vi-zh-2022-test-0216,4,word_dropout_30pct_and_swap,Tờ ngợi ca Đại tướng Võ Nguyên Giáp là một chiến lược quân lỗi đã áp dụng một tài tình chiến chiến nhân,0.5811073304845624,0.5690520840490831,0.5186874257193504,0.5252500661789057
vi-zh-2022-test-0216,5,word_dropout_50pct_and_punctuation_remove,Tờ ca Võ một lược quân sự lạc áp một cách tài tình chiến chiến nhân,0.34109667698439344,0.33764744496608456,0.2824661229743301,0.29454423478850583
vi-zh-2022-test-0217,0,identity,"Những kiến thức và tài năng quân sự của Đại tướng Võ Nguyên Giáp đều do tự học từ lịch sử chống giặc ngoại xâm của dân tộc Việt Nam và lịch sử quân sự thế giới cùng sự tự rèn luyện, tự đúc rút kinh nghiệm qua thực tế chiến đấu của Quân đội nhân dân Việt Nam mà nên.",1.0,1.0,1.0,1.0
vi-zh-2022-test-0217,1,remove_one_tone,"Nhung kiến thức và tài năng quân sự của Đại tướng Võ Nguyên Giáp đều do tự học từ lịch sử chống giặc ngoại xâm của dân tộc Việt Nam và lịch sử quân sự thế giới cùng sự tự rèn luyện, tự đúc rút kinh nghiệm qua thực tế chiến đấu của Quân đội nhân dân Việt Nam mà nên.",0.9889220548448044,0.9872810285413565,0.9876271410408147,0.9867200997642258
vi-zh-2022-test-0217,2,remove_tones_and_drop_one_word,"Nhung kien thuc va tai nang quan su cua Đai tuong Vo Nguyen Giap đeu do tu hoc tu lich su chong giac ngoai xam cua dan toc Viet Nam lich su quan su the gioi cung su tu ren luyen, tu đuc rut kinh nghiem qua thuc te chien đau cua Quan đoi nhan dan Viet Nam ma nen.",0.36551734051950474,0.262255825809822,0.25449997025332977,0.20480817683195446
vi-zh-2022-test-0217,3,word_dropout_15pct,"Những kiến thức tài quân sự của Đại tướng Nguyên Giáp đều do tự học lịch sử chống giặc ngoại của dân tộc Việt Nam và lịch sử quân sự giới cùng sự rèn luyện, tự đúc rút kinh nghiệm qua thực chiến đấu của Quân đội nhân Việt Nam mà nên.",0.8506694258387032,0.8360218556987159,0.8078641733081475,0.8075816315723788
vi-zh-2022-test-0217,4,word_dropout_30pct_and_swap,Những tài kiến năng quân sự của Đại tướng đều tự lịch sử chống xâm của dân tộc Việt Nam lịch sử quân sự thế giới sự tự rèn tự kinh nghiệm qua thực tế đấu của đội nhân dân Việt Nam mà,0.6281660982478392,0.623580011166475,0.5707579069212589,0.5816704155485394
vi-zh-2022-test-0217,5,word_dropout_50pct_and_punctuation_remove,Những kiến năng Đại tướng Nguyên Giáp đều từ sử ngoại xâm tộc Việt quân sự thế sự tự rèn đúc rút nghiệm thực tế chiến của dân mà nên,0.44322379207402784,0.42928785102371575,0.3713375828753498,0.3788560722248405
vi-zh-2022-test-0218,0,identity,"Chính điều ấy đã làm nên sự khác biệt của Đại tướng Võ Nguyên Giáp, khiến thế giới khâm phục, suy tôn ông là danh tướng, một trong những vị tướng kiệt xuất nhất trong lịch sử nhân loại và là một trong số ít những người có khả năng làm thay đổi dòng chảy lịch sử.",1.0,1.0,1.0,1.0
vi-zh-2022-test-0218,1,remove_one_tone,"Chinh điều ấy đã làm nên sự khác biệt của Đại tướng Võ Nguyên Giáp, khiến thế giới khâm phục, suy tôn ông là danh tướng, một trong những vị tướng kiệt xuất nhất trong lịch sử nhân loại và là một trong số ít những người có khả năng làm thay đổi dòng chảy lịch sử.",0.9889763315077231,0.987140869456879,0.9876880779580081,0.986633544807304
vi-zh-2022-test-0218,2,remove_tones_and_drop_one_word,"Chinh đieu ay đa lam nen su khac biet cua Đai tuong Vo Nguyen Giap, khien the gioi kham phuc, suy ton ong la danh tuong, mot trong vi tuong kiet xuat nhat trong lich su nhan loai va la mot trong so it nhung nguoi co kha nang lam thay đoi dong chay lich su.",0.3992906743198617,0.29639341397357116,0.2836357402416455,0.23537653120640858
vi-zh-2022-test-0218,3,word_dropout_15pct,"Chính điều ấy đã làm nên sự khác biệt của Đại Võ Giáp, khiến thế khâm suy tôn ông là danh một trong những vị tướng kiệt nhất trong lịch sử loại và là trong số những người có khả năng làm thay đổi dòng chảy lịch sử.",0.7775558712402578,0.7754372416286105,0.7351846902768178,0.7441892365175348
vi-zh-2022-test-0218,4,word_dropout_30pct_and_swap,"Chính ấy điều đã làm nên sự biệt của Đại tướng Võ Nguyên Giáp, thế khâm phục, suy là danh trong những xuất nhất trong lịch sử nhân loại và trong số những người có khả năng đổi lịch sử.",0.6534922354360071,0.6462140647261915,0.5923577092161846,0.6021828345691341
vi-zh-2022-test-0218,5,word_dropout_50pct_and_punctuation_remove,ấy nên Đại Võ Nguyên Giáp giới khâm phục suy tôn tướng một những tướng xuất nhất trong lịch trong số những người thay đổi dòng chảy sử,0.46781762442337604,0.4383743863734081,0.4035817617076989,0.3975599307037481
vi-zh-2022-test-0219,0,identity,"Singapore được coi là đối tác thân cận nhất của Mỹ trong khu vực, còn Việt Nam là đối tác an ninh được quan tâm, cũng là đối tác thương mại lớn nhất của Mỹ ở Đông Nam Á.",1.0,1.0,1.0,1.0
vi-zh-2022-test-0219,1,remove_one_tone,"Singapore đuoc coi là đối tác thân cận nhất của Mỹ trong khu vực, còn Việt Nam là đối tác an ninh được quan tâm, cũng là đối tác thương mại lớn nhất của Mỹ ở Đông Nam Á.",0.9728964123531432,0.9698326062996953,0.9647976665614714,0.9645244984693032
vi-zh-2022-test-0219,2,remove_tones_and_drop_one_word,"Singapore đuoc coi la đoi tac than can nhat cua My trong khu vuc, con Viet Nam la đoi an ninh đuoc quan tam, cung la đoi tac thuong mai lon nhat cua My o Đong Nam A.",0.45019814104731604,0.3561489241833415,0.3411338022735033,0.29786297370879644
vi-zh-2022-test-0219,3,word_dropout_15pct,"Singapore được coi đối tác thân cận Mỹ trong khu vực, còn Việt Nam là đối tác an ninh được quan tâm, là đối thương mại lớn nhất của Mỹ ở Đông Nam",0.843619731184307,0.8323864943648779,0.8105593092289609,0.8104003962853008
vi-zh-2022-test-0219,4,word_dropout_30pct_and_swap,"được thân tác cận nhất của Mỹ vực, còn Việt Nam là đối an ninh quan tâm, cũng là tác mại lớn nhất của Mỹ Đông Nam",0.6040173561758515,0.6078441227941667,0.5343312613052037,0.554628124985989
vi-zh-2022-test-0219,5,word_dropout_50pct_and_punctuation_remove,Singapore coi là đối thân Mỹ khu Nam đối tâm cũng là đối tác mại lớn Mỹ ở Đông Á,0.3930051757282932,0.38709272334939165,0.32271671147789754,0.3358567507211581
vi-zh-2022-test-0220,0,identity,"Tại Singapore, bà K.Harris có cuộc gặp và họp báo chung với Thủ tướng Lý Hiển Long, tái xác nhận cam kết của Mỹ về việc hợp tác với các đồng minh và đối tác trong khu vực Ấn Độ Dương - Thái Bình Dương để duy trì trật tự quốc tế dựa trên luật lệ và tự do hàng hải, gồm ở Biển Đông.",1.0,1.0,1.0,1.0
vi-zh-2022-test-0220,1,remove_one_tone,"Tai Singapore, bà K.Harris có cuộc gặp và họp báo chung với Thủ tướng Lý Hiển Long, tái xác nhận cam kết của Mỹ về việc hợp tác với các đồng minh và đối tác trong khu vực Ấn Độ Dương - Thái Bình Dương để duy trì trật tự quốc tế dựa trên luật lệ và tự do hàng hải, gồm ở Biển Đông.",0.9918331447587373,0.9896889905098033,0.9914033239641694,0.9899026634761108
vi-zh-2022-test-0220,2,remove_tones_and_drop_one_word,"Tai Singapore, ba K.Harris co cuoc gap va hop bao chung voi Thu tuong Ly Hien Long, tai xac nhan cam ket cua My ve viec hop tac voi cac đong minh đoi tac trong khu vuc An Đo Duong - Thai Binh Duong đe duy tri trat tu quoc te dua tren luat le va tu do hang hai, gom o Bien Đong.",0.4181154064813228,0.32245561320191335,0.31899227734502095,0.27202821593133036
vi-zh-2022-test-0220,3,word_dropout_15pct,"Tại Singapore, bà K.Harris cuộc gặp và báo chung Thủ tướng Lý Long, tái xác nhận cam kết Mỹ về việc hợp tác với các đồng đối tác trong khu Ấn Độ Dương Thái Bình Dương để duy trật tự quốc tế dựa trên luật lệ và tự do hàng hải, gồm ở Biển Đông.",0.8374876067560735,0.8288371766925523,0.7946676191014969,0.7988849840774754
vi-zh-2022-test-0220,4,word_dropout_30pct_and_swap,"Tại bà Singapore, K.Harris có cuộc gặp và họp báo chung Thủ tướng Hiển Long, tái nhận cam của về việc hợp tác với đồng minh đối tác trong khu vực Ấn - Thái duy trì tự quốc tế dựa trên hàng hải, ở Biển Đông.",0.6789140620886013,0.6687026866658309,0.6113535668201403,0.6205850799237311
vi-zh-2022-test-0220,5,word_dropout_50pct_and_punctuation_remove,Tại Singapore bà có gặp và họp Lý cam kết việc với các đồng minh đối tác trong khu vực Ấn Độ Dương Dương trên lệ tự do hải gồm Biển Đông,0.43766375991317813,0.4223795676582277,0.3789204648949535,0.382141913309168
vi-zh-2022-test-0221,0,identity,Việt – Mỹ chia sẻ nhiều lợi ích chung,1.0,1.0,1.0,1.0
vi-zh-2022-test-0221,1,remove_one_tone,Viet – Mỹ chia sẻ nhiều lợi ích chung,0.9168982358637533,0.9052469720573169,0.9037654905758356,0.8983102290429877
vi-zh-2022-test-0221,2,remove_tones_and_drop_one_word,Viet – My chia nhieu loi ich chung,0.4615924231174875,0.3645603631219794,0.3421783391380229,0.29925746045491036
vi-zh-2022-test-0221,3,word_dropout_15pct,Việt – chia sẻ nhiều lợi ích chung,0.8837081727567647,0.8689320281521045,0.8379241775132305,0.8382871201875463
vi-zh-2022-test-0221,4,word_dropout_30pct_and_swap,Việt chia Mỹ sẻ ích chung,0.4984953146048068,0.47391764787306057,0.3836129460759764,0.393896978201267
vi-zh-2022-test-0221,5,word_dropout_50pct_and_punctuation_remove,Việt chia nhiều chung,0.46743492051851077,0.3956331745956422,0.32625244010875265,0.3076898233865611
vi-zh-2022-test-0222,0,identity,"Để khẳng định cho cam kết hợp tác đối phó với COVID-19, Phó Tổng thống K.Harris sẽ dự lễ khai trương văn phòng CDC Mỹ tại Hà Nội.",1.0,1.0,1.0,1.0
vi-zh-2022-test-0222,1,remove_one_tone,"Đe khẳng định cho cam kết hợp tác đối phó với COVID-19, Phó Tổng thống K.Harris sẽ dự lễ khai trương văn phòng CDC Mỹ tại Hà Nội.",0.982548019507833,0.9770626643462181,0.9815275596774994,0.9776686582638716
vi-zh-2022-test-0222,2,remove_tones_and_drop_one_word,"Đe khang đinh cho cam ket hop tac đoi pho voi COVID-19, Pho Tong K.Harris se du le khai truong van phong CDC My tai Ha Noi.",0.4880827760686103,0.38170740152085153,0.399611772269949,0.3419480994683441
vi-zh-2022-test-0222,3,word_dropout_15pct,"Để khẳng định cho cam kết hợp tác đối phó với COVID-19, Phó thống K.Harris dự lễ khai trương văn phòng tại Hà Nội.",0.8693810690385287,0.858037703498399,0.8348921381972619,0.8350073155208448
vi-zh-2022-test-0222,4,word_dropout_30pct_and_swap,Để định khẳng cho kết hợp tác đối với Phó Tổng dự lễ trương văn phòng Mỹ tại Hà Nội.,0.5384237186644204,0.5506047310459072,0.4569434495437131,0.48646683492749043
vi-zh-2022-test-0222,5,word_dropout_50pct_and_punctuation_remove,Để khẳng định cho kết hợp phó với thống sẽ khai phòng Mỹ tại,0.4010854013674474,0.3932204162000976,0.3212816845309223,0.335335466619172
vi-zh-2022-test-0223,0,identity,Đây cũng là kết quả của sự hợp tác giữa Hoa Kỳ và Việt Nam trong việc phòng chống sức khỏe cộng đồng.,1.0,1.0,1.0,1.0
vi-zh-2022-test-0223,1,remove_one_tone,Đay cũng là kết quả của sự hợp tác giữa Hoa Kỳ và Việt Nam trong việc phòng chống sức khỏe cộng đồng.,0.9773527327657906,0.9707110005878218,0.9759528728949115,0.9713215387291547
vi-zh-2022-test-0223,2,remove_tones_and_drop_one_word,Đay cung la ket qua cua su hop tac giua Hoa va Viet Nam trong viec phong chong suc khoe cong đong.,0.40528605140144125,0.30551327265400074,0.2994166275947323,0.25105439612160163
vi-zh-2022-test-0223,3,word_dropout_15pct,Đây cũng là kết của sự hợp tác giữa Hoa Kỳ và Việt Nam việc phòng sức khỏe cộng đồng.,0.8172041054414929,0.8209225269925328,0.7765545166493187,0.7895156693069615
vi-zh-2022-test-0223,4,word_dropout_30pct_and_swap,Đây là cũng của sự tác giữa Hoa và Nam việc phòng chống sức khỏe đồng.,0.5758701307051781,0.5710177249163854,0.49384977615682485,0.5107181504647649
vi-zh-2022-test-0223,5,word_dropout_50pct_and_punctuation_remove,Đây cũng là quả của hợp tác giữa Kỳ Việt Nam sức,0.4146895848928607,0.417644153543785,0.34700131849192856,0.36615230706490176
vi-zh-2022-test-0224,0,identity,"Với việc các nhà đầu tư nước ngoài ồ ạt vào Việt Nam để sản xuất hàng hóa xuất khẩu sang Hoa Kỳ, Việt Nam cũng trở thành một trong những quốc gia được hưởng lợi nhiều nhất từ ​​sự chuyển dịch trong chuỗi cung ứng toàn cầu.",1.0,1.0,1.0,1.0
vi-zh-2022-test-0224,1,remove_one_tone,"Voi việc các nhà đầu tư nước ngoài ồ ạt vào Việt Nam để sản xuất hàng hóa xuất khẩu sang Hoa Kỳ, Việt Nam cũng trở thành một trong những quốc gia được hưởng lợi nhiều nhất từ ​​sự chuyển dịch trong chuỗi cung ứng toàn cầu.",0.9899007151984471,0.9865324495880805,0.9893570414131144,0.9869667606516727
vi-zh-2022-test-0224,2,remove_tones_and_drop_one_word,"Voi viec cac nha đau tu nuoc ngoai o at vao Viet Nam đe san xuat hang hoa xuat khau sang Hoa Ky, Viet cung tro thanh mot trong nhung quoc gia đuoc huong loi nhieu nhat tu ​​su chuyen dich trong chuoi cung ung toan cau.",0.435291048227102,0.3237298535688991,0.3196060419396547,0.26485639713083675
vi-zh-2022-test-0224,3,word_dropout_15pct,"Với việc các nhà đầu tư nước ngoài ồ ạt vào Việt Nam sản xuất hàng hóa xuất khẩu sang Hoa Kỳ, Việt cũng trở một những quốc gia được hưởng lợi nhiều nhất từ ​​sự trong cung ứng toàn cầu.",0.8072002891000745,0.811682706158746,0.7731732803770807,0.7850467523529483
vi-zh-2022-test-0224,4,word_dropout_30pct_and_swap,"Với các việc tư ồ vào Việt Nam xuất hàng hóa xuất khẩu Hoa Kỳ, Nam trở thành một trong những quốc gia được hưởng nhiều nhất từ dịch trong chuỗi cung ứng toàn",0.654751528682144,0.6439510688339299,0.6049183084372506,0.6092757637500887
vi-zh-2022-test-0224,5,word_dropout_50pct_and_punctuation_remove,các đầu nước ngoài ạt vào Việt để khẩu Hoa Kỳ Việt Nam trở những được lợi nhiều nhất ​​sự dịch chuỗi ứng cầu,0.3898231308784601,0.3758057475068376,0.30466783322029745,0.3154433396509376
vi-zh-2022-test-0225,0,identity,"Tuy nhiên, đại dịch COVID-19 đã làm chuỗi cung ứng phần nào bị đứt gãy, đặc biệt là các ngành máy móc, công nghệ.",1.0,1.0,1.0,1.0
vi-zh-2022-test-0225,1,remove_one_tone,"Tuy nhien, đại dịch COVID-19 đã làm chuỗi cung ứng phần nào bị đứt gãy, đặc biệt là các ngành máy móc, công nghệ.",0.9715872645478417,0.9627601164005012,0.9596035480022548,0.955979116028146
vi-zh-2022-test-0225,2,remove_tones_and_drop_one_word,"Tuy nhien, đai dich COVID-19 đa lam chuoi cung ung phan nao đut gay, đac biet la cac nganh may moc, cong nghe.",0.4513677571436949,0.3428793454955865,0.33611967396816,0.28356538510096907
vi-zh-2022-test-0225,3,word_dropout_15pct,"Tuy nhiên, đại COVID-19 đã làm cung ứng phần nào bị đứt gãy, đặc biệt là ngành máy móc, công",0.7956214397616002,0.7941890976748851,0.7577399236160631,0.7661378357046111
vi-zh-2022-test-0225,4,word_dropout_30pct_and_swap,"nhiên, đã dịch làm phần nào bị đứt gãy, đặc biệt các ngành máy móc, công nghệ.",0.6505259906249043,0.6630645714714969,0.6026170738472711,0.6240223539588664
vi-zh-2022-test-0225,5,word_dropout_50pct_and_punctuation_remove,đại đã cung phần nào gãy đặc biệt ngành máy công nghệ,0.39792142632837224,0.37398888789878676,0.3267196024793199,0.32656527506316313
vi-zh-2022-test-0226,0,identity,Điều này thể hiện quan điểm nước Mỹ coi trọng khu vực Đông Nam Á.,1.0,1.0,1.0,1.0
vi-zh-2022-test-0226,1,remove_one_tone,Đieu này thể hiện quan điểm nước Mỹ coi trọng khu vực Đông Nam Á.,0.9541669167667066,0.947916833400027,0.9479367480880727,0.9448067277327212
vi-zh-2022-test-0226,2,remove_tones_and_drop_one_word,Đieu nay the hien quan điem nuoc coi trong khu vuc Đong Nam A.,0.4588731146308112,0.3586619545122246,0.34191613138610244,0.295996976264125
vi-zh-2022-test-0226,3,word_dropout_15pct,Điều thể hiện quan điểm nước Mỹ coi khu vực Đông Nam Á.,0.8025624103651195,0.8102242780585759,0.7577074546862663,0.7746771837948071
vi-zh-2022-test-0226,4,word_dropout_30pct_and_swap,này điểm quan nước Mỹ trọng khu vực Nam Á.,0.5196324825083537,0.5282317260226376,0.41235035633538947,0.44563245186702977
vi-zh-2022-test-0226,5,word_dropout_50pct_and_punctuation_remove,thể hiện quan trọng khu vực Nam Á,0.48158029163757526,0.4758563950993211,0.4254280335620887,0.43517015358168476
vi-zh-2022-test-0227,0,identity,"Trong chương trình diễn đàn Thời sự hôm nay, xin mời quý báo và các bạn cùng nghe phóng viên bình luận: Chủ tịch Hồ Chí Minh: tấm gương đạo đức, trí tuệ cho dân tộc và thời đại.",1.0,1.0,1.0,1.0
vi-zh-2022-test-0227,1,remove_one_tone,"Trong chuong trình diễn đàn Thời sự hôm nay, xin mời quý báo và các bạn cùng nghe phóng viên bình luận: Chủ tịch Hồ Chí Minh: tấm gương đạo đức, trí tuệ cho dân tộc và thời đại.",0.9744776485455653,0.9714452822580019,0.9668712239612778,0.9664985553916772
vi-zh-2022-test-0227,2,remove_tones_and_drop_one_word,"Trong chuong trinh dien đan Thoi su hom nay, xin moi quy bao va cac ban cung nghe phong binh luan: Chu tich Ho Chi Minh: tam guong đao đuc, tri tue cho dan toc va thoi đai.",0.4207288119996027,0.3340253236567883,0.3103853743605859,0.2729436258537573
vi-zh-2022-test-0227,3,word_dropout_15pct,"Trong chương trình diễn đàn Thời sự hôm mời quý báo và các cùng nghe phóng viên bình luận: Chủ tịch Chí Minh: tấm đạo đức, trí tuệ cho tộc và thời đại.",0.8236071923003502,0.8180364240984018,0.7840395330403191,0.7897531987029367
vi-zh-2022-test-0227,4,word_dropout_30pct_and_swap,"trình Thời đàn sự hôm nay, xin quý báo và các bạn cùng nghe phóng viên bình Chủ tịch tấm gương đức, trí dân và thời đại.",0.6199362149781616,0.6175707276211756,0.555356012921683,0.5697278269609161
vi-zh-2022-test-0227,5,word_dropout_50pct_and_punctuation_remove,Trong chương trình sự xin mời báo và bạn nghe viên tịch Hồ Minh gương đạo đức tộc và thời,0.43569604740878587,0.41485475036664665,0.36223766106977545,0.3649691061492263
vi-zh-2022-test-0228,0,identity,"AIPA-42 là sự kiện có ý nghĩa đặc biệt quan trọng, là hoạt động đối ngoại đa phương chính thức đầu tiên của Chủ tịch Quốc hội Vương Đình Huệ trong nhiệm kỳ mới.",1.0,1.0,1.0,1.0
vi-zh-2022-test-0228,1,remove_one_tone,"AIPA-42 la sự kiện có ý nghĩa đặc biệt quan trọng, là hoạt động đối ngoại đa phương chính thức đầu tiên của Chủ tịch Quốc hội Vương Đình Huệ trong nhiệm kỳ mới.",0.9799987259657059,0.9725123781570315,0.9716940282483176,0.9681554418211589
vi-zh-2022-test-0228,2,remove_tones_and_drop_one_word,"AIPA-42 la su kien co y nghia đac biet quan trong, la hoat đong đoi ngoai đa chinh thuc đau tien cua Chu tich Quoc hoi Vuong Đinh Hue trong nhiem ky moi.",0.4103780394286175,0.3015199913374201,0.29967489274790543,0.24570716864596157
vi-zh-2022-test-0228,3,word_dropout_15pct,"là sự kiện có ý nghĩa đặc biệt quan trọng, là hoạt động ngoại đa phương chính thức đầu tiên Chủ tịch hội Vương Đình trong nhiệm kỳ mới.",0.8185762921981169,0.8208003695457933,0.7833860223660146,0.7938541151251137
vi-zh-2022-test-0228,4,word_dropout_30pct_and_swap,"AIPA-42 ý là nghĩa biệt quan trọng, hoạt động ngoại chính thức đầu tiên của Chủ tịch Quốc hội Vương Đình Huệ trong nhiệm",0.7191165005269569,0.6892485290388044,0.6710813060195544,0.660695656785449
vi-zh-2022-test-0228,5,word_dropout_50pct_and_punctuation_remove,có ý đặc trọng là đối phương chính thức đầu của Chủ Quốc hội Vương trong nhiệm,0.43252058854749686,0.41908599444278094,0.37507726785285656,0.3793599964469827
vi-zh-2022-test-0229,0,identity,AIPA - 42 tăng cường đoàn kết ASEAN và vượt qua các thách thức.,1.0,1.0,1.0,1.0
vi-zh-2022-test-0229,1,remove_one_tone,AIPA - 42 tang cường đoàn kết ASEAN và vượt qua các thách thức.,0.947894322622666,0.9303422468278089,0.9249247174972361,0.9175030619324509
vi-zh-2022-test-0229,2,remove_tones_and_drop_one_word,AIPA - 42 tang cuong đoan ket va vuot qua cac thach thuc.,0.42196170458742216,0.3617817827205521,0.31119025036956904,0.2937488154674803
vi-zh-2022-test-0229,3,word_dropout_15pct,AIPA - 42 tăng cường đoàn kết ASEAN vượt các thách thức.,0.8674039885785931,0.849263817636126,0.825408959851298,0.8223019837805903
vi-zh-2022-test-0229,4,word_dropout_30pct_and_swap,- cường 42 đoàn kết và vượt qua thách thức.,0.5712668655430516,0.573189408482366,0.4831273068624489,0.5066249859421994
vi-zh-2022-test-0229,5,word_dropout_50pct_and_punctuation_remove,AIPA - tăng cường đoàn vượt thức,0.45536684326192095,0.43108987328142834,0.37722767194313533,0.378539441913873
vi-zh-2022-test-0230,0,identity,Việt Nam đóng góp tích cực và có trách nhiệm vào sự hợp tác của liên minh nghị viện đa phương,1.0,1.0,1.0,1.0
vi-zh-2022-test-0230,1,remove_one_tone,Viet Nam đóng góp tích cực và có trách nhiệm vào sự hợp tác của liên minh nghị viện đa phương,0.9683532320253333,0.9626323134137144,0.9643028366954909,0.9610247465692371
vi-zh-2022-test-0230,2,remove_tones_and_drop_one_word,Viet Nam đong gop tich cuc va co trach nhiem su hop tac cua lien minh nghi vien đa phuong,0.4021031062261457,0.29210733470632516,0.29254368178559753,0.237436704176997
vi-zh-2022-test-0230,3,word_dropout_15pct,đóng góp tích cực và có trách nhiệm vào sự hợp tác của liên minh nghị viện phương,0.8748904512494786,0.8677925879426012,0.8581020010221944,0.8569749403288551
vi-zh-2022-test-0230,4,word_dropout_30pct_and_swap,Việt góp đóng tích cực và có trách vào sự hợp minh viện đa phương,0.6018036349739627,0.5983981564448256,0.5181583547590781,0.5365192507177287
vi-zh-2022-test-0230,5,word_dropout_50pct_and_punctuation_remove,Nam đóng cực và nhiệm hợp tác liên đa phương,0.41701584435487776,0.4041242803862999,0.32991101349274116,0.3420185458893129
vi-zh-2022-test-0231,0,identity,"Trên tinh thần xây dựng sự đồng thuận và cùng làm việc, Hội đồng AIPA lần thứ 42 tiếp tục nhấn mạnh và phát huy tinh thần đoàn kết, hành động kịp thời, tích cực và chung tay thực hiện các biện pháp phòng chống dịch hiệu quả, không ngừng phát triển để góp phần vào hạnh phúc của người dân trong khu vực. Nỗ lực. Dựa trên nỗ lực chung này, hãy tham gia Hội đồng Liên minh Nghị viện ASEAN 26",1.0,1.0,1.0,1.0
vi-zh-2022-test-0231,1,remove_one_tone,"Tren tinh thần xây dựng sự đồng thuận và cùng làm việc, Hội đồng AIPA lần thứ 42 tiếp tục nhấn mạnh và phát huy tinh thần đoàn kết, hành động kịp thời, tích cực và chung tay thực hiện các biện pháp phòng chống dịch hiệu quả, không ngừng phát triển để góp phần vào hạnh phúc của người dân trong khu vực. Nỗ lực. Dựa trên nỗ lực chung này, hãy tham gia Hội đồng Liên minh Nghị viện ASEAN 26",0.9926013094857421,0.9913430286292798,0.9917507809499823,0.9910197024415752
vi-zh-2022-test-0231,2,remove_tones_and_drop_one_word,"Tren tinh than xay dung su đong thuan va cung lam viec, Hoi đong AIPA lan thu 42 tiep tuc nhan manh va phat huy tinh than đoan ket, hanh đong kip thoi, tich cuc va chung tay thuc hien cac phap phong chong dich hieu qua, khong ngung phat trien đe gop phan vao hanh phuc cua nguoi dan trong khu vuc. No luc. Dua tren no luc chung nay, hay tham gia Hoi đong Lien minh Nghi vien ASEAN 26",0.4610099398231307,0.35755584915622907,0.34723773806400204,0.29809022120902207
vi-zh-2022-test-0231,3,word_dropout_15pct,"Trên tinh thần xây dựng sự thuận và cùng làm Hội đồng AIPA lần thứ 42 tiếp tục nhấn mạnh và phát huy tinh đoàn kết, hành động kịp thời, tích cực và chung tay thực hiện các pháp phòng chống hiệu quả, không ngừng phát để góp phần vào hạnh dân trong khu vực. Nỗ lực. Dựa trên lực này, hãy tham gia đồng Liên minh Nghị viện ASEAN 26",0.8187753832864414,0.8200052117300076,0.7856494209285776,0.7948541351506706
vi-zh-2022-test-0231,4,word_dropout_30pct_and_swap,"Trên thần tinh dựng sự đồng thuận và cùng làm việc, Hội đồng thứ tiếp tục mạnh phát huy tinh thần đoàn kết, hành kịp thời, cực và thực hiện biện pháp phòng chống dịch quả, không ngừng triển để phần vào hạnh phúc của dân trong Nỗ Dựa trên nỗ lực này, gia Hội Liên minh 26",0.6406517667616711,0.6329537977096766,0.5731910745461584,0.5842830152643057
vi-zh-2022-test-0231,5,word_dropout_50pct_and_punctuation_remove,Trên thần xây sự đồng làm việc đồng 42 nhấn tinh kết động kịp thời cực và tay thực biện pháp chống hiệu quả ngừng để góp hạnh phúc của người dân trong khu vực trên lực hãy tham Hội đồng viện,0.4372211857674983,0.41844330792311146,0.36304189523582847,0.36750280863127605
vi-zh-2022-test-0232,0,identity,Chủ đề này đã nhận được sự quan tâm lớn của cộng đồng quốc tế.,1.0,1.0,1.0,1.0
vi-zh-2022-test-0232,1,remove_one_tone,Chu đề này đã nhận được sự quan tâm lớn của cộng đồng quốc tế.,0.9511823543015727,0.9459271250899374,0.9444633595273345,0.9422016863121676
vi-zh-2022-test-0232,2,remove_tones_and_drop_one_word,Chu đe nay đa nhan đuoc su tam lon cua cong đong quoc te.,0.2730241113226342,0.19256542954846073,0.1820160742150895,0.14442407216134553
vi-zh-2022-test-0232,3,word_dropout_15pct,Chủ đề này đã nhận được sự quan của cộng đồng quốc tế.,0.876980871478817,0.8712138267955158,0.8525286560862917,0.8543166796352462
vi-zh-2022-test-0232,4,word_dropout_30pct_and_swap,Chủ đã đề nhận được quan lớn đồng quốc tế.,0.5538112209401248,0.5390529638329875,0.4514337778796781,0.46596046768795757
vi-zh-2022-test-0232,5,word_dropout_50pct_and_punctuation_remove,Chủ này được sự quan lớn đồng quốc,0.48162723434792937,0.45113328472797837,0.3973506230829603,0.3955345151350398
vi-zh-2022-test-0233,0,identity,"Quan điểm và lập trường của Việt Nam tại cuộc họp không chỉ phản ánh ý kiến ​​chung của hầu hết các quốc gia thành viên Hội đồng Bảo an Liên hợp quốc và lãnh đạo các tổ chức, mà còn nhận được sự đánh giá cao của dư luận quốc tế và giới truyền thông.",1.0,1.0,1.0,1.0
vi-zh-2022-test-0233,1,remove_one_tone,"Quan điem và lập trường của Việt Nam tại cuộc họp không chỉ phản ánh ý kiến ​​chung của hầu hết các quốc gia thành viên Hội đồng Bảo an Liên hợp quốc và lãnh đạo các tổ chức, mà còn nhận được sự đánh giá cao của dư luận quốc tế và giới truyền thông.",0.9869788145368151,0.982597693256445,0.9816422394879241,0.9796905422898693
vi-zh-2022-test-0233,2,remove_tones_and_drop_one_word,"Quan điem va lap truong cua Viet Nam tai cuoc hop khong chi phan anh y kien ​​chung cua hau het cac quoc gia thanh vien Hoi đong an Lien hop quoc va lanh đao cac to chuc, ma con nhan đuoc su đanh gia cao cua du luan quoc te va gioi truyen thong.",0.382954021081603,0.27837074162353076,0.2702902267950148,0.22001871566560463
vi-zh-2022-test-0233,3,word_dropout_15pct,"Quan điểm và lập của Việt tại không phản ánh ý kiến ​​chung của hết các quốc gia thành viên Hội đồng Bảo an Liên hợp quốc và lãnh đạo các tổ chức, mà còn nhận được sự đánh giá cao của luận quốc tế và giới thông.",0.8228199834302314,0.8226648684786333,0.7874050745398449,0.7961441098944582
vi-zh-2022-test-0233,4,word_dropout_30pct_and_swap,"Quan lập điểm của Việt tại cuộc họp không phản ánh kiến ​​chung của hầu hết các quốc viên Hội đồng an Liên hợp và các chức, còn được sự đánh giá của luận quốc tế và giới truyền",0.6434184408126906,0.6264180079781759,0.5747428675794842,0.5791610696741774
vi-zh-2022-test-0233,5,word_dropout_50pct_and_punctuation_remove,điểm và của tại cuộc ánh ý kiến hầu các quốc gia thành Bảo an Liên hợp quốc và đạo chức còn nhận của quốc và giới truyền,0.4347596298233458,0.42860456516389644,0.37153125321313596,0.382722649813957
vi-zh-2022-test-0234,0,identity,"Thứ hai, cần có giải pháp toàn cầu dựa trên hệ thống các cơ chế, sáng kiến về an ninh biển khu vực do Liên hợp quốc điều phối để tăng cường chia sẻ thông tin, kinh nghiệm, phối hợp hành động, kịp thời ứng phó với các thách thức chung trên toàn cầu.",1.0,1.0,1.0,1.0
vi-zh-2022-test-0234,1,remove_one_tone,"Thu hai, cần có giải pháp toàn cầu dựa trên hệ thống các cơ chế, sáng kiến về an ninh biển khu vực do Liên hợp quốc điều phối để tăng cường chia sẻ thông tin, kinh nghiệm, phối hợp hành động, kịp thời ứng phó với các thách thức chung trên toàn cầu.",0.9883483687676256,0.9866296093102437,0.9869828658505949,0.9860351719868163
vi-zh-2022-test-0234,2,remove_tones_and_drop_one_word,"Thu hai, can co giai phap toan cau dua tren he thong cac co che, sang kien ve an ninh bien khu vuc do Lien hop quoc phoi đe tang cuong chia se thong tin, kinh nghiem, phoi hop hanh đong, kip thoi ung pho voi cac thach thuc chung tren toan cau.",0.44243819585599536,0.3481027975787678,0.3309646269544592,0.28808147367887654
vi-zh-2022-test-0234,3,word_dropout_15pct,"Thứ hai, có pháp toàn dựa trên hệ thống các cơ chế, sáng kiến về an ninh biển khu vực do Liên hợp quốc điều phối để tăng cường sẻ thông kinh phối hợp hành động, kịp thời ứng phó các thách thức chung trên toàn",0.812164695831924,0.8030541455763701,0.7786203058053648,0.7801737180162535
vi-zh-2022-test-0234,4,word_dropout_30pct_and_swap,"Thứ cần hai, có giải pháp dựa trên hệ thống các chế, sáng kiến về ninh khu vực do Liên phối để tăng cường chia sẻ tin, nghiệm, phối hành động, kịp thời phó các trên toàn cầu.",0.6550948349930065,0.6524918242463094,0.5866990264932781,0.6018504465182675
vi-zh-2022-test-0234,5,word_dropout_50pct_and_punctuation_remove,hai cần có giải toàn cầu dựa trên hệ cơ sáng kiến về ninh quốc điều phối để chia sẻ thông tin hợp thời thức trên cầu,0.4270557846697848,0.4135088607028099,0.36531878657994343,0.37059182358302317
vi-zh-2022-test-0235,0,identity,Thế giới đánh giá cao quan điểm của Việt Nam về an toàn hàng hải,1.0,1.0,1.0,1.0
vi-zh-2022-test-0235,1,remove_one_tone,The giới đánh giá cao quan điểm của Việt Nam về an toàn hàng hải,0.9532134715588363,0.9457931080233513,0.9468283047107218,0.9428593237711366
vi-zh-2022-test-0235,2,remove_tones_and_drop_one_word,The gioi đanh gia cao quan điem Viet Nam ve an toan hang hai,0.4544332949731013,0.3600782580626756,0.339997100799206,0.29783983650944185
vi-zh-2022-test-0235,3,word_dropout_15pct,Thế giới đánh giá cao quan của Việt Nam về an hàng hải,0.8144931238170924,0.813974128871734,0.7668927619828746,0.7784113287968344
vi-zh-2022-test-0235,4,word_dropout_30pct_and_swap,Thế giá giới cao điểm của Việt về hàng hải,0.5287962238198058,0.510047363723915,0.4276292665641869,0.43886196855764803
vi-zh-2022-test-0235,5,word_dropout_50pct_and_punctuation_remove,Thế đánh quan điểm của về toàn hải,0.4295939148092471,0.4108993236588037,0.3433759924006583,0.35090961999307735
vi-zh-2022-test-0236,0,identity,"Thủ tướng Chính phủ Việt Nam Phạm Minh Chính đã tham dự hội thảo cấp cao đầu tiên do Hội đồng Bảo an Liên hợp quốc tổ chức về vấn đề tăng cường an ninh hàng hải và có bài phát biểu nhấn mạnh luật pháp quốc tế, trong đó có Công ước Liên hợp quốc về Luật Biển năm 1982.",1.0,1.0,1.0,1.0
vi-zh-2022-test-0236,1,remove_one_tone,"Thu tướng Chính phủ Việt Nam Phạm Minh Chính đã tham dự hội thảo cấp cao đầu tiên do Hội đồng Bảo an Liên hợp quốc tổ chức về vấn đề tăng cường an ninh hàng hải và có bài phát biểu nhấn mạnh luật pháp quốc tế, trong đó có Công ước Liên hợp quốc về Luật Biển năm 1982.",0.9890300788917804,0.9873530445726735,0.9877484175492426,0.9868110571455467
vi-zh-2022-test-0236,2,remove_tones_and_drop_one_word,"Thu tuong Chinh phu Viet Nam Pham Minh Chinh đa tham du hoi thao cap cao đau tien do Hoi đong Bao an Lien hop quoc to chuc ve van tang cuong an ninh hang hai va co bai phat bieu nhan manh luat phap quoc te, trong đo co Cong uoc Lien hop quoc ve Luat Bien nam 1982.",0.41201065998853603,0.3146117421576148,0.2977484716572898,0.2532648313272536
vi-zh-2022-test-0236,3,word_dropout_15pct,"Thủ tướng Chính phủ Việt Nam Phạm Minh Chính đã tham dự hội thảo cấp cao đầu tiên Hội Bảo hợp quốc tổ chức về vấn cường an hàng hải có bài phát biểu nhấn mạnh luật pháp quốc tế, trong đó có Công ước Liên hợp về Luật Biển năm 1982.",0.8364411747156438,0.8320417650797042,0.804780674176548,0.809396144038207
vi-zh-2022-test-0236,4,word_dropout_30pct_and_swap,"Chính Nam phủ Minh Chính đã tham hội thảo cấp cao do đồng Bảo an Liên hợp về đề tăng cường an hải có bài phát biểu nhấn mạnh pháp quốc tế, trong có Công ước Liên hợp quốc Luật Biển năm 1982.",0.6655610479246182,0.6584406073891729,0.6088693980065253,0.6177019758150736
vi-zh-2022-test-0236,5,word_dropout_50pct_and_punctuation_remove,Thủ tướng Chính đã dự hội cấp đầu Hội Liên hợp tổ chức vấn đề tăng cường an hàng hải có phát mạnh luật quốc tế đó hợp quốc 1982,0.4104497302743365,0.404404828051706,0.34278784290803527,0.3551700785099694
vi-zh-2022-test-0237,0,identity,"Ông tin rằng việc thiết lập một cơ chế phối hợp để khuyến khích các quốc gia tuân thủ các quyền hàng hải quan trọng được thiết lập bởi ""Công ước Liên hợp quốc về Luật Biển năm 1982 là vô cùng cần thiết"".",1.0,1.0,1.0,1.0
vi-zh-2022-test-0237,1,remove_one_tone,"Ong tin rằng việc thiết lập một cơ chế phối hợp để khuyến khích các quốc gia tuân thủ các quyền hàng hải quan trọng được thiết lập bởi ""Công ước Liên hợp quốc về Luật Biển năm 1982 là vô cùng cần thiết"".",0.9936905377870642,0.9884667997485421,0.9936500469724624,0.9897423661472211
vi-zh-2022-test-0237,2,remove_tones_and_drop_one_word,"Ong tin rang viec thiet lap mot co che phoi hop đe khuyen khich cac quoc gia tuan thu cac quyen hang quan trong đuoc thiet lap boi ""Cong uoc Lien hop quoc ve Luat Bien nam 1982 la vo cung can thiet"".",0.39416659312060287,0.2846118176211891,0.27567552698776343,0.22313221168659222
vi-zh-2022-test-0237,3,word_dropout_15pct,"rằng việc thiết lập một cơ phối hợp để khuyến khích các quốc tuân thủ các quyền hàng hải quan trọng được thiết lập bởi ""Công ước hợp quốc về Luật Biển năm 1982 là cùng cần",0.8320212681415191,0.8240639617918155,0.8038349771647821,0.8049135697337343
vi-zh-2022-test-0237,4,word_dropout_30pct_and_swap,"Ông rằng tin việc thiết một cơ chế phối để khuyến khích các quốc gia tuân hàng hải trọng thiết lập bởi ""Công ước Liên hợp quốc về Luật là vô",0.6544040308808516,0.6466170528974636,0.5977570100442072,0.6060796457243697
vi-zh-2022-test-0237,5,word_dropout_50pct_and_punctuation_remove,"tin rằng thiết một cơ chế phối hợp để tuân các quyền hàng quan trọng thiết ""Công ước hợp năm 1982 vô",0.45089255042561693,0.44269583018608183,0.3843167945931187,0.39481437776215356
vi-zh-2022-test-0238,0,identity,"Vào ngày 12 tháng 8, mạng tin tức có thẩm quyền của Nga Infox.ru đã đăng một bài báo có tựa đề ""Ba bước để đạt được hòa bình trên biển"" của Grigory Trofimchuk, Chủ tịch Hội đồng chuyên gia của Quỹ nghiên cứu Á-Âu.",1.0,1.0,1.0,1.0
vi-zh-2022-test-0238,1,remove_one_tone,"Vao ngày 12 tháng 8, mạng tin tức có thẩm quyền của Nga Infox.ru đã đăng một bài báo có tựa đề ""Ba bước để đạt được hòa bình trên biển"" của Grigory Trofimchuk, Chủ tịch Hội đồng chuyên gia của Quỹ nghiên cứu Á-Âu.",0.9895384594141622,0.9862909457318904,0.9889729172640361,0.986678667539864
vi-zh-2022-test-0238,2,remove_tones_and_drop_one_word,"Vao ngay 12 thang 8, mang tin tuc co tham quyen cua Nga Infox.ru đa đang mot bai bao co tua đe buoc đe đat đuoc hoa binh tren bien"" cua Grigory Trofimchuk, Chu tich Hoi đong chuyen gia cua Quy nghien cuu A-Au.",0.4765747081848981,0.3717603382125685,0.3776912489422191,0.3238013902176499
vi-zh-2022-test-0238,3,word_dropout_15pct,"Vào ngày 12 tháng 8, mạng tin tức có thẩm của Nga Infox.ru đã đăng một bài báo có đề ""Ba để đạt được hòa bình trên biển"" của Grigory Trofimchuk, Chủ tịch Hội chuyên của Quỹ Á-Âu.",0.8134932356276878,0.8158659248778837,0.7720125402804434,0.7841656983059658
vi-zh-2022-test-0238,4,word_dropout_30pct_and_swap,"Vào 12 ngày 8, mạng tin tức có thẩm quyền của Nga đã một bài có tựa đề ""Ba bước để được trên biển"" của Grigory Trofimchuk, đồng gia của Quỹ",0.6024039466108727,0.6127885363363998,0.5513146020660343,0.5718905106137114
vi-zh-2022-test-0238,5,word_dropout_50pct_and_punctuation_remove,"tháng 8 mạng có Nga một báo tựa ""Ba bước để đạt được bình trên biển"" Hội đồng chuyên gia Quỹ Á-Âu",0.40067509614512603,0.40210298220003954,0.34249930447303845,0.35812120342497017
vi-zh-2022-test-0239,0,identity,An ninh biển là vấn đề toàn cầu,1.0,1.0,1.0,1.0
vi-zh-2022-test-0239,1,remove_one_tone,An ninh bien là vấn đề toàn cầu,0.8861342461885939,0.8556371165066817,0.8297912518450274,0.8210041531694849
vi-zh-2022-test-0239,2,remove_tones_and_drop_one_word,An ninh bien la đe toan cau,0.4139185644132437,0.34319152955545784,0.33748910424540157,0.3035513005300351
vi-zh-2022-test-0239,3,word_dropout_15pct,An ninh biển vấn đề toàn cầu,0.8568009168543163,0.8433949304900181,0.797780995586733,0.8024773170891777
vi-zh-2022-test-0239,4,word_dropout_30pct_and_swap,An vấn là đề toàn cầu,0.5180960199169115,0.5277493981401228,0.4290751105167071,0.45864395467910574
vi-zh-2022-test-0239,5,word_dropout_50pct_and_punctuation_remove,An biển toàn cầu,0.4242374006979483,0.40238567728237706,0.33087171271660554,0.3378070908626046
vi-zh-2022-test-0240,0,identity,"Mối lo ngại này là khách quan, bởi vì những xung đột đe dọa an ninh truyền thống và phi truyền thống ở nhiều vùng biển khác nhau trên thế giới đang gia tăng từng ngày mà các nước trên thế giới vẫn chưa tìm ra giải pháp hữu hiệu.",1.0,1.0,1.0,1.0
vi-zh-2022-test-0240,1,remove_one_tone,"Moi lo ngại này là khách quan, bởi vì những xung đột đe dọa an ninh truyền thống và phi truyền thống ở nhiều vùng biển khác nhau trên thế giới đang gia tăng từng ngày mà các nước trên thế giới vẫn chưa tìm ra giải pháp hữu hiệu.",0.9901285953432911,0.9869459615008567,0.9895985928451716,0.9873441180878758
vi-zh-2022-test-0240,2,remove_tones_and_drop_one_word,"Moi lo ngai nay la khach quan, boi vi nhung xung đot đe doa an ninh truyen thong va phi truyen thong o nhieu vung khac nhau tren the gioi đang gia tang tung ngay ma cac nuoc tren the gioi van chua tim ra giai phap huu hieu.",0.4627296100962733,0.3601565416135199,0.35260207941735966,0.3032041636878209
vi-zh-2022-test-0240,3,word_dropout_15pct,"Mối lo này khách quan, bởi vì những xung đột dọa an ninh truyền thống và phi ở nhiều vùng biển trên thế giới đang gia tăng từng ngày mà các nước trên thế giới chưa tìm ra giải pháp hữu hiệu.",0.8131567253878145,0.8124454844326293,0.7794779943234623,0.7873656098604287
vi-zh-2022-test-0240,4,word_dropout_30pct_and_swap,Mối này ngại là khách bởi vì những dọa ninh thống và phi truyền ở nhiều vùng biển khác nhau thế giới đang gia từng ngày mà nước thế giới chưa tìm ra pháp hữu,0.6292952128628835,0.6095930849063812,0.5511573990859364,0.5559146522744862
vi-zh-2022-test-0240,5,word_dropout_50pct_and_punctuation_remove,lo ngại quan bởi những xung đột an truyền thống và phi truyền thống ở vùng biển khác gia tăng ngày mà trên tìm hữu,0.46912575037950466,0.44969854762473394,0.41164539154018054,0.41144336768901263
vi-zh-2022-test-0241,0,identity,"Giáo sư Hoàng Chí Bảo, chuyên gia cao cấp của Ban Chấp hành Trung ương Đảng Cộng sản Việt Nam cho rằng: “Cách mạng Tháng Tám năm 1945 là một điển hình về đoàn kết dân tộc.",1.0,1.0,1.0,1.0
vi-zh-2022-test-0241,1,remove_one_tone,"Giao sư Hoàng Chí Bảo, chuyên gia cao cấp của Ban Chấp hành Trung ương Đảng Cộng sản Việt Nam cho rằng: “Cách mạng Tháng Tám năm 1945 là một điển hình về đoàn kết dân tộc.",0.983095888938387,0.9802904216854204,0.9810676448863077,0.9794706054596025
vi-zh-2022-test-0241,2,remove_tones_and_drop_one_word,"Giao su Hoang Chi Bao, chuyen gia cao cap cua Ban Chap hanh Trung uong Đang Cong san Nam cho rang: “Cach mang Thang Tam nam 1945 la mot đien hinh ve đoan ket dan toc.",0.45036408481175316,0.3507099970297199,0.3349040159295016,0.2890284733321868
vi-zh-2022-test-0241,3,word_dropout_15pct,"Giáo sư Chí Bảo, chuyên cao cấp của Ban Chấp hành Trung Đảng Cộng sản Nam cho rằng: “Cách mạng Tháng Tám năm 1945 là điển hình đoàn kết dân tộc.",0.8097211297910332,0.8049110962858947,0.7627954468920604,0.7709198149668091
vi-zh-2022-test-0241,4,word_dropout_30pct_and_swap,"Giáo Hoàng sư Chí Bảo, chuyên cao của Ban Chấp hành Trung Đảng Cộng sản Việt Nam cho mạng 1945 một hình về đoàn dân tộc.",0.6306757978871189,0.617424902827881,0.5564753209782287,0.5650870294842069
vi-zh-2022-test-0241,5,word_dropout_50pct_and_punctuation_remove,Giáo Chí chuyên Ban ương Đảng Việt Nam cho “Cách mạng Tháng 1945 một điển hình kết dân,0.4480555959321945,0.4216498314187254,0.37824056544004814,0.3758884056411019
vi-zh-2022-test-0242,0,identity,"Thắng lợi vĩ đại của Cách mạng Tháng Tám năm 1945 đã để lại nhiều tấm gương quý báu, đặc biệt là tấm gương hướng về nhân dân, xây dựng và phát huy sức mạnh đại đoàn kết toàn dân trong lịch sử phát triển dân tộc Việt Nam bắt đầu từ mùa thu năm ấy.",1.0,1.0,1.0,1.0
vi-zh-2022-test-0242,1,remove_one_tone,"Thang lợi vĩ đại của Cách mạng Tháng Tám năm 1945 đã để lại nhiều tấm gương quý báu, đặc biệt là tấm gương hướng về nhân dân, xây dựng và phát huy sức mạnh đại đoàn kết toàn dân trong lịch sử phát triển dân tộc Việt Nam bắt đầu từ mùa thu năm ấy.",0.9881019048586895,0.9863695145970067,0.9867059677380055,0.9857556593219142
vi-zh-2022-test-0242,2,remove_tones_and_drop_one_word,"Thang loi vi đai cua Cach mang Thang Tam nam 1945 đa đe lai nhieu tam guong quy bau, đac biet la tam guong huong ve nhan dan, dung va phat huy suc manh đai đoan ket toan dan trong lich su phat trien dan toc Viet Nam bat đau tu mua thu nam ay.",0.36255827747031183,0.26438125998626694,0.25155546590240596,0.20567340562402728
vi-zh-2022-test-0242,3,word_dropout_15pct,"Thắng lợi vĩ đại của Cách mạng Tháng Tám năm 1945 đã để lại nhiều tấm gương quý báu, đặc biệt là tấm gương hướng về nhân dân, xây và phát huy sức mạnh đại đoàn dân trong sử phát dân Việt Nam bắt đầu mùa thu năm",0.837220936137473,0.831357132231619,0.8087329903867168,0.8114569797092812
vi-zh-2022-test-0242,4,word_dropout_30pct_and_swap,"lợi của đại Cách mạng Tháng Tám 1945 đã lại tấm gương báu, đặc biệt là gương hướng về nhân dân, dựng và phát huy đoàn kết dân trong sử phát dân Việt Nam bắt đầu mùa thu năm",0.6254709410921734,0.6169209943547851,0.5511615393060113,0.5633261081969734
vi-zh-2022-test-0242,5,word_dropout_50pct_and_punctuation_remove,Thắng lợi vĩ của Cách Tháng 1945 đã quý tấm hướng nhân xây và phát huy đại kết lịch phát triển dân tộc Việt Nam từ năm ấy,0.4137987921024541,0.40287121426685474,0.3416731617890544,0.3515078092664952
vi-zh-2022-test-0243,0,identity,Hành động kịp thời,1.0,1.0,1.0,1.0
vi-zh-2022-test-0243,1,remove_one_tone,Hanh động kịp thời,0.8674908424908425,0.8144383394383395,0.848024198024198,0.8131014818514819
vi-zh-2022-test-0243,2,remove_tones_and_drop_one_word,Hanh đong kip thoi,0.34816849816849815,0.23211233211233206,0.23211233211233206,0.17408424908424908
vi-zh-2022-test-0243,3,word_dropout_15pct,động kịp thời,0.7461727240855438,0.7481878532631622,0.7208507000106872,0.728734457124443
vi-zh-2022-test-0243,4,word_dropout_30pct_and_swap,Hành kịp thời,0.6192586709743307,0.6040243712318129,0.4982466248379248,0.5170948972874321
vi-zh-2022-test-0243,5,word_dropout_50pct_and_punctuation_remove,động kịp,0.4579485899675567,0.4625410324242718,0.3998161764705882,0.4179997615925617
vi-zh-2022-test-0244,0,identity,"Chỉ 2 ngày sau khi Chủ tịch nước trao quyết định bổ nhiệm cho các thành viên chính phủ nhiệm kỳ khóa XV, ngày 30/7, Thủ tướng Phạm Minh Chính đã chủ trì Hội nghị trực tuyến Chính phủ với các địa phương về tình hình phòng, chống dịch COVID-19.",1.0,1.0,1.0,1.0
vi-zh-2022-test-0244,1,remove_one_tone,"Chi 2 ngày sau khi Chủ tịch nước trao quyết định bổ nhiệm cho các thành viên chính phủ nhiệm kỳ khóa XV, ngày 30/7, Thủ tướng Phạm Minh Chính đã chủ trì Hội nghị trực tuyến Chính phủ với các địa phương về tình hình phòng, chống dịch COVID-19.",0.9882264265540351,0.9859198771948867,0.9868458739224358,0.9854611000609742
vi-zh-2022-test-0244,2,remove_tones_and_drop_one_word,"Chi 2 ngay sau khi Chu tich nuoc trao quyet đinh bo nhiem cho cac thanh vien chinh phu nhiem ky khoa XV, ngay 30/7, tuong Pham Minh Chinh đa chu tri Hoi nghi truc tuyen Chinh phu voi cac đia phuong ve tinh hinh phong, chong dich COVID-19.",0.4702396767073329,0.3663920609843465,0.3507283580264944,0.30272047567412536
vi-zh-2022-test-0244,3,word_dropout_15pct,"Chỉ 2 ngày khi Chủ tịch nước trao quyết định bổ nhiệm các viên chính phủ nhiệm kỳ XV, ngày 30/7, Thủ tướng Phạm Minh Chính đã chủ trì nghị trực tuyến phủ với địa phương về tình hình chống dịch COVID-19.",0.8006303351103092,0.794619387519465,0.7588864128528806,0.7648141555258328
vi-zh-2022-test-0244,4,word_dropout_30pct_and_swap,"Chỉ ngày 2 sau khi nước trao quyết định cho thành viên phủ nhiệm kỳ khóa XV, 30/7, Thủ tướng Minh đã chủ Hội nghị trực tuyến Chính với các về tình phòng, chống COVID-19.",0.6359644863697249,0.6281126320446232,0.5662138155718761,0.577765493040841
vi-zh-2022-test-0244,5,word_dropout_50pct_and_punctuation_remove,Chủ tịch nước cho viên chính nhiệm khóa XV ngày 30/7 Phạm đã chủ trì nghị trực tuyến các phương tình hình phòng chống dịch,0.45890745880587774,0.4348341754388916,0.3924409278760863,0.3910019817444555
vi-zh-2022-test-0245,0,identity,"Chính phủ đã ngay lập tức ban hành các nghị quyết liên quan về phòng chống dịch để các ban ngành, địa phương chủ động các biện pháp chống dịch.",1.0,1.0,1.0,1.0
vi-zh-2022-test-0245,1,remove_one_tone,"Chinh phủ đã ngay lập tức ban hành các nghị quyết liên quan về phòng chống dịch để các ban ngành, địa phương chủ động các biện pháp chống dịch.",0.9799290534546123,0.9760346915503868,0.9774867584609842,0.9751765607812221
vi-zh-2022-test-0245,2,remove_tones_and_drop_one_word,"Chinh phu đa ngay lap tuc ban hanh cac nghi quyet lien quan ve phong dich đe cac ban nganh, đia phuong chu đong cac bien phap chong dich.",0.41925522993620895,0.31095082642086064,0.2917642220195381,0.24240867919756007
vi-zh-2022-test-0245,3,word_dropout_15pct,"Chính phủ đã ngay lập ban hành các nghị quyết liên quan về phòng chống để các ban ngành, địa phương chủ động các biện pháp",0.8476203435032693,0.8435773742673327,0.8273956298854611,0.8294191958639132
vi-zh-2022-test-0245,4,word_dropout_30pct_and_swap,"đã lập ngay ban các nghị quyết quan về phòng chống dịch để ngành, địa phương chủ biện pháp chống dịch.",0.6613311101183943,0.6534364949417829,0.6089836349509171,0.6161495909561752
vi-zh-2022-test-0245,5,word_dropout_50pct_and_punctuation_remove,Chính lập ban nghị quyết về để các địa phương chủ động biện chống dịch,0.4351509392042072,0.4137657635798856,0.36496237995482,0.3664678728472552
vi-zh-2022-test-0246,0,identity,"Dư luận cho rằng nghị quyết được ban hành kịp thời, đi sâu vào các vấn đề thời sự, có nhiều biện pháp thiết thực.",1.0,1.0,1.0,1.0
vi-zh-2022-test-0246,1,remove_one_tone,"Du luận cho rằng nghị quyết được ban hành kịp thời, đi sâu vào các vấn đề thời sự, có nhiều biện pháp thiết thực.",0.9799481131289831,0.9745068549607682,0.9787422528236172,0.9749627742737975
vi-zh-2022-test-0246,2,remove_tones_and_drop_one_word,"Du luan cho rang nghi quyet đuoc ban hanh kip thoi, đi vao cac van đe thoi su, co nhieu bien phap thiet thuc.",0.38238999952267055,0.29711681826578373,0.2608508385578643,0.22728074240861043
vi-zh-2022-test-0246,3,word_dropout_15pct,"Dư luận cho rằng nghị quyết hành kịp thời, đi sâu vào các vấn đề thời có nhiều biện thiết thực.",0.814085425174963,0.8065117612159816,0.775241666271283,0.7792715977216012
vi-zh-2022-test-0246,4,word_dropout_30pct_and_swap,"Dư nghị luận được kịp thời, đi vào các vấn đề thời sự, có nhiều pháp thiết thực.",0.639832013043127,0.6493467521345392,0.5757467766220867,0.5989164459114329
vi-zh-2022-test-0246,5,word_dropout_50pct_and_punctuation_remove,rằng ban kịp thời sâu vào các vấn đề nhiều pháp thực,0.4225612023861206,0.397407968602857,0.35062780075751776,0.34974087659419767
vi-zh-2022-test-0247,0,identity,"Về chính sách vắc xin mới, nghị quyết nhắc lại rằng vắc xin là chìa khóa để Việt Nam kiểm soát dịch bệnh.",1.0,1.0,1.0,1.0
vi-zh-2022-test-0247,1,remove_one_tone,"Ve chính sách vắc xin mới, nghị quyết nhắc lại rằng vắc xin là chìa khóa để Việt Nam kiểm soát dịch bệnh.",0.9784675513254463,0.9720339231058529,0.9771521206607595,0.9726557571622364
vi-zh-2022-test-0247,2,remove_tones_and_drop_one_word,"Ve chinh sach vac xin moi, nghi quyet nhac lai rang xin la chia khoa đe Viet Nam kiem soat dich benh.",0.39530092134453765,0.2971361595309615,0.27419066933119596,0.2308446595795171
vi-zh-2022-test-0247,3,word_dropout_15pct,Về chính vắc xin nghị nhắc lại rằng vắc xin là chìa khóa để Việt Nam kiểm soát dịch bệnh.,0.8200809957580772,0.8134762823181404,0.7816470661249343,0.7863017481300066
vi-zh-2022-test-0247,4,word_dropout_30pct_and_swap,"chính mới, vắc quyết lại rằng vắc là chìa khóa để Nam kiểm soát dịch bệnh.",0.6375020503602464,0.6332457701088968,0.5583582790692403,0.5749539618756613
vi-zh-2022-test-0247,5,word_dropout_50pct_and_punctuation_remove,chính sách xin mới nghị quyết rằng xin là khóa để soát,0.4406661989171641,0.4220602075841877,0.3528059647431767,0.36081184267945493
vi-zh-2022-test-0248,0,identity,"Thủ tướng Phạm Minh Chính cũng chủ trì các cuộc họp trực tuyến với các tỉnh và thành phố đang thực hiện các biện pháp giãn cách xã hội, và phát động một chiến dịch đặc biệt mang tên ""Toàn dân Chung tay Ngăn chặn và Vượt qua Đại dịch"".",1.0,1.0,1.0,1.0
vi-zh-2022-test-0248,1,remove_one_tone,"Thu tướng Phạm Minh Chính cũng chủ trì các cuộc họp trực tuyến với các tỉnh và thành phố đang thực hiện các biện pháp giãn cách xã hội, và phát động một chiến dịch đặc biệt mang tên ""Toàn dân Chung tay Ngăn chặn và Vượt qua Đại dịch"".",0.987712017567684,0.9854582294186109,0.9862678029947852,0.9849385155262048
vi-zh-2022-test-0248,2,remove_tones_and_drop_one_word,"Thu tuong Pham Minh Chinh cung chu tri cac cuoc hop truc tuyen voi cac tinh va thanh pho đang thuc hien cac bien phap cach xa hoi, va phat đong mot chien dich đac biet mang ten ""Toan dan Chung tay Ngan chan va Vuot qua Đai dich"".",0.4187222404489644,0.3107747917549817,0.302322230092926,0.2504616470279267
vi-zh-2022-test-0248,3,word_dropout_15pct,"Thủ tướng Phạm Chính cũng chủ trì các họp tuyến với các và thành phố đang thực hiện pháp giãn cách xã hội, và phát động một chiến dịch đặc mang tên ""Toàn dân Chung Ngăn chặn và Vượt qua Đại dịch"".",0.8223139895164906,0.8164828897973274,0.7850568819050723,0.7899987923475219
vi-zh-2022-test-0248,4,word_dropout_30pct_and_swap,"Phạm cũng Chính chủ trì các cuộc họp trực tuyến các tỉnh thành đang các giãn xã hội, và phát động một đặc biệt tên ""Toàn dân Chung tay Ngăn chặn và Vượt qua dịch"".",0.648079343364023,0.6437681277127758,0.5796986094372546,0.5935629765872698
vi-zh-2022-test-0248,5,word_dropout_50pct_and_punctuation_remove,Thủ Minh Chính cũng tuyến với các tỉnh và phố đang thực pháp giãn xã phát biệt mang dân Chung tay chặn và qua Đại,0.45146285718478074,0.43917186711997275,0.3918808560385496,0.39755718703111886
vi-zh-2022-test-0249,0,identity,"Để giảm bớt khó khăn của người dân ở nhiều nơi đang thực hiện các biện pháp giãn cách xã hội,Thủ tướng Phạm Minh Chính đã đồng ý cắt giảm chi phí điện cho người dân và doanh nghiệp.",1.0,1.0,1.0,1.0
vi-zh-2022-test-0249,1,remove_one_tone,"Đe giảm bớt khó khăn của người dân ở nhiều nơi đang thực hiện các biện pháp giãn cách xã hội,Thủ tướng Phạm Minh Chính đã đồng ý cắt giảm chi phí điện cho người dân và doanh nghiệp.",0.9876130936289763,0.9833018914791465,0.9869285219473473,0.9838662632553821
vi-zh-2022-test-0249,2,remove_tones_and_drop_one_word,"Đe giam bot kho khan cua nguoi dan o nhieu noi đang thuc hien cac bien phap gian cach hoi,Thu tuong Pham Minh Chinh đa đong y cat giam chi phi đien cho nguoi dan va doanh nghiep.",0.409350536943099,0.29802643890306646,0.30305027966830694,0.24613227114809016
vi-zh-2022-test-0249,3,word_dropout_15pct,"bớt khó của dân ở nhiều đang thực hiện các biện pháp giãn cách xã hội,Thủ Phạm Minh Chính đã đồng ý cắt giảm chi phí điện cho người dân và doanh nghiệp.",0.8214892856539968,0.8215780245270513,0.7940974030040965,0.8010130624099197
vi-zh-2022-test-0249,4,word_dropout_30pct_and_swap,"Để bớt giảm khó khăn của người dân ở nhiều nơi thực biện pháp cách hội,Thủ Phạm Minh Chính đã ý cắt giảm chi điện và doanh",0.6048437311427407,0.5922326533358508,0.5323015557758622,0.5409793114757687
vi-zh-2022-test-0249,5,word_dropout_50pct_and_punctuation_remove,Để giảm bớt khăn của dân nhiều nơi đang hiện pháp giãn Minh đã đồng ý phí điện cho và,0.4475767506046581,0.4386593130378566,0.38906438487630274,0.39701550618464204
vi-zh-2022-test-0250,0,identity,"Mạc Văn Tấn một chuyên gia về xã hội và sinh kế của người dân, cho biết: “Nguồn tài trợ này là kịp thời và cấp bách.",1.0,1.0,1.0,1.0
vi-zh-2022-test-0250,1,remove_one_tone,"Mac Văn Tấn một chuyên gia về xã hội và sinh kế của người dân, cho biết: “Nguồn tài trợ này là kịp thời và cấp bách.",0.9801753000755323,0.9754808513913512,0.9789859957639893,0.975762485328739
vi-zh-2022-test-0250,2,remove_tones_and_drop_one_word,"Mac Van Tan mot chuyen gia ve xa hoi va sinh ke cua dan, cho biet: “Nguon tai tro nay la kip thoi va cap bach.",0.3830563897715686,0.29471797023545643,0.27700959922822604,0.23726753987709442
vi-zh-2022-test-0250,3,word_dropout_15pct,"Văn Tấn một chuyên về xã hội và sinh kế của người dân, cho biết: “Nguồn tài này là kịp thời cấp bách.",0.8453573184167628,0.8420018734444316,0.8076306020665143,0.8145452322041677
vi-zh-2022-test-0250,4,word_dropout_30pct_and_swap,Mạc Tấn Văn một chuyên gia về hội kế người biết: tài trợ này là kịp thời và bách.,0.5880579505733496,0.5835553090428941,0.5064215109807442,0.5234539194489543
vi-zh-2022-test-0250,5,word_dropout_50pct_and_punctuation_remove,Mạc Văn một chuyên gia về sinh kế của dân biết tài này thời,0.434585922501471,0.41562116536785576,0.36140069976470485,0.3654678625448138
vi-zh-2022-test-0251,0,identity,"Chính phủ thứ 15 quyết tâm xây dựng chính phủ kiến tạo, trong sạch, hành động, hiệu quả, phục vụ nhân dân "".",1.0,1.0,1.0,1.0
vi-zh-2022-test-0251,1,remove_one_tone,"Chinh phủ thứ 15 quyết tâm xây dựng chính phủ kiến tạo, trong sạch, hành động, hiệu quả, phục vụ nhân dân "".",0.9732459543077528,0.9700387490799481,0.9698935690567193,0.9683262614486242
vi-zh-2022-test-0251,2,remove_tones_and_drop_one_word,"Chinh phu thu 15 quyet tam xay dung chinh phu kien trong sach, hanh đong, hieu qua, phuc vu nhan dan "".",0.4150264135426818,0.3252249205763983,0.28697260061461616,0.2516349338906386
vi-zh-2022-test-0251,3,word_dropout_15pct,"Chính phủ thứ 15 quyết tâm xây chính kiến tạo, trong sạch, hành động, hiệu quả, phục vụ nhân "".",0.8631887332041107,0.860106366366971,0.8290990703624308,0.8353107812186374
vi-zh-2022-test-0251,4,word_dropout_30pct_and_swap,"Chính thứ phủ 15 quyết tâm xây dựng phủ kiến tạo, trong hiệu quả, nhân dân",0.6118743780264078,0.5967048973888764,0.5414504195208867,0.5476763541943337
vi-zh-2022-test-0251,5,word_dropout_50pct_and_punctuation_remove,tâm xây dựng phủ kiến sạch hành động hiệu quả phục nhân,0.4388009074072629,0.40844994907205673,0.35632208304417273,0.35417353248212247
vi-zh-2022-test-0252,0,identity,Chính phủ cũng đang đẩy mạnh hoàn thiện hệ thống nhằm tạo điều kiện cho nền kinh tế - xã hội vận hành trơn tru.,1.0,1.0,1.0,1.0
vi-zh-2022-test-0252,1,remove_one_tone,Chinh phủ cũng đang đẩy mạnh hoàn thiện hệ thống nhằm tạo điều kiện cho nền kinh tế - xã hội vận hành trơn tru.,0.9735603824529009,0.9692966652250109,0.9702519309407822,0.9678812558978943
vi-zh-2022-test-0252,2,remove_tones_and_drop_one_word,Chinh phu cung đang đay manh hoan thien he thong nham tao kien cho nen kinh te - xa hoi van hanh tron tru.,0.43989399694139286,0.3387431938154423,0.31361333698881266,0.2693204120255695
vi-zh-2022-test-0252,3,word_dropout_15pct,Chính phủ đang đẩy mạnh hoàn thiện thống nhằm tạo điều kiện cho nền kinh tế - xã hội hành trơn,0.8226851064792384,0.806583791743019,0.7820401099969939,0.7801267786183197
vi-zh-2022-test-0252,4,word_dropout_30pct_and_swap,Chính mạnh đẩy hoàn thiện hệ thống nhằm tạo kiện cho kinh tế xã hội vận hành trơn,0.6601012040706422,0.6414361212483835,0.5876329325804682,0.5917494983795188
vi-zh-2022-test-0252,5,word_dropout_50pct_and_punctuation_remove,Chính phủ hoàn hệ thống nhằm tạo cho nền kinh - trơn,0.441384077051334,0.4255173514010543,0.38290332044231795,0.38562162626067287
vi-zh-2022-test-0253,0,identity,"Cùng ngày, phát ngôn viên chính trị của Taliban, Naim, đã đưa ra một tuyên bố, hứa rằng Taliban sẽ xác định loại chính phủ và hình thức thể chế của Afghanistan trong thời gian sớm nhất.",1.0,1.0,1.0,1.0
vi-zh-2022-test-0253,1,remove_one_tone,"Cung ngày, phát ngôn viên chính trị của Taliban, Naim, đã đưa ra một tuyên bố, hứa rằng Taliban sẽ xác định loại chính phủ và hình thức thể chế của Afghanistan trong thời gian sớm nhất.",0.988117751194164,0.984045206177449,0.987464835406582,0.9845736555909411
vi-zh-2022-test-0253,2,remove_tones_and_drop_one_word,"Cung ngay, phat ngon vien chinh tri cua Taliban, Naim, đa đua ra mot tuyen bo, hua rang se xac đinh loai chinh phu va hinh thuc the che cua Afghanistan trong thoi gian som nhat.",0.49649540835407097,0.3912011107975293,0.39271389028428016,0.33968868603812263
vi-zh-2022-test-0253,3,word_dropout_15pct,"Cùng viên trị của Taliban, Naim, đưa ra một tuyên bố, hứa rằng Taliban sẽ xác định loại chính phủ và hình thức thể chế của Afghanistan trong thời gian sớm",0.83315704786191,0.8226264474192293,0.8134977755832038,0.810514820719114
vi-zh-2022-test-0253,4,word_dropout_30pct_and_swap,"Cùng phát ngày, trị của đã ra một tuyên bố, hứa Taliban sẽ xác định loại chính và thức thể chế của Afghanistan trong sớm nhất.",0.6412604215286217,0.6326523212381437,0.586855976334051,0.5940030090459046
vi-zh-2022-test-0253,5,word_dropout_50pct_and_punctuation_remove,Cùng ngôn viên chính của đã đưa một Taliban xác loại thức thể chế của Afghanistan sớm nhất,0.46240569128279324,0.4258949772933828,0.40363124877022477,0.3909403524345479
vi-zh-2022-test-0254,0,identity,"Ngày 16/8, Tổng thống Afghanistan Ghani chính thức thừa nhận sự sụp đổ của chính phủ, nhấn mạnh rằng ông rời khỏi đất nước để tránh xung đột đẫm máu.",1.0,1.0,1.0,1.0
vi-zh-2022-test-0254,1,remove_one_tone,"Ngay 16/8, Tổng thống Afghanistan Ghani chính thức thừa nhận sự sụp đổ của chính phủ, nhấn mạnh rằng ông rời khỏi đất nước để tránh xung đột đẫm máu.",0.9809487973807515,0.977040359869996,0.9786410273392917,0.9762866417165901
vi-zh-2022-test-0254,2,remove_tones_and_drop_one_word,"Ngay 16/8, Tong thong Afghanistan Ghani chinh thuc thua nhan su sup đo cua chinh nhan manh rang ong roi khoi đat nuoc đe tranh xung đot đam mau.",0.46115464836894143,0.34866453472432224,0.366994274753061,0.3061668109990039
vi-zh-2022-test-0254,3,word_dropout_15pct,"Ngày 16/8, Tổng thống Ghani chính thức thừa nhận sự sụp đổ của chính phủ, nhấn rằng ông khỏi đất nước để xung đột đẫm máu.",0.7853714467547054,0.8020744080607919,0.7474780112243323,0.769500880898497
vi-zh-2022-test-0254,4,word_dropout_30pct_and_swap,"Ngày Tổng 16/8, thống Ghani nhận sự sụp của phủ, nhấn mạnh rằng ông rời khỏi đất tránh đột đẫm máu.",0.579269419066229,0.591817762571405,0.4995229225494342,0.5288899601038026
vi-zh-2022-test-0254,5,word_dropout_50pct_and_punctuation_remove,thống Afghanistan thức thừa đổ chính phủ nhấn mạnh ông rời khỏi đất tránh đẫm,0.48241011058240135,0.44791554171192227,0.4208314832039543,0.410353436533876
vi-zh-2022-test-0255,0,identity,Ghani cũng cáo buộc Taliban có vũ trang chống lại tiến trình dân chủ của đất nước.,1.0,1.0,1.0,1.0
vi-zh-2022-test-0255,1,remove_one_tone,Ghani cung cáo buộc Taliban có vũ trang chống lại tiến trình dân chủ của đất nước.,0.9609280476467975,0.9450849293680176,0.944117728926527,0.9364379698975097
vi-zh-2022-test-0255,2,remove_tones_and_drop_one_word,Ghani cung cao buoc Taliban co vu trang lai tien trinh dan chu cua đat nuoc.,0.43736376562801,0.3290316786320572,0.3273227615956725,0.2735840610472834
vi-zh-2022-test-0255,3,word_dropout_15pct,Ghani cáo buộc Taliban có vũ trang chống lại trình chủ của đất nước.,0.8097589079840798,0.7953073137487847,0.7589867228846956,0.760841171015491
vi-zh-2022-test-0255,4,word_dropout_30pct_and_swap,cũng Taliban buộc trang chống lại tiến dân chủ của đất nước.,0.6777702385249897,0.6626504917549867,0.6095636034071177,0.6152726489197785
vi-zh-2022-test-0255,5,word_dropout_50pct_and_punctuation_remove,Ghani buộc vũ trình chủ của đất nước,0.4012838642007432,0.38420324583303034,0.3259967529186675,0.332011292722559
vi-zh-2022-test-0256,0,identity,"Đặc biệt, Taliban hứa rằng các thành viên của chính phủ mới sẽ bao gồm những người bên ngoài tổ chức, tôn trọng quyền của phụ nữ và dân tộc thiểu số, và tự do ngôn luận trong khuôn khổ luật Hồi giáo.",1.0,1.0,1.0,1.0
vi-zh-2022-test-0256,1,remove_one_tone,"Đac biệt, Taliban hứa rằng các thành viên của chính phủ mới sẽ bao gồm những người bên ngoài tổ chức, tôn trọng quyền của phụ nữ và dân tộc thiểu số, và tự do ngôn luận trong khuôn khổ luật Hồi giáo.",0.9887299554086075,0.9853173492424946,0.9881150052454585,0.985709288161661
vi-zh-2022-test-0256,2,remove_tones_and_drop_one_word,"Đac biet, Taliban hua rang cac thanh vien cua chinh phu moi se bao gom nhung nguoi ben ngoai to chuc, trong quyen cua phu nu va dan toc thieu so, va tu do ngon luan trong khuon kho luat Hoi giao.",0.4099478105387017,0.30542760025101184,0.29632943036920256,0.24634386730783597
vi-zh-2022-test-0256,3,word_dropout_15pct,"Đặc biệt, Taliban hứa rằng các thành viên của chính phủ sẽ bao gồm những người bên tổ chức, tôn trọng của phụ nữ dân tộc thiểu số, tự do ngôn luận trong khuôn khổ luật giáo.",0.8346478536492734,0.8321195221214294,0.7932209245298213,0.801681409582609
vi-zh-2022-test-0256,4,word_dropout_30pct_and_swap,"Đặc Taliban biệt, hứa rằng thành viên phủ mới sẽ người bên ngoài chức, tôn của phụ nữ dân thiểu và tự do ngôn luận trong khổ luật Hồi giáo.",0.6376141361975017,0.6266715848931385,0.5589729661861309,0.5704265517078275
vi-zh-2022-test-0256,5,word_dropout_50pct_and_punctuation_remove,biệt Taliban các của phủ sẽ những người bên ngoài tổ tôn phụ nữ thiểu và tự do luận trong khuôn giáo,0.4388504956388372,0.41649877129223095,0.3668029880212884,0.36804913159101593
vi-zh-2022-test-0257,0,identity,"Tuy nhiên, theo đánh giá của giới tình báo và giới phân tích Mỹ và châu Âu, tương lai của đất nước và người dân Afghanistan dưới sự lãnh đạo của Taliban là không chắc chắn.",1.0,1.0,1.0,1.0
vi-zh-2022-test-0257,1,remove_one_tone,"Tuy nhien, theo đánh giá của giới tình báo và giới phân tích Mỹ và châu Âu, tương lai của đất nước và người dân Afghanistan dưới sự lãnh đạo của Taliban là không chắc chắn.",0.9814804697707968,0.974608212415799,0.973812224777706,0.9705750930097303
vi-zh-2022-test-0257,2,remove_tones_and_drop_one_word,"Tuy nhien, theo đanh gia cua gioi tinh bao va gioi phan tich My va chau Au, tuong cua đat nuoc va nguoi dan Afghanistan duoi su lanh đao cua Taliban la khong chac chan.",0.42820731634220927,0.3199495129406913,0.3284148434960976,0.2721696077584905
vi-zh-2022-test-0257,3,word_dropout_15pct,"Tuy nhiên, đánh giá của giới tình báo và giới phân tích châu Âu, tương của đất nước và dân Afghanistan dưới sự lãnh đạo của Taliban là không chắc chắn.",0.8576030262410014,0.8514939151240895,0.8256459047486205,0.8290532083795301
vi-zh-2022-test-0257,4,word_dropout_30pct_and_swap,"Tuy theo nhiên, đánh giá của báo và giới tích Mỹ châu Âu, tương lai nước Afghanistan lãnh đạo của Taliban là không chắc chắn.",0.6754649717096052,0.6609347923517898,0.6072277845957822,0.6133886301323603
vi-zh-2022-test-0257,5,word_dropout_50pct_and_punctuation_remove,nhiên tình báo và Mỹ lai nước người dân Afghanistan sự lãnh đạo của Taliban là không chắn,0.5056010457652403,0.47275345820158876,0.4597842511810213,0.44660176102274013
vi-zh-2022-test-0258,0,identity,"Trước hết, Taliban là một lực lượng vũ trang, không phải là một tổ chức chính trị dân sự thích hợp để điều hành đất nước.",1.0,1.0,1.0,1.0
vi-zh-2022-test-0258,1,remove_one_tone,"Truoc hết, Taliban là một lực lượng vũ trang, không phải là một tổ chức chính trị dân sự thích hợp để điều hành đất nước.",0.965505943780178,0.9653044551309562,0.9624315783825171,0.963049053245016
vi-zh-2022-test-0258,2,remove_tones_and_drop_one_word,"Truoc het, Taliban la mot luc luong vu trang, khong phai la mot chuc chinh tri dan su thich hop đe đieu hanh đat nuoc.",0.38801829456192893,0.29960558394369785,0.2915906207274764,0.24938800818001058
vi-zh-2022-test-0258,3,word_dropout_15pct,"Trước hết, Taliban là một lực lượng vũ trang, không là một tổ trị dân sự thích hợp điều hành đất nước.",0.8274401941283184,0.828070228479319,0.7926475229969809,0.8018211616124935
vi-zh-2022-test-0258,4,word_dropout_30pct_and_swap,"Trước một hết, lượng vũ không phải một tổ chức chính trị dân thích hợp hành đất nước.",0.6287572159738785,0.6180704130566884,0.5510472719238564,0.5624580059395999
vi-zh-2022-test-0258,5,word_dropout_50pct_and_punctuation_remove,một lực không một chính trị dân sự hợp để hành đất nước,0.40425847467512166,0.40053346514025745,0.3415604286725015,0.35444196778351517
vi-zh-2022-test-0259,0,identity,"Đồng thời, sau nhiều năm chiến tranh, Afghanistan đang rơi vào tình trạng kiệt quệ về tài chính và an ninh chính trị xã hội ngày càng bất ổn.",1.0,1.0,1.0,1.0
vi-zh-2022-test-0259,1,remove_one_tone,"Đong thời, sau nhiều năm chiến tranh, Afghanistan đang rơi vào tình trạng kiệt quệ về tài chính và an ninh chính trị xã hội ngày càng bất ổn.",0.9842733658552241,0.9789308998174613,0.9833710535081948,0.9795897820666297
vi-zh-2022-test-0259,2,remove_tones_and_drop_one_word,"Đong thoi, sau nhieu nam chien tranh, Afghanistan đang roi vao tinh trang kiet ve tai chinh va an ninh chinh tri xa hoi ngay cang bat on.",0.5257689920726984,0.4247389879864386,0.42926953182574273,0.37762188839236144
vi-zh-2022-test-0259,3,word_dropout_15pct,"thời, sau nhiều năm tranh, Afghanistan đang rơi vào trạng kiệt quệ về tài và an ninh chính trị xã hội ngày càng bất ổn.",0.8314809341351261,0.8363877376549657,0.8021517977687768,0.8131709955007751
vi-zh-2022-test-0259,4,word_dropout_30pct_and_swap,Đồng nhiều sau chiến Afghanistan rơi tình trạng quệ về tài và an ninh chính trị hội càng bất ổn.,0.5860410363466784,0.5660366876722491,0.497584930106971,0.5046942263162125
vi-zh-2022-test-0259,5,word_dropout_50pct_and_punctuation_remove,thời sau tranh đang tình trạng kiệt tài chính và an ngày càng ổn,0.41030308140895505,0.3922020111543734,0.3463493202523371,0.34875985808442345
vi-zh-2022-test-0260,0,identity,"Dưới chế độ Taliban, người dân Afghanistan sẽ sống và xây dựng đất nước như thế nào, tất cả câu hỏi sẽ được giải đáp trong thời gian sắp tới.",1.0,1.0,1.0,1.0
vi-zh-2022-test-0260,1,remove_one_tone,"Duoi chế độ Taliban, người dân Afghanistan sẽ sống và xây dựng đất nước như thế nào, tất cả câu hỏi sẽ được giải đáp trong thời gian sắp tới.",0.9750800417658215,0.9731278561267093,0.9740841676846563,0.9728689969756136
vi-zh-2022-test-0260,2,remove_tones_and_drop_one_word,"Duoi che đo Taliban, nguoi dan Afghanistan se song va xay dung đat nuoc nhu nao, tat ca cau hoi se đuoc giai đap trong thoi gian sap toi.",0.43945437226222084,0.33377984654104653,0.3521871147391023,0.2947480315442416
vi-zh-2022-test-0260,3,word_dropout_15pct,"Dưới chế độ Taliban, dân Afghanistan sẽ và xây dựng đất nước như thế nào, cả câu hỏi sẽ được giải đáp trong gian sắp tới.",0.8243372734202865,0.8278840610388585,0.7844251760015511,0.7970663600759861
vi-zh-2022-test-0260,4,word_dropout_30pct_and_swap,"chế Afghanistan độ sống và xây dựng đất nước như nào, tất cả câu hỏi sẽ đáp trong thời sắp tới.",0.6346294845633753,0.6356610695408164,0.5845570334872255,0.5978558445167564
vi-zh-2022-test-0260,5,word_dropout_50pct_and_punctuation_remove,Dưới Taliban Afghanistan sống và dựng đất nước thế nào hỏi được đáp gian sắp,0.4839613578508717,0.43735662497487515,0.4012269766186336,0.3869587044275612
vi-zh-2022-test-0261,0,identity,"Nhưng ở góc độ kinh tế, chính doanh nghiệp là người chịu thiệt nhất.",1.0,1.0,1.0,1.0
vi-zh-2022-test-0261,1,remove_one_tone,"Nhung ở góc độ kinh tế, chính doanh nghiệp là người chịu thiệt nhất.",0.9576212658759828,0.9502197328062106,0.9519435890153614,0.9478118584281876
vi-zh-2022-test-0261,2,remove_tones_and_drop_one_word,"Nhung o goc đo kinh te, chinh nghiep la nguoi chiu thiet nhat.",0.38558434607859055,0.28870625459412497,0.2704576831881865,0.22658086858086146
vi-zh-2022-test-0261,3,word_dropout_15pct,"Nhưng góc độ kinh tế, chính nghiệp là người chịu thiệt nhất.",0.8741083273359334,0.8578932047191404,0.836213349861051,0.8335246787233043
vi-zh-2022-test-0261,4,word_dropout_30pct_and_swap,Nhưng độ góc kinh chính doanh nghiệp người chịu thiệt,0.6847562030870713,0.6184399049501034,0.6047952061838731,0.5750803775427153
vi-zh-2022-test-0261,5,word_dropout_50pct_and_punctuation_remove,góc kinh tế chính nghiệp người nhất,0.43736576628776896,0.3865923506534353,0.3355840092262451,0.32293983909018126
vi-zh-2022-test-0262,0,identity,"Trong phạm vi có thể, để giảm bớt khó khăn cho doanh nghiệp, Chính phủ Việt Nam, các ban ngành và chính quyền địa phương đã tạo cơ chế, chính sách để doanh nghiệp duy trì, khôi phục và phát triển sản xuất.",1.0,1.0,1.0,1.0
vi-zh-2022-test-0262,1,remove_one_tone,"Trong pham vi có thể, để giảm bớt khó khăn cho doanh nghiệp, Chính phủ Việt Nam, các ban ngành và chính quyền địa phương đã tạo cơ chế, chính sách để doanh nghiệp duy trì, khôi phục và phát triển sản xuất.",0.9844714528224575,0.9793018302263096,0.9780774311441703,0.9757987196166313
vi-zh-2022-test-0262,2,remove_tones_and_drop_one_word,"Trong pham vi co the, đe giam bot kho khan cho doanh nghiep, Chinh phu Viet Nam, cac ban nganh va quyen đia phuong đa tao co che, chinh sach đe doanh nghiep duy tri, khoi phuc va phat trien san xuat.",0.46272257294773267,0.3632702572370869,0.35079003063793884,0.30418395085699423
vi-zh-2022-test-0262,3,word_dropout_15pct,"phạm vi có thể, để giảm bớt khó khăn cho nghiệp, Chính phủ Việt Nam, các ban ngành và chính quyền địa phương tạo cơ chế, chính sách để doanh nghiệp duy trì, khôi và triển sản",0.8384611893557324,0.8383690773958796,0.81520623415909,0.8209518840742153
vi-zh-2022-test-0262,4,word_dropout_30pct_and_swap,"Trong vi phạm có để bớt khó khăn cho doanh nghiệp, Chính phủ Việt các ngành và chính quyền địa đã tạo cơ chính để doanh duy khôi phục xuất.",0.607388560160062,0.5891666813849044,0.5423782942300752,0.5449635778452374
vi-zh-2022-test-0262,5,word_dropout_50pct_and_punctuation_remove,Trong có thể bớt khó doanh nghiệp Chính phủ Việt Nam các ngành chính quyền phương đã để nghiệp khôi triển sản,0.4685726387405833,0.43198927361898065,0.3913222015587451,0.383202579521801
vi-zh-2022-test-0263,0,identity,"Chính phủ cũng đã chủ động ban hành ""Thỏa thuận số 52 về việc kéo dài thời gian nộp thuế giá trị gia tăng, thuế thu nhập doanh nghiệp, thuế thu nhập cá nhân và tiền thuê đất năm 2021"" và ""Về các biện pháp tiếp tục giải quyết khó khăn trong sản xuất và vận hành, thúc đẩy việc thực hiện các quỹ đầu tư công và bảo vệ xã hội trong thời kỳ đại dịch Nghị quyết số 84 về các nhiệm vụ và biện pháp bảo đảm trật tự và an toàn, Nghị quyết số 42 về cứu trợ người dân gặp khó khăn do giải quyết đại dịch, và cắt giảm một loạt các thủ tục hành chính.",1.0,1.0,1.0,1.0
vi-zh-2022-test-0263,1,remove_one_tone,"Chinh phủ cũng đã chủ động ban hành ""Thỏa thuận số 52 về việc kéo dài thời gian nộp thuế giá trị gia tăng, thuế thu nhập doanh nghiệp, thuế thu nhập cá nhân và tiền thuê đất năm 2021"" và ""Về các biện pháp tiếp tục giải quyết khó khăn trong sản xuất và vận hành, thúc đẩy việc thực hiện các quỹ đầu tư công và bảo vệ xã hội trong thời kỳ đại dịch Nghị quyết số 84 về các nhiệm vụ và biện pháp bảo đảm trật tự và an toàn, Nghị quyết số 42 về cứu trợ người dân gặp khó khăn do giải quyết đại dịch, và cắt giảm một loạt các thủ tục hành chính.",0.9945927595771648,0.9938408571383487,0.9939767898298174,0.9935668554375422
vi-zh-2022-test-0263,2,remove_tones_and_drop_one_word,"Chinh phu cung đa chu đong ban hanh ""Thoa thuan so 52 ve viec keo dai thoi gian nop thue gia tri gia tang, thue thu nhap doanh nghiep, thue thu nhap ca nhan va tien thue đat nam 2021"" va ""Ve cac bien phap tiep tuc giai quyet kho khan trong san xuat va van hanh, thuc đay viec thuc cac quy đau tu cong va bao ve xa hoi trong thoi ky đai dich Nghi quyet so 84 ve cac nhiem vu va bien phap bao đam trat tu va an toan, Nghi quyet so 42 ve cuu tro nguoi dan gap kho khan do giai quyet đai dich, va cat giam mot loat cac thu tuc hanh chinh.",0.4017267289355892,0.29840869272202913,0.28598351392849586,0.23743079067026718
vi-zh-2022-test-0263,3,word_dropout_15pct,"Chính phủ cũng chủ động ban hành ""Thỏa số 52 về việc dài thời nộp thuế giá trị gia tăng, thuế nhập doanh nghiệp, thuế thu nhập cá nhân và tiền thuê đất năm 2021"" và ""Về các biện pháp tiếp tục giải khăn trong sản xuất và vận hành, đẩy việc thực hiện quỹ đầu tư công và bảo vệ hội trong thời kỳ đại dịch Nghị quyết số 84 về các vụ và biện pháp bảo đảm và an toàn, Nghị quyết số 42 trợ người dân gặp khó khăn giải quyết đại dịch, và cắt một loạt thủ tục hành chính.",0.8288918443287889,0.8283242910298945,0.7907412159877655,0.7998533243476689
vi-zh-2022-test-0263,4,word_dropout_30pct_and_swap,"Chính cũng phủ đã động ban hành ""Thỏa thuận 52 dài thời gian thuế giá trị gia tăng, thu nhập nghiệp, thuế thu nhập nhân và tiền thuê năm và ""Về tiếp tục giải khó khăn trong sản xuất vận hành, đẩy thực quỹ đầu tư và vệ xã hội trong kỳ dịch quyết số 84 về các nhiệm biện pháp tự và an Nghị quyết số 42 về cứu trợ người dân gặp khó giải quyết đại dịch, và cắt giảm các tục chính.",0.6476189316173905,0.6394023645761593,0.5841094568289693,0.5938245811576152
vi-zh-2022-test-0263,5,word_dropout_50pct_and_punctuation_remove,"Chính chủ ban ""Thỏa 52 về gian thuế giá gia thuế thu doanh nhân tiền thuê đất năm 2021"" và ""Về các pháp tiếp giải trong sản xuất và thúc việc thực hiện quỹ và bảo xã trong kỳ đại quyết 84 về các vụ trật an toàn về cứu trợ người dân do giải đại dịch giảm loạt thủ hành",0.43520354381642073,0.4237219923907867,0.3574562803992113,0.36828174318787127
vi-zh-2022-test-0264,0,identity,"Một số chính sách hỗ trợ tài chính cho doanh nghiệp đã đạt được kết quả như: chính sách tín dụng doanh nghiệp (kéo dài thời gian trả nợ, cơ cấu lại thời hạn trả nợ, miễn giảm lãi suất ngân hàng).",1.0,1.0,1.0,1.0
vi-zh-2022-test-0264,1,remove_one_tone,"Mot số chính sách hỗ trợ tài chính cho doanh nghiệp đã đạt được kết quả như: chính sách tín dụng doanh nghiệp (kéo dài thời gian trả nợ, cơ cấu lại thời hạn trả nợ, miễn giảm lãi suất ngân hàng).",0.988507917558058,0.9851693240087946,0.9878792530178253,0.985532473990936
vi-zh-2022-test-0264,2,remove_tones_and_drop_one_word,"Mot so chinh sach ho tro tai chinh cho doanh nghiep đa đat đuoc ket qua nhu: chinh sach tin dung nghiep (keo dai thoi gian tra no, co cau lai thoi han tra no, mien giam lai suat ngan hang).",0.38937446588455854,0.29171262298602135,0.286511754283997,0.23898106082355078
vi-zh-2022-test-0264,3,word_dropout_15pct,"Một số chính sách hỗ chính cho doanh nghiệp đã đạt được kết quả như: chính sách tín dụng doanh nghiệp dài thời gian trả nợ, cơ cấu lại thời nợ, miễn lãi suất ngân hàng).",0.8516168508407663,0.8447495443744018,0.8231691610658788,0.8251308315331776
vi-zh-2022-test-0264,4,word_dropout_30pct_and_swap,"sách trợ hỗ tài doanh nghiệp đã đạt như: sách dụng nghiệp (kéo dài thời gian trả nợ, cơ cấu lại thời hạn nợ, miễn giảm suất ngân hàng).",0.6423120771353338,0.64419227812494,0.5840311569500074,0.60001683747672
vi-zh-2022-test-0264,5,word_dropout_50pct_and_punctuation_remove,chính sách hỗ cho doanh kết như chính tín dụng nghiệp (kéo trả cơ cấu hạn miễn giảm lãi suất hàng),0.44534577004012005,0.4202998065897027,0.3738062418079327,0.37290522087680633
vi-zh-2022-test-0265,0,identity,"Thủ tướng Việt Nam Phạm Minh Chính mới đây đã phát biểu tại hội nghị truyền hình toàn quốc với đại diện các doanh nghiệp, hiệp hội doanh nghiệp và các cơ quan chính quyền địa phương về cách tháo gỡ khó khăn, thúc đẩy sản xuất và hoạt động trong bối cảnh đại dịch COVID - 19 hoành hành:",1.0,1.0,1.0,1.0
vi-zh-2022-test-0265,1,remove_one_tone,"Thu tướng Việt Nam Phạm Minh Chính mới đây đã phát biểu tại hội nghị truyền hình toàn quốc với đại diện các doanh nghiệp, hiệp hội doanh nghiệp và các cơ quan chính quyền địa phương về cách tháo gỡ khó khăn, thúc đẩy sản xuất và hoạt động trong bối cảnh đại dịch COVID - 19 hoành hành:",0.9899601401022465,0.9879730853796507,0.9887920643769982,0.9875937922663636
vi-zh-2022-test-0265,2,remove_tones_and_drop_one_word,"Thu tuong Viet Nam Pham Minh Chinh moi đay đa phat bieu tai hoi nghi truyen hinh toan quoc voi đai dien cac doanh nghiep, hiep hoi doanh nghiep va co quan chinh quyen đia phuong ve cach thao go kho khan, thuc đay san xuat va hoat đong trong boi canh đai dich COVID - 19 hoanh hanh:",0.45675835860742425,0.34174648548215636,0.34674352277633835,0.287988326722172
vi-zh-2022-test-0265,3,word_dropout_15pct,"tướng Việt Phạm Chính mới đây đã phát biểu tại hội nghị truyền hình quốc với đại các doanh hiệp hội doanh nghiệp và các cơ quan chính quyền địa phương về cách tháo gỡ khăn, thúc đẩy sản xuất và hoạt trong bối cảnh đại dịch - 19 hoành hành:",0.8139424949958682,0.8096602502588661,0.7777078827979641,0.7835551411519249
vi-zh-2022-test-0265,4,word_dropout_30pct_and_swap,"Thủ Việt tướng Nam Phạm Chính đây đã nghị hình toàn quốc với đại doanh nghiệp, hiệp doanh nghiệp và các cơ chính quyền địa phương cách tháo gỡ thúc đẩy sản xuất trong bối cảnh dịch COVID - 19 hoành hành:",0.6668377614654113,0.6514922151579482,0.602658643156627,0.6071940148371783
vi-zh-2022-test-0265,5,word_dropout_50pct_and_punctuation_remove,Thủ Việt Nam mới đã phát tại hội nghị hình toàn với đại diện nghiệp nghiệp và quyền địa tháo gỡ khó khăn thúc đẩy và cảnh đại 19 hoành,0.41893653427006095,0.4130761587753203,0.3519147288924678,0.36427643576014046
vi-zh-2022-test-0266,0,identity,"Chính phủ sẽ thành lập một nhóm công tác đặc biệt để hỗ trợ doanh nghiệp giải quyết các vướng mắc, tăng cường phân loại, phân cấp, phân công trách nhiệm cho người dân.",1.0,1.0,1.0,1.0
vi-zh-2022-test-0266,1,remove_one_tone,"Chinh phủ sẽ thành lập một nhóm công tác đặc biệt để hỗ trợ doanh nghiệp giải quyết các vướng mắc, tăng cường phân loại, phân cấp, phân công trách nhiệm cho người dân.",0.9829679208404555,0.9797548111435184,0.9809231577219016,0.9790245162288373
vi-zh-2022-test-0266,2,remove_tones_and_drop_one_word,"Chinh phu se thanh lap mot nhom cong tac đac biet đe ho tro doanh nghiep giai cac vuong mac, tang cuong phan loai, phan cap, phan cong trach nhiem cho nguoi dan.",0.3916217051233174,0.2875366697830287,0.2779274735758374,0.22828726130803761
vi-zh-2022-test-0266,3,word_dropout_15pct,"phủ thành lập một nhóm công tác đặc biệt để hỗ trợ nghiệp giải quyết các vướng mắc, cường phân loại, phân cấp, phân công trách nhiệm cho dân.",0.8219745171477961,0.8262846932236668,0.7940475862639471,0.8042657866035199
vi-zh-2022-test-0266,4,word_dropout_30pct_and_swap,"Chính thành sẽ lập một nhóm công tác đặc biệt để trợ doanh các vướng mắc, tăng phân loại, phân công trách cho dân.",0.6370126789307891,0.6366180462821197,0.581800209670368,0.5953142388419513
vi-zh-2022-test-0266,5,word_dropout_50pct_and_punctuation_remove,Chính phủ lập nhóm biệt để hỗ doanh nghiệp vướng cấp phân trách nhiệm cho người dân,0.4526501169205307,0.4263527995857934,0.3893099542733664,0.38541928471860865
vi-zh-2022-test-0267,0,identity,"Chính phủ cũng chỉ đạo tất cả các địa phương phải đảm bảo hậu cần thông suốt, ổn định chuỗi cung ứng, tạo tiền đề cho phát triển kinh tế.",1.0,1.0,1.0,1.0
vi-zh-2022-test-0267,1,remove_one_tone,"Chinh phủ cũng chỉ đạo tất cả các địa phương phải đảm bảo hậu cần thông suốt, ổn định chuỗi cung ứng, tạo tiền đề cho phát triển kinh tế.",0.9787939591479531,0.9756038010481304,0.9762005781922376,0.9744563048562995
vi-zh-2022-test-0267,2,remove_tones_and_drop_one_word,"Chinh phu cung chi đao tat ca cac đia phuong phai đam bao hau can suot, on đinh chuoi cung ung, tao tien đe cho phat trien kinh te.",0.38395530834296027,0.28645923953925007,0.26569481094224834,0.22213789342571655
vi-zh-2022-test-0267,3,word_dropout_15pct,"Chính phủ cũng chỉ đạo tất cả các phương phải đảm bảo hậu cần thông suốt, định chuỗi cung ứng, tạo tiền đề phát kinh tế.",0.8416746459658093,0.8394253008423246,0.8022529107128535,0.8104213121745392
vi-zh-2022-test-0267,4,word_dropout_30pct_and_swap,"Chính cũng phủ đạo tất cả các phương phải đảm bảo hậu cần thông định cung ứng, tạo tiền đề kinh",0.637254945825615,0.622214169962044,0.5709975556043282,0.5762794576160881
vi-zh-2022-test-0267,5,word_dropout_50pct_and_punctuation_remove,Chính phủ chỉ tất cả các phương bảo cần ổn cung tiền đề kinh tế,0.36833435262293973,0.3599360866624035,0.29095145651801024,0.30399908021280914
vi-zh-2022-test-0268,0,identity,"Trừ một cái giường đầy chăn ra, thì chẳng có gì khác cả",1.0,1.0,1.0,1.0
vi-zh-2022-test-0268,1,remove_one_tone,"Tru một cái giường đầy chăn ra, thì chẳng có gì khác cả",0.9452386016800368,0.9387671263947497,0.9375139935626694,0.934591539128046
vi-zh-2022-test-0268,2,remove_tones_and_drop_one_word,Tru mot cai giuong đay chan thi chang co gi khac ca,0.2743879372582215,0.182925291505481,0.182925291505481,0.13719396862911076
vi-zh-2022-test-0268,3,word_dropout_15pct,"Trừ một cái chăn ra, thì chẳng có gì khác cả",0.7798941978568287,0.7994445632329863,0.7469249278199309,0.7698695670036697
vi-zh-2022-test-0268,4,word_dropout_30pct_and_swap,"Trừ cái một giường đầy ra, thì gì cả",0.46895281170470615,0.48001641852973764,0.36886619252237646,0.40220682761571713
vi-zh-2022-test-0268,5,word_dropout_50pct_and_punctuation_remove,Trừ chăn ra có khác cả,0.30674540977951703,0.31445608746053444,0.23442732590087828,0.2583095554047686
vi-zh-2022-test-0269,0,identity,Mà chiếc khăn trong góc lúc này vẫn chưa thể nào được những tia nắng tiểu thần tiên chăm sóc.,1.0,1.0,1.0,1.0
vi-zh-2022-test-0269,1,remove_one_tone,Ma chiếc khăn trong góc lúc này vẫn chưa thể nào được những tia nắng tiểu thần tiên chăm sóc.,0.9757856085875573,0.9675872311218634,0.9742642497554038,0.968495806364172
vi-zh-2022-test-0269,2,remove_tones_and_drop_one_word,Ma chiec khan trong goc luc nay van chua the đuoc nhung tia nang tieu than tien cham soc.,0.39971578021543186,0.290515812389509,0.2857948267209921,0.23237508471880772
vi-zh-2022-test-0269,3,word_dropout_15pct,Mà chiếc trong góc lúc này vẫn nào được những tia nắng tiểu thần tiên chăm sóc.,0.8316003078451761,0.8303268027493182,0.7995309694440716,0.8065940772891464
vi-zh-2022-test-0269,4,word_dropout_30pct_and_swap,Mà khăn chiếc góc thể nào được những tia nắng thần tiên chăm sóc.,0.6521729248189473,0.640839260002567,0.590907904401582,0.5977271270743564
vi-zh-2022-test-0269,5,word_dropout_50pct_and_punctuation_remove,Mà trong vẫn nào những tia tiểu thần chăm sóc,0.410374483385555,0.39033402343502077,0.3327476262666962,0.33712267996101614
vi-zh-2022-test-0270,0,identity,"Cứ nhìn như vậy rồi từ từ mắt tôi ướt nhòe, trong lòng vô cùng xúc động.",1.0,1.0,1.0,1.0
vi-zh-2022-test-0270,1,remove_one_tone,"Cu nhìn như vậy rồi từ từ mắt tôi ướt nhòe, trong lòng vô cùng xúc động.",0.967751583671395,0.9604698666971093,0.9655548516582553,0.9606427469308261
vi-zh-2022-test-0270,2,remove_tones_and_drop_one_word,"Cu nhin nhu vay roi tu tu mat uot nhoe, trong long vo cung xuc đong.",0.34334063908098833,0.26485281513564557,0.2517846171242652,0.2158077579316182
vi-zh-2022-test-0270,3,word_dropout_15pct,"Cứ nhìn như từ từ mắt tôi ướt nhòe, lòng vô cùng xúc động.",0.7733636094763,0.7850838994365928,0.7284813917518816,0.7485060126430133
vi-zh-2022-test-0270,4,word_dropout_30pct_and_swap,"Cứ rồi vậy từ mắt ướt nhòe, trong lòng cùng xúc động.",0.6407727210172173,0.6352507653691242,0.5674125182394126,0.5816091641375917
vi-zh-2022-test-0270,5,word_dropout_50pct_and_punctuation_remove,Cứ vậy từ nhòe trong lòng cùng xúc,0.377250738479741,0.35208049255561386,0.3025063789699812,0.30230260209707965
vi-zh-2022-test-0271,0,identity,"Ý tôi là, điều đó rất rõ ràng.",1.0,1.0,1.0,1.0
vi-zh-2022-test-0271,1,remove_one_tone,"Y tôi là, điều đó rất rõ ràng.",0.9533620365142103,0.9337228391576217,0.9508768352589863,0.9367687375553507
vi-zh-2022-test-0271,2,remove_tones_and_drop_one_word,"Y toi la, đieu rat ro rang.",0.2485838818288142,0.1997368359899326,0.1657225878858761,0.14980262699244948
vi-zh-2022-test-0271,3,word_dropout_15pct,"Ý là, điều đó rất rõ ràng.",0.84802251728596,0.8510302679162646,0.8353371891855593,0.8407856286773345
vi-zh-2022-test-0271,4,word_dropout_30pct_and_swap,Ý đó điều rất rõ ràng.,0.5838795598729531,0.5729401715709229,0.4950871021614524,0.5090670080432292
vi-zh-2022-test-0271,5,word_dropout_50pct_and_punctuation_remove,Ý điều rất rõ,0.3239431328494737,0.31314528652564516,0.2261724469834013,0.24251238312842097
vi-zh-2022-test-0272,0,identity,"Và nếu chúng ta muốn có một đứa con, em không dám chắc mình có làm mẹ được không nữa",1.0,1.0,1.0,1.0
vi-zh-2022-test-0272,1,remove_one_tone,"Va nếu chúng ta muốn có một đứa con, em không dám chắc mình có làm mẹ được không nữa",0.9723403220883061,0.9652903734556962,0.9705401782956646,0.9657027527693677
vi-zh-2022-test-0272,2,remove_tones_and_drop_one_word,"Va neu chung ta muon co mot đua con, em dam chac minh co lam me đuoc khong nua",0.35231532662233195,0.2837693316910805,0.25724042666831837,0.22959985119420825
vi-zh-2022-test-0272,3,word_dropout_15pct,"Và chúng ta muốn có một đứa con, không dám chắc mình có làm được không nữa",0.840459435773343,0.8276860739736328,0.7999595915460646,0.8005048704880328
vi-zh-2022-test-0272,4,word_dropout_30pct_and_swap,nếu muốn ta có một em không chắc mình có làm mẹ được không,0.6116179190407766,0.5985040345294602,0.5404281433996071,0.5483862090776349
vi-zh-2022-test-0272,5,word_dropout_50pct_and_punctuation_remove,nếu chúng ta muốn có dám chắc mẹ được không,0.5271091798761607,0.5057127183007604,0.48333910990696904,0.4782197695537979
vi-zh-2022-test-0273,0,identity,"Có bến cảng ấm áp, tôi không còn sợ hãi cuồng phong và sóng thần nữa.",1.0,1.0,1.0,1.0
vi-zh-2022-test-0273,1,remove_one_tone,"Co bến cảng ấm áp, tôi không còn sợ hãi cuồng phong và sóng thần nữa.",0.9665171019222075,0.9586148871202518,0.9642086801930364,0.9588591245238622
vi-zh-2022-test-0273,2,remove_tones_and_drop_one_word,"Co ben cang am ap, toi khong con hai cuong phong va song than nua.",0.3695853773729766,0.2744815304691459,0.2701192054016955,0.22365784494575927
vi-zh-2022-test-0273,3,word_dropout_15pct,"bến cảng ấm áp, tôi không còn sợ hãi cuồng phong và sóng thần",0.9063892890124517,0.8903423350253807,0.9044649120960538,0.892914252248392
vi-zh-2022-test-0273,4,word_dropout_30pct_and_swap,Có tôi bến không còn sợ hãi phong và thần nữa.,0.5545791390062023,0.5520627159904666,0.4749262652914748,0.492953197220344
vi-zh-2022-test-0273,5,word_dropout_50pct_and_punctuation_remove,bến tôi còn sợ cuồng và thần nữa,0.37186448945568995,0.3534807449847292,0.27449351001687333,0.28504636413797874
vi-zh-2022-test-0274,0,identity,Tôi không bao giờ quên tôi đã cười như thế nào khi xem bà đóng vai Kiki,1.0,1.0,1.0,1.0
vi-zh-2022-test-0274,1,remove_one_tone,Toi không bao giờ quên tôi đã cười như thế nào khi xem bà đóng vai Kiki,0.9671459393157507,0.957876704641873,0.9648946784980821,0.958505567697091
vi-zh-2022-test-0274,2,remove_tones_and_drop_one_word,Toi khong bao gio quen toi đa cuoi the nao khi xem ba đong vai Kiki,0.47383418318718884,0.3865898911275954,0.38593650380051114,0.34247766902337146
vi-zh-2022-test-0274,3,word_dropout_15pct,Tôi không bao giờ tôi đã như thế nào khi xem bà vai Kiki,0.7225045600329257,0.7322379174272665,0.6548000808738851,0.6790405616303354
vi-zh-2022-test-0274,4,word_dropout_30pct_and_swap,không quên bao tôi đã cười như thế nào khi xem đóng,0.6414326894360782,0.6304201920192729,0.5679226969131601,0.5780370931204906
vi-zh-2022-test-0274,5,word_dropout_50pct_and_punctuation_remove,bao giờ tôi cười như xem bà Kiki,0.3658737067768336,0.36687106569091343,0.27751955726228006,0.3003617870872006
vi-zh-2022-test-0275,0,identity,"Khi ở trên máy bay, chúng ta không thể nói chuyện được",1.0,1.0,1.0,1.0
vi-zh-2022-test-0275,1,remove_one_tone,"Khi o trên máy bay, chúng ta không thể nói chuyện được",0.9389886016800366,0.9187274438550671,0.9246878577102179,0.9130671753339454
vi-zh-2022-test-0275,2,remove_tones_and_drop_one_word,"Khi o tren may bay, chung khong the noi chuyen đuoc",0.41991174210235677,0.3331356435438182,0.3060776403588696,0.26945404059948747
vi-zh-2022-test-0275,3,word_dropout_15pct,"Khi ở trên máy bay, chúng ta không thể được",0.7798941978568287,0.7948677491609437,0.7515292103301567,0.7698817526061554
vi-zh-2022-test-0275,4,word_dropout_30pct_and_swap,"ở bay, trên chúng ta không thể nói",0.5655765285791889,0.5745786524273507,0.5045189183391681,0.5265814441994093
vi-zh-2022-test-0275,5,word_dropout_50pct_and_punctuation_remove,ở trên máy ta nói được,0.30674540977951703,0.32235378676009274,0.23951859886862042,0.2680775473506549
vi-zh-2022-test-0276,0,identity,"Cô biết không, Maria, ngày hôm đó trên máy bay cô không biết là tôi đang để ý, nhưng tôi đã thấy cô nhìn tôi",1.0,1.0,1.0,1.0
vi-zh-2022-test-0276,1,remove_one_tone,"Co biết không, Maria, ngày hôm đó trên máy bay cô không biết là tôi đang để ý, nhưng tôi đã thấy cô nhìn tôi",0.9787293126564849,0.9736943213124358,0.9774334658216226,0.9739811840223017
vi-zh-2022-test-0276,2,remove_tones_and_drop_one_word,"Co biet khong, Maria, ngay hom đo tren may bay co khong la toi đang đe y, nhung toi đa thay co nhin toi",0.39184012617144537,0.30963679815556755,0.2971895579701166,0.2591997518732701
vi-zh-2022-test-0276,3,word_dropout_15pct,"Cô Maria, ngày đó trên máy bay cô không biết là tôi đang ý, nhưng tôi đã thấy cô nhìn tôi",0.7950243901110479,0.793787044918892,0.7631006855787481,0.7701537556552001
vi-zh-2022-test-0276,4,word_dropout_30pct_and_swap,"không, ngày Maria, hôm trên máy bay cô không là tôi đang để nhưng tôi cô nhìn tôi",0.6705495511162674,0.6586801654424526,0.5815966805754204,0.5949321008784451
vi-zh-2022-test-0276,5,word_dropout_50pct_and_punctuation_remove,biết Maria ngày hôm trên bay cô tôi ý tôi nhìn tôi,0.36211562991779267,0.34310354564168727,0.26971924063877956,0.27855635271830304
vi-zh-2022-test-0277,0,identity,"Rằng chúng ta yêu nhau, rằng chúng ta điên cuồng vì nhau",1.0,1.0,1.0,1.0
vi-zh-2022-test-0277,1,remove_one_tone,"Rang chúng ta yêu nhau, rằng chúng ta điên cuồng vì nhau",0.9595481391993019,0.9463226910901329,0.9565686781653882,0.9473944573419899
vi-zh-2022-test-0277,2,remove_tones_and_drop_one_word,"Rang chung ta yeu nhau, rang ta đien cuong vi nhau",0.5070655942004776,0.41728739147062477,0.37586478377489035,0.34133215122996313
vi-zh-2022-test-0277,3,word_dropout_15pct,"chúng ta yêu nhau, chúng ta điên cuồng vì nhau",0.8106124362423417,0.815245154178468,0.7802761571912895,0.7913436192639205
vi-zh-2022-test-0277,4,word_dropout_30pct_and_swap,"Rằng ta chúng yêu nhau, rằng điên nhau",0.567686298639652,0.546057988440999,0.44909728695829265,0.4625248467892373
vi-zh-2022-test-0277,5,word_dropout_50pct_and_punctuation_remove,chúng ta chúng ta cuồng nhau,0.431891078106365,0.4056855146062749,0.3385580988059315,0.34222495020954047
vi-zh-2022-test-0278,0,identity,"Trẻ em, như chúng ta vẫn thường nghĩ, sẽ cảm thấy lo sợ, bị đe dọa và nguy hiểm.",1.0,1.0,1.0,1.0
vi-zh-2022-test-0278,1,remove_one_tone,"Tre em, như chúng ta vẫn thường nghĩ, sẽ cảm thấy lo sợ, bị đe dọa và nguy hiểm.",0.9625591562172289,0.9602173030908009,0.9576468179984188,0.9571185127083001
vi-zh-2022-test-0278,2,remove_tones_and_drop_one_word,"Tre em, nhu chung ta van thuong nghi, se thay lo so, bi đe doa va nguy hiem.",0.42589310309919254,0.35736377067719405,0.3014018419695476,0.28112767393847865
vi-zh-2022-test-0278,3,word_dropout_15pct,"Trẻ em, như chúng ta vẫn thường nghĩ, sẽ cảm thấy lo sợ, bị dọa hiểm.",0.839629854606909,0.8409620360070039,0.8101688749569373,0.8185332607803357
vi-zh-2022-test-0278,4,word_dropout_30pct_and_swap,"Trẻ như em, ta vẫn thường sẽ lo đe dọa và nguy hiểm.",0.5324378970269821,0.5371462013621597,0.4679146543765307,0.4875800635547619
vi-zh-2022-test-0278,5,word_dropout_50pct_and_punctuation_remove,như chúng ta vẫn cảm lo sợ dọa và nguy,0.42519612629751813,0.41676167409638576,0.3685699754009623,0.37638974154690996
vi-zh-2022-test-0279,0,identity,"Tôi đều làm hết rồi, nhưng làm không đều đúng, làm sai mất hai câu, vì vậy thành tích không quá tốt.",1.0,1.0,1.0,1.0
vi-zh-2022-test-0279,1,remove_one_tone,"Toi đều làm hết rồi, nhưng làm không đều đúng, làm sai mất hai câu, vì vậy thành tích không quá tốt.",0.9773527327657906,0.9718248987669376,0.9759528728949115,0.9721569623634915
vi-zh-2022-test-0279,2,remove_tones_and_drop_one_word,"Toi đeu lam het roi, nhung lam khong đeu đung, lam mat hai cau, vi vay thanh tich khong qua tot.",0.37029028488594334,0.2791599315883006,0.2491003343186243,0.2110500569758261
vi-zh-2022-test-0279,3,word_dropout_15pct,"Tôi đều làm hết rồi, nhưng không đều đúng, làm sai hai câu, vì thành tích không quá tốt.",0.8447546301167164,0.8438701679449807,0.8015414439625484,0.8116813370503536
vi-zh-2022-test-0279,4,word_dropout_30pct_and_swap,"Tôi làm đều hết rồi, nhưng đúng, làm sai mất hai câu, thành tích không",0.6503207095276042,0.641980064053066,0.5932609914581798,0.6012681628277506
vi-zh-2022-test-0279,5,word_dropout_50pct_and_punctuation_remove,đều làm hết rồi đúng làm mất câu vì thành tích,0.39400796604037663,0.37272510284093147,0.3258590674931978,0.32692798946231805
vi-zh-2022-test-0280,0,identity,"Câu ngữ pháp không quá khó, tôi cảm thấy làm đúng hết rồi.Phần nghe hơi khó, có nhiều câu tôi nghe không hiểu.",1.0,1.0,1.0,1.0
vi-zh-2022-test-0280,1,remove_one_tone,"Cau ngữ pháp không quá khó, tôi cảm thấy làm đúng hết rồi.Phần nghe hơi khó, có nhiều câu tôi nghe không hiểu.",0.9797156580427608,0.9734001822849173,0.9784927871365583,0.9740618980447263
vi-zh-2022-test-0280,2,remove_tones_and_drop_one_word,"Cau ngu phap khong qua kho, toi cam thay lam đung roi.Phan nghe hoi kho, co nhieu cau toi nghe khong hieu.",0.38986949259408105,0.29221281578594555,0.27597296813656547,0.23120458955061016
vi-zh-2022-test-0280,3,word_dropout_15pct,"Câu ngữ pháp không quá khó, cảm thấy làm đúng hết rồi.Phần hơi khó, có nhiều câu tôi không hiểu.",0.8416749700913898,0.8418202751063271,0.8029785082105242,0.812762734019764
vi-zh-2022-test-0280,4,word_dropout_30pct_and_swap,"ngữ không pháp quá khó, thấy làm đúng rồi.Phần hơi khó, có nhiều tôi nghe hiểu.",0.6442590425944033,0.6288555966100616,0.5479995299012188,0.560512457718492
vi-zh-2022-test-0280,5,word_dropout_50pct_and_punctuation_remove,ngữ pháp không quá tôi đúng hết hơi khó có câu hiểu,0.38877021060139777,0.3829325616341845,0.32455246828464496,0.336231573174239
vi-zh-2022-test-0281,0,identity,"Chúng tôi đã xem lý lịch của bạn, cảm thấy công việc hiện tại của bạn cũng rất tốt, sao lại muốn đổi công việc thế?",1.0,1.0,1.0,1.0
vi-zh-2022-test-0281,1,remove_one_tone,"Chung tôi đã xem lý lịch của bạn, cảm thấy công việc hiện tại của bạn cũng rất tốt, sao lại muốn đổi công việc thế?",0.9744608277662327,0.9712743777883257,0.97127757874794,0.9696835535190832
vi-zh-2022-test-0281,2,remove_tones_and_drop_one_word,"Chung toi đa xem ly lich cua ban, cam thay cong viec hien cua ban cung rat tot, sao lai muon đoi cong viec the?",0.36373804178825475,0.2774224241560689,0.24836995397557857,0.21247526244352127
vi-zh-2022-test-0281,3,word_dropout_15pct,"Chúng tôi đã xem lý lịch bạn, cảm thấy công hiện tại của bạn rất sao lại muốn đổi công việc thế?",0.7887542546959753,0.7859789981523577,0.7439782414690977,0.7530903751048779
vi-zh-2022-test-0281,4,word_dropout_30pct_and_swap,Chúng đã tôi xem lý lịch của công hiện của bạn cũng sao muốn đổi công việc thế?,0.5865848607762214,0.5724834329754592,0.5078250396332911,0.5169364534819522
vi-zh-2022-test-0281,5,word_dropout_50pct_and_punctuation_remove,đã của cảm công việc hiện của bạn cũng rất lại muốn đổi,0.43195220046899635,0.41902951653044196,0.38211563337294696,0.3848764808984446
vi-zh-2022-test-0282,0,identity,"Đãi ngộ thì khá ổn, nhưng đó là một công ty nhỏ.",1.0,1.0,1.0,1.0
vi-zh-2022-test-0282,1,remove_one_tone,"Đai ngộ thì khá ổn, nhưng đó là một công ty nhỏ.",0.950362757715699,0.9421832304185247,0.9463908283761225,0.941249165238136
vi-zh-2022-test-0282,2,remove_tones_and_drop_one_word,"Đai ngo thi kha on, nhung la mot cong ty nho.",0.34941971443829073,0.2691797896562686,0.24844577767197515,0.21350927835841083
vi-zh-2022-test-0282,3,word_dropout_15pct,Đãi ngộ thì khá nhưng đó là một ty nhỏ.,0.7453813749704079,0.7412897131595717,0.6735671068185158,0.6884470522849623
vi-zh-2022-test-0282,4,word_dropout_30pct_and_swap,Đãi nhưng khá đó là một ty nhỏ.,0.5194960904873626,0.517279597180552,0.39624889376903333,0.42539821834505454
vi-zh-2022-test-0282,5,word_dropout_50pct_and_punctuation_remove,khá ổn nhưng là một nhỏ,0.37407478232814645,0.35939168124802023,0.266521924051233,0.2823906820824693
vi-zh-2022-test-0283,0,identity,"Em rất hi vọng có thể tiến lên một bước cao hơn, cho nên sau khi đọc được thông tin tuyển dụng của quý công ty, liền dự định thay đổi công việc.",1.0,1.0,1.0,1.0
vi-zh-2022-test-0283,1,remove_one_tone,"Em rat hi vọng có thể tiến lên một bước cao hơn, cho nên sau khi đọc được thông tin tuyển dụng của quý công ty, liền dự định thay đổi công việc.",0.9772708588935654,0.9706938001089378,0.9724438701611884,0.9687178232558119
vi-zh-2022-test-0283,2,remove_tones_and_drop_one_word,"Em rat hi vong co the tien len mot buoc cao hon, cho nen sau khi đuoc thong tin tuyen dung cua quy cong ty, lien du đinh thay đoi cong viec.",0.46887356549243525,0.38281612386518893,0.35619408781977496,0.3198208748625636
vi-zh-2022-test-0283,3,word_dropout_15pct,"rất hi vọng có thể tiến một cao hơn, cho nên sau khi đọc được thông tuyển dụng của quý công ty, liền định thay đổi công việc.",0.8538423890629315,0.8443056768104165,0.8175325154323043,0.8194571617833057
vi-zh-2022-test-0283,4,word_dropout_30pct_and_swap,"Em hi rất vọng có tiến lên một cao cho sau khi đọc được thông tin quý ty, dự định đổi công việc.",0.5551224894115068,0.5594540955066648,0.4818237611858967,0.5034044156670422
vi-zh-2022-test-0283,5,word_dropout_50pct_and_punctuation_remove,Em hi vọng có lên cao cho đọc được thông tin tuyển quý dự công việc,0.39491319210917525,0.3842594964102332,0.34179162781553685,0.3470786562670426
vi-zh-2022-test-0284,0,identity,Những việc mà trợ lý Tổng giám đốc làm là những công việc thường ngày của văn phòng.,1.0,1.0,1.0,1.0
vi-zh-2022-test-0284,1,remove_one_tone,Nhung việc mà trợ lý Tổng giám đốc làm là những công việc thường ngày của văn phòng.,0.9654356876021987,0.9589259359843119,0.9609561010025925,0.9571936839390789
vi-zh-2022-test-0284,2,remove_tones_and_drop_one_word,Nhung viec ma tro ly Tong giam đoc lam nhung cong viec thuong ngay cua van phong.,0.3452966515885324,0.23906375128099552,0.2301977677256883,0.17929781346074664
vi-zh-2022-test-0284,3,word_dropout_15pct,Những việc trợ lý giám đốc làm là những công việc thường ngày của văn,0.7996276717828436,0.7867690578007085,0.7632065633642469,0.7626659785103562
vi-zh-2022-test-0284,4,word_dropout_30pct_and_swap,Những mà việc trợ Tổng đốc làm là việc thường ngày của văn,0.5811671209481609,0.5686948733102994,0.498878080500659,0.5100961398665663
vi-zh-2022-test-0284,5,word_dropout_50pct_and_punctuation_remove,việc Tổng đốc những việc thường ngày của phòng,0.5093221867574381,0.4593434900491551,0.44237320340724223,0.4216167464225625
vi-zh-2022-test-0285,0,identity,"Tôi nghĩ đó là mẹ của cậu bé, liền an ủi cô ấy nói, đứa trẻ ngã một cái không sao đâu.",1.0,1.0,1.0,1.0
vi-zh-2022-test-0285,1,remove_one_tone,"Toi nghĩ đó là mẹ của cậu bé, liền an ủi cô ấy nói, đứa trẻ ngã một cái không sao đâu.",0.9723403220883061,0.967949103614426,0.9705401782956646,0.9676968003884153
vi-zh-2022-test-0285,2,remove_tones_and_drop_one_word,"Toi nghi đo la me cua cau be, lien an ui ay noi, đua tre nga mot cai khong sao đau.",0.3247817492745225,0.250123703901159,0.2248181415215858,0.19381550640516992
vi-zh-2022-test-0285,3,word_dropout_15pct,"Tôi nghĩ đó là của cậu bé, liền an ủi cô ấy nói, đứa trẻ ngã một không đâu.",0.8228736047359478,0.8270615376898488,0.7720704606100539,0.7879127207412556
vi-zh-2022-test-0285,4,word_dropout_30pct_and_swap,"Tôi của là cậu bé, an ủi cô ấy nói, đứa trẻ ngã một đâu.",0.5626723721453671,0.5909448888929328,0.5003054918782034,0.5371403210242726
vi-zh-2022-test-0285,5,word_dropout_50pct_and_punctuation_remove,Tôi là của bé liền cô ấy nói ngã cái sao,0.3065737918730595,0.30270113809768046,0.21993798287133004,0.23869083885674688
vi-zh-2022-test-0286,0,identity,"Cô ấy trừng mắt lên, quát lên với tôi: ""Cậu đi xe cũng không cẩn thận một chút được à, lần này ngã không bị thương coi như cậu gặp may rồi đấy!""",1.0,1.0,1.0,1.0
vi-zh-2022-test-0286,1,remove_one_tone,"Co ấy trừng mắt lên, quát lên với tôi: ""Cậu đi xe cũng không cẩn thận một chút được à, lần này ngã không bị thương coi như cậu gặp may rồi đấy!""",0.9841307421295954,0.9805300253362783,0.9832188102024694,0.9807462555892631
vi-zh-2022-test-0286,2,remove_tones_and_drop_one_word,"Co ay trung mat len, quat len voi toi: ""Cau đi xe cung khong can than chut đuoc a, lan nay nga khong bi thuong coi nhu cau gap may roi đay!""",0.3753187651325351,0.29895302337451585,0.2642227469091881,0.23472244542801993
vi-zh-2022-test-0286,3,word_dropout_15pct,"ấy mắt lên, quát lên với tôi: ""Cậu đi không cẩn thận một chút được à, lần này ngã không bị thương coi như cậu gặp rồi đấy!""",0.8407898351193859,0.8434395135221457,0.8177807874077301,0.825521704204101
vi-zh-2022-test-0286,4,word_dropout_30pct_and_swap,"Cô lên, trừng quát lên với tôi: ""Cậu cũng thận một chút được à, này ngã không bị thương coi như may rồi",0.663143048650803,0.6587964475112549,0.60165260995042,0.6137642008064488
vi-zh-2022-test-0286,5,word_dropout_50pct_and_punctuation_remove,"trừng lên với tôi ""Cậu đi cũng không chút này ngã không bị thương coi đấy""",0.4922194010919892,0.4620951829645534,0.42958966975203217,0.42264982964236764
vi-zh-2022-test-0287,0,identity,"Nhìn thấy chăn nhà hàng xóm vẫn đang phơi trong sân, liền nghĩ, vợ chồng họ đều là công nhân viên chức, e là không thể về để thu vào được.",1.0,1.0,1.0,1.0
vi-zh-2022-test-0287,1,remove_one_tone,"Nhin thấy chăn nhà hàng xóm vẫn đang phơi trong sân, liền nghĩ, vợ chồng họ đều là công nhân viên chức, e là không thể về để thu vào được.",0.9787939591479531,0.9761987738857504,0.9762005781922376,0.9749025344845144
vi-zh-2022-test-0287,2,remove_tones_and_drop_one_word,"Nhin thay chan nha hang xom van đang phoi trong san, lien nghi, vo chong đeu la cong nhan vien chuc, e la khong the ve đe thu vao đuoc.",0.40290487338465264,0.31184900928681486,0.28475348540210726,0.24599943466647056
vi-zh-2022-test-0287,3,word_dropout_15pct,"Nhìn chăn nhà xóm vẫn đang phơi trong sân, liền nghĩ, vợ chồng họ đều là công nhân viên chức, e không về thu vào được.",0.8134399881008756,0.8105650692565709,0.7711222784715386,0.7795453170585457
vi-zh-2022-test-0287,4,word_dropout_30pct_and_swap,"Nhìn chăn thấy hàng xóm vẫn đang phơi trong sân, liền nghĩ, vợ đều là công viên chức, là để vào được.",0.6730115750874226,0.6671891195744518,0.6069616931618016,0.6191077494516724
vi-zh-2022-test-0287,5,word_dropout_50pct_and_punctuation_remove,Nhìn thấy hàng vẫn đang phơi liền nghĩ vợ là viên e là thể để vào,0.36218032273922157,0.35452039780498346,0.29039733304311655,0.30259776106915853
vi-zh-2022-test-0288,0,identity,"Ngày thứ 5 quay về phòng trọ, mới nhớ đến cái chăn của nhà hàng xóm.",1.0,1.0,1.0,1.0
vi-zh-2022-test-0288,1,remove_one_tone,"Ngay thứ 5 quay về phòng trọ, mới nhớ đến cái chăn của nhà hàng xóm.",0.9559617518995988,0.951577987105179,0.9500204196337463,0.9482179291043945
vi-zh-2022-test-0288,2,remove_tones_and_drop_one_word,"Ngay thu 5 quay ve phong tro, moi đen cai chan cua nha hang xom.",0.3533767604269064,0.28295834978577794,0.24598776524943175,0.22002120849964282
vi-zh-2022-test-0288,3,word_dropout_15pct,"thứ 5 quay về phòng trọ, mới nhớ đến chăn của nhà hàng xóm.",0.8728409350740648,0.8739894621237996,0.8507831534866545,0.8571643908843036
vi-zh-2022-test-0288,4,word_dropout_30pct_and_swap,"thứ phòng 5 trọ, mới nhớ đến chăn của nhà hàng",0.6218834359551508,0.6074860362308905,0.5586215773895086,0.5636364374360154
vi-zh-2022-test-0288,5,word_dropout_50pct_and_punctuation_remove,Ngày về trọ mới nhớ đến của hàng,0.38943632297273434,0.36520546144330723,0.30234315870931183,0.30593825772412764
vi-zh-2022-test-0289,0,identity,"Liền vội vàng chạy đi trả, hàng xóm lại nói, tưởng rằng bị trộm lấy mất nên đã mua một bộ chăn mới.",1.0,1.0,1.0,1.0
vi-zh-2022-test-0289,1,remove_one_tone,"Lien vội vàng chạy đi trả, hàng xóm lại nói, tưởng rằng bị trộm lấy mất nên đã mua một bộ chăn mới.",0.9700391642496907,0.9669491864228708,0.9662323499868561,0.9648665701824499
vi-zh-2022-test-0289,2,remove_tones_and_drop_one_word,"Lien voi vang chay đi tra, hang xom lai noi, tuong bi trom lay mat nen đa mua mot bo chan moi.",0.321016128218526,0.2463114217934606,0.21631915698956064,0.18646487351408736
vi-zh-2022-test-0289,3,word_dropout_15pct,"Liền chạy đi hàng xóm lại nói, tưởng rằng bị trộm lấy mất nên đã mua một bộ chăn mới.",0.8385155663012154,0.8353721376114274,0.8102946333258578,0.8149914994377121
vi-zh-2022-test-0289,4,word_dropout_30pct_and_swap,"Liền đi vội trả, hàng xóm nói, tưởng rằng trộm lấy mất đã mua bộ chăn",0.6118039106008013,0.6020493870076163,0.5231551347215787,0.5380004506347529
vi-zh-2022-test-0289,5,word_dropout_50pct_and_punctuation_remove,Liền đi trả hàng xóm lại rằng lấy đã mua chăn mới,0.41174507119945597,0.39828078153907887,0.32079653773850103,0.3334311646085134
vi-zh-2022-test-0290,0,identity,"Trình độ học vấn đại học chính quy trở lên, tốt nghiệp chuyên ngành tiếng Anh, thư ký hoặc các chuyên ngành có liên quan.",1.0,1.0,1.0,1.0
vi-zh-2022-test-0290,1,remove_one_tone,"Trinh độ học vấn đại học chính quy trở lên, tốt nghiệp chuyên ngành tiếng Anh, thư ký hoặc các chuyên ngành có liên quan.",0.9763408868326772,0.9721020374298974,0.9734161311937342,0.9709681830513852
vi-zh-2022-test-0290,2,remove_tones_and_drop_one_word,"Trinh đo hoc van đai hoc chinh quy tro len, tot nghiep nganh tieng Anh, thu ky hoac cac chuyen nganh co lien quan.",0.43489803189239284,0.338345998728899,0.3209162148394519,0.2769977590516337
vi-zh-2022-test-0290,3,word_dropout_15pct,"Trình độ học vấn đại học quy lên, tốt nghiệp chuyên ngành tiếng Anh, thư ký hoặc các chuyên ngành liên",0.8211577348573749,0.8112316338795368,0.7932363644654798,0.7927717030335519
vi-zh-2022-test-0290,4,word_dropout_30pct_and_swap,Trình đại độ học chính quy trở tốt nghiệp tiếng thư ký hoặc các ngành có liên quan.,0.6289495455530888,0.6195319123616251,0.556347962399539,0.5674350398453794
vi-zh-2022-test-0290,5,word_dropout_50pct_and_punctuation_remove,Trình học chính trở nghiệp tiếng Anh thư các chuyên ngành có,0.45291221470728904,0.4178261489529829,0.38432036104199996,0.3751489735866293
vi-zh-2022-test-0291,0,identity,Những người từng có kinh nghiệm 3 năm trở lên làm phiên dịch tiếng Anh hoặc công việc liên quan đến thư ký cho doanh nghiệp nước ngoài sẽ được ưu tiên xem xét.,1.0,1.0,1.0,1.0
vi-zh-2022-test-0291,1,remove_one_tone,Nhung người từng có kinh nghiệm 3 năm trở lên làm phiên dịch tiếng Anh hoặc công việc liên quan đến thư ký cho doanh nghiệp nước ngoài sẽ được ưu tiên xem xét.,0.981869924943489,0.9782494177494407,0.979682691234963,0.9775141192665585
vi-zh-2022-test-0291,2,remove_tones_and_drop_one_word,Nhung nguoi tung co kinh nghiem 3 nam tro len lam phien dich tieng Anh hoac cong lien quan đen thu ky cho doanh nghiep nuoc ngoai se đuoc uu tien xem xet.,0.4569724128901631,0.34789348892403316,0.34742626870997934,0.2930036162074487
vi-zh-2022-test-0291,3,word_dropout_15pct,Những từng có kinh nghiệm lên làm phiên dịch tiếng Anh hoặc công việc liên quan đến thư ký cho nghiệp nước ngoài sẽ được ưu tiên xem xét.,0.8502685121727,0.8452204271135849,0.8236712779212706,0.8265342345643297
vi-zh-2022-test-0291,4,word_dropout_30pct_and_swap,Những có từng năm trở lên phiên dịch tiếng Anh hoặc công việc quan đến ký cho doanh nước sẽ được ưu tiên xem,0.6356056813197574,0.6243103056501808,0.5678631729908546,0.5763291319198577
vi-zh-2022-test-0291,5,word_dropout_50pct_and_punctuation_remove,người 3 năm lên làm dịch Anh hoặc việc quan đến ký cho nước sẽ ưu xem,0.32187862683565505,0.33238348877873247,0.23793877257402937,0.26681181576199164
vi-zh-2022-test-0292,0,identity,"Thái độ làm việc tích cực, làm việc kỹ lưỡng, có tinh thần trách nhiệm; thành thạo phần mềm tin học văn phòng thông dụng.",1.0,1.0,1.0,1.0
vi-zh-2022-test-0292,1,remove_one_tone,"Thai độ làm việc tích cực, làm việc kỹ lưỡng, có tinh thần trách nhiệm; thành thạo phần mềm tin học văn phòng thông dụng.",0.9763408868326772,0.9725277504992889,0.9734161311937342,0.971287467853429
vi-zh-2022-test-0292,2,remove_tones_and_drop_one_word,"Thai đo lam viec tich cuc, lam viec ky luong, co tinh trach nhiem; thanh thao phan mem tin hoc van phong thong dung.",0.3985092925001489,0.30039534639950255,0.2710958569486308,0.22936375828345135
vi-zh-2022-test-0292,3,word_dropout_15pct,"Thái độ việc tích cực, làm việc kỹ có tinh thần nhiệm; thành thạo phần tin học văn phòng thông dụng.",0.7947560141968606,0.789979213894458,0.7449068767170478,0.7537869464326532
vi-zh-2022-test-0292,4,word_dropout_30pct_and_swap,"Thái việc độ cực, làm kỹ lưỡng, có tinh thần trách nhiệm; thành phần mềm học văn dụng.",0.6357282112077246,0.644470217059219,0.5637786634543169,0.5883351128749403
vi-zh-2022-test-0292,5,word_dropout_50pct_and_punctuation_remove,độ làm tích kỹ tinh trách nhiệm thành thạo học thông dụng,0.41494942143069563,0.3819892421123424,0.339359932616124,0.33353155745125823
vi-zh-2022-test-0293,0,identity,"Xe đạp của tôi hỏng rồi, có thể cho tôi mượn xe của bạn không?",1.0,1.0,1.0,1.0
vi-zh-2022-test-0293,1,remove_one_tone,"Xe đap của tôi hỏng rồi, có thể cho tôi mượn xe của bạn không?",0.9456267987460172,0.9331139442620505,0.933095808043504,0.9268439148561572
vi-zh-2022-test-0293,2,remove_tones_and_drop_one_word,"Xe đap cua toi hong roi, co cho toi muon xe cua ban khong?",0.3480179952985616,0.28161532444477133,0.2320119968657078,0.2112114933335785
vi-zh-2022-test-0293,3,word_dropout_15pct,"Xe đạp của tôi hỏng rồi, có thể tôi mượn xe của bạn",0.8046247416459746,0.8085700742176759,0.7761700104873499,0.7862468679574248
vi-zh-2022-test-0293,4,word_dropout_30pct_and_swap,Xe của đạp hỏng thể cho mượn xe bạn không?,0.5363627609469853,0.5187051526069232,0.4191688501598629,0.43521950633633016
vi-zh-2022-test-0293,5,word_dropout_50pct_and_punctuation_remove,đạp của hỏng có cho tôi xe của,0.3764068947860762,0.3738817987492893,0.2810958532913648,0.3030291093059045
vi-zh-2022-test-0294,0,identity,"Không vấn đề gì, chỉ cần tớ có thể giúp được.",1.0,1.0,1.0,1.0
vi-zh-2022-test-0294,1,remove_one_tone,"Khong vấn đề gì, chỉ cần tớ có thể giúp được.",0.931986487776929,0.927948256808551,0.9218619595932214,0.9213644184128649
vi-zh-2022-test-0294,2,remove_tones_and_drop_one_word,"Khong van đe gi, chi to co the giup đuoc.",0.24289878533483816,0.1879745853202995,0.1619325235565588,0.14098093899022462
vi-zh-2022-test-0294,3,word_dropout_15pct,Không vấn đề chỉ cần có thể giúp được.,0.7819923634900376,0.758370159114623,0.7075415277892891,0.7084383319928549
vi-zh-2022-test-0294,4,word_dropout_30pct_and_swap,vấn chỉ đề cần tớ có thể giúp,0.5217599207630433,0.5195737609518741,0.4613166976616746,0.47478499165336735
vi-zh-2022-test-0294,5,word_dropout_50pct_and_punctuation_remove,Không đề chỉ có giúp được,0.4459462638280748,0.3995606782776315,0.3456120904244003,0.33588502336227527
vi-zh-2022-test-0295,0,identity,Xem xem loại vải này là do công ty nào mua.,1.0,1.0,1.0,1.0
vi-zh-2022-test-0295,1,remove_one_tone,Xem xem loai vải này là do công ty nào mua.,0.9192723607038125,0.9019896546106223,0.8817316559043479,0.8781548025343215
vi-zh-2022-test-0295,2,remove_tones_and_drop_one_word,Xem xem loai vai nay do cong ty nao mua.,0.5319260472957091,0.4702355021151139,0.4076987552789372,0.39248738102526226
vi-zh-2022-test-0295,3,word_dropout_15pct,Xem xem loại này là do công ty nào,0.7877787235088411,0.7690092880619115,0.746456921397797,0.7426991345647038
vi-zh-2022-test-0295,4,word_dropout_30pct_and_swap,Xem này loại do công ty nào mua.,0.6562784063608571,0.6492335137709584,0.5675801149976193,0.5844701259204383
vi-zh-2022-test-0295,5,word_dropout_50pct_and_punctuation_remove,Xem xem vải ty nào mua,0.437746842564584,0.43547870940718136,0.35754726158892025,0.37589178942378354
vi-zh-2022-test-0296,0,identity,Em cứ tưởng là anh nói từ tận tâm can cho em nghe cơ.,1.0,1.0,1.0,1.0
vi-zh-2022-test-0296,1,remove_one_tone,Em cu tưởng là anh nói từ tận tâm can cho em nghe cơ.,0.9341656180471969,0.9211897771108296,0.9185442744653272,0.912717729658519
vi-zh-2022-test-0296,2,remove_tones_and_drop_one_word,Em cu tuong la anh noi tu tam can cho em nghe co.,0.5100987971261621,0.45512795681668305,0.4307521775482151,0.40936111943189735
vi-zh-2022-test-0296,3,word_dropout_15pct,Em cứ tưởng là anh nói tâm can cho em nghe cơ.,0.8725951287335844,0.8649394740302987,0.8425188269014537,0.8442950304553656
vi-zh-2022-test-0296,4,word_dropout_30pct_and_swap,Em là cứ anh từ tận can cho em cơ.,0.43091952872904754,0.46727826828011326,0.3281725833036335,0.38116832101769765
vi-zh-2022-test-0296,5,word_dropout_50pct_and_punctuation_remove,cứ tưởng là nói tận can nghe,0.43966216909750166,0.4072782878017953,0.3400894709731265,0.3406773025305453
vi-zh-2022-test-0297,0,identity,"Bây giờ giá nhà ở Bắc Kinh, Thượng Hải, Quảng Châu, Thâm Quyến cao quá, căn bản là không đủ tiền để mua nhà.",1.0,1.0,1.0,1.0
vi-zh-2022-test-0297,1,remove_one_tone,"Bay giờ giá nhà ở Bắc Kinh, Thượng Hải, Quảng Châu, Thâm Quyến cao quá, căn bản là không đủ tiền để mua nhà.",0.978984785215879,0.9742903494214233,0.9777079638064707,0.974506342312981
vi-zh-2022-test-0297,2,remove_tones_and_drop_one_word,"Bay gio gia nha o Bac Kinh, Thuong Hai, Quang Chau, Tham cao qua, can ban la khong đu tien đe mua nha.",0.39409072151069663,0.31502322761587137,0.2815562816498954,0.2503893570489317
vi-zh-2022-test-0297,3,word_dropout_15pct,"Bây giờ giá nhà Bắc Kinh, Thượng Hải, Quảng Châu, Thâm Quyến cao quá, căn là không đủ tiền để",0.8637363882316815,0.8483828834101855,0.8376085835379657,0.8326274345634475
vi-zh-2022-test-0297,4,word_dropout_30pct_and_swap,"Bây nhà giá ở Bắc Kinh, Châu, Thâm cao quá, căn bản là không đủ để mua",0.5613994505950598,0.5796284928180558,0.4953479155134382,0.5255530640033231
vi-zh-2022-test-0297,5,word_dropout_50pct_and_punctuation_remove,nhà ở Quảng Châu Quyến cao quá bản không tiền mua nhà,0.4191018902707736,0.3916415494528924,0.33961741556235575,0.33888731396769745
vi-zh-2022-test-0298,0,identity,"Chúng ta đi tàu điện ngầm tới sân bay nhé, không những tiêu tốn ít thời gian, mà còn không chen lấn",1.0,1.0,1.0,1.0
vi-zh-2022-test-0298,1,remove_one_tone,"Chung ta đi tàu điện ngầm tới sân bay nhé, không những tiêu tốn ít thời gian, mà còn không chen lấn",0.9704329442487336,0.9660978082431171,0.9666825576739061,0.9643688023134004
vi-zh-2022-test-0298,2,remove_tones_and_drop_one_word,"Chung ta đi tau đien ngam toi san bay nhe, khong tieu ton it thoi gian, ma con khong chen lan",0.4573646652317056,0.36855401268183496,0.3462276936305158,0.30740413496665037
vi-zh-2022-test-0298,3,word_dropout_15pct,"Chúng đi tàu điện ngầm tới bay nhé, không những tiêu tốn ít thời gian, mà còn chen lấn",0.8315016551304223,0.8303959251230456,0.7873818321130657,0.7975828944112793
vi-zh-2022-test-0298,4,word_dropout_30pct_and_swap,"tàu ngầm điện tới bay nhé, không tiêu tốn ít gian, mà còn chen lấn",0.5768911159396114,0.579472096701391,0.49190300470532367,0.5150974378033695
vi-zh-2022-test-0298,5,word_dropout_50pct_and_punctuation_remove,Chúng đi tàu điện ngầm tới nhé không những tốn thời,0.4725899185837764,0.441756798759976,0.40831346261065754,0.4012487564656304
vi-zh-2022-test-0299,0,identity,"Nhà mất điện rồi, anh đi siêu thị mua vài cây nến đi.",1.0,1.0,1.0,1.0
vi-zh-2022-test-0299,1,remove_one_tone,"Nha mất điện rồi, anh đi siêu thị mua vài cây nến đi.",0.9424348276883578,0.9386073454430324,0.9342208160565029,0.9334037072804725
vi-zh-2022-test-0299,2,remove_tones_and_drop_one_word,"Nha mat đien roi, anh đi thi mua vai cay nen đi.",0.413508730770374,0.3794854827657458,0.29895471110707905,0.3020764949628113
vi-zh-2022-test-0299,3,word_dropout_15pct,"mất điện rồi, anh đi siêu thị mua cây nến đi.",0.834518531430427,0.8395599544609752,0.8017814717979718,0.8137512638918423
vi-zh-2022-test-0299,4,word_dropout_30pct_and_swap,Nhà điện mất anh siêu thị mua vài đi.,0.5341259474304473,0.5264673889347752,0.43913293031185463,0.4571301312014071
vi-zh-2022-test-0299,5,word_dropout_50pct_and_punctuation_remove,mất rồi đi mua vài đi,0.2565628893900177,0.26048254133454346,0.1868669799957425,0.20723655491807197
vi-zh-2022-test-0300,0,identity,"Tôi nghĩ việc mất điện này xảy ra ở những vùng nông thôn thì tương đối nhiều, nhưng ở các thành phố lớn thì sẽ không bị mất điện dễ dàng như vậy.",1.0,1.0,1.0,1.0
vi-zh-2022-test-0300,1,remove_one_tone,"Toi nghĩ việc mất điện này xảy ra ở những vùng nông thôn thì tương đối nhiều, nhưng ở các thành phố lớn thì sẽ không bị mất điện dễ dàng như vậy.",0.9842733658552241,0.9798517116905976,0.9833710535081948,0.9802803909714821
vi-zh-2022-test-0300,2,remove_tones_and_drop_one_word,Toi nghi viec mat đien nay xay ra o nhung vung nong thon thi tuong đoi nhung o cac thanh pho lon thi se khong bi mat đien de dang nhu vay.,0.3239121055948664,0.22557533735684462,0.21594140372991094,0.16918150301763346
vi-zh-2022-test-0300,3,word_dropout_15pct,"Tôi nghĩ việc mất điện này xảy ra ở những vùng nông thôn thì đối nhiều, nhưng ở thành phố lớn thì sẽ không bị dàng như vậy.",0.8322239545103982,0.8331902918905274,0.8021754838743342,0.8104132072532899
vi-zh-2022-test-0300,4,word_dropout_30pct_and_swap,"Tôi mất việc điện này ra vùng thôn thì tương đối nhiều, nhưng ở các thành phố lớn sẽ bị mất dễ dàng",0.6150839115866706,0.605384249288951,0.551523381759873,0.5601396419768742
vi-zh-2022-test-0300,5,word_dropout_50pct_and_punctuation_remove,Tôi nghĩ này xảy ra ở vùng thì đối các lớn thì điện dễ dàng như,0.37470894032333923,0.37947360139334213,0.3091151110546631,0.32909688617851074
