id,source_zh,reference_vi,prediction_vi,damage_level,prompt_type,model_name,backend,temperature,operation,status
vi-zh-2022-test-0001,在遭受新冠肺炎疫情不小影响的背景下，2022年对越南恢复和发展经济具有重要意义。,Năm 2022 là năm có ý nghĩa quan trọng trong phục hồi và phát triển kinh tế Việt Nam sau những tác động của dịch COVID - 19.,Năm 2022 là năm có ý nghĩa quan trọng trong phục hồi và phát triển kinh tế Việt Nam sau những tác động của dịch COVID - 19.,0,rule_based,deterministic-rule-baseline-precomputed,analysis_csv,0.0,identity,ok
vi-zh-2022-test-0001,在遭受新冠肺炎疫情不小影响的背景下，2022年对越南恢复和发展经济具有重要意义。,Năm 2022 là năm có ý nghĩa quan trọng trong phục hồi và phát triển kinh tế Việt Nam sau những tác động của dịch COVID - 19.,Nam 2022 là năm có ý nghĩa quan trọng trong phục hồi và phát triển kinh tế Việt Nam sau những tác động của dịch COVID - 19.,1,rule_based,deterministic-rule-baseline-precomputed,analysis_csv,0.0,remove_one_tone,ok
vi-zh-2022-test-0001,在遭受新冠肺炎疫情不小影响的背景下，2022年对越南恢复和发展经济具有重要意义。,Năm 2022 là năm có ý nghĩa quan trọng trong phục hồi và phát triển kinh tế Việt Nam sau những tác động của dịch COVID - 19.,Nam 2022 la nam co y nghia quan trong trong phuc hoi va phat kinh te Viet Nam sau nhung tac đong cua dich COVID - 19.,2,rule_based,deterministic-rule-baseline-precomputed,analysis_csv,0.0,remove_tones_and_drop_one_word,ok
vi-zh-2022-test-0001,在遭受新冠肺炎疫情不小影响的背景下，2022年对越南恢复和发展经济具有重要意义。,Năm 2022 là năm có ý nghĩa quan trọng trong phục hồi và phát triển kinh tế Việt Nam sau những tác động của dịch COVID - 19.,Năm 2022 là có ý quan trọng trong phục hồi và kinh tế Việt Nam sau những tác động của dịch COVID - 19.,3,rule_based,deterministic-rule-baseline-precomputed,analysis_csv,0.0,word_dropout_15pct,ok
vi-zh-2022-test-0001,在遭受新冠肺炎疫情不小影响的背景下，2022年对越南恢复和发展经济具有重要意义。,Năm 2022 là năm có ý nghĩa quan trọng trong phục hồi và phát triển kinh tế Việt Nam sau những tác động của dịch COVID - 19.,Năm là 2022 có quan trọng phục hồi và phát triển kinh tế Việt Nam sau những tác động COVID,4,rule_based,deterministic-rule-baseline-precomputed,analysis_csv,0.0,word_dropout_30pct_and_swap,ok
vi-zh-2022-test-0001,在遭受新冠肺炎疫情不小影响的背景下，2022年对越南恢复和发展经济具有重要意义。,Năm 2022 là năm có ý nghĩa quan trọng trong phục hồi và phát triển kinh tế Việt Nam sau những tác động của dịch COVID - 19.,năm có ý nghĩa quan trong phục phát tế Việt động dịch COVID 19,5,rule_based,deterministic-rule-baseline-precomputed,analysis_csv,0.0,word_dropout_50pct_and_punctuation_remove,ok
vi-zh-2022-test-0002,与新冠肺炎病毒共处不仅是医疗卫生问题，而且还涉及国家经济及社会所有活动的运作方式。,Sống chung với dịch COVID-19 không chỉ là vấn đề về y tế mà còn liên quan tới cả cách thức vận hành nền kinh tế và mọi hoạt động của xã hội.,Sống chung với dịch COVID-19 không chỉ là vấn đề về y tế mà còn liên quan tới cả cách thức vận hành nền kinh tế và mọi hoạt động của xã hội.,0,rule_based,deterministic-rule-baseline-precomputed,analysis_csv,0.0,identity,ok
vi-zh-2022-test-0002,与新冠肺炎病毒共处不仅是医疗卫生问题，而且还涉及国家经济及社会所有活动的运作方式。,Sống chung với dịch COVID-19 không chỉ là vấn đề về y tế mà còn liên quan tới cả cách thức vận hành nền kinh tế và mọi hoạt động của xã hội.,Song chung với dịch COVID-19 không chỉ là vấn đề về y tế mà còn liên quan tới cả cách thức vận hành nền kinh tế và mọi hoạt động của xã hội.,1,rule_based,deterministic-rule-baseline-precomputed,analysis_csv,0.0,remove_one_tone,ok
vi-zh-2022-test-0002,与新冠肺炎病毒共处不仅是医疗卫生问题，而且还涉及国家经济及社会所有活动的运作方式。,Sống chung với dịch COVID-19 không chỉ là vấn đề về y tế mà còn liên quan tới cả cách thức vận hành nền kinh tế và mọi hoạt động của xã hội.,Song chung voi dich COVID-19 khong chi la van đe ve y te ma con lien toi ca cach thuc van hanh nen kinh te va moi hoat đong cua xa hoi.,2,rule_based,deterministic-rule-baseline-precomputed,analysis_csv,0.0,remove_tones_and_drop_one_word,ok
vi-zh-2022-test-0002,与新冠肺炎病毒共处不仅是医疗卫生问题，而且还涉及国家经济及社会所有活动的运作方式。,Sống chung với dịch COVID-19 không chỉ là vấn đề về y tế mà còn liên quan tới cả cách thức vận hành nền kinh tế và mọi hoạt động của xã hội.,Sống chung dịch COVID-19 không chỉ là vấn về y tế mà còn liên quan tới cả cách thức hành nền kinh tế mọi động của xã hội.,3,rule_based,deterministic-rule-baseline-precomputed,analysis_csv,0.0,word_dropout_15pct,ok
vi-zh-2022-test-0002,与新冠肺炎病毒共处不仅是医疗卫生问题，而且还涉及国家经济及社会所有活动的运作方式。,Sống chung với dịch COVID-19 không chỉ là vấn đề về y tế mà còn liên quan tới cả cách thức vận hành nền kinh tế và mọi hoạt động của xã hội.,Sống dịch chung COVID-19 không chỉ là vấn đề mà liên quan tới cách thức hành kinh tế và hoạt động của hội.,4,rule_based,deterministic-rule-baseline-precomputed,analysis_csv,0.0,word_dropout_30pct_and_swap,ok
vi-zh-2022-test-0002,与新冠肺炎病毒共处不仅是医疗卫生问题，而且还涉及国家经济及社会所有活动的运作方式。,Sống chung với dịch COVID-19 không chỉ là vấn đề về y tế mà còn liên quan tới cả cách thức vận hành nền kinh tế và mọi hoạt động của xã hội.,chung dịch COVID-19 vấn về mà còn quan tới vận hành nền kinh động xã hội,5,rule_based,deterministic-rule-baseline-precomputed,analysis_csv,0.0,word_dropout_50pct_and_punctuation_remove,ok
vi-zh-2022-test-0003,为使经济尽可能早地恢复并可持续发展，同塔省国会代表黎明欢表示，应考虑经济自主性，制定政策提高经济主动性、抵御力和自主性。,"Để nền kinh tế phát triển ổn định, sớm phục hồi, đại biểu Lê Minh Hoan, đoàn đại biểu Quốc hội tỉnh Đồng Tháp, cho rằng cần xem xét đến tính tự chủ của nền kinh tế, có chính sách nâng cao sức chủ động, sức chống chịu, tính tự chủ của nền kinh tế.","Để nền kinh tế phát triển ổn định, sớm phục hồi, đại biểu Lê Minh Hoan, đoàn đại biểu Quốc hội tỉnh Đồng Tháp, cho rằng cần xem xét đến tính tự chủ của nền kinh tế, có chính sách nâng cao sức chủ động, sức chống chịu, tính tự chủ của nền kinh tế.",0,rule_based,deterministic-rule-baseline-precomputed,analysis_csv,0.0,identity,ok
vi-zh-2022-test-0003,为使经济尽可能早地恢复并可持续发展，同塔省国会代表黎明欢表示，应考虑经济自主性，制定政策提高经济主动性、抵御力和自主性。,"Để nền kinh tế phát triển ổn định, sớm phục hồi, đại biểu Lê Minh Hoan, đoàn đại biểu Quốc hội tỉnh Đồng Tháp, cho rằng cần xem xét đến tính tự chủ của nền kinh tế, có chính sách nâng cao sức chủ động, sức chống chịu, tính tự chủ của nền kinh tế.","Đe nền kinh tế phát triển ổn định, sớm phục hồi, đại biểu Lê Minh Hoan, đoàn đại biểu Quốc hội tỉnh Đồng Tháp, cho rằng cần xem xét đến tính tự chủ của nền kinh tế, có chính sách nâng cao sức chủ động, sức chống chịu, tính tự chủ của nền kinh tế.",1,rule_based,deterministic-rule-baseline-precomputed,analysis_csv,0.0,remove_one_tone,ok
vi-zh-2022-test-0003,为使经济尽可能早地恢复并可持续发展，同塔省国会代表黎明欢表示，应考虑经济自主性，制定政策提高经济主动性、抵御力和自主性。,"Để nền kinh tế phát triển ổn định, sớm phục hồi, đại biểu Lê Minh Hoan, đoàn đại biểu Quốc hội tỉnh Đồng Tháp, cho rằng cần xem xét đến tính tự chủ của nền kinh tế, có chính sách nâng cao sức chủ động, sức chống chịu, tính tự chủ của nền kinh tế.","Đe nen kinh te phat trien on đinh, som phuc hoi, đai bieu Le Minh Hoan, đoan đai bieu Quoc hoi tinh Đong Thap, cho rang can xet đen tinh tu chu cua nen kinh te, co chinh sach nang cao suc chu đong, suc chong chiu, tinh tu chu cua nen kinh te.",2,rule_based,deterministic-rule-baseline-precomputed,analysis_csv,0.0,remove_tones_and_drop_one_word,ok
vi-zh-2022-test-0003,为使经济尽可能早地恢复并可持续发展，同塔省国会代表黎明欢表示，应考虑经济自主性，制定政策提高经济主动性、抵御力和自主性。,"Để nền kinh tế phát triển ổn định, sớm phục hồi, đại biểu Lê Minh Hoan, đoàn đại biểu Quốc hội tỉnh Đồng Tháp, cho rằng cần xem xét đến tính tự chủ của nền kinh tế, có chính sách nâng cao sức chủ động, sức chống chịu, tính tự chủ của nền kinh tế.","Để nền kinh tế phát triển ổn định, sớm phục hồi, biểu Lê Minh Hoan, đại biểu Quốc hội tỉnh Tháp, cho xem xét tính tự chủ của nền kinh tế, có chính sách nâng sức chủ động, sức chịu, tính tự chủ của nền kinh tế.",3,rule_based,deterministic-rule-baseline-precomputed,analysis_csv,0.0,word_dropout_15pct,ok
vi-zh-2022-test-0003,为使经济尽可能早地恢复并可持续发展，同塔省国会代表黎明欢表示，应考虑经济自主性，制定政策提高经济主动性、抵御力和自主性。,"Để nền kinh tế phát triển ổn định, sớm phục hồi, đại biểu Lê Minh Hoan, đoàn đại biểu Quốc hội tỉnh Đồng Tháp, cho rằng cần xem xét đến tính tự chủ của nền kinh tế, có chính sách nâng cao sức chủ động, sức chống chịu, tính tự chủ của nền kinh tế.","nền tế kinh phát định, sớm phục hồi, đại biểu Lê Minh Hoan, đại biểu Quốc hội Đồng Tháp, cho rằng cần xem đến tự chủ của nền kinh cao chủ động, chống chịu, tính tự chủ kinh",4,rule_based,deterministic-rule-baseline-precomputed,analysis_csv,0.0,word_dropout_30pct_and_swap,ok
vi-zh-2022-test-0003,为使经济尽可能早地恢复并可持续发展，同塔省国会代表黎明欢表示，应考虑经济自主性，制定政策提高经济主动性、抵御力和自主性。,"Để nền kinh tế phát triển ổn định, sớm phục hồi, đại biểu Lê Minh Hoan, đoàn đại biểu Quốc hội tỉnh Đồng Tháp, cho rằng cần xem xét đến tính tự chủ của nền kinh tế, có chính sách nâng cao sức chủ động, sức chống chịu, tính tự chủ của nền kinh tế.",kinh phát triển ổn phục biểu Minh Hoan đại hội tỉnh Đồng Tháp xem đến tính tự nền kinh tế có sách nâng chủ động chống chịu tự,5,rule_based,deterministic-rule-baseline-precomputed,analysis_csv,0.0,word_dropout_50pct_and_punctuation_remove,ok
vi-zh-2022-test-0004,尽早恢复经济、与病毒安全共处,"Sớm phục hồi kinh tế, sống chung an toàn với dịch COVID - 19","Sớm phục hồi kinh tế, sống chung an toàn với dịch COVID - 19",0,rule_based,deterministic-rule-baseline-precomputed,analysis_csv,0.0,identity,ok
vi-zh-2022-test-0004,尽早恢复经济、与病毒安全共处,"Sớm phục hồi kinh tế, sống chung an toàn với dịch COVID - 19","Som phục hồi kinh tế, sống chung an toàn với dịch COVID - 19",1,rule_based,deterministic-rule-baseline-precomputed,analysis_csv,0.0,remove_one_tone,ok
vi-zh-2022-test-0004,尽早恢复经济、与病毒安全共处,"Sớm phục hồi kinh tế, sống chung an toàn với dịch COVID - 19","Som phuc hoi kinh te, song chung toan voi dich COVID - 19",2,rule_based,deterministic-rule-baseline-precomputed,analysis_csv,0.0,remove_tones_and_drop_one_word,ok
vi-zh-2022-test-0004,尽早恢复经济、与病毒安全共处,"Sớm phục hồi kinh tế, sống chung an toàn với dịch COVID - 19",Sớm phục hồi kinh sống chung an toàn với dịch - 19,3,rule_based,deterministic-rule-baseline-precomputed,analysis_csv,0.0,word_dropout_15pct,ok
vi-zh-2022-test-0004,尽早恢复经济、与病毒安全共处,"Sớm phục hồi kinh tế, sống chung an toàn với dịch COVID - 19","Sớm kinh hồi tế, sống an dịch COVID - 19",4,rule_based,deterministic-rule-baseline-precomputed,analysis_csv,0.0,word_dropout_30pct_and_swap,ok
vi-zh-2022-test-0004,尽早恢复经济、与病毒安全共处,"Sớm phục hồi kinh tế, sống chung an toàn với dịch COVID - 19",hồi kinh tế toàn với - 19,5,rule_based,deterministic-rule-baseline-precomputed,analysis_csv,0.0,word_dropout_50pct_and_punctuation_remove,ok
vi-zh-2022-test-0005,此外，进出口还实现了正增长。,"Ngoài ra, một số tín hiệu về xuất nhập khẩu vẫn tăng trưởng.","Ngoài ra, một số tín hiệu về xuất nhập khẩu vẫn tăng trưởng.",0,rule_based,deterministic-rule-baseline-precomputed,analysis_csv,0.0,identity,ok
vi-zh-2022-test-0005,此外，进出口还实现了正增长。,"Ngoài ra, một số tín hiệu về xuất nhập khẩu vẫn tăng trưởng.","Ngoai ra, một số tín hiệu về xuất nhập khẩu vẫn tăng trưởng.",1,rule_based,deterministic-rule-baseline-precomputed,analysis_csv,0.0,remove_one_tone,ok
vi-zh-2022-test-0005,此外，进出口还实现了正增长。,"Ngoài ra, một số tín hiệu về xuất nhập khẩu vẫn tăng trưởng.","Ngoai ra, mot so tin hieu xuat nhap khau van tang truong.",2,rule_based,deterministic-rule-baseline-precomputed,analysis_csv,0.0,remove_tones_and_drop_one_word,ok
vi-zh-2022-test-0005,此外，进出口还实现了正增长。,"Ngoài ra, một số tín hiệu về xuất nhập khẩu vẫn tăng trưởng.","Ngoài ra, một số tín hiệu xuất nhập vẫn tăng trưởng.",3,rule_based,deterministic-rule-baseline-precomputed,analysis_csv,0.0,word_dropout_15pct,ok
vi-zh-2022-test-0005,此外，进出口还实现了正增长。,"Ngoài ra, một số tín hiệu về xuất nhập khẩu vẫn tăng trưởng.",một tín số về nhập khẩu vẫn tăng trưởng.,4,rule_based,deterministic-rule-baseline-precomputed,analysis_csv,0.0,word_dropout_30pct_and_swap,ok
vi-zh-2022-test-0005,此外，进出口还实现了正增长。,"Ngoài ra, một số tín hiệu về xuất nhập khẩu vẫn tăng trưởng.",Ngoài tín hiệu về xuất nhập,5,rule_based,deterministic-rule-baseline-precomputed,analysis_csv,0.0,word_dropout_50pct_and_punctuation_remove,ok
vi-zh-2022-test-0006,国会将就此颁布更详细的新决议。,Chắc chắn Quốc hội sẽ ban hành Nghị quyết nói rõ vấn đề này.,Chắc chắn Quốc hội sẽ ban hành Nghị quyết nói rõ vấn đề này.,0,rule_based,deterministic-rule-baseline-precomputed,analysis_csv,0.0,identity,ok
vi-zh-2022-test-0006,国会将就此颁布更详细的新决议。,Chắc chắn Quốc hội sẽ ban hành Nghị quyết nói rõ vấn đề này.,Chac chắn Quốc hội sẽ ban hành Nghị quyết nói rõ vấn đề này.,1,rule_based,deterministic-rule-baseline-precomputed,analysis_csv,0.0,remove_one_tone,ok
vi-zh-2022-test-0006,国会将就此颁布更详细的新决议。,Chắc chắn Quốc hội sẽ ban hành Nghị quyết nói rõ vấn đề này.,Chac chan Quoc hoi se ban hanh quyet noi ro van đe nay.,2,rule_based,deterministic-rule-baseline-precomputed,analysis_csv,0.0,remove_tones_and_drop_one_word,ok
vi-zh-2022-test-0006,国会将就此颁布更详细的新决议。,Chắc chắn Quốc hội sẽ ban hành Nghị quyết nói rõ vấn đề này.,Quốc hội sẽ ban hành Nghị quyết nói rõ vấn đề này.,3,rule_based,deterministic-rule-baseline-precomputed,analysis_csv,0.0,word_dropout_15pct,ok
vi-zh-2022-test-0006,国会将就此颁布更详细的新决议。,Chắc chắn Quốc hội sẽ ban hành Nghị quyết nói rõ vấn đề này.,Chắc sẽ chắn ban hành Nghị quyết rõ vấn đề,4,rule_based,deterministic-rule-baseline-precomputed,analysis_csv,0.0,word_dropout_30pct_and_swap,ok
vi-zh-2022-test-0006,国会将就此颁布更详细的新决议。,Chắc chắn Quốc hội sẽ ban hành Nghị quyết nói rõ vấn đề này.,hội ban Nghị quyết nói rõ vấn,5,rule_based,deterministic-rule-baseline-precomputed,analysis_csv,0.0,word_dropout_50pct_and_punctuation_remove,ok
vi-zh-2022-test-0007,防疫工作的方针是安全、灵活适应和有效防控，先决条件是提高疫苗覆盖率。,"Về phòng chống dịch, cần đặt trọng tâm vào chủ trương thích ứng an toàn, linh hoạt và có hiệu quả với dịch bệnh, điều kiện tiên quyết là bao phủ vaccine.","Về phòng chống dịch, cần đặt trọng tâm vào chủ trương thích ứng an toàn, linh hoạt và có hiệu quả với dịch bệnh, điều kiện tiên quyết là bao phủ vaccine.",0,rule_based,deterministic-rule-baseline-precomputed,analysis_csv,0.0,identity,ok
vi-zh-2022-test-0007,防疫工作的方针是安全、灵活适应和有效防控，先决条件是提高疫苗覆盖率。,"Về phòng chống dịch, cần đặt trọng tâm vào chủ trương thích ứng an toàn, linh hoạt và có hiệu quả với dịch bệnh, điều kiện tiên quyết là bao phủ vaccine.","Ve phòng chống dịch, cần đặt trọng tâm vào chủ trương thích ứng an toàn, linh hoạt và có hiệu quả với dịch bệnh, điều kiện tiên quyết là bao phủ vaccine.",1,rule_based,deterministic-rule-baseline-precomputed,analysis_csv,0.0,remove_one_tone,ok
vi-zh-2022-test-0007,防疫工作的方针是安全、灵活适应和有效防控，先决条件是提高疫苗覆盖率。,"Về phòng chống dịch, cần đặt trọng tâm vào chủ trương thích ứng an toàn, linh hoạt và có hiệu quả với dịch bệnh, điều kiện tiên quyết là bao phủ vaccine.","Ve phong chong dich, can đat trong tam vao chu truong thich ung an toan, linh va co hieu qua voi dich benh, đieu kien tien quyet la bao phu vaccine.",2,rule_based,deterministic-rule-baseline-precomputed,analysis_csv,0.0,remove_tones_and_drop_one_word,ok
vi-zh-2022-test-0007,防疫工作的方针是安全、灵活适应和有效防控，先决条件是提高疫苗覆盖率。,"Về phòng chống dịch, cần đặt trọng tâm vào chủ trương thích ứng an toàn, linh hoạt và có hiệu quả với dịch bệnh, điều kiện tiên quyết là bao phủ vaccine.","Về phòng chống dịch, cần đặt trọng tâm vào chủ trương thích an toàn, linh hoạt và với bệnh, điều kiện tiên quyết là bao phủ vaccine.",3,rule_based,deterministic-rule-baseline-precomputed,analysis_csv,0.0,word_dropout_15pct,ok
vi-zh-2022-test-0007,防疫工作的方针是安全、灵活适应和有效防控，先决条件是提高疫苗覆盖率。,"Về phòng chống dịch, cần đặt trọng tâm vào chủ trương thích ứng an toàn, linh hoạt và có hiệu quả với dịch bệnh, điều kiện tiên quyết là bao phủ vaccine.","Về chống phòng dịch, cần đặt tâm vào thích an toàn, linh hoạt hiệu quả với dịch bệnh, điều là bao phủ",4,rule_based,deterministic-rule-baseline-precomputed,analysis_csv,0.0,word_dropout_30pct_and_swap,ok
vi-zh-2022-test-0007,防疫工作的方针是安全、灵活适应和有效防控，先决条件是提高疫苗覆盖率。,"Về phòng chống dịch, cần đặt trọng tâm vào chủ trương thích ứng an toàn, linh hoạt và có hiệu quả với dịch bệnh, điều kiện tiên quyết là bao phủ vaccine.",phòng trọng tâm vào chủ trương ứng toàn linh và có hiệu kiện tiên quyết phủ,5,rule_based,deterministic-rule-baseline-precomputed,analysis_csv,0.0,word_dropout_50pct_and_punctuation_remove,ok
vi-zh-2022-test-0008,越南不能一直封闭，要重新开放，以解决就业、收入、经济社会发展等问题。,"Việt Nam không thể đóng cửa mãi, mà phải mở cửa để giải quyết việc làm, thu nhập, phát triển kinh tế - xã hội.","Việt Nam không thể đóng cửa mãi, mà phải mở cửa để giải quyết việc làm, thu nhập, phát triển kinh tế - xã hội.",0,rule_based,deterministic-rule-baseline-precomputed,analysis_csv,0.0,identity,ok
vi-zh-2022-test-0008,越南不能一直封闭，要重新开放，以解决就业、收入、经济社会发展等问题。,"Việt Nam không thể đóng cửa mãi, mà phải mở cửa để giải quyết việc làm, thu nhập, phát triển kinh tế - xã hội.","Viet Nam không thể đóng cửa mãi, mà phải mở cửa để giải quyết việc làm, thu nhập, phát triển kinh tế - xã hội.",1,rule_based,deterministic-rule-baseline-precomputed,analysis_csv,0.0,remove_one_tone,ok
vi-zh-2022-test-0008,越南不能一直封闭，要重新开放，以解决就业、收入、经济社会发展等问题。,"Việt Nam không thể đóng cửa mãi, mà phải mở cửa để giải quyết việc làm, thu nhập, phát triển kinh tế - xã hội.","Viet Nam khong the đong cua mai, ma phai mo cua đe quyet viec lam, thu nhap, phat trien kinh te - xa hoi.",2,rule_based,deterministic-rule-baseline-precomputed,analysis_csv,0.0,remove_tones_and_drop_one_word,ok
vi-zh-2022-test-0008,越南不能一直封闭，要重新开放，以解决就业、收入、经济社会发展等问题。,"Việt Nam không thể đóng cửa mãi, mà phải mở cửa để giải quyết việc làm, thu nhập, phát triển kinh tế - xã hội.","Việt Nam không đóng cửa mãi, mà phải cửa để quyết việc làm, thu nhập, phát triển kinh tế - hội.",3,rule_based,deterministic-rule-baseline-precomputed,analysis_csv,0.0,word_dropout_15pct,ok
vi-zh-2022-test-0008,越南不能一直封闭，要重新开放，以解决就业、收入、经济社会发展等问题。,"Việt Nam không thể đóng cửa mãi, mà phải mở cửa để giải quyết việc làm, thu nhập, phát triển kinh tế - xã hội.","Việt đóng thể mãi, mà phải mở cửa để giải quyết việc làm, nhập, kinh tế - xã",4,rule_based,deterministic-rule-baseline-precomputed,analysis_csv,0.0,word_dropout_30pct_and_swap,ok
vi-zh-2022-test-0008,越南不能一直封闭，要重新开放，以解决就业、收入、经济社会发展等问题。,"Việt Nam không thể đóng cửa mãi, mà phải mở cửa để giải quyết việc làm, thu nhập, phát triển kinh tế - xã hội.",không đóng cửa mãi phải mở để làm kinh tế xã hội,5,rule_based,deterministic-rule-baseline-precomputed,analysis_csv,0.0,word_dropout_50pct_and_punctuation_remove,ok
vi-zh-2022-test-0009,2021年是越南实施2021-2026年新阶段性别平等战略的第一年。,Năm 2021 là năm Việt Nam bắt đầu thực hiện Chiến lược bình đẳng giới của giai đoạn mới (2021- 2026).,Năm 2021 là năm Việt Nam bắt đầu thực hiện Chiến lược bình đẳng giới của giai đoạn mới (2021- 2026).,0,rule_based,deterministic-rule-baseline-precomputed,analysis_csv,0.0,identity,ok
vi-zh-2022-test-0009,2021年是越南实施2021-2026年新阶段性别平等战略的第一年。,Năm 2021 là năm Việt Nam bắt đầu thực hiện Chiến lược bình đẳng giới của giai đoạn mới (2021- 2026).,Nam 2021 là năm Việt Nam bắt đầu thực hiện Chiến lược bình đẳng giới của giai đoạn mới (2021- 2026).,1,rule_based,deterministic-rule-baseline-precomputed,analysis_csv,0.0,remove_one_tone,ok
vi-zh-2022-test-0009,2021年是越南实施2021-2026年新阶段性别平等战略的第一年。,Năm 2021 là năm Việt Nam bắt đầu thực hiện Chiến lược bình đẳng giới của giai đoạn mới (2021- 2026).,Nam 2021 la nam Viet Nam bat đau thuc hien luoc binh đang gioi cua giai đoan moi (2021- 2026).,2,rule_based,deterministic-rule-baseline-precomputed,analysis_csv,0.0,remove_tones_and_drop_one_word,ok
vi-zh-2022-test-0009,2021年是越南实施2021-2026年新阶段性别平等战略的第一年。,Năm 2021 là năm Việt Nam bắt đầu thực hiện Chiến lược bình đẳng giới của giai đoạn mới (2021- 2026).,Năm năm Việt Nam bắt đầu thực hiện lược bình đẳng giới của giai đoạn mới (2021- 2026).,3,rule_based,deterministic-rule-baseline-precomputed,analysis_csv,0.0,word_dropout_15pct,ok
vi-zh-2022-test-0009,2021年是越南实施2021-2026年新阶段性别平等战略的第一年。,Năm 2021 là năm Việt Nam bắt đầu thực hiện Chiến lược bình đẳng giới của giai đoạn mới (2021- 2026).,2021 năm là Việt Nam bắt đầu thực hiện Chiến lược của mới (2021- 2026).,4,rule_based,deterministic-rule-baseline-precomputed,analysis_csv,0.0,word_dropout_30pct_and_swap,ok
vi-zh-2022-test-0009,2021年是越南实施2021-2026年新阶段性别平等战略的第一年。,Năm 2021 là năm Việt Nam bắt đầu thực hiện Chiến lược bình đẳng giới của giai đoạn mới (2021- 2026).,Năm 2021 năm Nam hiện lược đẳng của giai đoạn,5,rule_based,deterministic-rule-baseline-precomputed,analysis_csv,0.0,word_dropout_50pct_and_punctuation_remove,ok
vi-zh-2022-test-0010,其他研究也显示，新冠肺炎疫情对女性产生了深远的影响，女性失业率比男性高得多，但仍要肩负在学校停课期间照顾家庭和孩子的重担。,"Các nghiên cứu khác cũng cho thấy dịch Covid-19 đã tác động sâu sắc đối với phụ nữ, những người có nguy cơ mất việc làm cao hơn nhiều so với nam giới, trong khi vẫn phải đảm nhận gánh nặng trong sóc gia đình, con cái khi các trường học bị đóng cửa.","Các nghiên cứu khác cũng cho thấy dịch Covid-19 đã tác động sâu sắc đối với phụ nữ, những người có nguy cơ mất việc làm cao hơn nhiều so với nam giới, trong khi vẫn phải đảm nhận gánh nặng trong sóc gia đình, con cái khi các trường học bị đóng cửa.",0,rule_based,deterministic-rule-baseline-precomputed,analysis_csv,0.0,identity,ok
vi-zh-2022-test-0010,其他研究也显示，新冠肺炎疫情对女性产生了深远的影响，女性失业率比男性高得多，但仍要肩负在学校停课期间照顾家庭和孩子的重担。,"Các nghiên cứu khác cũng cho thấy dịch Covid-19 đã tác động sâu sắc đối với phụ nữ, những người có nguy cơ mất việc làm cao hơn nhiều so với nam giới, trong khi vẫn phải đảm nhận gánh nặng trong sóc gia đình, con cái khi các trường học bị đóng cửa.","Cac nghiên cứu khác cũng cho thấy dịch Covid-19 đã tác động sâu sắc đối với phụ nữ, những người có nguy cơ mất việc làm cao hơn nhiều so với nam giới, trong khi vẫn phải đảm nhận gánh nặng trong sóc gia đình, con cái khi các trường học bị đóng cửa.",1,rule_based,deterministic-rule-baseline-precomputed,analysis_csv,0.0,remove_one_tone,ok
vi-zh-2022-test-0010,其他研究也显示，新冠肺炎疫情对女性产生了深远的影响，女性失业率比男性高得多，但仍要肩负在学校停课期间照顾家庭和孩子的重担。,"Các nghiên cứu khác cũng cho thấy dịch Covid-19 đã tác động sâu sắc đối với phụ nữ, những người có nguy cơ mất việc làm cao hơn nhiều so với nam giới, trong khi vẫn phải đảm nhận gánh nặng trong sóc gia đình, con cái khi các trường học bị đóng cửa.","Cac nghien cuu khac cung cho thay dich Covid-19 đa tac đong sau sac đoi voi phu nu, nhung nguoi co nguy co mat viec lam cao nhieu so voi nam gioi, trong khi van phai đam nhan ganh nang trong soc gia đinh, con cai khi cac truong hoc bi đong cua.",2,rule_based,deterministic-rule-baseline-precomputed,analysis_csv,0.0,remove_tones_and_drop_one_word,ok
vi-zh-2022-test-0010,其他研究也显示，新冠肺炎疫情对女性产生了深远的影响，女性失业率比男性高得多，但仍要肩负在学校停课期间照顾家庭和孩子的重担。,"Các nghiên cứu khác cũng cho thấy dịch Covid-19 đã tác động sâu sắc đối với phụ nữ, những người có nguy cơ mất việc làm cao hơn nhiều so với nam giới, trong khi vẫn phải đảm nhận gánh nặng trong sóc gia đình, con cái khi các trường học bị đóng cửa.","Các nghiên cứu khác cũng cho thấy dịch đã động sâu sắc đối phụ những người có nguy cơ mất việc làm cao hơn nhiều so với nam giới, trong khi vẫn phải đảm gánh trong sóc gia đình, con khi các trường học đóng cửa.",3,rule_based,deterministic-rule-baseline-precomputed,analysis_csv,0.0,word_dropout_15pct,ok
vi-zh-2022-test-0010,其他研究也显示，新冠肺炎疫情对女性产生了深远的影响，女性失业率比男性高得多，但仍要肩负在学校停课期间照顾家庭和孩子的重担。,"Các nghiên cứu khác cũng cho thấy dịch Covid-19 đã tác động sâu sắc đối với phụ nữ, những người có nguy cơ mất việc làm cao hơn nhiều so với nam giới, trong khi vẫn phải đảm nhận gánh nặng trong sóc gia đình, con cái khi các trường học bị đóng cửa.","Các khác nghiên cũng cho thấy dịch Covid-19 sâu sắc đối phụ nữ, người nguy cơ mất việc làm cao hơn nhiều với trong khi vẫn phải đảm gánh nặng trong gia đình, con các trường học đóng",4,rule_based,deterministic-rule-baseline-precomputed,analysis_csv,0.0,word_dropout_30pct_and_swap,ok
vi-zh-2022-test-0010,其他研究也显示，新冠肺炎疫情对女性产生了深远的影响，女性失业率比男性高得多，但仍要肩负在学校停课期间照顾家庭和孩子的重担。,"Các nghiên cứu khác cũng cho thấy dịch Covid-19 đã tác động sâu sắc đối với phụ nữ, những người có nguy cơ mất việc làm cao hơn nhiều so với nam giới, trong khi vẫn phải đảm nhận gánh nặng trong sóc gia đình, con cái khi các trường học bị đóng cửa.",nghiên cứu cũng thấy Covid-19 tác sâu đối phụ những có mất việc làm hơn so với nam giới trong đảm nhận nặng trong đình trường đóng,5,rule_based,deterministic-rule-baseline-precomputed,analysis_csv,0.0,word_dropout_50pct_and_punctuation_remove,ok
vi-zh-2022-test-0011,特别是对越南来说，2020年以来，越南经历了4波疫情，给社会经济的所有领域造成了严重影响，成为实施性别平等和妇女进步事业乃至性别平等国家战略目标的挑战。,"Riêng đối với Việt Nam, từ năm 2020 đến nay, Việt Nam đã trải qua 4 đợt bùng phát dịch, tác động nghiêm trọng tới tất cả các lĩnh vực của nền kinh tế - xã hội, gây thách thức cho việc thực hiện bình đẳng giới và vì sự tiến bộ phụ nữ cũng như việc triển khai thực hiện các mục tiêu chiến lược quốc gia về bình đẳng giới.","Riêng đối với Việt Nam, từ năm 2020 đến nay, Việt Nam đã trải qua 4 đợt bùng phát dịch, tác động nghiêm trọng tới tất cả các lĩnh vực của nền kinh tế - xã hội, gây thách thức cho việc thực hiện bình đẳng giới và vì sự tiến bộ phụ nữ cũng như việc triển khai thực hiện các mục tiêu chiến lược quốc gia về bình đẳng giới.",0,rule_based,deterministic-rule-baseline-precomputed,analysis_csv,0.0,identity,ok
vi-zh-2022-test-0011,特别是对越南来说，2020年以来，越南经历了4波疫情，给社会经济的所有领域造成了严重影响，成为实施性别平等和妇女进步事业乃至性别平等国家战略目标的挑战。,"Riêng đối với Việt Nam, từ năm 2020 đến nay, Việt Nam đã trải qua 4 đợt bùng phát dịch, tác động nghiêm trọng tới tất cả các lĩnh vực của nền kinh tế - xã hội, gây thách thức cho việc thực hiện bình đẳng giới và vì sự tiến bộ phụ nữ cũng như việc triển khai thực hiện các mục tiêu chiến lược quốc gia về bình đẳng giới.","Rieng đối với Việt Nam, từ năm 2020 đến nay, Việt Nam đã trải qua 4 đợt bùng phát dịch, tác động nghiêm trọng tới tất cả các lĩnh vực của nền kinh tế - xã hội, gây thách thức cho việc thực hiện bình đẳng giới và vì sự tiến bộ phụ nữ cũng như việc triển khai thực hiện các mục tiêu chiến lược quốc gia về bình đẳng giới.",1,rule_based,deterministic-rule-baseline-precomputed,analysis_csv,0.0,remove_one_tone,ok
vi-zh-2022-test-0011,特别是对越南来说，2020年以来，越南经历了4波疫情，给社会经济的所有领域造成了严重影响，成为实施性别平等和妇女进步事业乃至性别平等国家战略目标的挑战。,"Riêng đối với Việt Nam, từ năm 2020 đến nay, Việt Nam đã trải qua 4 đợt bùng phát dịch, tác động nghiêm trọng tới tất cả các lĩnh vực của nền kinh tế - xã hội, gây thách thức cho việc thực hiện bình đẳng giới và vì sự tiến bộ phụ nữ cũng như việc triển khai thực hiện các mục tiêu chiến lược quốc gia về bình đẳng giới.","Rieng đoi voi Viet Nam, tu nam 2020 đen nay, Viet Nam đa trai qua 4 đot bung phat dich, tac đong nghiem trong toi tat ca cac linh vuc cua nen kinh te - xa gay thach thuc cho viec thuc hien binh đang gioi va vi su tien bo phu nu cung nhu viec trien khai thuc hien cac muc tieu chien luoc quoc gia ve binh đang gioi.",2,rule_based,deterministic-rule-baseline-precomputed,analysis_csv,0.0,remove_tones_and_drop_one_word,ok
vi-zh-2022-test-0011,特别是对越南来说，2020年以来，越南经历了4波疫情，给社会经济的所有领域造成了严重影响，成为实施性别平等和妇女进步事业乃至性别平等国家战略目标的挑战。,"Riêng đối với Việt Nam, từ năm 2020 đến nay, Việt Nam đã trải qua 4 đợt bùng phát dịch, tác động nghiêm trọng tới tất cả các lĩnh vực của nền kinh tế - xã hội, gây thách thức cho việc thực hiện bình đẳng giới và vì sự tiến bộ phụ nữ cũng như việc triển khai thực hiện các mục tiêu chiến lược quốc gia về bình đẳng giới.","Riêng đối Việt Nam, từ năm đến nay, Việt Nam đã trải 4 đợt bùng phát dịch, tác động tới cả các lĩnh vực nền tế - xã hội, gây thách thức cho việc thực hiện bình đẳng giới và vì sự phụ nữ cũng như việc triển khai thực hiện các mục tiêu chiến lược quốc về bình đẳng giới.",3,rule_based,deterministic-rule-baseline-precomputed,analysis_csv,0.0,word_dropout_15pct,ok
vi-zh-2022-test-0011,特别是对越南来说，2020年以来，越南经历了4波疫情，给社会经济的所有领域造成了严重影响，成为实施性别平等和妇女进步事业乃至性别平等国家战略目标的挑战。,"Riêng đối với Việt Nam, từ năm 2020 đến nay, Việt Nam đã trải qua 4 đợt bùng phát dịch, tác động nghiêm trọng tới tất cả các lĩnh vực của nền kinh tế - xã hội, gây thách thức cho việc thực hiện bình đẳng giới và vì sự tiến bộ phụ nữ cũng như việc triển khai thực hiện các mục tiêu chiến lược quốc gia về bình đẳng giới.","đối từ với năm 2020 đến nay, Việt Nam trải đợt phát trọng tới tất cả các lĩnh của nền kinh tế - xã hội, gây thách thức cho việc thực hiện bình giới và vì bộ nữ như việc thực hiện các mục tiêu chiến lược quốc gia đẳng",4,rule_based,deterministic-rule-baseline-precomputed,analysis_csv,0.0,word_dropout_30pct_and_swap,ok
vi-zh-2022-test-0011,特别是对越南来说，2020年以来，越南经历了4波疫情，给社会经济的所有领域造成了严重影响，成为实施性别平等和妇女进步事业乃至性别平等国家战略目标的挑战。,"Riêng đối với Việt Nam, từ năm 2020 đến nay, Việt Nam đã trải qua 4 đợt bùng phát dịch, tác động nghiêm trọng tới tất cả các lĩnh vực của nền kinh tế - xã hội, gây thách thức cho việc thực hiện bình đẳng giới và vì sự tiến bộ phụ nữ cũng như việc triển khai thực hiện các mục tiêu chiến lược quốc gia về bình đẳng giới.",Riêng với Việt Nam từ năm đến trải đợt phát dịch trọng tới tất cả lĩnh của nền xã hội gây thức thực bình đẳng vì bộ nữ việc triển thực mục lược gia đẳng giới,5,rule_based,deterministic-rule-baseline-precomputed,analysis_csv,0.0,word_dropout_50pct_and_punctuation_remove,ok
vi-zh-2022-test-0012,越南政府总理范明政10月20日上午在15届国会2次会议开幕式上做2021年经济社会情况及2022年经济社会发展计划草案报告，概述越南各领域取得的重要结果，其中包括新冠疫情防控工作。,"Báo cáo về tình hình kinh tế - xã hội năm 2021 dự kiến kế hoạch phát triển kinh tế xã hội năm 2022, tại phiên khai mạc kỳ họp thứ 2, Quốc hội khóa XV sáng 20/10, Thủ tướng Phạm Minh Chính khái quát lại những kết quả quan trọng mà Việt Nam đạt được trên các lĩnh vực, trong đó đặc biệt nhấn mạnh đến công tác phòng chống dịch COVID - 19.","Báo cáo về tình hình kinh tế - xã hội năm 2021 dự kiến kế hoạch phát triển kinh tế xã hội năm 2022, tại phiên khai mạc kỳ họp thứ 2, Quốc hội khóa XV sáng 20/10, Thủ tướng Phạm Minh Chính khái quát lại những kết quả quan trọng mà Việt Nam đạt được trên các lĩnh vực, trong đó đặc biệt nhấn mạnh đến công tác phòng chống dịch COVID - 19.",0,rule_based,deterministic-rule-baseline-precomputed,analysis_csv,0.0,identity,ok
vi-zh-2022-test-0012,越南政府总理范明政10月20日上午在15届国会2次会议开幕式上做2021年经济社会情况及2022年经济社会发展计划草案报告，概述越南各领域取得的重要结果，其中包括新冠疫情防控工作。,"Báo cáo về tình hình kinh tế - xã hội năm 2021 dự kiến kế hoạch phát triển kinh tế xã hội năm 2022, tại phiên khai mạc kỳ họp thứ 2, Quốc hội khóa XV sáng 20/10, Thủ tướng Phạm Minh Chính khái quát lại những kết quả quan trọng mà Việt Nam đạt được trên các lĩnh vực, trong đó đặc biệt nhấn mạnh đến công tác phòng chống dịch COVID - 19.","Bao cáo về tình hình kinh tế - xã hội năm 2021 dự kiến kế hoạch phát triển kinh tế xã hội năm 2022, tại phiên khai mạc kỳ họp thứ 2, Quốc hội khóa XV sáng 20/10, Thủ tướng Phạm Minh Chính khái quát lại những kết quả quan trọng mà Việt Nam đạt được trên các lĩnh vực, trong đó đặc biệt nhấn mạnh đến công tác phòng chống dịch COVID - 19.",1,rule_based,deterministic-rule-baseline-precomputed,analysis_csv,0.0,remove_one_tone,ok
vi-zh-2022-test-0012,越南政府总理范明政10月20日上午在15届国会2次会议开幕式上做2021年经济社会情况及2022年经济社会发展计划草案报告，概述越南各领域取得的重要结果，其中包括新冠疫情防控工作。,"Báo cáo về tình hình kinh tế - xã hội năm 2021 dự kiến kế hoạch phát triển kinh tế xã hội năm 2022, tại phiên khai mạc kỳ họp thứ 2, Quốc hội khóa XV sáng 20/10, Thủ tướng Phạm Minh Chính khái quát lại những kết quả quan trọng mà Việt Nam đạt được trên các lĩnh vực, trong đó đặc biệt nhấn mạnh đến công tác phòng chống dịch COVID - 19.","Bao cao ve tinh hinh kinh te - xa hoi nam 2021 du kien ke hoach phat trien kinh te xa hoi nam 2022, tai phien khai mac ky hop thu 2, Quoc hoi khoa XV sang Thu tuong Pham Minh Chinh khai quat lai nhung ket qua quan trong ma Viet Nam đat đuoc tren cac linh vuc, trong đo đac biet nhan manh đen cong tac phong chong dich COVID - 19.",2,rule_based,deterministic-rule-baseline-precomputed,analysis_csv,0.0,remove_tones_and_drop_one_word,ok
vi-zh-2022-test-0012,越南政府总理范明政10月20日上午在15届国会2次会议开幕式上做2021年经济社会情况及2022年经济社会发展计划草案报告，概述越南各领域取得的重要结果，其中包括新冠疫情防控工作。,"Báo cáo về tình hình kinh tế - xã hội năm 2021 dự kiến kế hoạch phát triển kinh tế xã hội năm 2022, tại phiên khai mạc kỳ họp thứ 2, Quốc hội khóa XV sáng 20/10, Thủ tướng Phạm Minh Chính khái quát lại những kết quả quan trọng mà Việt Nam đạt được trên các lĩnh vực, trong đó đặc biệt nhấn mạnh đến công tác phòng chống dịch COVID - 19.","Báo cáo về kinh tế - xã hội 2021 dự kiến kế phát tế xã hội năm 2022, tại phiên khai mạc kỳ họp thứ 2, Quốc hội khóa XV sáng 20/10, Thủ tướng Phạm Minh khái quát những kết quả mà Việt Nam đạt được trên các lĩnh vực, trong đó đặc biệt mạnh đến công tác phòng chống dịch COVID - 19.",3,rule_based,deterministic-rule-baseline-precomputed,analysis_csv,0.0,word_dropout_15pct,ok
vi-zh-2022-test-0012,越南政府总理范明政10月20日上午在15届国会2次会议开幕式上做2021年经济社会情况及2022年经济社会发展计划草案报告，概述越南各领域取得的重要结果，其中包括新冠疫情防控工作。,"Báo cáo về tình hình kinh tế - xã hội năm 2021 dự kiến kế hoạch phát triển kinh tế xã hội năm 2022, tại phiên khai mạc kỳ họp thứ 2, Quốc hội khóa XV sáng 20/10, Thủ tướng Phạm Minh Chính khái quát lại những kết quả quan trọng mà Việt Nam đạt được trên các lĩnh vực, trong đó đặc biệt nhấn mạnh đến công tác phòng chống dịch COVID - 19.","Báo tình về hình kinh tế - xã năm 2021 dự kiến kế hoạch kinh tế 2022, tại phiên khai kỳ họp thứ 2, hội XV sáng 20/10, Thủ tướng Phạm Minh Chính quát lại kết quả quan trọng mà được trên các lĩnh vực, nhấn công tác phòng COVID - 19.",4,rule_based,deterministic-rule-baseline-precomputed,analysis_csv,0.0,word_dropout_30pct_and_swap,ok
vi-zh-2022-test-0012,越南政府总理范明政10月20日上午在15届国会2次会议开幕式上做2021年经济社会情况及2022年经济社会发展计划草案报告，概述越南各领域取得的重要结果，其中包括新冠疫情防控工作。,"Báo cáo về tình hình kinh tế - xã hội năm 2021 dự kiến kế hoạch phát triển kinh tế xã hội năm 2022, tại phiên khai mạc kỳ họp thứ 2, Quốc hội khóa XV sáng 20/10, Thủ tướng Phạm Minh Chính khái quát lại những kết quả quan trọng mà Việt Nam đạt được trên các lĩnh vực, trong đó đặc biệt nhấn mạnh đến công tác phòng chống dịch COVID - 19.",cáo về kinh tế - năm 2021 dự phát triển tế xã hội 2022 kỳ hội sáng 20/10 Thủ tướng Minh Chính quát những kết quả trọng mà lĩnh vực đặc nhấn mạnh đến tác phòng dịch -,5,rule_based,deterministic-rule-baseline-precomputed,analysis_csv,0.0,word_dropout_50pct_and_punctuation_remove,ok
vi-zh-2022-test-0013,集中复苏经济，维持增长动力,"Tập trung phục hồi kinh tế, duy trì các động lực tăng trưởng","Tập trung phục hồi kinh tế, duy trì các động lực tăng trưởng",0,rule_based,deterministic-rule-baseline-precomputed,analysis_csv,0.0,identity,ok
vi-zh-2022-test-0013,集中复苏经济，维持增长动力,"Tập trung phục hồi kinh tế, duy trì các động lực tăng trưởng","Tap trung phục hồi kinh tế, duy trì các động lực tăng trưởng",1,rule_based,deterministic-rule-baseline-precomputed,analysis_csv,0.0,remove_one_tone,ok
vi-zh-2022-test-0013,集中复苏经济，维持增长动力,"Tập trung phục hồi kinh tế, duy trì các động lực tăng trưởng","Tap trung phuc hoi kinh te, tri cac đong luc tang truong",2,rule_based,deterministic-rule-baseline-precomputed,analysis_csv,0.0,remove_tones_and_drop_one_word,ok
vi-zh-2022-test-0013,集中复苏经济，维持增长动力,"Tập trung phục hồi kinh tế, duy trì các động lực tăng trưởng",Tập trung phục hồi kinh duy trì động lực tăng trưởng,3,rule_based,deterministic-rule-baseline-precomputed,analysis_csv,0.0,word_dropout_15pct,ok
vi-zh-2022-test-0013,集中复苏经济，维持增长动力,"Tập trung phục hồi kinh tế, duy trì các động lực tăng trưởng",Tập phục trung hồi duy trì các động lực,4,rule_based,deterministic-rule-baseline-precomputed,analysis_csv,0.0,word_dropout_30pct_and_swap,ok
vi-zh-2022-test-0013,集中复苏经济，维持增长动力,"Tập trung phục hồi kinh tế, duy trì các động lực tăng trưởng",phục hồi kinh động tăng trưởng,5,rule_based,deterministic-rule-baseline-precomputed,analysis_csv,0.0,word_dropout_50pct_and_punctuation_remove,ok
vi-zh-2022-test-0014,防疫工作是政府指导、调控工作的优先,"Công tác phòng, chống dịch COVID-19 là ưu tiên hàng đầu trong chỉ đạo, điều hành","Công tác phòng, chống dịch COVID-19 là ưu tiên hàng đầu trong chỉ đạo, điều hành",0,rule_based,deterministic-rule-baseline-precomputed,analysis_csv,0.0,identity,ok
vi-zh-2022-test-0014,防疫工作是政府指导、调控工作的优先,"Công tác phòng, chống dịch COVID-19 là ưu tiên hàng đầu trong chỉ đạo, điều hành","Cong tác phòng, chống dịch COVID-19 là ưu tiên hàng đầu trong chỉ đạo, điều hành",1,rule_based,deterministic-rule-baseline-precomputed,analysis_csv,0.0,remove_one_tone,ok
vi-zh-2022-test-0014,防疫工作是政府指导、调控工作的优先,"Công tác phòng, chống dịch COVID-19 là ưu tiên hàng đầu trong chỉ đạo, điều hành","Cong tac phong, chong dich COVID-19 la uu hang đau trong chi đao, đieu hanh",2,rule_based,deterministic-rule-baseline-precomputed,analysis_csv,0.0,remove_tones_and_drop_one_word,ok
vi-zh-2022-test-0014,防疫工作是政府指导、调控工作的优先,"Công tác phòng, chống dịch COVID-19 là ưu tiên hàng đầu trong chỉ đạo, điều hành","Công tác phòng, chống dịch COVID-19 là ưu tiên hàng đầu trong đạo, hành",3,rule_based,deterministic-rule-baseline-precomputed,analysis_csv,0.0,word_dropout_15pct,ok
vi-zh-2022-test-0014,防疫工作是政府指导、调控工作的优先,"Công tác phòng, chống dịch COVID-19 là ưu tiên hàng đầu trong chỉ đạo, điều hành","Công chống phòng, dịch COVID-19 là ưu hàng đạo, điều hành",4,rule_based,deterministic-rule-baseline-precomputed,analysis_csv,0.0,word_dropout_30pct_and_swap,ok
vi-zh-2022-test-0014,防疫工作是政府指导、调控工作的优先,"Công tác phòng, chống dịch COVID-19 là ưu tiên hàng đầu trong chỉ đạo, điều hành",Công phòng chống dịch COVID-19 tiên trong hành,5,rule_based,deterministic-rule-baseline-precomputed,analysis_csv,0.0,word_dropout_50pct_and_punctuation_remove,ok
vi-zh-2022-test-0015,"集中复苏经济，维持增长动力,不让增长动力减弱","Tập trung khôi phục kinh tế , duy trì động lực tăng trưởng , không để suy giảm động lực tăng trưởng","Tập trung khôi phục kinh tế , duy trì động lực tăng trưởng , không để suy giảm động lực tăng trưởng",0,rule_based,deterministic-rule-baseline-precomputed,analysis_csv,0.0,identity,ok
vi-zh-2022-test-0015,"集中复苏经济，维持增长动力,不让增长动力减弱","Tập trung khôi phục kinh tế , duy trì động lực tăng trưởng , không để suy giảm động lực tăng trưởng","Tap trung khôi phục kinh tế , duy trì động lực tăng trưởng , không để suy giảm động lực tăng trưởng",1,rule_based,deterministic-rule-baseline-precomputed,analysis_csv,0.0,remove_one_tone,ok
vi-zh-2022-test-0015,"集中复苏经济，维持增长动力,不让增长动力减弱","Tập trung khôi phục kinh tế , duy trì động lực tăng trưởng , không để suy giảm động lực tăng trưởng","Tap trung khoi phuc kinh te , duy tri đong luc truong , khong đe suy giam đong luc tang truong",2,rule_based,deterministic-rule-baseline-precomputed,analysis_csv,0.0,remove_tones_and_drop_one_word,ok
vi-zh-2022-test-0015,"集中复苏经济，维持增长动力,不让增长动力减弱","Tập trung khôi phục kinh tế , duy trì động lực tăng trưởng , không để suy giảm động lực tăng trưởng","Tập trung khôi phục kinh tế , duy trì động lực tăng trưởng không để suy động tăng trưởng",3,rule_based,deterministic-rule-baseline-precomputed,analysis_csv,0.0,word_dropout_15pct,ok
vi-zh-2022-test-0015,"集中复苏经济，维持增长动力,不让增长动力减弱","Tập trung khôi phục kinh tế , duy trì động lực tăng trưởng , không để suy giảm động lực tăng trưởng","Tập tế trung , duy động lực tăng trưởng để giảm động lực tăng trưởng",4,rule_based,deterministic-rule-baseline-precomputed,analysis_csv,0.0,word_dropout_30pct_and_swap,ok
vi-zh-2022-test-0015,"集中复苏经济，维持增长动力,不让增长动力减弱","Tập trung khôi phục kinh tế , duy trì động lực tăng trưởng , không để suy giảm động lực tăng trưởng",khôi tế duy trì động tăng trưởng không giảm động lực,5,rule_based,deterministic-rule-baseline-precomputed,analysis_csv,0.0,word_dropout_50pct_and_punctuation_remove,ok
vi-zh-2022-test-0016,范明政强调，今年最后几个月将集中防疫，制定安全、灵活路线图，有效控制疫情，克服疫情后果，恢复、发展经济社会。,"Thủ tướng Phạm Minh Chính khẳng định trong những tháng cuối năm, sẽ tập trung nỗ lực cao nhất cho phòng, chống dịch COVID-19, có lộ trình thích ứng an toàn, linh hoạt, phấn đấu kiểm soát hiệu quả dịch bệnh trên phạm vi toàn quốc để tập trung khắc phục hậu quả của dịch bệnh và khôi phục, phát triển kinh tế xã hội.","Thủ tướng Phạm Minh Chính khẳng định trong những tháng cuối năm, sẽ tập trung nỗ lực cao nhất cho phòng, chống dịch COVID-19, có lộ trình thích ứng an toàn, linh hoạt, phấn đấu kiểm soát hiệu quả dịch bệnh trên phạm vi toàn quốc để tập trung khắc phục hậu quả của dịch bệnh và khôi phục, phát triển kinh tế xã hội.",0,rule_based,deterministic-rule-baseline-precomputed,analysis_csv,0.0,identity,ok
vi-zh-2022-test-0016,范明政强调，今年最后几个月将集中防疫，制定安全、灵活路线图，有效控制疫情，克服疫情后果，恢复、发展经济社会。,"Thủ tướng Phạm Minh Chính khẳng định trong những tháng cuối năm, sẽ tập trung nỗ lực cao nhất cho phòng, chống dịch COVID-19, có lộ trình thích ứng an toàn, linh hoạt, phấn đấu kiểm soát hiệu quả dịch bệnh trên phạm vi toàn quốc để tập trung khắc phục hậu quả của dịch bệnh và khôi phục, phát triển kinh tế xã hội.","Thu tướng Phạm Minh Chính khẳng định trong những tháng cuối năm, sẽ tập trung nỗ lực cao nhất cho phòng, chống dịch COVID-19, có lộ trình thích ứng an toàn, linh hoạt, phấn đấu kiểm soát hiệu quả dịch bệnh trên phạm vi toàn quốc để tập trung khắc phục hậu quả của dịch bệnh và khôi phục, phát triển kinh tế xã hội.",1,rule_based,deterministic-rule-baseline-precomputed,analysis_csv,0.0,remove_one_tone,ok
vi-zh-2022-test-0016,范明政强调，今年最后几个月将集中防疫，制定安全、灵活路线图，有效控制疫情，克服疫情后果，恢复、发展经济社会。,"Thủ tướng Phạm Minh Chính khẳng định trong những tháng cuối năm, sẽ tập trung nỗ lực cao nhất cho phòng, chống dịch COVID-19, có lộ trình thích ứng an toàn, linh hoạt, phấn đấu kiểm soát hiệu quả dịch bệnh trên phạm vi toàn quốc để tập trung khắc phục hậu quả của dịch bệnh và khôi phục, phát triển kinh tế xã hội.","Thu tuong Pham Minh Chinh khang đinh trong nhung thang cuoi nam, se tap trung no luc cao nhat cho phong, chong dich COVID-19, co lo trinh thich ung an toan, linh phan đau kiem soat hieu qua dich benh tren pham vi toan quoc đe tap trung khac phuc hau qua cua dich benh va khoi phuc, phat trien kinh te xa hoi.",2,rule_based,deterministic-rule-baseline-precomputed,analysis_csv,0.0,remove_tones_and_drop_one_word,ok
vi-zh-2022-test-0016,范明政强调，今年最后几个月将集中防疫，制定安全、灵活路线图，有效控制疫情，克服疫情后果，恢复、发展经济社会。,"Thủ tướng Phạm Minh Chính khẳng định trong những tháng cuối năm, sẽ tập trung nỗ lực cao nhất cho phòng, chống dịch COVID-19, có lộ trình thích ứng an toàn, linh hoạt, phấn đấu kiểm soát hiệu quả dịch bệnh trên phạm vi toàn quốc để tập trung khắc phục hậu quả của dịch bệnh và khôi phục, phát triển kinh tế xã hội.","Thủ tướng Phạm Chính khẳng trong những tháng cuối năm, tập trung lực nhất cho phòng, chống dịch COVID-19, lộ thích ứng an toàn, linh hoạt, phấn đấu kiểm soát quả dịch bệnh trên phạm vi toàn quốc để trung khắc phục hậu quả của dịch bệnh và khôi phục, phát triển kinh xã hội.",3,rule_based,deterministic-rule-baseline-precomputed,analysis_csv,0.0,word_dropout_15pct,ok
vi-zh-2022-test-0016,范明政强调，今年最后几个月将集中防疫，制定安全、灵活路线图，有效控制疫情，克服疫情后果，恢复、发展经济社会。,"Thủ tướng Phạm Minh Chính khẳng định trong những tháng cuối năm, sẽ tập trung nỗ lực cao nhất cho phòng, chống dịch COVID-19, có lộ trình thích ứng an toàn, linh hoạt, phấn đấu kiểm soát hiệu quả dịch bệnh trên phạm vi toàn quốc để tập trung khắc phục hậu quả của dịch bệnh và khôi phục, phát triển kinh tế xã hội.","Thủ khẳng tướng trong những tháng cuối năm, tập trung nỗ lực cho phòng, chống dịch COVID-19, lộ ứng an toàn, hoạt, phấn đấu hiệu quả dịch bệnh trên phạm vi toàn quốc để tập phục hậu quả dịch và khôi phục, phát kinh tế hội.",4,rule_based,deterministic-rule-baseline-precomputed,analysis_csv,0.0,word_dropout_30pct_and_swap,ok
vi-zh-2022-test-0016,范明政强调，今年最后几个月将集中防疫，制定安全、灵活路线图，有效控制疫情，克服疫情后果，恢复、发展经济社会。,"Thủ tướng Phạm Minh Chính khẳng định trong những tháng cuối năm, sẽ tập trung nỗ lực cao nhất cho phòng, chống dịch COVID-19, có lộ trình thích ứng an toàn, linh hoạt, phấn đấu kiểm soát hiệu quả dịch bệnh trên phạm vi toàn quốc để tập trung khắc phục hậu quả của dịch bệnh và khôi phục, phát triển kinh tế xã hội.",tướng Phạm Minh Chính khẳng những cuối sẽ trung nỗ lực cao nhất cho chống có thích toàn dịch bệnh phạm vi tập hậu quả và khôi phục phát tế xã hội,5,rule_based,deterministic-rule-baseline-precomputed,analysis_csv,0.0,word_dropout_50pct_and_punctuation_remove,ok
vi-zh-2022-test-0017,政府也灵活调整财政、货币及其他政策以保障宏观经济稳定，促进生产经营；开展切实、有效帮扶政策、机制。,"Chính phủ cũng sẽ điều chỉnh linh hoạt chính sách tài khóa, tiền tệ và các chính sách khác để giữ vững ổn định vĩ mô, bảo đảm các cân đối lớn, thúc đẩy sản xuất kinh doanh, tập trung ưu tiên triển khai các cơ chế, chính sách hỗ trợ thiết thực, hiệu quả .","Chính phủ cũng sẽ điều chỉnh linh hoạt chính sách tài khóa, tiền tệ và các chính sách khác để giữ vững ổn định vĩ mô, bảo đảm các cân đối lớn, thúc đẩy sản xuất kinh doanh, tập trung ưu tiên triển khai các cơ chế, chính sách hỗ trợ thiết thực, hiệu quả .",0,rule_based,deterministic-rule-baseline-precomputed,analysis_csv,0.0,identity,ok
vi-zh-2022-test-0017,政府也灵活调整财政、货币及其他政策以保障宏观经济稳定，促进生产经营；开展切实、有效帮扶政策、机制。,"Chính phủ cũng sẽ điều chỉnh linh hoạt chính sách tài khóa, tiền tệ và các chính sách khác để giữ vững ổn định vĩ mô, bảo đảm các cân đối lớn, thúc đẩy sản xuất kinh doanh, tập trung ưu tiên triển khai các cơ chế, chính sách hỗ trợ thiết thực, hiệu quả .","Chinh phủ cũng sẽ điều chỉnh linh hoạt chính sách tài khóa, tiền tệ và các chính sách khác để giữ vững ổn định vĩ mô, bảo đảm các cân đối lớn, thúc đẩy sản xuất kinh doanh, tập trung ưu tiên triển khai các cơ chế, chính sách hỗ trợ thiết thực, hiệu quả .",1,rule_based,deterministic-rule-baseline-precomputed,analysis_csv,0.0,remove_one_tone,ok
vi-zh-2022-test-0017,政府也灵活调整财政、货币及其他政策以保障宏观经济稳定，促进生产经营；开展切实、有效帮扶政策、机制。,"Chính phủ cũng sẽ điều chỉnh linh hoạt chính sách tài khóa, tiền tệ và các chính sách khác để giữ vững ổn định vĩ mô, bảo đảm các cân đối lớn, thúc đẩy sản xuất kinh doanh, tập trung ưu tiên triển khai các cơ chế, chính sách hỗ trợ thiết thực, hiệu quả .","Chinh phu cung se đieu chinh linh hoat chinh sach tai khoa, tien te va cac chinh sach khac đe giu vung on đinh vi mo, bao đam can đoi lon, thuc đay san xuat kinh doanh, tap trung uu tien trien khai cac co che, chinh sach ho tro thiet thuc, hieu qua .",2,rule_based,deterministic-rule-baseline-precomputed,analysis_csv,0.0,remove_tones_and_drop_one_word,ok
vi-zh-2022-test-0017,政府也灵活调整财政、货币及其他政策以保障宏观经济稳定，促进生产经营；开展切实、有效帮扶政策、机制。,"Chính phủ cũng sẽ điều chỉnh linh hoạt chính sách tài khóa, tiền tệ và các chính sách khác để giữ vững ổn định vĩ mô, bảo đảm các cân đối lớn, thúc đẩy sản xuất kinh doanh, tập trung ưu tiên triển khai các cơ chế, chính sách hỗ trợ thiết thực, hiệu quả .","Chính phủ cũng sẽ điều linh hoạt sách tài khóa, tiền tệ và các chính sách khác để giữ vững ổn vĩ bảo các cân đối lớn, thúc đẩy xuất kinh doanh, trung ưu tiên triển khai các cơ chế, chính sách hỗ trợ thực, hiệu quả .",3,rule_based,deterministic-rule-baseline-precomputed,analysis_csv,0.0,word_dropout_15pct,ok
vi-zh-2022-test-0017,政府也灵活调整财政、货币及其他政策以保障宏观经济稳定，促进生产经营；开展切实、有效帮扶政策、机制。,"Chính phủ cũng sẽ điều chỉnh linh hoạt chính sách tài khóa, tiền tệ và các chính sách khác để giữ vững ổn định vĩ mô, bảo đảm các cân đối lớn, thúc đẩy sản xuất kinh doanh, tập trung ưu tiên triển khai các cơ chế, chính sách hỗ trợ thiết thực, hiệu quả .","phủ sẽ cũng điều chỉnh linh hoạt chính khóa, tiền tệ và các chính sách khác để vững ổn vĩ đảm các cân đối đẩy sản xuất trung ưu triển cơ chế, chính hỗ trợ thiết hiệu quả .",4,rule_based,deterministic-rule-baseline-precomputed,analysis_csv,0.0,word_dropout_30pct_and_swap,ok
vi-zh-2022-test-0017,政府也灵活调整财政、货币及其他政策以保障宏观经济稳定，促进生产经营；开展切实、有效帮扶政策、机制。,"Chính phủ cũng sẽ điều chỉnh linh hoạt chính sách tài khóa, tiền tệ và các chính sách khác để giữ vững ổn định vĩ mô, bảo đảm các cân đối lớn, thúc đẩy sản xuất kinh doanh, tập trung ưu tiên triển khai các cơ chế, chính sách hỗ trợ thiết thực, hiệu quả .",Chính phủ sẽ điều chỉnh hoạt sách khóa tiền tệ sách khác mô bảo các đối sản kinh trung ưu tiên khai các cơ sách hỗ thiết hiệu,5,rule_based,deterministic-rule-baseline-precomputed,analysis_csv,0.0,word_dropout_50pct_and_punctuation_remove,ok
vi-zh-2022-test-0018,为实现16个指标，范明政提出12个主要任务和措施，其中包括灵活、有效实施防疫措施并复苏、发展经济社会；优先制定、完善体制，改革行政手续，改善营商投资环境。,"Để thực hiện 16 chỉ tiêu này là 12 nhiệm vụ, giải pháp chủ yếu, trong đó đầu tiên là tập trung thực hiện linh hoạt, hiệu quả mục tiêu vừa phòng, chống dịch COVID-19, vừa phục hồi, phát triển KTXH; tiếp đó là ưu tiên công tác xây dựng, hoàn thiện thể chế, tập trung tháo gỡ khó khăn, cải cách thủ tục hành chính, cải thiện môi trường đầu tư kinh doanh.","Để thực hiện 16 chỉ tiêu này là 12 nhiệm vụ, giải pháp chủ yếu, trong đó đầu tiên là tập trung thực hiện linh hoạt, hiệu quả mục tiêu vừa phòng, chống dịch COVID-19, vừa phục hồi, phát triển KTXH; tiếp đó là ưu tiên công tác xây dựng, hoàn thiện thể chế, tập trung tháo gỡ khó khăn, cải cách thủ tục hành chính, cải thiện môi trường đầu tư kinh doanh.",0,rule_based,deterministic-rule-baseline-precomputed,analysis_csv,0.0,identity,ok
vi-zh-2022-test-0018,为实现16个指标，范明政提出12个主要任务和措施，其中包括灵活、有效实施防疫措施并复苏、发展经济社会；优先制定、完善体制，改革行政手续，改善营商投资环境。,"Để thực hiện 16 chỉ tiêu này là 12 nhiệm vụ, giải pháp chủ yếu, trong đó đầu tiên là tập trung thực hiện linh hoạt, hiệu quả mục tiêu vừa phòng, chống dịch COVID-19, vừa phục hồi, phát triển KTXH; tiếp đó là ưu tiên công tác xây dựng, hoàn thiện thể chế, tập trung tháo gỡ khó khăn, cải cách thủ tục hành chính, cải thiện môi trường đầu tư kinh doanh.","Đe thực hiện 16 chỉ tiêu này là 12 nhiệm vụ, giải pháp chủ yếu, trong đó đầu tiên là tập trung thực hiện linh hoạt, hiệu quả mục tiêu vừa phòng, chống dịch COVID-19, vừa phục hồi, phát triển KTXH; tiếp đó là ưu tiên công tác xây dựng, hoàn thiện thể chế, tập trung tháo gỡ khó khăn, cải cách thủ tục hành chính, cải thiện môi trường đầu tư kinh doanh.",1,rule_based,deterministic-rule-baseline-precomputed,analysis_csv,0.0,remove_one_tone,ok
vi-zh-2022-test-0018,为实现16个指标，范明政提出12个主要任务和措施，其中包括灵活、有效实施防疫措施并复苏、发展经济社会；优先制定、完善体制，改革行政手续，改善营商投资环境。,"Để thực hiện 16 chỉ tiêu này là 12 nhiệm vụ, giải pháp chủ yếu, trong đó đầu tiên là tập trung thực hiện linh hoạt, hiệu quả mục tiêu vừa phòng, chống dịch COVID-19, vừa phục hồi, phát triển KTXH; tiếp đó là ưu tiên công tác xây dựng, hoàn thiện thể chế, tập trung tháo gỡ khó khăn, cải cách thủ tục hành chính, cải thiện môi trường đầu tư kinh doanh.","Đe thuc hien 16 chi tieu nay la 12 nhiem vu, giai phap chu yeu, trong đo đau tien la tap trung thuc hien linh hoat, hieu qua muc tieu vua phong, chong dich COVID-19, vua phuc phat trien KTXH; tiep đo la uu tien cong tac xay dung, hoan thien the che, tap trung thao go kho khan, cai cach thu tuc hanh chinh, cai thien moi truong đau tu kinh doanh.",2,rule_based,deterministic-rule-baseline-precomputed,analysis_csv,0.0,remove_tones_and_drop_one_word,ok
vi-zh-2022-test-0018,为实现16个指标，范明政提出12个主要任务和措施，其中包括灵活、有效实施防疫措施并复苏、发展经济社会；优先制定、完善体制，改革行政手续，改善营商投资环境。,"Để thực hiện 16 chỉ tiêu này là 12 nhiệm vụ, giải pháp chủ yếu, trong đó đầu tiên là tập trung thực hiện linh hoạt, hiệu quả mục tiêu vừa phòng, chống dịch COVID-19, vừa phục hồi, phát triển KTXH; tiếp đó là ưu tiên công tác xây dựng, hoàn thiện thể chế, tập trung tháo gỡ khó khăn, cải cách thủ tục hành chính, cải thiện môi trường đầu tư kinh doanh.","Để thực hiện 16 chỉ tiêu này 12 nhiệm vụ, giải pháp chủ yếu, trong đầu tiên là trung hiện linh hoạt, hiệu quả mục vừa phòng, chống dịch COVID-19, vừa hồi, phát triển KTXH; tiếp đó là tiên công tác xây dựng, hoàn thiện thể chế, tập trung tháo gỡ khó khăn, cách thủ tục hành cải thiện môi tư kinh doanh.",3,rule_based,deterministic-rule-baseline-precomputed,analysis_csv,0.0,word_dropout_15pct,ok
vi-zh-2022-test-0018,为实现16个指标，范明政提出12个主要任务和措施，其中包括灵活、有效实施防疫措施并复苏、发展经济社会；优先制定、完善体制，改革行政手续，改善营商投资环境。,"Để thực hiện 16 chỉ tiêu này là 12 nhiệm vụ, giải pháp chủ yếu, trong đó đầu tiên là tập trung thực hiện linh hoạt, hiệu quả mục tiêu vừa phòng, chống dịch COVID-19, vừa phục hồi, phát triển KTXH; tiếp đó là ưu tiên công tác xây dựng, hoàn thiện thể chế, tập trung tháo gỡ khó khăn, cải cách thủ tục hành chính, cải thiện môi trường đầu tư kinh doanh.","Để hiện thực chỉ tiêu này là 12 vụ, giải pháp chủ yếu, trong đó tiên là thực hiện hoạt, hiệu quả mục tiêu phòng, chống COVID-19, vừa hồi, đó là ưu công tác xây thiện thể chế, trung tháo gỡ khó khăn, cải cách chính, cải thiện môi trường đầu tư",4,rule_based,deterministic-rule-baseline-precomputed,analysis_csv,0.0,word_dropout_30pct_and_swap,ok
vi-zh-2022-test-0018,为实现16个指标，范明政提出12个主要任务和措施，其中包括灵活、有效实施防疫措施并复苏、发展经济社会；优先制定、完善体制，改革行政手续，改善营商投资环境。,"Để thực hiện 16 chỉ tiêu này là 12 nhiệm vụ, giải pháp chủ yếu, trong đó đầu tiên là tập trung thực hiện linh hoạt, hiệu quả mục tiêu vừa phòng, chống dịch COVID-19, vừa phục hồi, phát triển KTXH; tiếp đó là ưu tiên công tác xây dựng, hoàn thiện thể chế, tập trung tháo gỡ khó khăn, cải cách thủ tục hành chính, cải thiện môi trường đầu tư kinh doanh.",hiện chỉ là 12 vụ pháp yếu đó thực hiện mục tiêu vừa dịch vừa phục phát triển tiếp là ưu công tác hoàn chế trung tháo khó cách chính cải thiện môi trường đầu tư kinh,5,rule_based,deterministic-rule-baseline-precomputed,analysis_csv,0.0,word_dropout_50pct_and_punctuation_remove,ok
vi-zh-2022-test-0019,配套、高效开展对外活动，主动、积极融入国际，巩固越南在国际舞台上的地位和威望。,"Triển khai đồng bộ, hiệu quả hoạt động đối ngoại, chủ động, tích cực hội nhập quốc tế, góp phần củng cố vị thế, uy tín của Việt Nam trên trường quốc tế.","Triển khai đồng bộ, hiệu quả hoạt động đối ngoại, chủ động, tích cực hội nhập quốc tế, góp phần củng cố vị thế, uy tín của Việt Nam trên trường quốc tế.",0,rule_based,deterministic-rule-baseline-precomputed,analysis_csv,0.0,identity,ok
vi-zh-2022-test-0019,配套、高效开展对外活动，主动、积极融入国际，巩固越南在国际舞台上的地位和威望。,"Triển khai đồng bộ, hiệu quả hoạt động đối ngoại, chủ động, tích cực hội nhập quốc tế, góp phần củng cố vị thế, uy tín của Việt Nam trên trường quốc tế.","Trien khai đồng bộ, hiệu quả hoạt động đối ngoại, chủ động, tích cực hội nhập quốc tế, góp phần củng cố vị thế, uy tín của Việt Nam trên trường quốc tế.",1,rule_based,deterministic-rule-baseline-precomputed,analysis_csv,0.0,remove_one_tone,ok
vi-zh-2022-test-0019,配套、高效开展对外活动，主动、积极融入国际，巩固越南在国际舞台上的地位和威望。,"Triển khai đồng bộ, hiệu quả hoạt động đối ngoại, chủ động, tích cực hội nhập quốc tế, góp phần củng cố vị thế, uy tín của Việt Nam trên trường quốc tế.","Trien khai đong bo, hieu qua hoat đong đoi ngoai, chu đong, tich cuc hoi nhap te, gop phan cung co vi the, uy tin cua Viet Nam tren truong quoc te.",2,rule_based,deterministic-rule-baseline-precomputed,analysis_csv,0.0,remove_tones_and_drop_one_word,ok
vi-zh-2022-test-0019,配套、高效开展对外活动，主动、积极融入国际，巩固越南在国际舞台上的地位和威望。,"Triển khai đồng bộ, hiệu quả hoạt động đối ngoại, chủ động, tích cực hội nhập quốc tế, góp phần củng cố vị thế, uy tín của Việt Nam trên trường quốc tế.","Triển khai đồng hiệu hoạt động đối ngoại, chủ động, tích cực hội nhập tế, góp phần củng cố vị uy tín của Việt Nam trên trường tế.",3,rule_based,deterministic-rule-baseline-precomputed,analysis_csv,0.0,word_dropout_15pct,ok
vi-zh-2022-test-0019,配套、高效开展对外活动，主动、积极融入国际，巩固越南在国际舞台上的地位和威望。,"Triển khai đồng bộ, hiệu quả hoạt động đối ngoại, chủ động, tích cực hội nhập quốc tế, góp phần củng cố vị thế, uy tín của Việt Nam trên trường quốc tế.","Triển bộ, đồng động đối ngoại, chủ cực hội quốc tế, góp củng cố thế, tín của Việt Nam trên trường quốc tế.",4,rule_based,deterministic-rule-baseline-precomputed,analysis_csv,0.0,word_dropout_30pct_and_swap,ok
vi-zh-2022-test-0019,配套、高效开展对外活动，主动、积极融入国际，巩固越南在国际舞台上的地位和威望。,"Triển khai đồng bộ, hiệu quả hoạt động đối ngoại, chủ động, tích cực hội nhập quốc tế, góp phần củng cố vị thế, uy tín của Việt Nam trên trường quốc tế.",bộ hiệu quả động đối ngoại cực hội nhập quốc tế phần tín của trên tế,5,rule_based,deterministic-rule-baseline-precomputed,analysis_csv,0.0,word_dropout_50pct_and_punctuation_remove,ok
vi-zh-2022-test-0020,有效开展战略伙伴关系、全面伙伴关系框架及自贸协定。,"Tăng cường các hoạt động ngoại giao cấp cao, khai thác hiệu quả các khuôn khổ quan hệ đối tác chiến lược, đối tác toàn diện, các hiệp định thương mại tự do (FTA).","Tăng cường các hoạt động ngoại giao cấp cao, khai thác hiệu quả các khuôn khổ quan hệ đối tác chiến lược, đối tác toàn diện, các hiệp định thương mại tự do (FTA).",0,rule_based,deterministic-rule-baseline-precomputed,analysis_csv,0.0,identity,ok
vi-zh-2022-test-0020,有效开展战略伙伴关系、全面伙伴关系框架及自贸协定。,"Tăng cường các hoạt động ngoại giao cấp cao, khai thác hiệu quả các khuôn khổ quan hệ đối tác chiến lược, đối tác toàn diện, các hiệp định thương mại tự do (FTA).","Tang cường các hoạt động ngoại giao cấp cao, khai thác hiệu quả các khuôn khổ quan hệ đối tác chiến lược, đối tác toàn diện, các hiệp định thương mại tự do (FTA).",1,rule_based,deterministic-rule-baseline-precomputed,analysis_csv,0.0,remove_one_tone,ok
vi-zh-2022-test-0020,有效开展战略伙伴关系、全面伙伴关系框架及自贸协定。,"Tăng cường các hoạt động ngoại giao cấp cao, khai thác hiệu quả các khuôn khổ quan hệ đối tác chiến lược, đối tác toàn diện, các hiệp định thương mại tự do (FTA).","Tang cuong cac hoat đong ngoai giao cap cao, khai thac hieu qua cac khuon kho quan đoi tac chien luoc, đoi tac toan dien, cac hiep đinh thuong mai tu do (FTA).",2,rule_based,deterministic-rule-baseline-precomputed,analysis_csv,0.0,remove_tones_and_drop_one_word,ok
vi-zh-2022-test-0020,有效开展战略伙伴关系、全面伙伴关系框架及自贸协定。,"Tăng cường các hoạt động ngoại giao cấp cao, khai thác hiệu quả các khuôn khổ quan hệ đối tác chiến lược, đối tác toàn diện, các hiệp định thương mại tự do (FTA).","Tăng cường các hoạt động ngoại cấp cao, khai thác hiệu các khuôn quan hệ đối tác chiến đối tác toàn các hiệp định thương mại tự do (FTA).",3,rule_based,deterministic-rule-baseline-precomputed,analysis_csv,0.0,word_dropout_15pct,ok
vi-zh-2022-test-0020,有效开展战略伙伴关系、全面伙伴关系框架及自贸协定。,"Tăng cường các hoạt động ngoại giao cấp cao, khai thác hiệu quả các khuôn khổ quan hệ đối tác chiến lược, đối tác toàn diện, các hiệp định thương mại tự do (FTA).","các động hoạt ngoại giao cấp cao, khai thác hiệu các khuôn khổ quan hệ tác lược, diện, hiệp thương mại tự do (FTA).",4,rule_based,deterministic-rule-baseline-precomputed,analysis_csv,0.0,word_dropout_30pct_and_swap,ok
vi-zh-2022-test-0020,有效开展战略伙伴关系、全面伙伴关系框架及自贸协定。,"Tăng cường các hoạt động ngoại giao cấp cao, khai thác hiệu quả các khuôn khổ quan hệ đối tác chiến lược, đối tác toàn diện, các hiệp định thương mại tự do (FTA).",cường động ngoại giao cấp cao khai các khuôn khổ tác chiến lược các hiệp định thương,5,rule_based,deterministic-rule-baseline-precomputed,analysis_csv,0.0,word_dropout_50pct_and_punctuation_remove,ok
vi-zh-2022-test-0021,进一步做好对外新闻工作、文化外交、海外越南人工作等”。,"Làm tốt hơn nữa công tác thông tin đối ngoại, ngoại giao văn hóa, công tác người Việt Nam ở nước ngoài và bảo hộ công dân"".","Làm tốt hơn nữa công tác thông tin đối ngoại, ngoại giao văn hóa, công tác người Việt Nam ở nước ngoài và bảo hộ công dân"".",0,rule_based,deterministic-rule-baseline-precomputed,analysis_csv,0.0,identity,ok
vi-zh-2022-test-0021,进一步做好对外新闻工作、文化外交、海外越南人工作等”。,"Làm tốt hơn nữa công tác thông tin đối ngoại, ngoại giao văn hóa, công tác người Việt Nam ở nước ngoài và bảo hộ công dân"".","Lam tốt hơn nữa công tác thông tin đối ngoại, ngoại giao văn hóa, công tác người Việt Nam ở nước ngoài và bảo hộ công dân"".",1,rule_based,deterministic-rule-baseline-precomputed,analysis_csv,0.0,remove_one_tone,ok
vi-zh-2022-test-0021,进一步做好对外新闻工作、文化外交、海外越南人工作等”。,"Làm tốt hơn nữa công tác thông tin đối ngoại, ngoại giao văn hóa, công tác người Việt Nam ở nước ngoài và bảo hộ công dân"".","Lam tot hon nua cong tac thong tin đoi ngoai, ngoai giao van cong tac nguoi Viet Nam o nuoc ngoai va bao ho cong dan"".",2,rule_based,deterministic-rule-baseline-precomputed,analysis_csv,0.0,remove_tones_and_drop_one_word,ok
vi-zh-2022-test-0021,进一步做好对外新闻工作、文化外交、海外越南人工作等”。,"Làm tốt hơn nữa công tác thông tin đối ngoại, ngoại giao văn hóa, công tác người Việt Nam ở nước ngoài và bảo hộ công dân"".","tốt hơn nữa tác thông tin đối ngoại, giao văn hóa, công tác người Việt Nam nước ngoài và bảo hộ công dân"".",3,rule_based,deterministic-rule-baseline-precomputed,analysis_csv,0.0,word_dropout_15pct,ok
vi-zh-2022-test-0021,进一步做好对外新闻工作、文化外交、海外越南人工作等”。,"Làm tốt hơn nữa công tác thông tin đối ngoại, ngoại giao văn hóa, công tác người Việt Nam ở nước ngoài và bảo hộ công dân"".","Làm nữa hơn công thông đối ngoại giao hóa, công tác Nam ở nước ngoài và bảo hộ dân"".",4,rule_based,deterministic-rule-baseline-precomputed,analysis_csv,0.0,word_dropout_30pct_and_swap,ok
vi-zh-2022-test-0021,进一步做好对外新闻工作、文化外交、海外越南人工作等”。,"Làm tốt hơn nữa công tác thông tin đối ngoại, ngoại giao văn hóa, công tác người Việt Nam ở nước ngoài và bảo hộ công dân"".","nữa tin đối giao hóa công tác người Việt Nam ở và bảo dân""",5,rule_based,deterministic-rule-baseline-precomputed,analysis_csv,0.0,word_dropout_50pct_and_punctuation_remove,ok
vi-zh-2022-test-0022,范明政表示，相信以全民族大团结及人民对党的领导的信心，越南必将击退疫情，复苏和发展经济社会，推动国家在革新、融入与发展道路上稳步前进。,"Người đứng đầu Chính phủ tin tưởng với sức mạnh đại đoàn kết toàn dân tộc và niềm tin của Nhân dân vào sự lãnh đạo của Đảng, nhất định Việt Nam sẽ sớm đẩy lùi dịch bệnh để phục hồi và phát triển KTXH, đưa đất nước vững bước tiến lên trên con đường đổi mới, hội nhập và phát triển.","Người đứng đầu Chính phủ tin tưởng với sức mạnh đại đoàn kết toàn dân tộc và niềm tin của Nhân dân vào sự lãnh đạo của Đảng, nhất định Việt Nam sẽ sớm đẩy lùi dịch bệnh để phục hồi và phát triển KTXH, đưa đất nước vững bước tiến lên trên con đường đổi mới, hội nhập và phát triển.",0,rule_based,deterministic-rule-baseline-precomputed,analysis_csv,0.0,identity,ok
vi-zh-2022-test-0022,范明政表示，相信以全民族大团结及人民对党的领导的信心，越南必将击退疫情，复苏和发展经济社会，推动国家在革新、融入与发展道路上稳步前进。,"Người đứng đầu Chính phủ tin tưởng với sức mạnh đại đoàn kết toàn dân tộc và niềm tin của Nhân dân vào sự lãnh đạo của Đảng, nhất định Việt Nam sẽ sớm đẩy lùi dịch bệnh để phục hồi và phát triển KTXH, đưa đất nước vững bước tiến lên trên con đường đổi mới, hội nhập và phát triển.","Nguoi đứng đầu Chính phủ tin tưởng với sức mạnh đại đoàn kết toàn dân tộc và niềm tin của Nhân dân vào sự lãnh đạo của Đảng, nhất định Việt Nam sẽ sớm đẩy lùi dịch bệnh để phục hồi và phát triển KTXH, đưa đất nước vững bước tiến lên trên con đường đổi mới, hội nhập và phát triển.",1,rule_based,deterministic-rule-baseline-precomputed,analysis_csv,0.0,remove_one_tone,ok
vi-zh-2022-test-0022,范明政表示，相信以全民族大团结及人民对党的领导的信心，越南必将击退疫情，复苏和发展经济社会，推动国家在革新、融入与发展道路上稳步前进。,"Người đứng đầu Chính phủ tin tưởng với sức mạnh đại đoàn kết toàn dân tộc và niềm tin của Nhân dân vào sự lãnh đạo của Đảng, nhất định Việt Nam sẽ sớm đẩy lùi dịch bệnh để phục hồi và phát triển KTXH, đưa đất nước vững bước tiến lên trên con đường đổi mới, hội nhập và phát triển.","Nguoi đung đau Chinh phu tin tuong voi suc manh đai đoan ket toan dan toc va niem tin cua Nhan dan vao su lanh đao cua Đang, nhat đinh Viet se som đay lui dich benh đe phuc hoi va phat trien KTXH, đua đat nuoc vung buoc tien len tren con đuong đoi moi, hoi nhap va phat trien.",2,rule_based,deterministic-rule-baseline-precomputed,analysis_csv,0.0,remove_tones_and_drop_one_word,ok
vi-zh-2022-test-0022,范明政表示，相信以全民族大团结及人民对党的领导的信心，越南必将击退疫情，复苏和发展经济社会，推动国家在革新、融入与发展道路上稳步前进。,"Người đứng đầu Chính phủ tin tưởng với sức mạnh đại đoàn kết toàn dân tộc và niềm tin của Nhân dân vào sự lãnh đạo của Đảng, nhất định Việt Nam sẽ sớm đẩy lùi dịch bệnh để phục hồi và phát triển KTXH, đưa đất nước vững bước tiến lên trên con đường đổi mới, hội nhập và phát triển.","Người đứng đầu Chính phủ tin tưởng với mạnh đại đoàn kết toàn dân tộc và niềm tin của Nhân vào sự lãnh đạo của Đảng, nhất định Nam sớm đẩy lùi để phục hồi và phát đưa đất nước vững bước tiến lên trên con đổi mới, hội nhập và phát triển.",3,rule_based,deterministic-rule-baseline-precomputed,analysis_csv,0.0,word_dropout_15pct,ok
vi-zh-2022-test-0022,范明政表示，相信以全民族大团结及人民对党的领导的信心，越南必将击退疫情，复苏和发展经济社会，推动国家在革新、融入与发展道路上稳步前进。,"Người đứng đầu Chính phủ tin tưởng với sức mạnh đại đoàn kết toàn dân tộc và niềm tin của Nhân dân vào sự lãnh đạo của Đảng, nhất định Việt Nam sẽ sớm đẩy lùi dịch bệnh để phục hồi và phát triển KTXH, đưa đất nước vững bước tiến lên trên con đường đổi mới, hội nhập và phát triển.","Người Chính đầu phủ tin tưởng với đại đoàn kết toàn dân tộc và niềm dân sự lãnh của Đảng, nhất định Việt Nam sẽ đẩy lùi dịch bệnh để triển KTXH, đất nước vững bước tiến lên trên đổi nhập và triển.",4,rule_based,deterministic-rule-baseline-precomputed,analysis_csv,0.0,word_dropout_30pct_and_swap,ok
vi-zh-2022-test-0022,范明政表示，相信以全民族大团结及人民对党的领导的信心，越南必将击退疫情，复苏和发展经济社会，推动国家在革新、融入与发展道路上稳步前进。,"Người đứng đầu Chính phủ tin tưởng với sức mạnh đại đoàn kết toàn dân tộc và niềm tin của Nhân dân vào sự lãnh đạo của Đảng, nhất định Việt Nam sẽ sớm đẩy lùi dịch bệnh để phục hồi và phát triển KTXH, đưa đất nước vững bước tiến lên trên con đường đổi mới, hội nhập và phát triển.",đầu phủ tưởng mạnh đại kết tin Nhân vào đạo của Đảng nhất định sớm lùi dịch để phục phát triển KTXH đưa bước tiến lên trên con đổi mới nhập,5,rule_based,deterministic-rule-baseline-precomputed,analysis_csv,0.0,word_dropout_50pct_and_punctuation_remove,ok
vi-zh-2022-test-0023,叙利亚政府和反对派日前正式同意在联合国的参与下开始修宪进程。,"Chính phủ Syria và phe đối lập vừa chính thức nhất trí khởi động tiến trình soạn thảo nội dung sửa đổi hiếp pháp, dưới sự tham gia của Liên Hợp Quốc.","Chính phủ Syria và phe đối lập vừa chính thức nhất trí khởi động tiến trình soạn thảo nội dung sửa đổi hiếp pháp, dưới sự tham gia của Liên Hợp Quốc.",0,rule_based,deterministic-rule-baseline-precomputed,analysis_csv,0.0,identity,ok
vi-zh-2022-test-0023,叙利亚政府和反对派日前正式同意在联合国的参与下开始修宪进程。,"Chính phủ Syria và phe đối lập vừa chính thức nhất trí khởi động tiến trình soạn thảo nội dung sửa đổi hiếp pháp, dưới sự tham gia của Liên Hợp Quốc.","Chinh phủ Syria và phe đối lập vừa chính thức nhất trí khởi động tiến trình soạn thảo nội dung sửa đổi hiếp pháp, dưới sự tham gia của Liên Hợp Quốc.",1,rule_based,deterministic-rule-baseline-precomputed,analysis_csv,0.0,remove_one_tone,ok
vi-zh-2022-test-0023,叙利亚政府和反对派日前正式同意在联合国的参与下开始修宪进程。,"Chính phủ Syria và phe đối lập vừa chính thức nhất trí khởi động tiến trình soạn thảo nội dung sửa đổi hiếp pháp, dưới sự tham gia của Liên Hợp Quốc.","Chinh phu Syria va phe đoi lap vua chinh thuc nhat tri khoi đong tien trinh thao noi dung sua đoi hiep phap, duoi su tham gia cua Lien Hop Quoc.",2,rule_based,deterministic-rule-baseline-precomputed,analysis_csv,0.0,remove_tones_and_drop_one_word,ok
vi-zh-2022-test-0023,叙利亚政府和反对派日前正式同意在联合国的参与下开始修宪进程。,"Chính phủ Syria và phe đối lập vừa chính thức nhất trí khởi động tiến trình soạn thảo nội dung sửa đổi hiếp pháp, dưới sự tham gia của Liên Hợp Quốc.","Chính phủ Syria và đối lập vừa chính nhất trí khởi động tiến trình soạn thảo nội dung hiếp pháp, dưới tham gia của Liên Hợp Quốc.",3,rule_based,deterministic-rule-baseline-precomputed,analysis_csv,0.0,word_dropout_15pct,ok
vi-zh-2022-test-0023,叙利亚政府和反对派日前正式同意在联合国的参与下开始修宪进程。,"Chính phủ Syria và phe đối lập vừa chính thức nhất trí khởi động tiến trình soạn thảo nội dung sửa đổi hiếp pháp, dưới sự tham gia của Liên Hợp Quốc.",phủ và Syria đối lập nhất trí khởi động tiến soạn thảo nội dung sửa đổi hiếp dưới sự tham gia Quốc.,4,rule_based,deterministic-rule-baseline-precomputed,analysis_csv,0.0,word_dropout_30pct_and_swap,ok
vi-zh-2022-test-0023,叙利亚政府和反对派日前正式同意在联合国的参与下开始修宪进程。,"Chính phủ Syria và phe đối lập vừa chính thức nhất trí khởi động tiến trình soạn thảo nội dung sửa đổi hiếp pháp, dưới sự tham gia của Liên Hợp Quốc.",và phe lập vừa thức nhất khởi động tiến dung đổi hiếp tham của Liên Quốc,5,rule_based,deterministic-rule-baseline-precomputed,analysis_csv,0.0,word_dropout_50pct_and_punctuation_remove,ok
vi-zh-2022-test-0024,叙利亚宪法委员会在日内瓦举行的本轮磋商计划持续一周，希望达成全面、长期的法律基础，解决叙利亚各党派的分歧，为更广泛的政治进程敞开大门。,"Vòng đàm phán Ủy ban Hiến pháp Syria (SCC) tiến hành tại Geneva lần này dự kiến kéo dài trong 1 tuần, với mong muốn đạt được một cơ sở pháp lý toàn diện, lâu dài, khắc phục sự khác biệt giữa các đảng phái tại Syria và mở ra cánh cửa cho một tiến trình chính trị rộng lớn hơn.","Vòng đàm phán Ủy ban Hiến pháp Syria (SCC) tiến hành tại Geneva lần này dự kiến kéo dài trong 1 tuần, với mong muốn đạt được một cơ sở pháp lý toàn diện, lâu dài, khắc phục sự khác biệt giữa các đảng phái tại Syria và mở ra cánh cửa cho một tiến trình chính trị rộng lớn hơn.",0,rule_based,deterministic-rule-baseline-precomputed,analysis_csv,0.0,identity,ok
vi-zh-2022-test-0024,叙利亚宪法委员会在日内瓦举行的本轮磋商计划持续一周，希望达成全面、长期的法律基础，解决叙利亚各党派的分歧，为更广泛的政治进程敞开大门。,"Vòng đàm phán Ủy ban Hiến pháp Syria (SCC) tiến hành tại Geneva lần này dự kiến kéo dài trong 1 tuần, với mong muốn đạt được một cơ sở pháp lý toàn diện, lâu dài, khắc phục sự khác biệt giữa các đảng phái tại Syria và mở ra cánh cửa cho một tiến trình chính trị rộng lớn hơn.","Vong đàm phán Ủy ban Hiến pháp Syria (SCC) tiến hành tại Geneva lần này dự kiến kéo dài trong 1 tuần, với mong muốn đạt được một cơ sở pháp lý toàn diện, lâu dài, khắc phục sự khác biệt giữa các đảng phái tại Syria và mở ra cánh cửa cho một tiến trình chính trị rộng lớn hơn.",1,rule_based,deterministic-rule-baseline-precomputed,analysis_csv,0.0,remove_one_tone,ok
vi-zh-2022-test-0024,叙利亚宪法委员会在日内瓦举行的本轮磋商计划持续一周，希望达成全面、长期的法律基础，解决叙利亚各党派的分歧，为更广泛的政治进程敞开大门。,"Vòng đàm phán Ủy ban Hiến pháp Syria (SCC) tiến hành tại Geneva lần này dự kiến kéo dài trong 1 tuần, với mong muốn đạt được một cơ sở pháp lý toàn diện, lâu dài, khắc phục sự khác biệt giữa các đảng phái tại Syria và mở ra cánh cửa cho một tiến trình chính trị rộng lớn hơn.","Vong đam phan Uy ban Hien phap Syria (SCC) tien hanh tai Geneva lan nay du kien keo dai trong 1 tuan, voi mong muon đat đuoc mot co so ly toan dien, lau dai, khac phuc su khac biet giua cac đang phai tai Syria va mo ra canh cua cho mot tien trinh chinh tri rong lon hon.",2,rule_based,deterministic-rule-baseline-precomputed,analysis_csv,0.0,remove_tones_and_drop_one_word,ok
vi-zh-2022-test-0024,叙利亚宪法委员会在日内瓦举行的本轮磋商计划持续一周，希望达成全面、长期的法律基础，解决叙利亚各党派的分歧，为更广泛的政治进程敞开大门。,"Vòng đàm phán Ủy ban Hiến pháp Syria (SCC) tiến hành tại Geneva lần này dự kiến kéo dài trong 1 tuần, với mong muốn đạt được một cơ sở pháp lý toàn diện, lâu dài, khắc phục sự khác biệt giữa các đảng phái tại Syria và mở ra cánh cửa cho một tiến trình chính trị rộng lớn hơn.","Vòng đàm phán Ủy ban pháp (SCC) tiến hành tại Geneva này dự kiến dài trong 1 tuần, với mong muốn đạt được một cơ sở lý toàn diện, lâu dài, khắc phục sự khác biệt giữa các đảng phái mở ra cánh cửa cho một tiến trình trị rộng lớn hơn.",3,rule_based,deterministic-rule-baseline-precomputed,analysis_csv,0.0,word_dropout_15pct,ok
vi-zh-2022-test-0024,叙利亚宪法委员会在日内瓦举行的本轮磋商计划持续一周，希望达成全面、长期的法律基础，解决叙利亚各党派的分歧，为更广泛的政治进程敞开大门。,"Vòng đàm phán Ủy ban Hiến pháp Syria (SCC) tiến hành tại Geneva lần này dự kiến kéo dài trong 1 tuần, với mong muốn đạt được một cơ sở pháp lý toàn diện, lâu dài, khắc phục sự khác biệt giữa các đảng phái tại Syria và mở ra cánh cửa cho một tiến trình chính trị rộng lớn hơn.","Vòng Ủy phán ban Hiến pháp Syria (SCC) tiến tại lần này dự kéo dài 1 muốn đạt được cơ sở pháp lý toàn dài, khắc phục sự khác biệt các đảng phái tại Syria ra cánh cửa cho một tiến trình rộng",4,rule_based,deterministic-rule-baseline-precomputed,analysis_csv,0.0,word_dropout_30pct_and_swap,ok
vi-zh-2022-test-0024,叙利亚宪法委员会在日内瓦举行的本轮磋商计划持续一周，希望达成全面、长期的法律基础，解决叙利亚各党派的分歧，为更广泛的政治进程敞开大门。,"Vòng đàm phán Ủy ban Hiến pháp Syria (SCC) tiến hành tại Geneva lần này dự kiến kéo dài trong 1 tuần, với mong muốn đạt được một cơ sở pháp lý toàn diện, lâu dài, khắc phục sự khác biệt giữa các đảng phái tại Syria và mở ra cánh cửa cho một tiến trình chính trị rộng lớn hơn.",Vòng đàm phán Ủy Hiến (SCC) tiến hành Geneva kiến 1 với mong muốn sở toàn diện phục sự khác các phái và mở cửa cho một trình trị lớn,5,rule_based,deterministic-rule-baseline-precomputed,analysis_csv,0.0,word_dropout_50pct_and_punctuation_remove,ok
vi-zh-2022-test-0025,过去2年，该委员会开了5次会，但由于反对派和叙利亚政府之间存在分歧，均未取得进展，尽管该中东国家数百万人须等待新宪法生效后才能举行全国大选。,"Trong 2 năm qua, ủy ban này đã nhóm họp 5 lần, nhưng kết quả thu lại không đáng kể do các bất đồng giữa phe đối lập và Chính phủ Syria, bất chấp việc hàng triệu người dân quốc gia Trung Đông vẫn đang mòn mỏi chờ đợi một cuộc bầu cử quy mô toàn quốc, vốn chỉ được tiến hành sau khi có hiến pháp mới.","Trong 2 năm qua, ủy ban này đã nhóm họp 5 lần, nhưng kết quả thu lại không đáng kể do các bất đồng giữa phe đối lập và Chính phủ Syria, bất chấp việc hàng triệu người dân quốc gia Trung Đông vẫn đang mòn mỏi chờ đợi một cuộc bầu cử quy mô toàn quốc, vốn chỉ được tiến hành sau khi có hiến pháp mới.",0,rule_based,deterministic-rule-baseline-precomputed,analysis_csv,0.0,identity,ok
vi-zh-2022-test-0025,过去2年，该委员会开了5次会，但由于反对派和叙利亚政府之间存在分歧，均未取得进展，尽管该中东国家数百万人须等待新宪法生效后才能举行全国大选。,"Trong 2 năm qua, ủy ban này đã nhóm họp 5 lần, nhưng kết quả thu lại không đáng kể do các bất đồng giữa phe đối lập và Chính phủ Syria, bất chấp việc hàng triệu người dân quốc gia Trung Đông vẫn đang mòn mỏi chờ đợi một cuộc bầu cử quy mô toàn quốc, vốn chỉ được tiến hành sau khi có hiến pháp mới.","Trong 2 nam qua, ủy ban này đã nhóm họp 5 lần, nhưng kết quả thu lại không đáng kể do các bất đồng giữa phe đối lập và Chính phủ Syria, bất chấp việc hàng triệu người dân quốc gia Trung Đông vẫn đang mòn mỏi chờ đợi một cuộc bầu cử quy mô toàn quốc, vốn chỉ được tiến hành sau khi có hiến pháp mới.",1,rule_based,deterministic-rule-baseline-precomputed,analysis_csv,0.0,remove_one_tone,ok
vi-zh-2022-test-0025,过去2年，该委员会开了5次会，但由于反对派和叙利亚政府之间存在分歧，均未取得进展，尽管该中东国家数百万人须等待新宪法生效后才能举行全国大选。,"Trong 2 năm qua, ủy ban này đã nhóm họp 5 lần, nhưng kết quả thu lại không đáng kể do các bất đồng giữa phe đối lập và Chính phủ Syria, bất chấp việc hàng triệu người dân quốc gia Trung Đông vẫn đang mòn mỏi chờ đợi một cuộc bầu cử quy mô toàn quốc, vốn chỉ được tiến hành sau khi có hiến pháp mới.","Trong 2 nam qua, uy ban nay đa nhom hop 5 lan, nhung ket qua thu lai khong đang ke do cac bat đong giua phe đoi lap va Chinh phu Syria, bat chap hang trieu nguoi dan quoc gia Trung Đong van đang mon moi cho đoi mot cuoc bau cu quy mo toan quoc, von chi đuoc tien hanh sau khi co hien phap moi.",2,rule_based,deterministic-rule-baseline-precomputed,analysis_csv,0.0,remove_tones_and_drop_one_word,ok
vi-zh-2022-test-0025,过去2年，该委员会开了5次会，但由于反对派和叙利亚政府之间存在分歧，均未取得进展，尽管该中东国家数百万人须等待新宪法生效后才能举行全国大选。,"Trong 2 năm qua, ủy ban này đã nhóm họp 5 lần, nhưng kết quả thu lại không đáng kể do các bất đồng giữa phe đối lập và Chính phủ Syria, bất chấp việc hàng triệu người dân quốc gia Trung Đông vẫn đang mòn mỏi chờ đợi một cuộc bầu cử quy mô toàn quốc, vốn chỉ được tiến hành sau khi có hiến pháp mới.","Trong 2 năm qua, ủy ban này đã nhóm họp lần, nhưng kết quả thu lại không đáng do các bất đồng giữa phe đối và Chính phủ Syria, bất chấp triệu người dân Trung Đông vẫn mòn mỏi chờ đợi một cuộc bầu cử quy mô quốc, vốn chỉ được hành sau khi có hiến pháp mới.",3,rule_based,deterministic-rule-baseline-precomputed,analysis_csv,0.0,word_dropout_15pct,ok
vi-zh-2022-test-0025,过去2年，该委员会开了5次会，但由于反对派和叙利亚政府之间存在分歧，均未取得进展，尽管该中东国家数百万人须等待新宪法生效后才能举行全国大选。,"Trong 2 năm qua, ủy ban này đã nhóm họp 5 lần, nhưng kết quả thu lại không đáng kể do các bất đồng giữa phe đối lập và Chính phủ Syria, bất chấp việc hàng triệu người dân quốc gia Trung Đông vẫn đang mòn mỏi chờ đợi một cuộc bầu cử quy mô toàn quốc, vốn chỉ được tiến hành sau khi có hiến pháp mới.","Trong năm 2 qua, ủy ban này đã nhóm họp 5 lần, nhưng lại kể do các bất đồng giữa phe lập và Chính bất chấp hàng người dân Trung đang mòn chờ đợi một bầu cử quy mô quốc, vốn được tiến khi có hiến pháp mới.",4,rule_based,deterministic-rule-baseline-precomputed,analysis_csv,0.0,word_dropout_30pct_and_swap,ok
vi-zh-2022-test-0025,过去2年，该委员会开了5次会，但由于反对派和叙利亚政府之间存在分歧，均未取得进展，尽管该中东国家数百万人须等待新宪法生效后才能举行全国大选。,"Trong 2 năm qua, ủy ban này đã nhóm họp 5 lần, nhưng kết quả thu lại không đáng kể do các bất đồng giữa phe đối lập và Chính phủ Syria, bất chấp việc hàng triệu người dân quốc gia Trung Đông vẫn đang mòn mỏi chờ đợi một cuộc bầu cử quy mô toàn quốc, vốn chỉ được tiến hành sau khi có hiến pháp mới.",Trong 2 ủy ban nhóm họp quả lại không đáng do các bất đồng giữa đối và Chính bất dân quốc gia vẫn đang mòn chờ cuộc mô quốc vốn có hiến pháp mới,5,rule_based,deterministic-rule-baseline-precomputed,analysis_csv,0.0,word_dropout_50pct_and_punctuation_remove,ok
vi-zh-2022-test-0026,因此，观察人士希望本轮对话有助于叙利亚制定双方都能接受的新宪法。,"Vì vậy, giới quan sát hy vọng vòng đối thoại lần này giúp Syria có một bản hiến pháp mới mà các bên cùng có thể chấp nhận.","Vì vậy, giới quan sát hy vọng vòng đối thoại lần này giúp Syria có một bản hiến pháp mới mà các bên cùng có thể chấp nhận.",0,rule_based,deterministic-rule-baseline-precomputed,analysis_csv,0.0,identity,ok
vi-zh-2022-test-0026,因此，观察人士希望本轮对话有助于叙利亚制定双方都能接受的新宪法。,"Vì vậy, giới quan sát hy vọng vòng đối thoại lần này giúp Syria có một bản hiến pháp mới mà các bên cùng có thể chấp nhận.","Vi vậy, giới quan sát hy vọng vòng đối thoại lần này giúp Syria có một bản hiến pháp mới mà các bên cùng có thể chấp nhận.",1,rule_based,deterministic-rule-baseline-precomputed,analysis_csv,0.0,remove_one_tone,ok
vi-zh-2022-test-0026,因此，观察人士希望本轮对话有助于叙利亚制定双方都能接受的新宪法。,"Vì vậy, giới quan sát hy vọng vòng đối thoại lần này giúp Syria có một bản hiến pháp mới mà các bên cùng có thể chấp nhận.","Vi vay, gioi quan sat hy vong vong đoi thoai lan nay giup Syria mot ban hien phap moi ma cac ben cung co the chap nhan.",2,rule_based,deterministic-rule-baseline-precomputed,analysis_csv,0.0,remove_tones_and_drop_one_word,ok
vi-zh-2022-test-0026,因此，观察人士希望本轮对话有助于叙利亚制定双方都能接受的新宪法。,"Vì vậy, giới quan sát hy vọng vòng đối thoại lần này giúp Syria có một bản hiến pháp mới mà các bên cùng có thể chấp nhận.","Vì vậy, giới sát hy vọng vòng đối thoại lần này Syria có bản hiến pháp mới mà các cùng có thể chấp nhận.",3,rule_based,deterministic-rule-baseline-precomputed,analysis_csv,0.0,word_dropout_15pct,ok
vi-zh-2022-test-0026,因此，观察人士希望本轮对话有助于叙利亚制定双方都能接受的新宪法。,"Vì vậy, giới quan sát hy vọng vòng đối thoại lần này giúp Syria có một bản hiến pháp mới mà các bên cùng có thể chấp nhận.",Vì quan giới sát hy vọng vòng thoại lần này một bản hiến mới mà bên cùng thể chấp nhận.,4,rule_based,deterministic-rule-baseline-precomputed,analysis_csv,0.0,word_dropout_30pct_and_swap,ok
vi-zh-2022-test-0026,因此，观察人士希望本轮对话有助于叙利亚制定双方都能接受的新宪法。,"Vì vậy, giới quan sát hy vọng vòng đối thoại lần này giúp Syria có một bản hiến pháp mới mà các bên cùng có thể chấp nhận.",giới quan hy vọng vòng đối thoại giúp có một bản pháp cùng có,5,rule_based,deterministic-rule-baseline-precomputed,analysis_csv,0.0,word_dropout_50pct_and_punctuation_remove,ok
vi-zh-2022-test-0027,叙利亚10多年的冲突中，西方国家、阿拉伯国家与支持叙利亚政府的俄罗斯、中国和伊朗之间存在深刻分歧。,"Hơn 10 năm xung đột ở Syria, với sự bất đồng sâu sắc giữa một bên là các nước phương Tây cùng khối Arab và bên kia là Nga, Trung Quốc và Iran.","Hơn 10 năm xung đột ở Syria, với sự bất đồng sâu sắc giữa một bên là các nước phương Tây cùng khối Arab và bên kia là Nga, Trung Quốc và Iran.",0,rule_based,deterministic-rule-baseline-precomputed,analysis_csv,0.0,identity,ok
vi-zh-2022-test-0027,叙利亚10多年的冲突中，西方国家、阿拉伯国家与支持叙利亚政府的俄罗斯、中国和伊朗之间存在深刻分歧。,"Hơn 10 năm xung đột ở Syria, với sự bất đồng sâu sắc giữa một bên là các nước phương Tây cùng khối Arab và bên kia là Nga, Trung Quốc và Iran.","Hon 10 năm xung đột ở Syria, với sự bất đồng sâu sắc giữa một bên là các nước phương Tây cùng khối Arab và bên kia là Nga, Trung Quốc và Iran.",1,rule_based,deterministic-rule-baseline-precomputed,analysis_csv,0.0,remove_one_tone,ok
vi-zh-2022-test-0027,叙利亚10多年的冲突中，西方国家、阿拉伯国家与支持叙利亚政府的俄罗斯、中国和伊朗之间存在深刻分歧。,"Hơn 10 năm xung đột ở Syria, với sự bất đồng sâu sắc giữa một bên là các nước phương Tây cùng khối Arab và bên kia là Nga, Trung Quốc và Iran.","Hon 10 nam xung đot o Syria, voi su bat đong sau sac giua mot ben cac nuoc phuong Tay cung khoi Arab va ben kia la Nga, Trung Quoc va Iran.",2,rule_based,deterministic-rule-baseline-precomputed,analysis_csv,0.0,remove_tones_and_drop_one_word,ok
vi-zh-2022-test-0027,叙利亚10多年的冲突中，西方国家、阿拉伯国家与支持叙利亚政府的俄罗斯、中国和伊朗之间存在深刻分歧。,"Hơn 10 năm xung đột ở Syria, với sự bất đồng sâu sắc giữa một bên là các nước phương Tây cùng khối Arab và bên kia là Nga, Trung Quốc và Iran.","Hơn 10 xung đột với bất đồng sâu sắc một bên là các nước phương Tây cùng khối Arab và bên kia là Nga, Trung Quốc và Iran.",3,rule_based,deterministic-rule-baseline-precomputed,analysis_csv,0.0,word_dropout_15pct,ok
vi-zh-2022-test-0027,叙利亚10多年的冲突中，西方国家、阿拉伯国家与支持叙利亚政府的俄罗斯、中国和伊朗之间存在深刻分歧。,"Hơn 10 năm xung đột ở Syria, với sự bất đồng sâu sắc giữa một bên là các nước phương Tây cùng khối Arab và bên kia là Nga, Trung Quốc và Iran.","Hơn xung năm đột ở Syria, với bất sắc giữa một bên là các nước Tây cùng khối và kia Nga, Trung Quốc",4,rule_based,deterministic-rule-baseline-precomputed,analysis_csv,0.0,word_dropout_30pct_and_swap,ok
vi-zh-2022-test-0027,叙利亚10多年的冲突中，西方国家、阿拉伯国家与支持叙利亚政府的俄罗斯、中国和伊朗之间存在深刻分歧。,"Hơn 10 năm xung đột ở Syria, với sự bất đồng sâu sắc giữa một bên là các nước phương Tây cùng khối Arab và bên kia là Nga, Trung Quốc và Iran.",xung ở Syria với sự bất đồng sâu một là cùng khối bên kia Trung Iran,5,rule_based,deterministic-rule-baseline-precomputed,analysis_csv,0.0,word_dropout_50pct_and_punctuation_remove,ok
vi-zh-2022-test-0028,目前，叙利亚政府已经夺回大部分领土的控制权，但基础设施遭到严重破坏，需要数十年或数百年的时间才能恢复。,"Đến nay, Chính phủ Syria đã giành lại gần hết quyền kiểm soát lãnh thổ nhưng hạ tầng cơ sở đã bị tàn phá nặng nề phải mất hàng chục hoặc hàng trăm năm sau mới phục hồi.","Đến nay, Chính phủ Syria đã giành lại gần hết quyền kiểm soát lãnh thổ nhưng hạ tầng cơ sở đã bị tàn phá nặng nề phải mất hàng chục hoặc hàng trăm năm sau mới phục hồi.",0,rule_based,deterministic-rule-baseline-precomputed,analysis_csv,0.0,identity,ok
vi-zh-2022-test-0028,目前，叙利亚政府已经夺回大部分领土的控制权，但基础设施遭到严重破坏，需要数十年或数百年的时间才能恢复。,"Đến nay, Chính phủ Syria đã giành lại gần hết quyền kiểm soát lãnh thổ nhưng hạ tầng cơ sở đã bị tàn phá nặng nề phải mất hàng chục hoặc hàng trăm năm sau mới phục hồi.","Đen nay, Chính phủ Syria đã giành lại gần hết quyền kiểm soát lãnh thổ nhưng hạ tầng cơ sở đã bị tàn phá nặng nề phải mất hàng chục hoặc hàng trăm năm sau mới phục hồi.",1,rule_based,deterministic-rule-baseline-precomputed,analysis_csv,0.0,remove_one_tone,ok
vi-zh-2022-test-0028,目前，叙利亚政府已经夺回大部分领土的控制权，但基础设施遭到严重破坏，需要数十年或数百年的时间才能恢复。,"Đến nay, Chính phủ Syria đã giành lại gần hết quyền kiểm soát lãnh thổ nhưng hạ tầng cơ sở đã bị tàn phá nặng nề phải mất hàng chục hoặc hàng trăm năm sau mới phục hồi.","Đen nay, Chinh phu Syria đa gianh lai gan het quyen kiem soat lanh tho nhung ha tang co đa bi tan pha nang ne phai mat hang chuc hoac hang tram nam sau moi phuc hoi.",2,rule_based,deterministic-rule-baseline-precomputed,analysis_csv,0.0,remove_tones_and_drop_one_word,ok
vi-zh-2022-test-0028,目前，叙利亚政府已经夺回大部分领土的控制权，但基础设施遭到严重破坏，需要数十年或数百年的时间才能恢复。,"Đến nay, Chính phủ Syria đã giành lại gần hết quyền kiểm soát lãnh thổ nhưng hạ tầng cơ sở đã bị tàn phá nặng nề phải mất hàng chục hoặc hàng trăm năm sau mới phục hồi.","Đến nay, Chính phủ Syria giành lại gần kiểm soát lãnh thổ nhưng hạ tầng cơ sở đã bị tàn nặng phải hàng chục hoặc hàng trăm năm sau mới phục hồi.",3,rule_based,deterministic-rule-baseline-precomputed,analysis_csv,0.0,word_dropout_15pct,ok
vi-zh-2022-test-0028,目前，叙利亚政府已经夺回大部分领土的控制权，但基础设施遭到严重破坏，需要数十年或数百年的时间才能恢复。,"Đến nay, Chính phủ Syria đã giành lại gần hết quyền kiểm soát lãnh thổ nhưng hạ tầng cơ sở đã bị tàn phá nặng nề phải mất hàng chục hoặc hàng trăm năm sau mới phục hồi.","Đến Chính nay, phủ Syria đã lại gần quyền kiểm lãnh thổ hạ sở đã nặng nề phải mất hàng chục hàng trăm năm sau phục hồi.",4,rule_based,deterministic-rule-baseline-precomputed,analysis_csv,0.0,word_dropout_30pct_and_swap,ok
vi-zh-2022-test-0028,目前，叙利亚政府已经夺回大部分领土的控制权，但基础设施遭到严重破坏，需要数十年或数百年的时间才能恢复。,"Đến nay, Chính phủ Syria đã giành lại gần hết quyền kiểm soát lãnh thổ nhưng hạ tầng cơ sở đã bị tàn phá nặng nề phải mất hàng chục hoặc hàng trăm năm sau mới phục hồi.",Chính phủ gần quyền kiểm nhưng sở bị tàn nặng nề mất hàng chục hoặc hàng trăm sau hồi,5,rule_based,deterministic-rule-baseline-precomputed,analysis_csv,0.0,word_dropout_50pct_and_punctuation_remove,ok
vi-zh-2022-test-0029,令人担忧的是，儿童是叙利亚长期冲突中最大的受害者。,"Đáng quan ngại, là trẻ em chính là nạn nhân chịu ảnh hưởng lớn nhất trong cuộc xung đột kéo dài ở Syria.","Đáng quan ngại, là trẻ em chính là nạn nhân chịu ảnh hưởng lớn nhất trong cuộc xung đột kéo dài ở Syria.",0,rule_based,deterministic-rule-baseline-precomputed,analysis_csv,0.0,identity,ok
vi-zh-2022-test-0029,令人担忧的是，儿童是叙利亚长期冲突中最大的受害者。,"Đáng quan ngại, là trẻ em chính là nạn nhân chịu ảnh hưởng lớn nhất trong cuộc xung đột kéo dài ở Syria.","Đang quan ngại, là trẻ em chính là nạn nhân chịu ảnh hưởng lớn nhất trong cuộc xung đột kéo dài ở Syria.",1,rule_based,deterministic-rule-baseline-precomputed,analysis_csv,0.0,remove_one_tone,ok
vi-zh-2022-test-0029,令人担忧的是，儿童是叙利亚长期冲突中最大的受害者。,"Đáng quan ngại, là trẻ em chính là nạn nhân chịu ảnh hưởng lớn nhất trong cuộc xung đột kéo dài ở Syria.","Đang quan ngai, la tre em chinh la nan nhan chiu huong lon nhat trong cuoc xung đot keo dai o Syria.",2,rule_based,deterministic-rule-baseline-precomputed,analysis_csv,0.0,remove_tones_and_drop_one_word,ok
vi-zh-2022-test-0029,令人担忧的是，儿童是叙利亚长期冲突中最大的受害者。,"Đáng quan ngại, là trẻ em chính là nạn nhân chịu ảnh hưởng lớn nhất trong cuộc xung đột kéo dài ở Syria.","Đáng quan ngại, là trẻ em chính là nạn nhân chịu ảnh hưởng trong cuộc xung kéo dài ở Syria.",3,rule_based,deterministic-rule-baseline-precomputed,analysis_csv,0.0,word_dropout_15pct,ok
vi-zh-2022-test-0029,令人担忧的是，儿童是叙利亚长期冲突中最大的受害者。,"Đáng quan ngại, là trẻ em chính là nạn nhân chịu ảnh hưởng lớn nhất trong cuộc xung đột kéo dài ở Syria.",quan em trẻ là chịu ảnh hưởng lớn nhất trong cuộc xung đột kéo ở Syria.,4,rule_based,deterministic-rule-baseline-precomputed,analysis_csv,0.0,word_dropout_30pct_and_swap,ok
vi-zh-2022-test-0029,令人担忧的是，儿童是叙利亚长期冲突中最大的受害者。,"Đáng quan ngại, là trẻ em chính là nạn nhân chịu ảnh hưởng lớn nhất trong cuộc xung đột kéo dài ở Syria.",quan trẻ chính là nhân ảnh hưởng lớn nhất trong dài ở,5,rule_based,deterministic-rule-baseline-precomputed,analysis_csv,0.0,word_dropout_50pct_and_punctuation_remove,ok
vi-zh-2022-test-0030,据联合国儿童基金会的报告，过去10年，超过100万儿童在叙利亚境外的难民营出生，350万儿童失学，90%的叙利亚儿童急需救济。,"Theo báo cáo của Quỹ Nhi đồng Liên Hợp Quốc, trong vòng 10 năm qua, hơn 1 triệu trẻ em được sinh ra trong các trại tị nạn ngoài Syria, 3,5 triệu trẻ em thất học, 90% trẻ em Syria đang rất cần được hỗ trợ cả về vật chất và tâm lý.","Theo báo cáo của Quỹ Nhi đồng Liên Hợp Quốc, trong vòng 10 năm qua, hơn 1 triệu trẻ em được sinh ra trong các trại tị nạn ngoài Syria, 3,5 triệu trẻ em thất học, 90% trẻ em Syria đang rất cần được hỗ trợ cả về vật chất và tâm lý.",0,rule_based,deterministic-rule-baseline-precomputed,analysis_csv,0.0,identity,ok
vi-zh-2022-test-0030,据联合国儿童基金会的报告，过去10年，超过100万儿童在叙利亚境外的难民营出生，350万儿童失学，90%的叙利亚儿童急需救济。,"Theo báo cáo của Quỹ Nhi đồng Liên Hợp Quốc, trong vòng 10 năm qua, hơn 1 triệu trẻ em được sinh ra trong các trại tị nạn ngoài Syria, 3,5 triệu trẻ em thất học, 90% trẻ em Syria đang rất cần được hỗ trợ cả về vật chất và tâm lý.","Theo bao cáo của Quỹ Nhi đồng Liên Hợp Quốc, trong vòng 10 năm qua, hơn 1 triệu trẻ em được sinh ra trong các trại tị nạn ngoài Syria, 3,5 triệu trẻ em thất học, 90% trẻ em Syria đang rất cần được hỗ trợ cả về vật chất và tâm lý.",1,rule_based,deterministic-rule-baseline-precomputed,analysis_csv,0.0,remove_one_tone,ok
vi-zh-2022-test-0030,据联合国儿童基金会的报告，过去10年，超过100万儿童在叙利亚境外的难民营出生，350万儿童失学，90%的叙利亚儿童急需救济。,"Theo báo cáo của Quỹ Nhi đồng Liên Hợp Quốc, trong vòng 10 năm qua, hơn 1 triệu trẻ em được sinh ra trong các trại tị nạn ngoài Syria, 3,5 triệu trẻ em thất học, 90% trẻ em Syria đang rất cần được hỗ trợ cả về vật chất và tâm lý.","Theo bao cao cua Quy Nhi đong Lien Hop Quoc, trong vong 10 nam qua, hon 1 trieu tre em đuoc sinh ra trong cac trai nan ngoai Syria, 3,5 trieu tre em that hoc, 90% tre em Syria đang rat can đuoc ho tro ca ve vat chat va tam ly.",2,rule_based,deterministic-rule-baseline-precomputed,analysis_csv,0.0,remove_tones_and_drop_one_word,ok
vi-zh-2022-test-0030,据联合国儿童基金会的报告，过去10年，超过100万儿童在叙利亚境外的难民营出生，350万儿童失学，90%的叙利亚儿童急需救济。,"Theo báo cáo của Quỹ Nhi đồng Liên Hợp Quốc, trong vòng 10 năm qua, hơn 1 triệu trẻ em được sinh ra trong các trại tị nạn ngoài Syria, 3,5 triệu trẻ em thất học, 90% trẻ em Syria đang rất cần được hỗ trợ cả về vật chất và tâm lý.","Theo báo cáo Quỹ Nhi đồng Quốc, vòng 10 qua, hơn 1 triệu trẻ em được sinh ra trong các trại tị nạn ngoài Syria, 3,5 triệu trẻ em thất 90% trẻ em Syria đang rất cần được hỗ trợ cả về và tâm lý.",3,rule_based,deterministic-rule-baseline-precomputed,analysis_csv,0.0,word_dropout_15pct,ok
vi-zh-2022-test-0030,据联合国儿童基金会的报告，过去10年，超过100万儿童在叙利亚境外的难民营出生，350万儿童失学，90%的叙利亚儿童急需救济。,"Theo báo cáo của Quỹ Nhi đồng Liên Hợp Quốc, trong vòng 10 năm qua, hơn 1 triệu trẻ em được sinh ra trong các trại tị nạn ngoài Syria, 3,5 triệu trẻ em thất học, 90% trẻ em Syria đang rất cần được hỗ trợ cả về vật chất và tâm lý.","Theo của cáo Quỹ Nhi Liên trong 10 qua, hơn triệu trẻ em sinh trong các trại tị ngoài Syria, triệu trẻ em thất 90% trẻ em đang rất cần được hỗ cả về vật chất lý.",4,rule_based,deterministic-rule-baseline-precomputed,analysis_csv,0.0,word_dropout_30pct_and_swap,ok
vi-zh-2022-test-0030,据联合国儿童基金会的报告，过去10年，超过100万儿童在叙利亚境外的难民营出生，350万儿童失学，90%的叙利亚儿童急需救济。,"Theo báo cáo của Quỹ Nhi đồng Liên Hợp Quốc, trong vòng 10 năm qua, hơn 1 triệu trẻ em được sinh ra trong các trại tị nạn ngoài Syria, 3,5 triệu trẻ em thất học, 90% trẻ em Syria đang rất cần được hỗ trợ cả về vật chất và tâm lý.",Theo báo của Nhi Liên Quốc trong vòng 10 hơn 1 triệu trẻ được các Syria 35 triệu trẻ học Syria được về vật chất tâm,5,rule_based,deterministic-rule-baseline-precomputed,analysis_csv,0.0,word_dropout_50pct_and_punctuation_remove,ok
vi-zh-2022-test-0031,而叙利亚冲突每天都在继续。,"Trong khi đó, xung đột ở Syria vẫn tiếp tục diễn ra hàng ngày.","Trong khi đó, xung đột ở Syria vẫn tiếp tục diễn ra hàng ngày.",0,rule_based,deterministic-rule-baseline-precomputed,analysis_csv,0.0,identity,ok
vi-zh-2022-test-0031,而叙利亚冲突每天都在继续。,"Trong khi đó, xung đột ở Syria vẫn tiếp tục diễn ra hàng ngày.","Trong khi đo, xung đột ở Syria vẫn tiếp tục diễn ra hàng ngày.",1,rule_based,deterministic-rule-baseline-precomputed,analysis_csv,0.0,remove_one_tone,ok
vi-zh-2022-test-0031,而叙利亚冲突每天都在继续。,"Trong khi đó, xung đột ở Syria vẫn tiếp tục diễn ra hàng ngày.","Trong khi đo, xung đot o Syria tiep tuc dien ra hang ngay.",2,rule_based,deterministic-rule-baseline-precomputed,analysis_csv,0.0,remove_tones_and_drop_one_word,ok
vi-zh-2022-test-0031,而叙利亚冲突每天都在继续。,"Trong khi đó, xung đột ở Syria vẫn tiếp tục diễn ra hàng ngày.","Trong khi đó, xung đột ở Syria vẫn tục ra hàng ngày.",3,rule_based,deterministic-rule-baseline-precomputed,analysis_csv,0.0,word_dropout_15pct,ok
vi-zh-2022-test-0031,而叙利亚冲突每天都在继续。,"Trong khi đó, xung đột ở Syria vẫn tiếp tục diễn ra hàng ngày.","khi xung đó, đột ở tiếp tục diễn hàng ngày.",4,rule_based,deterministic-rule-baseline-precomputed,analysis_csv,0.0,word_dropout_30pct_and_swap,ok
vi-zh-2022-test-0031,而叙利亚冲突每天都在继续。,"Trong khi đó, xung đột ở Syria vẫn tiếp tục diễn ra hàng ngày.",Trong khi xung đột Syria diễn ngày,5,rule_based,deterministic-rule-baseline-precomputed,analysis_csv,0.0,word_dropout_50pct_and_punctuation_remove,ok
vi-zh-2022-test-0032,这令人担忧，尽管得到了许多国际组织和有关国家的支持，但叙利亚恢复和平仍然是一个难题。,"Điều này làm dấy lên quan ngại mặc dù được nhiều tổ chức quốc tế và các quốc gia liên quan quan tâm hỗ trợ, tuy nhiên, việc lập lại hòa bình cho Syria vẫn còn là bài toán khó.","Điều này làm dấy lên quan ngại mặc dù được nhiều tổ chức quốc tế và các quốc gia liên quan quan tâm hỗ trợ, tuy nhiên, việc lập lại hòa bình cho Syria vẫn còn là bài toán khó.",0,rule_based,deterministic-rule-baseline-precomputed,analysis_csv,0.0,identity,ok
vi-zh-2022-test-0032,这令人担忧，尽管得到了许多国际组织和有关国家的支持，但叙利亚恢复和平仍然是一个难题。,"Điều này làm dấy lên quan ngại mặc dù được nhiều tổ chức quốc tế và các quốc gia liên quan quan tâm hỗ trợ, tuy nhiên, việc lập lại hòa bình cho Syria vẫn còn là bài toán khó.","Đieu này làm dấy lên quan ngại mặc dù được nhiều tổ chức quốc tế và các quốc gia liên quan quan tâm hỗ trợ, tuy nhiên, việc lập lại hòa bình cho Syria vẫn còn là bài toán khó.",1,rule_based,deterministic-rule-baseline-precomputed,analysis_csv,0.0,remove_one_tone,ok
vi-zh-2022-test-0032,这令人担忧，尽管得到了许多国际组织和有关国家的支持，但叙利亚恢复和平仍然是一个难题。,"Điều này làm dấy lên quan ngại mặc dù được nhiều tổ chức quốc tế và các quốc gia liên quan quan tâm hỗ trợ, tuy nhiên, việc lập lại hòa bình cho Syria vẫn còn là bài toán khó.","Đieu nay lam day len quan ngai mac du đuoc nhieu to chuc quoc te va cac quoc gia lien quan tam ho tro, tuy nhien, viec lap lai hoa binh cho Syria van con la bai toan kho.",2,rule_based,deterministic-rule-baseline-precomputed,analysis_csv,0.0,remove_tones_and_drop_one_word,ok
vi-zh-2022-test-0032,这令人担忧，尽管得到了许多国际组织和有关国家的支持，但叙利亚恢复和平仍然是一个难题。,"Điều này làm dấy lên quan ngại mặc dù được nhiều tổ chức quốc tế và các quốc gia liên quan quan tâm hỗ trợ, tuy nhiên, việc lập lại hòa bình cho Syria vẫn còn là bài toán khó.","Điều này dấy lên quan ngại mặc dù nhiều chức quốc tế và các quốc gia liên quan quan tâm trợ, tuy nhiên, việc hòa bình cho Syria vẫn còn là bài toán khó.",3,rule_based,deterministic-rule-baseline-precomputed,analysis_csv,0.0,word_dropout_15pct,ok
vi-zh-2022-test-0032,这令人担忧，尽管得到了许多国际组织和有关国家的支持，但叙利亚恢复和平仍然是一个难题。,"Điều này làm dấy lên quan ngại mặc dù được nhiều tổ chức quốc tế và các quốc gia liên quan quan tâm hỗ trợ, tuy nhiên, việc lập lại hòa bình cho Syria vẫn còn là bài toán khó.","Điều dấy làm quan ngại mặc được nhiều tổ chức quốc và các quốc liên quan quan tâm hỗ tuy nhiên, việc lại hòa bình cho là khó.",4,rule_based,deterministic-rule-baseline-precomputed,analysis_csv,0.0,word_dropout_30pct_and_swap,ok
vi-zh-2022-test-0032,这令人担忧，尽管得到了许多国际组织和有关国家的支持，但叙利亚恢复和平仍然是一个难题。,"Điều này làm dấy lên quan ngại mặc dù được nhiều tổ chức quốc tế và các quốc gia liên quan quan tâm hỗ trợ, tuy nhiên, việc lập lại hòa bình cho Syria vẫn còn là bài toán khó.",Điều dấy lên quan ngại được nhiều tổ quốc và tâm hỗ tuy lập bình cho vẫn còn bài khó,5,rule_based,deterministic-rule-baseline-precomputed,analysis_csv,0.0,word_dropout_50pct_and_punctuation_remove,ok
vi-zh-2022-test-0033,越南政府颁布关于“安全、灵活适应并有效控制新冠肺炎疫情”的第128号决议后，各部门、各地方迅速从“封闭”模式转为“新常态”模式。,"Sau khi chính phủ Việt Nam ban bố nghị quyết 128 “thích ứng an toàn, linh hoạt, kiểm soát hiệu quả dịch Covid-19”, mhiều bộ, ngành, địa phương tại Việt Nam nhanh chóng chuyển từ trạng thái “đóng cửa” sang trạng thái thích ứng bình thường mới.","Sau khi chính phủ Việt Nam ban bố nghị quyết 128 “thích ứng an toàn, linh hoạt, kiểm soát hiệu quả dịch Covid-19”, mhiều bộ, ngành, địa phương tại Việt Nam nhanh chóng chuyển từ trạng thái “đóng cửa” sang trạng thái thích ứng bình thường mới.",0,rule_based,deterministic-rule-baseline-precomputed,analysis_csv,0.0,identity,ok
vi-zh-2022-test-0033,越南政府颁布关于“安全、灵活适应并有效控制新冠肺炎疫情”的第128号决议后，各部门、各地方迅速从“封闭”模式转为“新常态”模式。,"Sau khi chính phủ Việt Nam ban bố nghị quyết 128 “thích ứng an toàn, linh hoạt, kiểm soát hiệu quả dịch Covid-19”, mhiều bộ, ngành, địa phương tại Việt Nam nhanh chóng chuyển từ trạng thái “đóng cửa” sang trạng thái thích ứng bình thường mới.","Sau khi chinh phủ Việt Nam ban bố nghị quyết 128 “thích ứng an toàn, linh hoạt, kiểm soát hiệu quả dịch Covid-19”, mhiều bộ, ngành, địa phương tại Việt Nam nhanh chóng chuyển từ trạng thái “đóng cửa” sang trạng thái thích ứng bình thường mới.",1,rule_based,deterministic-rule-baseline-precomputed,analysis_csv,0.0,remove_one_tone,ok
vi-zh-2022-test-0033,越南政府颁布关于“安全、灵活适应并有效控制新冠肺炎疫情”的第128号决议后，各部门、各地方迅速从“封闭”模式转为“新常态”模式。,"Sau khi chính phủ Việt Nam ban bố nghị quyết 128 “thích ứng an toàn, linh hoạt, kiểm soát hiệu quả dịch Covid-19”, mhiều bộ, ngành, địa phương tại Việt Nam nhanh chóng chuyển từ trạng thái “đóng cửa” sang trạng thái thích ứng bình thường mới.","Sau khi chinh phu Viet Nam ban bo nghi quyet 128 “thich ung an toan, linh hoat, kiem soat hieu qua dich Covid-19”, bo, nganh, đia phuong tai Viet Nam nhanh chong chuyen tu trang thai “đong cua” sang trang thai thich ung binh thuong moi.",2,rule_based,deterministic-rule-baseline-precomputed,analysis_csv,0.0,remove_tones_and_drop_one_word,ok
vi-zh-2022-test-0033,越南政府颁布关于“安全、灵活适应并有效控制新冠肺炎疫情”的第128号决议后，各部门、各地方迅速从“封闭”模式转为“新常态”模式。,"Sau khi chính phủ Việt Nam ban bố nghị quyết 128 “thích ứng an toàn, linh hoạt, kiểm soát hiệu quả dịch Covid-19”, mhiều bộ, ngành, địa phương tại Việt Nam nhanh chóng chuyển từ trạng thái “đóng cửa” sang trạng thái thích ứng bình thường mới.","Sau khi chính phủ Việt Nam ban nghị quyết 128 “thích ứng an toàn, linh hoạt, kiểm hiệu quả Covid-19”, bộ, ngành, địa phương tại Việt Nam nhanh chóng từ trạng thái cửa” sang trạng thích ứng bình thường mới.",3,rule_based,deterministic-rule-baseline-precomputed,analysis_csv,0.0,word_dropout_15pct,ok
vi-zh-2022-test-0033,越南政府颁布关于“安全、灵活适应并有效控制新冠肺炎疫情”的第128号决议后，各部门、各地方迅速从“封闭”模式转为“新常态”模式。,"Sau khi chính phủ Việt Nam ban bố nghị quyết 128 “thích ứng an toàn, linh hoạt, kiểm soát hiệu quả dịch Covid-19”, mhiều bộ, ngành, địa phương tại Việt Nam nhanh chóng chuyển từ trạng thái “đóng cửa” sang trạng thái thích ứng bình thường mới.","khi phủ chính Việt Nam bố nghị quyết 128 “thích ứng an toàn, linh hoạt, hiệu Covid-19”, mhiều địa tại nhanh chóng từ trạng thái cửa” sang trạng thái thích bình thường mới.",4,rule_based,deterministic-rule-baseline-precomputed,analysis_csv,0.0,word_dropout_30pct_and_swap,ok
vi-zh-2022-test-0033,越南政府颁布关于“安全、灵活适应并有效控制新冠肺炎疫情”的第128号决议后，各部门、各地方迅速从“封闭”模式转为“新常态”模式。,"Sau khi chính phủ Việt Nam ban bố nghị quyết 128 “thích ứng an toàn, linh hoạt, kiểm soát hiệu quả dịch Covid-19”, mhiều bộ, ngành, địa phương tại Việt Nam nhanh chóng chuyển từ trạng thái “đóng cửa” sang trạng thái thích ứng bình thường mới.",Sau khi phủ Việt Nam toàn linh hoạt kiểm soát hiệu mhiều bộ ngành địa từ trạng thái trạng thái thích ứng bình thường,5,rule_based,deterministic-rule-baseline-precomputed,analysis_csv,0.0,word_dropout_50pct_and_punctuation_remove,ok
vi-zh-2022-test-0034,九龙江平原地区集中防控疫情3个月后，多个省市目前已经基本控制了疫情。,"Tại đồng bằng sông Cửu Long, sau 3 tháng tập trung phòng, chống dịch Covid-19, đến nay nhiều tỉnh đã cơ bản kiểm soát được dịch.","Tại đồng bằng sông Cửu Long, sau 3 tháng tập trung phòng, chống dịch Covid-19, đến nay nhiều tỉnh đã cơ bản kiểm soát được dịch.",0,rule_based,deterministic-rule-baseline-precomputed,analysis_csv,0.0,identity,ok
vi-zh-2022-test-0034,九龙江平原地区集中防控疫情3个月后，多个省市目前已经基本控制了疫情。,"Tại đồng bằng sông Cửu Long, sau 3 tháng tập trung phòng, chống dịch Covid-19, đến nay nhiều tỉnh đã cơ bản kiểm soát được dịch.","Tai đồng bằng sông Cửu Long, sau 3 tháng tập trung phòng, chống dịch Covid-19, đến nay nhiều tỉnh đã cơ bản kiểm soát được dịch.",1,rule_based,deterministic-rule-baseline-precomputed,analysis_csv,0.0,remove_one_tone,ok
vi-zh-2022-test-0034,九龙江平原地区集中防控疫情3个月后，多个省市目前已经基本控制了疫情。,"Tại đồng bằng sông Cửu Long, sau 3 tháng tập trung phòng, chống dịch Covid-19, đến nay nhiều tỉnh đã cơ bản kiểm soát được dịch.","Tai đong bang song Cuu Long, sau 3 thang tap trung phong, chong Covid-19, đen nay nhieu tinh đa co ban kiem soat đuoc dich.",2,rule_based,deterministic-rule-baseline-precomputed,analysis_csv,0.0,remove_tones_and_drop_one_word,ok
vi-zh-2022-test-0034,九龙江平原地区集中防控疫情3个月后，多个省市目前已经基本控制了疫情。,"Tại đồng bằng sông Cửu Long, sau 3 tháng tập trung phòng, chống dịch Covid-19, đến nay nhiều tỉnh đã cơ bản kiểm soát được dịch.","Tại đồng bằng sông Cửu Long, sau 3 tháng phòng, dịch Covid-19, đến nay nhiều tỉnh đã cơ bản kiểm soát dịch.",3,rule_based,deterministic-rule-baseline-precomputed,analysis_csv,0.0,word_dropout_15pct,ok
vi-zh-2022-test-0034,九龙江平原地区集中防控疫情3个月后，多个省市目前已经基本控制了疫情。,"Tại đồng bằng sông Cửu Long, sau 3 tháng tập trung phòng, chống dịch Covid-19, đến nay nhiều tỉnh đã cơ bản kiểm soát được dịch.","Tại sau sông tháng tập phòng, chống dịch đến nhiều tỉnh đã cơ bản kiểm soát được dịch.",4,rule_based,deterministic-rule-baseline-precomputed,analysis_csv,0.0,word_dropout_30pct_and_swap,ok
vi-zh-2022-test-0034,九龙江平原地区集中防控疫情3个月后，多个省市目前已经基本控制了疫情。,"Tại đồng bằng sông Cửu Long, sau 3 tháng tập trung phòng, chống dịch Covid-19, đến nay nhiều tỉnh đã cơ bản kiểm soát được dịch.",Tại Cửu Long trung chống Covid-19 đến nay nhiều cơ kiểm soát được,5,rule_based,deterministic-rule-baseline-precomputed,analysis_csv,0.0,word_dropout_50pct_and_punctuation_remove,ok
vi-zh-2022-test-0035,其中，同塔省约有200家企业已恢复活动。,"Trong đó, riêng tỉnh Đồng Tháp, hiện có hơn 200 doanh nghiệp đã dần sản xuất trở lại.","Trong đó, riêng tỉnh Đồng Tháp, hiện có hơn 200 doanh nghiệp đã dần sản xuất trở lại.",0,rule_based,deterministic-rule-baseline-precomputed,analysis_csv,0.0,identity,ok
vi-zh-2022-test-0035,其中，同塔省约有200家企业已恢复活动。,"Trong đó, riêng tỉnh Đồng Tháp, hiện có hơn 200 doanh nghiệp đã dần sản xuất trở lại.","Trong đo, riêng tỉnh Đồng Tháp, hiện có hơn 200 doanh nghiệp đã dần sản xuất trở lại.",1,rule_based,deterministic-rule-baseline-precomputed,analysis_csv,0.0,remove_one_tone,ok
vi-zh-2022-test-0035,其中，同塔省约有200家企业已恢复活动。,"Trong đó, riêng tỉnh Đồng Tháp, hiện có hơn 200 doanh nghiệp đã dần sản xuất trở lại.","Trong đo, rieng tinh Đong Thap, hien co hon doanh nghiep đa dan san xuat tro lai.",2,rule_based,deterministic-rule-baseline-precomputed,analysis_csv,0.0,remove_tones_and_drop_one_word,ok
vi-zh-2022-test-0035,其中，同塔省约有200家企业已恢复活动。,"Trong đó, riêng tỉnh Đồng Tháp, hiện có hơn 200 doanh nghiệp đã dần sản xuất trở lại.","Trong đó, tỉnh Đồng Tháp, hiện hơn 200 nghiệp đã dần sản xuất trở lại.",3,rule_based,deterministic-rule-baseline-precomputed,analysis_csv,0.0,word_dropout_15pct,ok
vi-zh-2022-test-0035,其中，同塔省约有200家企业已恢复活动。,"Trong đó, riêng tỉnh Đồng Tháp, hiện có hơn 200 doanh nghiệp đã dần sản xuất trở lại.","Trong Đồng riêng Tháp, hiện có hơn 200 doanh nghiệp sản trở lại.",4,rule_based,deterministic-rule-baseline-precomputed,analysis_csv,0.0,word_dropout_30pct_and_swap,ok
vi-zh-2022-test-0035,其中，同塔省约有200家企业已恢复活动。,"Trong đó, riêng tỉnh Đồng Tháp, hiện có hơn 200 doanh nghiệp đã dần sản xuất trở lại.",riêng Đồng 200 doanh đã dần sản xuất lại,5,rule_based,deterministic-rule-baseline-precomputed,analysis_csv,0.0,word_dropout_50pct_and_punctuation_remove,ok
vi-zh-2022-test-0036,落实第128号决议，谅山省为口岸商品通关活动安全、快速进行提供便利条件，确保实现防控疫情、发展经济“双胜利”。,"Triển khai thực hiện Nghị quyết 128, tỉnh Lạng Sơn đã và đang tạo điều kiện thuận lợi để hoạt động thông quan hàng hóa qua cửa khẩu diễn ra an toàn, nhanh chóng, đảm bảo thực hiện mục tiêu kép vừa phòng chống dịch vừa phục hồi phát triển kinh tế.","Triển khai thực hiện Nghị quyết 128, tỉnh Lạng Sơn đã và đang tạo điều kiện thuận lợi để hoạt động thông quan hàng hóa qua cửa khẩu diễn ra an toàn, nhanh chóng, đảm bảo thực hiện mục tiêu kép vừa phòng chống dịch vừa phục hồi phát triển kinh tế.",0,rule_based,deterministic-rule-baseline-precomputed,analysis_csv,0.0,identity,ok
vi-zh-2022-test-0036,落实第128号决议，谅山省为口岸商品通关活动安全、快速进行提供便利条件，确保实现防控疫情、发展经济“双胜利”。,"Triển khai thực hiện Nghị quyết 128, tỉnh Lạng Sơn đã và đang tạo điều kiện thuận lợi để hoạt động thông quan hàng hóa qua cửa khẩu diễn ra an toàn, nhanh chóng, đảm bảo thực hiện mục tiêu kép vừa phòng chống dịch vừa phục hồi phát triển kinh tế.","Trien khai thực hiện Nghị quyết 128, tỉnh Lạng Sơn đã và đang tạo điều kiện thuận lợi để hoạt động thông quan hàng hóa qua cửa khẩu diễn ra an toàn, nhanh chóng, đảm bảo thực hiện mục tiêu kép vừa phòng chống dịch vừa phục hồi phát triển kinh tế.",1,rule_based,deterministic-rule-baseline-precomputed,analysis_csv,0.0,remove_one_tone,ok
vi-zh-2022-test-0036,落实第128号决议，谅山省为口岸商品通关活动安全、快速进行提供便利条件，确保实现防控疫情、发展经济“双胜利”。,"Triển khai thực hiện Nghị quyết 128, tỉnh Lạng Sơn đã và đang tạo điều kiện thuận lợi để hoạt động thông quan hàng hóa qua cửa khẩu diễn ra an toàn, nhanh chóng, đảm bảo thực hiện mục tiêu kép vừa phòng chống dịch vừa phục hồi phát triển kinh tế.","Trien khai thuc hien Nghi quyet 128, tinh Lang Son đa va đang tao đieu kien thuan loi đe hoat đong thong quan hang hoa qua khau dien ra an toan, nhanh chong, đam bao thuc hien muc tieu kep vua phong chong dich vua phuc hoi phat trien kinh te.",2,rule_based,deterministic-rule-baseline-precomputed,analysis_csv,0.0,remove_tones_and_drop_one_word,ok
vi-zh-2022-test-0036,落实第128号决议，谅山省为口岸商品通关活动安全、快速进行提供便利条件，确保实现防控疫情、发展经济“双胜利”。,"Triển khai thực hiện Nghị quyết 128, tỉnh Lạng Sơn đã và đang tạo điều kiện thuận lợi để hoạt động thông quan hàng hóa qua cửa khẩu diễn ra an toàn, nhanh chóng, đảm bảo thực hiện mục tiêu kép vừa phòng chống dịch vừa phục hồi phát triển kinh tế.","Triển khai Nghị quyết 128, tỉnh Lạng Sơn đã và đang tạo điều thuận lợi để hoạt động thông quan hàng hóa qua khẩu diễn ra an toàn, nhanh chóng, đảm bảo thực hiện mục tiêu phòng chống phục hồi phát triển kinh tế.",3,rule_based,deterministic-rule-baseline-precomputed,analysis_csv,0.0,word_dropout_15pct,ok
vi-zh-2022-test-0036,落实第128号决议，谅山省为口岸商品通关活动安全、快速进行提供便利条件，确保实现防控疫情、发展经济“双胜利”。,"Triển khai thực hiện Nghị quyết 128, tỉnh Lạng Sơn đã và đang tạo điều kiện thuận lợi để hoạt động thông quan hàng hóa qua cửa khẩu diễn ra an toàn, nhanh chóng, đảm bảo thực hiện mục tiêu kép vừa phòng chống dịch vừa phục hồi phát triển kinh tế.","Triển quyết thực 128, tỉnh Lạng Sơn đã và đang kiện thuận để hoạt động thông hóa qua khẩu diễn an toàn, nhanh chóng, bảo hiện tiêu kép vừa phòng chống vừa phục triển kinh tế.",4,rule_based,deterministic-rule-baseline-precomputed,analysis_csv,0.0,word_dropout_30pct_and_swap,ok
vi-zh-2022-test-0036,落实第128号决议，谅山省为口岸商品通关活动安全、快速进行提供便利条件，确保实现防控疫情、发展经济“双胜利”。,"Triển khai thực hiện Nghị quyết 128, tỉnh Lạng Sơn đã và đang tạo điều kiện thuận lợi để hoạt động thông quan hàng hóa qua cửa khẩu diễn ra an toàn, nhanh chóng, đảm bảo thực hiện mục tiêu kép vừa phòng chống dịch vừa phục hồi phát triển kinh tế.",khai thực hiện quyết Lạng Sơn và đang tạo điều hoạt quan hóa qua cửa ra an toàn hiện tiêu kép vừa phòng vừa triển tế,5,rule_based,deterministic-rule-baseline-precomputed,analysis_csv,0.0,word_dropout_50pct_and_punctuation_remove,ok
vi-zh-2022-test-0037,交通运输部副部长黎庭寿说：“货运和客运是我部最主要的2个领域。,Thứ trưởng Lê Đình Thọ khẳng định: “Ngành giao thông có 2 lĩnh vực chính là: vận tải hàng hóa và vận tải hành khách.,Thứ trưởng Lê Đình Thọ khẳng định: “Ngành giao thông có 2 lĩnh vực chính là: vận tải hàng hóa và vận tải hành khách.,0,rule_based,deterministic-rule-baseline-precomputed,analysis_csv,0.0,identity,ok
vi-zh-2022-test-0037,交通运输部副部长黎庭寿说：“货运和客运是我部最主要的2个领域。,Thứ trưởng Lê Đình Thọ khẳng định: “Ngành giao thông có 2 lĩnh vực chính là: vận tải hàng hóa và vận tải hành khách.,Thu trưởng Lê Đình Thọ khẳng định: “Ngành giao thông có 2 lĩnh vực chính là: vận tải hàng hóa và vận tải hành khách.,1,rule_based,deterministic-rule-baseline-precomputed,analysis_csv,0.0,remove_one_tone,ok
vi-zh-2022-test-0037,交通运输部副部长黎庭寿说：“货运和客运是我部最主要的2个领域。,Thứ trưởng Lê Đình Thọ khẳng định: “Ngành giao thông có 2 lĩnh vực chính là: vận tải hàng hóa và vận tải hành khách.,Thu truong Le Đinh Tho khang đinh: “Nganh giao thong co 2 vuc chinh la: van tai hang hoa va van tai hanh khach.,2,rule_based,deterministic-rule-baseline-precomputed,analysis_csv,0.0,remove_tones_and_drop_one_word,ok
vi-zh-2022-test-0037,交通运输部副部长黎庭寿说：“货运和客运是我部最主要的2个领域。,Thứ trưởng Lê Đình Thọ khẳng định: “Ngành giao thông có 2 lĩnh vực chính là: vận tải hàng hóa và vận tải hành khách.,Thứ trưởng Lê Đình Thọ khẳng “Ngành giao thông 2 lĩnh vực là: vận hàng hóa và vận tải hành khách.,3,rule_based,deterministic-rule-baseline-precomputed,analysis_csv,0.0,word_dropout_15pct,ok
vi-zh-2022-test-0037,交通运输部副部长黎庭寿说：“货运和客运是我部最主要的2个领域。,Thứ trưởng Lê Đình Thọ khẳng định: “Ngành giao thông có 2 lĩnh vực chính là: vận tải hàng hóa và vận tải hành khách.,Thứ Lê trưởng Đình Thọ khẳng định: lĩnh chính là: vận tải hàng hóa vận tải hành khách.,4,rule_based,deterministic-rule-baseline-precomputed,analysis_csv,0.0,word_dropout_30pct_and_swap,ok
vi-zh-2022-test-0037,交通运输部副部长黎庭寿说：“货运和客运是我部最主要的2个领域。,Thứ trưởng Lê Đình Thọ khẳng định: “Ngành giao thông có 2 lĩnh vực chính là: vận tải hàng hóa và vận tải hành khách.,Thứ trưởng định giao thông có vực chính là vận vận hành,5,rule_based,deterministic-rule-baseline-precomputed,analysis_csv,0.0,word_dropout_50pct_and_punctuation_remove,ok
vi-zh-2022-test-0038,现在落实第128号决议，我们将审视、颁布新规定，确保符合决议目的、要求及卫生部相关防疫规定。,"Khi triển khai Nghị quyết 128, chúng tôi rà soát, ban hành quy định mới để phù hợp với mục đích yêu cầu, đặc biệt là quy định mới của Bộ y tế.","Khi triển khai Nghị quyết 128, chúng tôi rà soát, ban hành quy định mới để phù hợp với mục đích yêu cầu, đặc biệt là quy định mới của Bộ y tế.",0,rule_based,deterministic-rule-baseline-precomputed,analysis_csv,0.0,identity,ok
vi-zh-2022-test-0038,现在落实第128号决议，我们将审视、颁布新规定，确保符合决议目的、要求及卫生部相关防疫规定。,"Khi triển khai Nghị quyết 128, chúng tôi rà soát, ban hành quy định mới để phù hợp với mục đích yêu cầu, đặc biệt là quy định mới của Bộ y tế.","Khi trien khai Nghị quyết 128, chúng tôi rà soát, ban hành quy định mới để phù hợp với mục đích yêu cầu, đặc biệt là quy định mới của Bộ y tế.",1,rule_based,deterministic-rule-baseline-precomputed,analysis_csv,0.0,remove_one_tone,ok
vi-zh-2022-test-0038,现在落实第128号决议，我们将审视、颁布新规定，确保符合决议目的、要求及卫生部相关防疫规定。,"Khi triển khai Nghị quyết 128, chúng tôi rà soát, ban hành quy định mới để phù hợp với mục đích yêu cầu, đặc biệt là quy định mới của Bộ y tế.","Khi trien khai Nghi quyet 128, chung toi ra soat, ban hanh quy đinh moi đe hop voi muc đich yeu cau, đac biet la quy đinh moi cua Bo y te.",2,rule_based,deterministic-rule-baseline-precomputed,analysis_csv,0.0,remove_tones_and_drop_one_word,ok
vi-zh-2022-test-0038,现在落实第128号决议，我们将审视、颁布新规定，确保符合决议目的、要求及卫生部相关防疫规定。,"Khi triển khai Nghị quyết 128, chúng tôi rà soát, ban hành quy định mới để phù hợp với mục đích yêu cầu, đặc biệt là quy định mới của Bộ y tế.","Khi triển khai Nghị quyết 128, chúng tôi rà soát, ban hành quy định phù với đích yêu đặc biệt là quy định mới của Bộ y tế.",3,rule_based,deterministic-rule-baseline-precomputed,analysis_csv,0.0,word_dropout_15pct,ok
vi-zh-2022-test-0038,现在落实第128号决议，我们将审视、颁布新规定，确保符合决议目的、要求及卫生部相关防疫规定。,"Khi triển khai Nghị quyết 128, chúng tôi rà soát, ban hành quy định mới để phù hợp với mục đích yêu cầu, đặc biệt là quy định mới của Bộ y tế.","Khi Nghị khai quyết 128, chúng rà soát, ban hành mới để phù hợp với mục yêu cầu, biệt là định mới Bộ",4,rule_based,deterministic-rule-baseline-precomputed,analysis_csv,0.0,word_dropout_30pct_and_swap,ok
vi-zh-2022-test-0038,现在落实第128号决议，我们将审视、颁布新规定，确保符合决议目的、要求及卫生部相关防疫规定。,"Khi triển khai Nghị quyết 128, chúng tôi rà soát, ban hành quy định mới để phù hợp với mục đích yêu cầu, đặc biệt là quy định mới của Bộ y tế.",chúng tôi ban hành quy mới hợp với mục yêu biệt là định mới y tế,5,rule_based,deterministic-rule-baseline-precomputed,analysis_csv,0.0,word_dropout_50pct_and_punctuation_remove,ok
vi-zh-2022-test-0039,巴地头顿省人民委员会副主席陈文俊表示，该省正逐步从防控疫情状态转为安全适应状态。,"Theo ông Trần Văn Tuấn, Phó Chủ tịch UBND tỉnh Bà Rịa – Vũng Tàu, tỉnh đang chuyển trang thái từ chống dịch sang phòng dịch và thích ứng an toàn.","Theo ông Trần Văn Tuấn, Phó Chủ tịch UBND tỉnh Bà Rịa – Vũng Tàu, tỉnh đang chuyển trang thái từ chống dịch sang phòng dịch và thích ứng an toàn.",0,rule_based,deterministic-rule-baseline-precomputed,analysis_csv,0.0,identity,ok
vi-zh-2022-test-0039,巴地头顿省人民委员会副主席陈文俊表示，该省正逐步从防控疫情状态转为安全适应状态。,"Theo ông Trần Văn Tuấn, Phó Chủ tịch UBND tỉnh Bà Rịa – Vũng Tàu, tỉnh đang chuyển trang thái từ chống dịch sang phòng dịch và thích ứng an toàn.","Theo ong Trần Văn Tuấn, Phó Chủ tịch UBND tỉnh Bà Rịa – Vũng Tàu, tỉnh đang chuyển trang thái từ chống dịch sang phòng dịch và thích ứng an toàn.",1,rule_based,deterministic-rule-baseline-precomputed,analysis_csv,0.0,remove_one_tone,ok
vi-zh-2022-test-0039,巴地头顿省人民委员会副主席陈文俊表示，该省正逐步从防控疫情状态转为安全适应状态。,"Theo ông Trần Văn Tuấn, Phó Chủ tịch UBND tỉnh Bà Rịa – Vũng Tàu, tỉnh đang chuyển trang thái từ chống dịch sang phòng dịch và thích ứng an toàn.","Theo ong Tran Van Tuan, Pho Chu tich UBND tinh Ba Ria – Vung Tau, đang chuyen trang thai tu chong dich sang phong dich va thich ung an toan.",2,rule_based,deterministic-rule-baseline-precomputed,analysis_csv,0.0,remove_tones_and_drop_one_word,ok
vi-zh-2022-test-0039,巴地头顿省人民委员会副主席陈文俊表示，该省正逐步从防控疫情状态转为安全适应状态。,"Theo ông Trần Văn Tuấn, Phó Chủ tịch UBND tỉnh Bà Rịa – Vũng Tàu, tỉnh đang chuyển trang thái từ chống dịch sang phòng dịch và thích ứng an toàn.","Theo ông Trần Văn Tuấn, Phó Chủ tịch UBND tỉnh Bà Rịa Tàu, tỉnh đang chuyển trang thái từ chống dịch sang phòng và an toàn.",3,rule_based,deterministic-rule-baseline-precomputed,analysis_csv,0.0,word_dropout_15pct,ok
vi-zh-2022-test-0039,巴地头顿省人民委员会副主席陈文俊表示，该省正逐步从防控疫情状态转为安全适应状态。,"Theo ông Trần Văn Tuấn, Phó Chủ tịch UBND tỉnh Bà Rịa – Vũng Tàu, tỉnh đang chuyển trang thái từ chống dịch sang phòng dịch và thích ứng an toàn.","Theo Văn ông Chủ tịch UBND tỉnh Bà Rịa – Tàu, chuyển trang thái dịch sang phòng dịch và ứng an toàn.",4,rule_based,deterministic-rule-baseline-precomputed,analysis_csv,0.0,word_dropout_30pct_and_swap,ok
vi-zh-2022-test-0039,巴地头顿省人民委员会副主席陈文俊表示，该省正逐步从防控疫情状态转为安全适应状态。,"Theo ông Trần Văn Tuấn, Phó Chủ tịch UBND tỉnh Bà Rịa – Vũng Tàu, tỉnh đang chuyển trang thái từ chống dịch sang phòng dịch và thích ứng an toàn.",Theo Trần Văn tỉnh Bà – đang chuyển từ chống sang phòng dịch và thích ứng,5,rule_based,deterministic-rule-baseline-precomputed,analysis_csv,0.0,word_dropout_50pct_and_punctuation_remove,ok
vi-zh-2022-test-0040,在该地区各国正加快完成疫苗接种计划的背景下，欧洲正逐步适应并采取措施促进经济增长。,"Tuy nhiên, với nhiều giải pháp, kinh tế châu Âu đang có dấu hiệu tăng trưởng tích cực.","Tuy nhiên, với nhiều giải pháp, kinh tế châu Âu đang có dấu hiệu tăng trưởng tích cực.",0,rule_based,deterministic-rule-baseline-precomputed,analysis_csv,0.0,identity,ok
vi-zh-2022-test-0040,在该地区各国正加快完成疫苗接种计划的背景下，欧洲正逐步适应并采取措施促进经济增长。,"Tuy nhiên, với nhiều giải pháp, kinh tế châu Âu đang có dấu hiệu tăng trưởng tích cực.","Tuy nhien, với nhiều giải pháp, kinh tế châu Âu đang có dấu hiệu tăng trưởng tích cực.",1,rule_based,deterministic-rule-baseline-precomputed,analysis_csv,0.0,remove_one_tone,ok
vi-zh-2022-test-0040,在该地区各国正加快完成疫苗接种计划的背景下，欧洲正逐步适应并采取措施促进经济增长。,"Tuy nhiên, với nhiều giải pháp, kinh tế châu Âu đang có dấu hiệu tăng trưởng tích cực.","Tuy nhien, voi nhieu giai phap, kinh te chau đang co dau hieu tang truong tich cuc.",2,rule_based,deterministic-rule-baseline-precomputed,analysis_csv,0.0,remove_tones_and_drop_one_word,ok
vi-zh-2022-test-0040,在该地区各国正加快完成疫苗接种计划的背景下，欧洲正逐步适应并采取措施促进经济增长。,"Tuy nhiên, với nhiều giải pháp, kinh tế châu Âu đang có dấu hiệu tăng trưởng tích cực.","nhiên, nhiều giải pháp, kinh tế châu Âu đang có dấu hiệu tăng tích cực.",3,rule_based,deterministic-rule-baseline-precomputed,analysis_csv,0.0,word_dropout_15pct,ok
vi-zh-2022-test-0040,在该地区各国正加快完成疫苗接种计划的背景下，欧洲正逐步适应并采取措施促进经济增长。,"Tuy nhiên, với nhiều giải pháp, kinh tế châu Âu đang có dấu hiệu tăng trưởng tích cực.","Tuy giải nhiên, kinh châu Âu đang có dấu hiệu tăng tích cực.",4,rule_based,deterministic-rule-baseline-precomputed,analysis_csv,0.0,word_dropout_30pct_and_swap,ok
vi-zh-2022-test-0040,在该地区各国正加快完成疫苗接种计划的背景下，欧洲正逐步适应并采取措施促进经济增长。,"Tuy nhiên, với nhiều giải pháp, kinh tế châu Âu đang có dấu hiệu tăng trưởng tích cực.",nhiều giải pháp kinh châu đang dấu hiệu cực,5,rule_based,deterministic-rule-baseline-precomputed,analysis_csv,0.0,word_dropout_50pct_and_punctuation_remove,ok
vi-zh-2022-test-0041,放宽防疫措施是经济复苏的“杠杆”,Nới lỏng các biện pháp kiểm soát dịch bệnh là “đòn bẩy” phục hồi nền kinh tế,Nới lỏng các biện pháp kiểm soát dịch bệnh là “đòn bẩy” phục hồi nền kinh tế,0,rule_based,deterministic-rule-baseline-precomputed,analysis_csv,0.0,identity,ok
vi-zh-2022-test-0041,放宽防疫措施是经济复苏的“杠杆”,Nới lỏng các biện pháp kiểm soát dịch bệnh là “đòn bẩy” phục hồi nền kinh tế,Noi lỏng các biện pháp kiểm soát dịch bệnh là “đòn bẩy” phục hồi nền kinh tế,1,rule_based,deterministic-rule-baseline-precomputed,analysis_csv,0.0,remove_one_tone,ok
vi-zh-2022-test-0041,放宽防疫措施是经济复苏的“杠杆”,Nới lỏng các biện pháp kiểm soát dịch bệnh là “đòn bẩy” phục hồi nền kinh tế,Noi long cac bien phap kiem soat dich la “đon bay” phuc hoi nen kinh te,2,rule_based,deterministic-rule-baseline-precomputed,analysis_csv,0.0,remove_tones_and_drop_one_word,ok
vi-zh-2022-test-0041,放宽防疫措施是经济复苏的“杠杆”,Nới lỏng các biện pháp kiểm soát dịch bệnh là “đòn bẩy” phục hồi nền kinh tế,Nới lỏng biện pháp soát bệnh là “đòn bẩy” phục hồi nền kinh tế,3,rule_based,deterministic-rule-baseline-precomputed,analysis_csv,0.0,word_dropout_15pct,ok
vi-zh-2022-test-0041,放宽防疫措施是经济复苏的“杠杆”,Nới lỏng các biện pháp kiểm soát dịch bệnh là “đòn bẩy” phục hồi nền kinh tế,Nới pháp lỏng kiểm soát dịch bệnh là phục hồi nền tế,4,rule_based,deterministic-rule-baseline-precomputed,analysis_csv,0.0,word_dropout_30pct_and_swap,ok
vi-zh-2022-test-0041,放宽防疫措施是经济复苏的“杠杆”,Nới lỏng các biện pháp kiểm soát dịch bệnh là “đòn bẩy” phục hồi nền kinh tế,Nới các kiểm soát bệnh “đòn bẩy” phục,5,rule_based,deterministic-rule-baseline-precomputed,analysis_csv,0.0,word_dropout_50pct_and_punctuation_remove,ok
vi-zh-2022-test-0042,据初步评估，在欧洲各国放松防疫限制措施以及政府提供资助后，欧盟经济继续显示积极的复苏迹象。,"Theo đánh giá sơ bộ, khu vực EU tiếp tục cho thấy những dấu hiệu phục hồi tích cực khi các quốc gia nới lỏng nhiều biện pháp hạn chế nhằm ngăn chặn đại dịch COVID-19 và sự hỗ trợ liên tục của các Chính phủ.","Theo đánh giá sơ bộ, khu vực EU tiếp tục cho thấy những dấu hiệu phục hồi tích cực khi các quốc gia nới lỏng nhiều biện pháp hạn chế nhằm ngăn chặn đại dịch COVID-19 và sự hỗ trợ liên tục của các Chính phủ.",0,rule_based,deterministic-rule-baseline-precomputed,analysis_csv,0.0,identity,ok
vi-zh-2022-test-0042,据初步评估，在欧洲各国放松防疫限制措施以及政府提供资助后，欧盟经济继续显示积极的复苏迹象。,"Theo đánh giá sơ bộ, khu vực EU tiếp tục cho thấy những dấu hiệu phục hồi tích cực khi các quốc gia nới lỏng nhiều biện pháp hạn chế nhằm ngăn chặn đại dịch COVID-19 và sự hỗ trợ liên tục của các Chính phủ.","Theo đanh giá sơ bộ, khu vực EU tiếp tục cho thấy những dấu hiệu phục hồi tích cực khi các quốc gia nới lỏng nhiều biện pháp hạn chế nhằm ngăn chặn đại dịch COVID-19 và sự hỗ trợ liên tục của các Chính phủ.",1,rule_based,deterministic-rule-baseline-precomputed,analysis_csv,0.0,remove_one_tone,ok
vi-zh-2022-test-0042,据初步评估，在欧洲各国放松防疫限制措施以及政府提供资助后，欧盟经济继续显示积极的复苏迹象。,"Theo đánh giá sơ bộ, khu vực EU tiếp tục cho thấy những dấu hiệu phục hồi tích cực khi các quốc gia nới lỏng nhiều biện pháp hạn chế nhằm ngăn chặn đại dịch COVID-19 và sự hỗ trợ liên tục của các Chính phủ.","Theo đanh gia so bo, khu vuc EU tiep tuc cho thay nhung dau hieu phuc hoi tich cuc khi cac quoc gia long nhieu bien phap han che nham ngan chan đai dich COVID-19 va su ho tro lien tuc cua cac Chinh phu.",2,rule_based,deterministic-rule-baseline-precomputed,analysis_csv,0.0,remove_tones_and_drop_one_word,ok
vi-zh-2022-test-0042,据初步评估，在欧洲各国放松防疫限制措施以及政府提供资助后，欧盟经济继续显示积极的复苏迹象。,"Theo đánh giá sơ bộ, khu vực EU tiếp tục cho thấy những dấu hiệu phục hồi tích cực khi các quốc gia nới lỏng nhiều biện pháp hạn chế nhằm ngăn chặn đại dịch COVID-19 và sự hỗ trợ liên tục của các Chính phủ.",Theo giá sơ khu vực EU tiếp tục cho thấy những dấu hồi tích cực khi các quốc gia nới lỏng nhiều biện pháp hạn ngăn chặn đại dịch COVID-19 và sự trợ liên tục của các Chính phủ.,3,rule_based,deterministic-rule-baseline-precomputed,analysis_csv,0.0,word_dropout_15pct,ok
vi-zh-2022-test-0042,据初步评估，在欧洲各国放松防疫限制措施以及政府提供资助后，欧盟经济继续显示积极的复苏迹象。,"Theo đánh giá sơ bộ, khu vực EU tiếp tục cho thấy những dấu hiệu phục hồi tích cực khi các quốc gia nới lỏng nhiều biện pháp hạn chế nhằm ngăn chặn đại dịch COVID-19 và sự hỗ trợ liên tục của các Chính phủ.","Theo sơ đánh bộ, khu vực EU tiếp tục cho thấy những dấu hiệu quốc gia nhiều pháp hạn chế nhằm đại dịch COVID-19 và sự trợ liên tục của các phủ.",4,rule_based,deterministic-rule-baseline-precomputed,analysis_csv,0.0,word_dropout_30pct_and_swap,ok
vi-zh-2022-test-0042,据初步评估，在欧洲各国放松防疫限制措施以及政府提供资助后，欧盟经济继续显示积极的复苏迹象。,"Theo đánh giá sơ bộ, khu vực EU tiếp tục cho thấy những dấu hiệu phục hồi tích cực khi các quốc gia nới lỏng nhiều biện pháp hạn chế nhằm ngăn chặn đại dịch COVID-19 và sự hỗ trợ liên tục của các Chính phủ.",Theo đánh bộ khu EU tiếp tục cho dấu hiệu hồi tích cực khi quốc gia biện chế đại COVID-19 sự hỗ liên,5,rule_based,deterministic-rule-baseline-precomputed,analysis_csv,0.0,word_dropout_50pct_and_punctuation_remove,ok
vi-zh-2022-test-0043,欧盟各国经济复苏的驱动力是向企业（制造业）和净出口投资。,"Động lực cho sự phục hồi kinh tế của các nước EU là đầu tư của doanh nghiệp (trong lĩnh vực sản xuất), xuất khẩu ròng.","Động lực cho sự phục hồi kinh tế của các nước EU là đầu tư của doanh nghiệp (trong lĩnh vực sản xuất), xuất khẩu ròng.",0,rule_based,deterministic-rule-baseline-precomputed,analysis_csv,0.0,identity,ok
vi-zh-2022-test-0043,欧盟各国经济复苏的驱动力是向企业（制造业）和净出口投资。,"Động lực cho sự phục hồi kinh tế của các nước EU là đầu tư của doanh nghiệp (trong lĩnh vực sản xuất), xuất khẩu ròng.","Đong lực cho sự phục hồi kinh tế của các nước EU là đầu tư của doanh nghiệp (trong lĩnh vực sản xuất), xuất khẩu ròng.",1,rule_based,deterministic-rule-baseline-precomputed,analysis_csv,0.0,remove_one_tone,ok
vi-zh-2022-test-0043,欧盟各国经济复苏的驱动力是向企业（制造业）和净出口投资。,"Động lực cho sự phục hồi kinh tế của các nước EU là đầu tư của doanh nghiệp (trong lĩnh vực sản xuất), xuất khẩu ròng.","Đong luc cho su phuc hoi kinh te cua cac nuoc EU la tu cua doanh nghiep (trong linh vuc san xuat), xuat khau rong.",2,rule_based,deterministic-rule-baseline-precomputed,analysis_csv,0.0,remove_tones_and_drop_one_word,ok
vi-zh-2022-test-0043,欧盟各国经济复苏的驱动力是向企业（制造业）和净出口投资。,"Động lực cho sự phục hồi kinh tế của các nước EU là đầu tư của doanh nghiệp (trong lĩnh vực sản xuất), xuất khẩu ròng.","Động lực cho sự phục hồi kinh tế các nước EU là tư doanh nghiệp lĩnh vực sản xuất), xuất khẩu ròng.",3,rule_based,deterministic-rule-baseline-precomputed,analysis_csv,0.0,word_dropout_15pct,ok
vi-zh-2022-test-0043,欧盟各国经济复苏的驱动力是向企业（制造业）和净出口投资。,"Động lực cho sự phục hồi kinh tế của các nước EU là đầu tư của doanh nghiệp (trong lĩnh vực sản xuất), xuất khẩu ròng.","lực sự cho phục hồi của nước EU đầu tư của nghiệp lĩnh vực xuất), xuất khẩu ròng.",4,rule_based,deterministic-rule-baseline-precomputed,analysis_csv,0.0,word_dropout_30pct_and_swap,ok
vi-zh-2022-test-0043,欧盟各国经济复苏的驱动力是向企业（制造业）和净出口投资。,"Động lực cho sự phục hồi kinh tế của các nước EU là đầu tư của doanh nghiệp (trong lĩnh vực sản xuất), xuất khẩu ròng.",cho phục kinh tế các EU tư của (trong lĩnh vực sản xuất),5,rule_based,deterministic-rule-baseline-precomputed,analysis_csv,0.0,word_dropout_50pct_and_punctuation_remove,ok
vi-zh-2022-test-0044,尽管欧元区通胀率居高不下，但原因是受疫情及相关因素影响，这个通胀率仍被认为是暂时的。,"Mặc dù tỷ lệ lạm phát của khu vực đồng Euro vẫn duy trì ở mức cao, mức lạm phát này vẫn được đánh giá mang tính chất tạm thời do các yếu tố liên quan đến đại dịch.","Mặc dù tỷ lệ lạm phát của khu vực đồng Euro vẫn duy trì ở mức cao, mức lạm phát này vẫn được đánh giá mang tính chất tạm thời do các yếu tố liên quan đến đại dịch.",0,rule_based,deterministic-rule-baseline-precomputed,analysis_csv,0.0,identity,ok
vi-zh-2022-test-0044,尽管欧元区通胀率居高不下，但原因是受疫情及相关因素影响，这个通胀率仍被认为是暂时的。,"Mặc dù tỷ lệ lạm phát của khu vực đồng Euro vẫn duy trì ở mức cao, mức lạm phát này vẫn được đánh giá mang tính chất tạm thời do các yếu tố liên quan đến đại dịch.","Mac dù tỷ lệ lạm phát của khu vực đồng Euro vẫn duy trì ở mức cao, mức lạm phát này vẫn được đánh giá mang tính chất tạm thời do các yếu tố liên quan đến đại dịch.",1,rule_based,deterministic-rule-baseline-precomputed,analysis_csv,0.0,remove_one_tone,ok
vi-zh-2022-test-0044,尽管欧元区通胀率居高不下，但原因是受疫情及相关因素影响，这个通胀率仍被认为是暂时的。,"Mặc dù tỷ lệ lạm phát của khu vực đồng Euro vẫn duy trì ở mức cao, mức lạm phát này vẫn được đánh giá mang tính chất tạm thời do các yếu tố liên quan đến đại dịch.","Mac du ty le lam phat cua khu vuc đong Euro van duy tri o muc cao, muc lam nay van đuoc đanh gia mang tinh chat tam thoi do cac yeu to lien quan đen đai dich.",2,rule_based,deterministic-rule-baseline-precomputed,analysis_csv,0.0,remove_tones_and_drop_one_word,ok
vi-zh-2022-test-0044,尽管欧元区通胀率居高不下，但原因是受疫情及相关因素影响，这个通胀率仍被认为是暂时的。,"Mặc dù tỷ lệ lạm phát của khu vực đồng Euro vẫn duy trì ở mức cao, mức lạm phát này vẫn được đánh giá mang tính chất tạm thời do các yếu tố liên quan đến đại dịch.","Mặc dù tỷ lệ lạm phát của khu vực đồng Euro vẫn duy ở mức cao, lạm phát vẫn được đánh mang tính chất tạm thời các yếu tố liên quan đến dịch.",3,rule_based,deterministic-rule-baseline-precomputed,analysis_csv,0.0,word_dropout_15pct,ok
vi-zh-2022-test-0044,尽管欧元区通胀率居高不下，但原因是受疫情及相关因素影响，这个通胀率仍被认为是暂时的。,"Mặc dù tỷ lệ lạm phát của khu vực đồng Euro vẫn duy trì ở mức cao, mức lạm phát này vẫn được đánh giá mang tính chất tạm thời do các yếu tố liên quan đến đại dịch.","Mặc tỷ dù lệ lạm phát vực Euro vẫn duy trì ở mức cao, mức phát này vẫn được đánh giá mang tạm do tố quan đại",4,rule_based,deterministic-rule-baseline-precomputed,analysis_csv,0.0,word_dropout_30pct_and_swap,ok
vi-zh-2022-test-0044,尽管欧元区通胀率居高不下，但原因是受疫情及相关因素影响，这个通胀率仍被认为是暂时的。,"Mặc dù tỷ lệ lạm phát của khu vực đồng Euro vẫn duy trì ở mức cao, mức lạm phát này vẫn được đánh giá mang tính chất tạm thời do các yếu tố liên quan đến đại dịch.",tỷ phát của khu vực Euro vẫn duy ở mức phát được mang tính tạm thời các tố đến đại,5,rule_based,deterministic-rule-baseline-precomputed,analysis_csv,0.0,word_dropout_50pct_and_punctuation_remove,ok
vi-zh-2022-test-0045,疫情后经济复苏基金是欧盟至2027年长期预算计划的一部分，旨在克服疫情爆发造成的经济和社会后果。,"Quỹ phục hồi kinh tế hậu COVID-19 là một phần trong gói ngân sách dài hạn đến năm 2027 của EU, nhằm giải quyết những hậu quả về kinh tế và xã hội sau khi đại dịch COVID-19 bùng phát.","Quỹ phục hồi kinh tế hậu COVID-19 là một phần trong gói ngân sách dài hạn đến năm 2027 của EU, nhằm giải quyết những hậu quả về kinh tế và xã hội sau khi đại dịch COVID-19 bùng phát.",0,rule_based,deterministic-rule-baseline-precomputed,analysis_csv,0.0,identity,ok
vi-zh-2022-test-0045,疫情后经济复苏基金是欧盟至2027年长期预算计划的一部分，旨在克服疫情爆发造成的经济和社会后果。,"Quỹ phục hồi kinh tế hậu COVID-19 là một phần trong gói ngân sách dài hạn đến năm 2027 của EU, nhằm giải quyết những hậu quả về kinh tế và xã hội sau khi đại dịch COVID-19 bùng phát.","Quy phục hồi kinh tế hậu COVID-19 là một phần trong gói ngân sách dài hạn đến năm 2027 của EU, nhằm giải quyết những hậu quả về kinh tế và xã hội sau khi đại dịch COVID-19 bùng phát.",1,rule_based,deterministic-rule-baseline-precomputed,analysis_csv,0.0,remove_one_tone,ok
vi-zh-2022-test-0045,疫情后经济复苏基金是欧盟至2027年长期预算计划的一部分，旨在克服疫情爆发造成的经济和社会后果。,"Quỹ phục hồi kinh tế hậu COVID-19 là một phần trong gói ngân sách dài hạn đến năm 2027 của EU, nhằm giải quyết những hậu quả về kinh tế và xã hội sau khi đại dịch COVID-19 bùng phát.",Quy phuc hoi kinh te hau COVID-19 la mot phan trong goi ngan sach dai han đen nam 2027 cua nham giai quyet nhung hau qua ve kinh te va xa hoi sau khi đai dich COVID-19 bung phat.,2,rule_based,deterministic-rule-baseline-precomputed,analysis_csv,0.0,remove_tones_and_drop_one_word,ok
vi-zh-2022-test-0045,疫情后经济复苏基金是欧盟至2027年长期预算计划的一部分，旨在克服疫情爆发造成的经济和社会后果。,"Quỹ phục hồi kinh tế hậu COVID-19 là một phần trong gói ngân sách dài hạn đến năm 2027 của EU, nhằm giải quyết những hậu quả về kinh tế và xã hội sau khi đại dịch COVID-19 bùng phát.","Quỹ phục hồi kinh tế hậu một trong gói ngân sách dài hạn đến năm 2027 của EU, nhằm giải quyết những hậu quả kinh tế và xã hội sau khi đại dịch bùng",3,rule_based,deterministic-rule-baseline-precomputed,analysis_csv,0.0,word_dropout_15pct,ok
vi-zh-2022-test-0045,疫情后经济复苏基金是欧盟至2027年长期预算计划的一部分，旨在克服疫情爆发造成的经济和社会后果。,"Quỹ phục hồi kinh tế hậu COVID-19 là một phần trong gói ngân sách dài hạn đến năm 2027 của EU, nhằm giải quyết những hậu quả về kinh tế và xã hội sau khi đại dịch COVID-19 bùng phát.","hồi COVID-19 hậu là một phần trong gói ngân dài hạn năm của EU, nhằm quyết những hậu quả về kinh tế xã hội khi COVID-19 bùng phát.",4,rule_based,deterministic-rule-baseline-precomputed,analysis_csv,0.0,word_dropout_30pct_and_swap,ok
vi-zh-2022-test-0045,疫情后经济复苏基金是欧盟至2027年长期预算计划的一部分，旨在克服疫情爆发造成的经济和社会后果。,"Quỹ phục hồi kinh tế hậu COVID-19 là một phần trong gói ngân sách dài hạn đến năm 2027 của EU, nhằm giải quyết những hậu quả về kinh tế và xã hội sau khi đại dịch COVID-19 bùng phát.",Quỹ phục hồi COVID-19 trong năm 2027 EU nhằm quyết hậu quả và xã hội sau đại dịch COVID-19 phát,5,rule_based,deterministic-rule-baseline-precomputed,analysis_csv,0.0,word_dropout_50pct_and_punctuation_remove,ok
vi-zh-2022-test-0046,7月中旬，欧盟还正式批准了12个国家提交的复苏计划，为欧盟首次发放无偿援助和贷款铺平了道路。,"Giữa tháng 7, EU cũng chính thức thông qua kế hoạch phục hồi do 12 nước đệ trình, nhằm mở đường cho đợt giải ngân các khoản tài trợ và cho vay đầu tiên của khối này.","Giữa tháng 7, EU cũng chính thức thông qua kế hoạch phục hồi do 12 nước đệ trình, nhằm mở đường cho đợt giải ngân các khoản tài trợ và cho vay đầu tiên của khối này.",0,rule_based,deterministic-rule-baseline-precomputed,analysis_csv,0.0,identity,ok
vi-zh-2022-test-0046,7月中旬，欧盟还正式批准了12个国家提交的复苏计划，为欧盟首次发放无偿援助和贷款铺平了道路。,"Giữa tháng 7, EU cũng chính thức thông qua kế hoạch phục hồi do 12 nước đệ trình, nhằm mở đường cho đợt giải ngân các khoản tài trợ và cho vay đầu tiên của khối này.","Giua tháng 7, EU cũng chính thức thông qua kế hoạch phục hồi do 12 nước đệ trình, nhằm mở đường cho đợt giải ngân các khoản tài trợ và cho vay đầu tiên của khối này.",1,rule_based,deterministic-rule-baseline-precomputed,analysis_csv,0.0,remove_one_tone,ok
vi-zh-2022-test-0046,7月中旬，欧盟还正式批准了12个国家提交的复苏计划，为欧盟首次发放无偿援助和贷款铺平了道路。,"Giữa tháng 7, EU cũng chính thức thông qua kế hoạch phục hồi do 12 nước đệ trình, nhằm mở đường cho đợt giải ngân các khoản tài trợ và cho vay đầu tiên của khối này.","Giua thang 7, EU cung chinh thuc thong qua ke hoach phuc hoi do 12 nuoc đe trinh, mo đuong cho đot giai ngan cac khoan tai tro va cho vay đau tien cua khoi nay.",2,rule_based,deterministic-rule-baseline-precomputed,analysis_csv,0.0,remove_tones_and_drop_one_word,ok
vi-zh-2022-test-0046,7月中旬，欧盟还正式批准了12个国家提交的复苏计划，为欧盟首次发放无偿援助和贷款铺平了道路。,"Giữa tháng 7, EU cũng chính thức thông qua kế hoạch phục hồi do 12 nước đệ trình, nhằm mở đường cho đợt giải ngân các khoản tài trợ và cho vay đầu tiên của khối này.","7, chính thức thông qua kế hoạch phục hồi do 12 nước đệ trình, nhằm mở đường cho ngân các khoản tài trợ và cho vay đầu tiên của khối này.",3,rule_based,deterministic-rule-baseline-precomputed,analysis_csv,0.0,word_dropout_15pct,ok
vi-zh-2022-test-0046,7月中旬，欧盟还正式批准了12个国家提交的复苏计划，为欧盟首次发放无偿援助和贷款铺平了道路。,"Giữa tháng 7, EU cũng chính thức thông qua kế hoạch phục hồi do 12 nước đệ trình, nhằm mở đường cho đợt giải ngân các khoản tài trợ và cho vay đầu tiên của khối này.","Giữa 7, tháng chính thức thông hoạch phục do trình, nhằm mở đường cho giải ngân các khoản tài trợ cho vay đầu tiên của này.",4,rule_based,deterministic-rule-baseline-precomputed,analysis_csv,0.0,word_dropout_30pct_and_swap,ok
vi-zh-2022-test-0046,7月中旬，欧盟还正式批准了12个国家提交的复苏计划，为欧盟首次发放无偿援助和贷款铺平了道路。,"Giữa tháng 7, EU cũng chính thức thông qua kế hoạch phục hồi do 12 nước đệ trình, nhằm mở đường cho đợt giải ngân các khoản tài trợ và cho vay đầu tiên của khối này.",tháng EU chính thông kế phục hồi trình nhằm mở đợt giải các trợ cho vay tiên khối,5,rule_based,deterministic-rule-baseline-precomputed,analysis_csv,0.0,word_dropout_50pct_and_punctuation_remove,ok
vi-zh-2022-test-0047,越南党和国家明确可持续减贫是国家革新、建设和发展的贯穿性、统领性、重要的大主张。,"Đảng và Nhà nước Việt Nam xác định công tác giảm nghèo bền vững là chủ trương lớn, quan trọng, nhất quán, xuyên suốt trong quá trình thực hiện công cuộc đổi mới, xây dựng và phát triển đất nước.","Đảng và Nhà nước Việt Nam xác định công tác giảm nghèo bền vững là chủ trương lớn, quan trọng, nhất quán, xuyên suốt trong quá trình thực hiện công cuộc đổi mới, xây dựng và phát triển đất nước.",0,rule_based,deterministic-rule-baseline-precomputed,analysis_csv,0.0,identity,ok
vi-zh-2022-test-0047,越南党和国家明确可持续减贫是国家革新、建设和发展的贯穿性、统领性、重要的大主张。,"Đảng và Nhà nước Việt Nam xác định công tác giảm nghèo bền vững là chủ trương lớn, quan trọng, nhất quán, xuyên suốt trong quá trình thực hiện công cuộc đổi mới, xây dựng và phát triển đất nước.","Đang và Nhà nước Việt Nam xác định công tác giảm nghèo bền vững là chủ trương lớn, quan trọng, nhất quán, xuyên suốt trong quá trình thực hiện công cuộc đổi mới, xây dựng và phát triển đất nước.",1,rule_based,deterministic-rule-baseline-precomputed,analysis_csv,0.0,remove_one_tone,ok
vi-zh-2022-test-0047,越南党和国家明确可持续减贫是国家革新、建设和发展的贯穿性、统领性、重要的大主张。,"Đảng và Nhà nước Việt Nam xác định công tác giảm nghèo bền vững là chủ trương lớn, quan trọng, nhất quán, xuyên suốt trong quá trình thực hiện công cuộc đổi mới, xây dựng và phát triển đất nước.","Đang va Nha nuoc Viet Nam xac đinh cong tac giam ngheo ben vung la chu truong lon, quan trong, quan, xuyen suot trong qua trinh thuc hien cong cuoc đoi moi, xay dung va phat trien đat nuoc.",2,rule_based,deterministic-rule-baseline-precomputed,analysis_csv,0.0,remove_tones_and_drop_one_word,ok
vi-zh-2022-test-0047,越南党和国家明确可持续减贫是国家革新、建设和发展的贯穿性、统领性、重要的大主张。,"Đảng và Nhà nước Việt Nam xác định công tác giảm nghèo bền vững là chủ trương lớn, quan trọng, nhất quán, xuyên suốt trong quá trình thực hiện công cuộc đổi mới, xây dựng và phát triển đất nước.","Đảng và Nhà nước Nam xác định giảm nghèo bền vững là chủ lớn, quan trọng, nhất quán, xuyên suốt trong quá trình thực hiện cuộc đổi mới, xây dựng và phát triển nước.",3,rule_based,deterministic-rule-baseline-precomputed,analysis_csv,0.0,word_dropout_15pct,ok
vi-zh-2022-test-0047,越南党和国家明确可持续减贫是国家革新、建设和发展的贯穿性、统领性、重要的大主张。,"Đảng và Nhà nước Việt Nam xác định công tác giảm nghèo bền vững là chủ trương lớn, quan trọng, nhất quán, xuyên suốt trong quá trình thực hiện công cuộc đổi mới, xây dựng và phát triển đất nước.","và nước Nhà Nam xác định tác giảm nghèo bền chủ lớn, quan trọng, quán, xuyên suốt trong quá công cuộc đổi mới, và phát triển đất nước.",4,rule_based,deterministic-rule-baseline-precomputed,analysis_csv,0.0,word_dropout_30pct_and_swap,ok
vi-zh-2022-test-0047,越南党和国家明确可持续减贫是国家革新、建设和发展的贯穿性、统领性、重要的大主张。,"Đảng và Nhà nước Việt Nam xác định công tác giảm nghèo bền vững là chủ trương lớn, quan trọng, nhất quán, xuyên suốt trong quá trình thực hiện công cuộc đổi mới, xây dựng và phát triển đất nước.",Đảng và định công tác nghèo vững lớn trọng xuyên suốt trình thực hiện cuộc đổi mới dựng và phát,5,rule_based,deterministic-rule-baseline-precomputed,analysis_csv,0.0,word_dropout_50pct_and_punctuation_remove,ok
vi-zh-2022-test-0048,越南还制定了2021-2025年阶段贫困线标准，为农村地区人均月收入150万盾，城市地区200万盾。,"Việt Nam cũng xây dựng chuẩn nghèo giai đoạn 2021-2025 với tiêu chí thu nhập bình quân đầu người một tháng tại khu vực nông thôn là 1.500.000 đồng, khu vực thành thị là 2.000.000 đồng","Việt Nam cũng xây dựng chuẩn nghèo giai đoạn 2021-2025 với tiêu chí thu nhập bình quân đầu người một tháng tại khu vực nông thôn là 1.500.000 đồng, khu vực thành thị là 2.000.000 đồng",0,rule_based,deterministic-rule-baseline-precomputed,analysis_csv,0.0,identity,ok
vi-zh-2022-test-0048,越南还制定了2021-2025年阶段贫困线标准，为农村地区人均月收入150万盾，城市地区200万盾。,"Việt Nam cũng xây dựng chuẩn nghèo giai đoạn 2021-2025 với tiêu chí thu nhập bình quân đầu người một tháng tại khu vực nông thôn là 1.500.000 đồng, khu vực thành thị là 2.000.000 đồng","Viet Nam cũng xây dựng chuẩn nghèo giai đoạn 2021-2025 với tiêu chí thu nhập bình quân đầu người một tháng tại khu vực nông thôn là 1.500.000 đồng, khu vực thành thị là 2.000.000 đồng",1,rule_based,deterministic-rule-baseline-precomputed,analysis_csv,0.0,remove_one_tone,ok
vi-zh-2022-test-0048,越南还制定了2021-2025年阶段贫困线标准，为农村地区人均月收入150万盾，城市地区200万盾。,"Việt Nam cũng xây dựng chuẩn nghèo giai đoạn 2021-2025 với tiêu chí thu nhập bình quân đầu người một tháng tại khu vực nông thôn là 1.500.000 đồng, khu vực thành thị là 2.000.000 đồng","Viet Nam cung xay dung chuan ngheo giai đoan 2021-2025 voi tieu chi thu nhap binh quan đau mot thang tai khu vuc nong thon la 1.500.000 đong, khu vuc thanh thi la 2.000.000 đong",2,rule_based,deterministic-rule-baseline-precomputed,analysis_csv,0.0,remove_tones_and_drop_one_word,ok
vi-zh-2022-test-0048,越南还制定了2021-2025年阶段贫困线标准，为农村地区人均月收入150万盾，城市地区200万盾。,"Việt Nam cũng xây dựng chuẩn nghèo giai đoạn 2021-2025 với tiêu chí thu nhập bình quân đầu người một tháng tại khu vực nông thôn là 1.500.000 đồng, khu vực thành thị là 2.000.000 đồng","Nam cũng xây dựng chuẩn giai đoạn 2021-2025 với tiêu chí thu nhập bình quân đầu người một tháng tại khu thôn 1.500.000 đồng, khu vực thành thị là 2.000.000 đồng",3,rule_based,deterministic-rule-baseline-precomputed,analysis_csv,0.0,word_dropout_15pct,ok
vi-zh-2022-test-0048,越南还制定了2021-2025年阶段贫困线标准，为农村地区人均月收入150万盾，城市地区200万盾。,"Việt Nam cũng xây dựng chuẩn nghèo giai đoạn 2021-2025 với tiêu chí thu nhập bình quân đầu người một tháng tại khu vực nông thôn là 1.500.000 đồng, khu vực thành thị là 2.000.000 đồng","Việt chuẩn xây giai đoạn 2021-2025 tiêu thu nhập bình đầu người một tại khu vực thôn 1.500.000 đồng, vực thành thị là 2.000.000 đồng",4,rule_based,deterministic-rule-baseline-precomputed,analysis_csv,0.0,word_dropout_30pct_and_swap,ok
vi-zh-2022-test-0048,越南还制定了2021-2025年阶段贫困线标准，为农村地区人均月收入150万盾，城市地区200万盾。,"Việt Nam cũng xây dựng chuẩn nghèo giai đoạn 2021-2025 với tiêu chí thu nhập bình quân đầu người một tháng tại khu vực nông thôn là 1.500.000 đồng, khu vực thành thị là 2.000.000 đồng",Việt Nam cũng dựng nghèo đoạn quân người một tháng vực thôn 1500000 thành thị là 2000000 đồng,5,rule_based,deterministic-rule-baseline-precomputed,analysis_csv,0.0,word_dropout_50pct_and_punctuation_remove,ok
vi-zh-2022-test-0049,该计划的目标是多维、包容、可持续减贫，防止返贫和新致贫发生；支持贫困户和贫困者脱离最低生活标准，享有国家多维贫困线规定的基本社会服务，提高生活质量；支持沿海地区和海岛贫困地区脱离贫困和特困状况。,"Mục tiêu của kế hoạch nói trên là giảm nghèo đa chiều, bao trùm, bền vững, hạn chế tái nghèo và phát sinh nghèo; hỗ trợ người nghèo, hộ nghèo vượt lên mức sống tối thiểu, tiếp cận các dịch vụ xã hội cơ bản theo chuẩn nghèo đa chiều quốc gia, nâng cao chất lượng cuộc sống; hỗ trợ các huyện nghèo, xã đặc biệt khó khăn vùng bãi ngang ven biển và hải đảo thoát khỏi tình trạng nghèo, đặc biệt khó khăn.","Mục tiêu của kế hoạch nói trên là giảm nghèo đa chiều, bao trùm, bền vững, hạn chế tái nghèo và phát sinh nghèo; hỗ trợ người nghèo, hộ nghèo vượt lên mức sống tối thiểu, tiếp cận các dịch vụ xã hội cơ bản theo chuẩn nghèo đa chiều quốc gia, nâng cao chất lượng cuộc sống; hỗ trợ các huyện nghèo, xã đặc biệt khó khăn vùng bãi ngang ven biển và hải đảo thoát khỏi tình trạng nghèo, đặc biệt khó khăn.",0,rule_based,deterministic-rule-baseline-precomputed,analysis_csv,0.0,identity,ok
vi-zh-2022-test-0049,该计划的目标是多维、包容、可持续减贫，防止返贫和新致贫发生；支持贫困户和贫困者脱离最低生活标准，享有国家多维贫困线规定的基本社会服务，提高生活质量；支持沿海地区和海岛贫困地区脱离贫困和特困状况。,"Mục tiêu của kế hoạch nói trên là giảm nghèo đa chiều, bao trùm, bền vững, hạn chế tái nghèo và phát sinh nghèo; hỗ trợ người nghèo, hộ nghèo vượt lên mức sống tối thiểu, tiếp cận các dịch vụ xã hội cơ bản theo chuẩn nghèo đa chiều quốc gia, nâng cao chất lượng cuộc sống; hỗ trợ các huyện nghèo, xã đặc biệt khó khăn vùng bãi ngang ven biển và hải đảo thoát khỏi tình trạng nghèo, đặc biệt khó khăn.","Muc tiêu của kế hoạch nói trên là giảm nghèo đa chiều, bao trùm, bền vững, hạn chế tái nghèo và phát sinh nghèo; hỗ trợ người nghèo, hộ nghèo vượt lên mức sống tối thiểu, tiếp cận các dịch vụ xã hội cơ bản theo chuẩn nghèo đa chiều quốc gia, nâng cao chất lượng cuộc sống; hỗ trợ các huyện nghèo, xã đặc biệt khó khăn vùng bãi ngang ven biển và hải đảo thoát khỏi tình trạng nghèo, đặc biệt khó khăn.",1,rule_based,deterministic-rule-baseline-precomputed,analysis_csv,0.0,remove_one_tone,ok
vi-zh-2022-test-0049,该计划的目标是多维、包容、可持续减贫，防止返贫和新致贫发生；支持贫困户和贫困者脱离最低生活标准，享有国家多维贫困线规定的基本社会服务，提高生活质量；支持沿海地区和海岛贫困地区脱离贫困和特困状况。,"Mục tiêu của kế hoạch nói trên là giảm nghèo đa chiều, bao trùm, bền vững, hạn chế tái nghèo và phát sinh nghèo; hỗ trợ người nghèo, hộ nghèo vượt lên mức sống tối thiểu, tiếp cận các dịch vụ xã hội cơ bản theo chuẩn nghèo đa chiều quốc gia, nâng cao chất lượng cuộc sống; hỗ trợ các huyện nghèo, xã đặc biệt khó khăn vùng bãi ngang ven biển và hải đảo thoát khỏi tình trạng nghèo, đặc biệt khó khăn.","Muc tieu cua ke hoach noi tren la giam ngheo đa chieu, bao trum, ben vung, han che tai ngheo va phat sinh ngheo; ho tro nguoi ngheo, ho ngheo vuot len muc song toi thieu, tiep can cac dich vu xa co ban theo chuan ngheo đa chieu quoc gia, nang cao chat luong cuoc song; ho tro cac huyen ngheo, xa đac biet kho khan vung bai ngang ven bien va hai đao thoat khoi tinh trang ngheo, đac biet kho khan.",2,rule_based,deterministic-rule-baseline-precomputed,analysis_csv,0.0,remove_tones_and_drop_one_word,ok
vi-zh-2022-test-0049,该计划的目标是多维、包容、可持续减贫，防止返贫和新致贫发生；支持贫困户和贫困者脱离最低生活标准，享有国家多维贫困线规定的基本社会服务，提高生活质量；支持沿海地区和海岛贫困地区脱离贫困和特困状况。,"Mục tiêu của kế hoạch nói trên là giảm nghèo đa chiều, bao trùm, bền vững, hạn chế tái nghèo và phát sinh nghèo; hỗ trợ người nghèo, hộ nghèo vượt lên mức sống tối thiểu, tiếp cận các dịch vụ xã hội cơ bản theo chuẩn nghèo đa chiều quốc gia, nâng cao chất lượng cuộc sống; hỗ trợ các huyện nghèo, xã đặc biệt khó khăn vùng bãi ngang ven biển và hải đảo thoát khỏi tình trạng nghèo, đặc biệt khó khăn.","Mục tiêu của kế hoạch nói trên giảm nghèo đa bền vững, hạn chế tái nghèo phát sinh nghèo; hỗ trợ người nghèo, hộ nghèo vượt lên mức sống tối thiểu, tiếp các dịch vụ xã hội cơ bản theo chuẩn nghèo đa chiều quốc cao chất lượng cuộc sống; hỗ trợ các xã đặc biệt khó khăn vùng bãi ngang ven biển và thoát khỏi tình trạng đặc biệt khó khăn.",3,rule_based,deterministic-rule-baseline-precomputed,analysis_csv,0.0,word_dropout_15pct,ok
vi-zh-2022-test-0049,该计划的目标是多维、包容、可持续减贫，防止返贫和新致贫发生；支持贫困户和贫困者脱离最低生活标准，享有国家多维贫困线规定的基本社会服务，提高生活质量；支持沿海地区和海岛贫困地区脱离贫困和特困状况。,"Mục tiêu của kế hoạch nói trên là giảm nghèo đa chiều, bao trùm, bền vững, hạn chế tái nghèo và phát sinh nghèo; hỗ trợ người nghèo, hộ nghèo vượt lên mức sống tối thiểu, tiếp cận các dịch vụ xã hội cơ bản theo chuẩn nghèo đa chiều quốc gia, nâng cao chất lượng cuộc sống; hỗ trợ các huyện nghèo, xã đặc biệt khó khăn vùng bãi ngang ven biển và hải đảo thoát khỏi tình trạng nghèo, đặc biệt khó khăn.","Mục của tiêu kế hoạch nói trên là đa chiều, bao trùm, hạn chế nghèo phát sinh nghèo; hỗ trợ nghèo, hộ vượt mức sống thiểu, cận các dịch vụ xã hội cơ chuẩn nghèo chiều cuộc sống; trợ huyện nghèo, xã đặc biệt khó khăn vùng bãi ngang và hải đảo thoát khỏi trạng nghèo, đặc khó khăn.",4,rule_based,deterministic-rule-baseline-precomputed,analysis_csv,0.0,word_dropout_30pct_and_swap,ok
vi-zh-2022-test-0049,该计划的目标是多维、包容、可持续减贫，防止返贫和新致贫发生；支持贫困户和贫困者脱离最低生活标准，享有国家多维贫困线规定的基本社会服务，提高生活质量；支持沿海地区和海岛贫困地区脱离贫困和特困状况。,"Mục tiêu của kế hoạch nói trên là giảm nghèo đa chiều, bao trùm, bền vững, hạn chế tái nghèo và phát sinh nghèo; hỗ trợ người nghèo, hộ nghèo vượt lên mức sống tối thiểu, tiếp cận các dịch vụ xã hội cơ bản theo chuẩn nghèo đa chiều quốc gia, nâng cao chất lượng cuộc sống; hỗ trợ các huyện nghèo, xã đặc biệt khó khăn vùng bãi ngang ven biển và hải đảo thoát khỏi tình trạng nghèo, đặc biệt khó khăn.",tiêu của kế hoạch nói là giảm đa chiều bao trùm vững hạn và phát sinh nghèo người hộ mức sống thiểu vụ cơ bản theo nghèo quốc gia nâng cao chất cuộc huyện nghèo xã đặc biệt khó biển trạng khó,5,rule_based,deterministic-rule-baseline-precomputed,analysis_csv,0.0,word_dropout_50pct_and_punctuation_remove,ok
vi-zh-2022-test-0050,该计划还投资发展贫困核心地区的社会经济基础设施，提高贫困人口的收入和生活质量，培训职业技能，创造良好的就业机会，支持弱势群体脱贫。,"Chương trình cũng đầu tư phát triển hạ tầng kinh tế - xã hội vùng lõi nghèo, nâng cao thu nhập, chất lượng cuộc sống của người nghèo, đào tạo kỹ năng nghề, tạo việc làm tốt, hỗ trợ đối tượng yếu thế không rơi vào tình trạng nghèo đói.","Chương trình cũng đầu tư phát triển hạ tầng kinh tế - xã hội vùng lõi nghèo, nâng cao thu nhập, chất lượng cuộc sống của người nghèo, đào tạo kỹ năng nghề, tạo việc làm tốt, hỗ trợ đối tượng yếu thế không rơi vào tình trạng nghèo đói.",0,rule_based,deterministic-rule-baseline-precomputed,analysis_csv,0.0,identity,ok
vi-zh-2022-test-0050,该计划还投资发展贫困核心地区的社会经济基础设施，提高贫困人口的收入和生活质量，培训职业技能，创造良好的就业机会，支持弱势群体脱贫。,"Chương trình cũng đầu tư phát triển hạ tầng kinh tế - xã hội vùng lõi nghèo, nâng cao thu nhập, chất lượng cuộc sống của người nghèo, đào tạo kỹ năng nghề, tạo việc làm tốt, hỗ trợ đối tượng yếu thế không rơi vào tình trạng nghèo đói.","Chuong trình cũng đầu tư phát triển hạ tầng kinh tế - xã hội vùng lõi nghèo, nâng cao thu nhập, chất lượng cuộc sống của người nghèo, đào tạo kỹ năng nghề, tạo việc làm tốt, hỗ trợ đối tượng yếu thế không rơi vào tình trạng nghèo đói.",1,rule_based,deterministic-rule-baseline-precomputed,analysis_csv,0.0,remove_one_tone,ok
vi-zh-2022-test-0050,该计划还投资发展贫困核心地区的社会经济基础设施，提高贫困人口的收入和生活质量，培训职业技能，创造良好的就业机会，支持弱势群体脱贫。,"Chương trình cũng đầu tư phát triển hạ tầng kinh tế - xã hội vùng lõi nghèo, nâng cao thu nhập, chất lượng cuộc sống của người nghèo, đào tạo kỹ năng nghề, tạo việc làm tốt, hỗ trợ đối tượng yếu thế không rơi vào tình trạng nghèo đói.","Chuong trinh cung đau tu phat trien ha tang kinh te - xa hoi vung loi ngheo, nang cao thu nhap, chat luong cuoc song nguoi ngheo, đao tao ky nang nghe, tao viec lam tot, ho tro đoi tuong yeu the khong roi vao tinh trang ngheo đoi.",2,rule_based,deterministic-rule-baseline-precomputed,analysis_csv,0.0,remove_tones_and_drop_one_word,ok
vi-zh-2022-test-0050,该计划还投资发展贫困核心地区的社会经济基础设施，提高贫困人口的收入和生活质量，培训职业技能，创造良好的就业机会，支持弱势群体脱贫。,"Chương trình cũng đầu tư phát triển hạ tầng kinh tế - xã hội vùng lõi nghèo, nâng cao thu nhập, chất lượng cuộc sống của người nghèo, đào tạo kỹ năng nghề, tạo việc làm tốt, hỗ trợ đối tượng yếu thế không rơi vào tình trạng nghèo đói.","Chương trình cũng tư phát triển hạ tầng tế - xã vùng lõi nghèo, nâng thu nhập, chất lượng cuộc sống của người nghèo, đào tạo kỹ năng nghề, tạo việc hỗ trợ đối tượng thế không vào tình trạng nghèo đói.",3,rule_based,deterministic-rule-baseline-precomputed,analysis_csv,0.0,word_dropout_15pct,ok
vi-zh-2022-test-0050,该计划还投资发展贫困核心地区的社会经济基础设施，提高贫困人口的收入和生活质量，培训职业技能，创造良好的就业机会，支持弱势群体脱贫。,"Chương trình cũng đầu tư phát triển hạ tầng kinh tế - xã hội vùng lõi nghèo, nâng cao thu nhập, chất lượng cuộc sống của người nghèo, đào tạo kỹ năng nghề, tạo việc làm tốt, hỗ trợ đối tượng yếu thế không rơi vào tình trạng nghèo đói.","Chương cũng trình phát triển hạ tầng tế - hội vùng lõi nghèo, nâng cao nhập, chất lượng cuộc sống của người nghèo, đào năng tạo việc tốt, hỗ trợ tượng yếu không trạng nghèo",4,rule_based,deterministic-rule-baseline-precomputed,analysis_csv,0.0,word_dropout_30pct_and_swap,ok
vi-zh-2022-test-0050,该计划还投资发展贫困核心地区的社会经济基础设施，提高贫困人口的收入和生活质量，培训职业技能，创造良好的就业机会，支持弱势群体脱贫。,"Chương trình cũng đầu tư phát triển hạ tầng kinh tế - xã hội vùng lõi nghèo, nâng cao thu nhập, chất lượng cuộc sống của người nghèo, đào tạo kỹ năng nghề, tạo việc làm tốt, hỗ trợ đối tượng yếu thế không rơi vào tình trạng nghèo đói.",trình cũng đầu tư phát triển hạ tầng xã hội lõi nâng thu nhập cuộc sống nghèo đào kỹ làm tốt tượng yếu rơi trạng,5,rule_based,deterministic-rule-baseline-precomputed,analysis_csv,0.0,word_dropout_50pct_and_punctuation_remove,ok
vi-zh-2022-test-0051,越南还推动实现包容性减贫目标，特别是提高收入和保障基本社会服务，如就业、教育、医疗、住房、清洁生活用水和卫生、信息等，以进一步为所有人、在任何地方、任何时候、从各个方向消除饥饿贫困。,"Việt Nam cũng đẩy mạnh thực hiện mục tiêu giảm nghèo bao trùm, nhất là nâng cao thu nhập và bảo đảm các chiều dịch vụ xã hội cơ bản như việc làm, giáo dục, y tế, nhà ở, nước sạch sinh hoạt và vệ sinh, thông tin để tiến tới xoá bỏ nghèo đói cho mọi người, ở mọi nơi, mọi thời điểm và mọi chiều.","Việt Nam cũng đẩy mạnh thực hiện mục tiêu giảm nghèo bao trùm, nhất là nâng cao thu nhập và bảo đảm các chiều dịch vụ xã hội cơ bản như việc làm, giáo dục, y tế, nhà ở, nước sạch sinh hoạt và vệ sinh, thông tin để tiến tới xoá bỏ nghèo đói cho mọi người, ở mọi nơi, mọi thời điểm và mọi chiều.",0,rule_based,deterministic-rule-baseline-precomputed,analysis_csv,0.0,identity,ok
vi-zh-2022-test-0051,越南还推动实现包容性减贫目标，特别是提高收入和保障基本社会服务，如就业、教育、医疗、住房、清洁生活用水和卫生、信息等，以进一步为所有人、在任何地方、任何时候、从各个方向消除饥饿贫困。,"Việt Nam cũng đẩy mạnh thực hiện mục tiêu giảm nghèo bao trùm, nhất là nâng cao thu nhập và bảo đảm các chiều dịch vụ xã hội cơ bản như việc làm, giáo dục, y tế, nhà ở, nước sạch sinh hoạt và vệ sinh, thông tin để tiến tới xoá bỏ nghèo đói cho mọi người, ở mọi nơi, mọi thời điểm và mọi chiều.","Viet Nam cũng đẩy mạnh thực hiện mục tiêu giảm nghèo bao trùm, nhất là nâng cao thu nhập và bảo đảm các chiều dịch vụ xã hội cơ bản như việc làm, giáo dục, y tế, nhà ở, nước sạch sinh hoạt và vệ sinh, thông tin để tiến tới xoá bỏ nghèo đói cho mọi người, ở mọi nơi, mọi thời điểm và mọi chiều.",1,rule_based,deterministic-rule-baseline-precomputed,analysis_csv,0.0,remove_one_tone,ok
vi-zh-2022-test-0051,越南还推动实现包容性减贫目标，特别是提高收入和保障基本社会服务，如就业、教育、医疗、住房、清洁生活用水和卫生、信息等，以进一步为所有人、在任何地方、任何时候、从各个方向消除饥饿贫困。,"Việt Nam cũng đẩy mạnh thực hiện mục tiêu giảm nghèo bao trùm, nhất là nâng cao thu nhập và bảo đảm các chiều dịch vụ xã hội cơ bản như việc làm, giáo dục, y tế, nhà ở, nước sạch sinh hoạt và vệ sinh, thông tin để tiến tới xoá bỏ nghèo đói cho mọi người, ở mọi nơi, mọi thời điểm và mọi chiều.","Viet Nam cung đay manh thuc hien muc tieu giam ngheo bao trum, nhat la nang cao thu nhap va bao đam cac chieu dich vu xa hoi co ban nhu viec lam, duc, y te, nha o, nuoc sach sinh hoat va ve sinh, thong tin đe tien toi xoa bo ngheo đoi cho moi nguoi, o moi noi, moi thoi điem va moi chieu.",2,rule_based,deterministic-rule-baseline-precomputed,analysis_csv,0.0,remove_tones_and_drop_one_word,ok
vi-zh-2022-test-0051,越南还推动实现包容性减贫目标，特别是提高收入和保障基本社会服务，如就业、教育、医疗、住房、清洁生活用水和卫生、信息等，以进一步为所有人、在任何地方、任何时候、从各个方向消除饥饿贫困。,"Việt Nam cũng đẩy mạnh thực hiện mục tiêu giảm nghèo bao trùm, nhất là nâng cao thu nhập và bảo đảm các chiều dịch vụ xã hội cơ bản như việc làm, giáo dục, y tế, nhà ở, nước sạch sinh hoạt và vệ sinh, thông tin để tiến tới xoá bỏ nghèo đói cho mọi người, ở mọi nơi, mọi thời điểm và mọi chiều.","Việt Nam cũng đẩy mạnh thực hiện tiêu giảm nghèo bao trùm, nhất là nâng cao thu nhập và bảo đảm các vụ xã cơ như việc làm, giáo dục, tế, nhà ở, sạch sinh hoạt và vệ sinh, thông tin để tiến tới xoá bỏ cho mọi người, ở mọi nơi, mọi thời điểm và chiều.",3,rule_based,deterministic-rule-baseline-precomputed,analysis_csv,0.0,word_dropout_15pct,ok
vi-zh-2022-test-0051,越南还推动实现包容性减贫目标，特别是提高收入和保障基本社会服务，如就业、教育、医疗、住房、清洁生活用水和卫生、信息等，以进一步为所有人、在任何地方、任何时候、从各个方向消除饥饿贫困。,"Việt Nam cũng đẩy mạnh thực hiện mục tiêu giảm nghèo bao trùm, nhất là nâng cao thu nhập và bảo đảm các chiều dịch vụ xã hội cơ bản như việc làm, giáo dục, y tế, nhà ở, nước sạch sinh hoạt và vệ sinh, thông tin để tiến tới xoá bỏ nghèo đói cho mọi người, ở mọi nơi, mọi thời điểm và mọi chiều.","Nam đẩy cũng mạnh hiện mục tiêu bao trùm, là nâng cao thu và bảo chiều dịch xã hội cơ bản như việc giáo dục, y tế, sạch sinh hoạt và thông tin để tiến tới xoá bỏ nghèo đói mọi người, ở mọi điểm và mọi",4,rule_based,deterministic-rule-baseline-precomputed,analysis_csv,0.0,word_dropout_30pct_and_swap,ok
vi-zh-2022-test-0051,越南还推动实现包容性减贫目标，特别是提高收入和保障基本社会服务，如就业、教育、医疗、住房、清洁生活用水和卫生、信息等，以进一步为所有人、在任何地方、任何时候、从各个方向消除饥饿贫困。,"Việt Nam cũng đẩy mạnh thực hiện mục tiêu giảm nghèo bao trùm, nhất là nâng cao thu nhập và bảo đảm các chiều dịch vụ xã hội cơ bản như việc làm, giáo dục, y tế, nhà ở, nước sạch sinh hoạt và vệ sinh, thông tin để tiến tới xoá bỏ nghèo đói cho mọi người, ở mọi nơi, mọi thời điểm và mọi chiều.",Việt cũng đẩy mạnh thực nghèo bao trùm nhập và đảm chiều dịch vụ như việc làm dục y nước sinh và sinh thông tới xoá bỏ nghèo đói ở mọi điểm và chiều,5,rule_based,deterministic-rule-baseline-precomputed,analysis_csv,0.0,word_dropout_50pct_and_punctuation_remove,ok
vi-zh-2022-test-0052,越南疫情防控工作正出现积极信号。,Việt Nam đang ghi nhận những tín hiệu tích cực trong công tác phòng chống dịch.,Việt Nam đang ghi nhận những tín hiệu tích cực trong công tác phòng chống dịch.,0,rule_based,deterministic-rule-baseline-precomputed,analysis_csv,0.0,identity,ok
vi-zh-2022-test-0052,越南疫情防控工作正出现积极信号。,Việt Nam đang ghi nhận những tín hiệu tích cực trong công tác phòng chống dịch.,Viet Nam đang ghi nhận những tín hiệu tích cực trong công tác phòng chống dịch.,1,rule_based,deterministic-rule-baseline-precomputed,analysis_csv,0.0,remove_one_tone,ok
vi-zh-2022-test-0052,越南疫情防控工作正出现积极信号。,Việt Nam đang ghi nhận những tín hiệu tích cực trong công tác phòng chống dịch.,Viet Nam đang ghi nhan nhung tin hieu cuc trong cong tac phong chong dich.,2,rule_based,deterministic-rule-baseline-precomputed,analysis_csv,0.0,remove_tones_and_drop_one_word,ok
vi-zh-2022-test-0052,越南疫情防控工作正出现积极信号。,Việt Nam đang ghi nhận những tín hiệu tích cực trong công tác phòng chống dịch.,Việt đang nhận những tín hiệu tích cực trong công tác phòng chống dịch.,3,rule_based,deterministic-rule-baseline-precomputed,analysis_csv,0.0,word_dropout_15pct,ok
vi-zh-2022-test-0052,越南疫情防控工作正出现积极信号。,Việt Nam đang ghi nhận những tín hiệu tích cực trong công tác phòng chống dịch.,Việt những nhận tín hiệu cực trong công tác phòng dịch.,4,rule_based,deterministic-rule-baseline-precomputed,analysis_csv,0.0,word_dropout_30pct_and_swap,ok
vi-zh-2022-test-0052,越南疫情防控工作正出现积极信号。,Việt Nam đang ghi nhận những tín hiệu tích cực trong công tác phòng chống dịch.,đang ghi tín cực trong công tác phòng,5,rule_based,deterministic-rule-baseline-precomputed,analysis_csv,0.0,word_dropout_50pct_and_punctuation_remove,ok
vi-zh-2022-test-0053,这是越南着手恢复生产，发展经济的时候。,"Đây là thời điểm Việt Nam có thể bắt tay nhanh chóng vào khôi phục sản xuất, phát triển kinh tế.","Đây là thời điểm Việt Nam có thể bắt tay nhanh chóng vào khôi phục sản xuất, phát triển kinh tế.",0,rule_based,deterministic-rule-baseline-precomputed,analysis_csv,0.0,identity,ok
vi-zh-2022-test-0053,这是越南着手恢复生产，发展经济的时候。,"Đây là thời điểm Việt Nam có thể bắt tay nhanh chóng vào khôi phục sản xuất, phát triển kinh tế.","Đay là thời điểm Việt Nam có thể bắt tay nhanh chóng vào khôi phục sản xuất, phát triển kinh tế.",1,rule_based,deterministic-rule-baseline-precomputed,analysis_csv,0.0,remove_one_tone,ok
vi-zh-2022-test-0053,这是越南着手恢复生产，发展经济的时候。,"Đây là thời điểm Việt Nam có thể bắt tay nhanh chóng vào khôi phục sản xuất, phát triển kinh tế.","Đay la thoi điem Viet Nam co the bat tay chong vao khoi phuc san xuat, phat trien kinh te.",2,rule_based,deterministic-rule-baseline-precomputed,analysis_csv,0.0,remove_tones_and_drop_one_word,ok
vi-zh-2022-test-0053,这是越南着手恢复生产，发展经济的时候。,"Đây là thời điểm Việt Nam có thể bắt tay nhanh chóng vào khôi phục sản xuất, phát triển kinh tế.",Đây là thời điểm Việt Nam thể bắt nhanh chóng vào khôi phục sản phát triển kinh tế.,3,rule_based,deterministic-rule-baseline-precomputed,analysis_csv,0.0,word_dropout_15pct,ok
vi-zh-2022-test-0053,这是越南着手恢复生产，发展经济的时候。,"Đây là thời điểm Việt Nam có thể bắt tay nhanh chóng vào khôi phục sản xuất, phát triển kinh tế.","là Việt thời Nam có thể bắt tay chóng vào khôi xuất, triển kinh tế.",4,rule_based,deterministic-rule-baseline-precomputed,analysis_csv,0.0,word_dropout_30pct_and_swap,ok
vi-zh-2022-test-0053,这是越南着手恢复生产，发展经济的时候。,"Đây là thời điểm Việt Nam có thể bắt tay nhanh chóng vào khôi phục sản xuất, phát triển kinh tế.",là Việt Nam có bắt chóng vào phục xuất kinh,5,rule_based,deterministic-rule-baseline-precomputed,analysis_csv,0.0,word_dropout_50pct_and_punctuation_remove,ok
vi-zh-2022-test-0054,各级领导人几天来做出的指导表明越南恢复增长的巨大决心。,Một loạt chỉ đạo mang tính định hướng của các cấp lãnh đạo được đưa ra trong những ngày qua cho thấy quyết tâm rất lớn của Việt Nam trong việc lấy lại đà tăng trưởng.,Một loạt chỉ đạo mang tính định hướng của các cấp lãnh đạo được đưa ra trong những ngày qua cho thấy quyết tâm rất lớn của Việt Nam trong việc lấy lại đà tăng trưởng.,0,rule_based,deterministic-rule-baseline-precomputed,analysis_csv,0.0,identity,ok
vi-zh-2022-test-0054,各级领导人几天来做出的指导表明越南恢复增长的巨大决心。,Một loạt chỉ đạo mang tính định hướng của các cấp lãnh đạo được đưa ra trong những ngày qua cho thấy quyết tâm rất lớn của Việt Nam trong việc lấy lại đà tăng trưởng.,Mot loạt chỉ đạo mang tính định hướng của các cấp lãnh đạo được đưa ra trong những ngày qua cho thấy quyết tâm rất lớn của Việt Nam trong việc lấy lại đà tăng trưởng.,1,rule_based,deterministic-rule-baseline-precomputed,analysis_csv,0.0,remove_one_tone,ok
vi-zh-2022-test-0054,各级领导人几天来做出的指导表明越南恢复增长的巨大决心。,Một loạt chỉ đạo mang tính định hướng của các cấp lãnh đạo được đưa ra trong những ngày qua cho thấy quyết tâm rất lớn của Việt Nam trong việc lấy lại đà tăng trưởng.,Mot loat chi đao mang tinh đinh huong cua cac cap lanh đao đuoc đua ra trong nhung qua cho thay quyet tam rat lon cua Viet Nam trong viec lay lai đa tang truong.,2,rule_based,deterministic-rule-baseline-precomputed,analysis_csv,0.0,remove_tones_and_drop_one_word,ok
vi-zh-2022-test-0054,各级领导人几天来做出的指导表明越南恢复增长的巨大决心。,Một loạt chỉ đạo mang tính định hướng của các cấp lãnh đạo được đưa ra trong những ngày qua cho thấy quyết tâm rất lớn của Việt Nam trong việc lấy lại đà tăng trưởng.,loạt chỉ đạo mang tính định hướng của cấp lãnh đạo được đưa ra trong những ngày qua cho thấy quyết tâm rất lớn Việt Nam việc lấy đà tăng trưởng.,3,rule_based,deterministic-rule-baseline-precomputed,analysis_csv,0.0,word_dropout_15pct,ok
vi-zh-2022-test-0054,各级领导人几天来做出的指导表明越南恢复增长的巨大决心。,Một loạt chỉ đạo mang tính định hướng của các cấp lãnh đạo được đưa ra trong những ngày qua cho thấy quyết tâm rất lớn của Việt Nam trong việc lấy lại đà tăng trưởng.,loạt đạo chỉ định hướng của các cấp lãnh đạo được đưa trong những quyết tâm lớn của Nam trong việc lấy lại tăng trưởng.,4,rule_based,deterministic-rule-baseline-precomputed,analysis_csv,0.0,word_dropout_30pct_and_swap,ok
vi-zh-2022-test-0054,各级领导人几天来做出的指导表明越南恢复增长的巨大决心。,Một loạt chỉ đạo mang tính định hướng của các cấp lãnh đạo được đưa ra trong những ngày qua cho thấy quyết tâm rất lớn của Việt Nam trong việc lấy lại đà tăng trưởng.,chỉ đạo định hướng của các cấp đạo đưa ra trong qua thấy quyết Nam trong đà tăng,5,rule_based,deterministic-rule-baseline-precomputed,analysis_csv,0.0,word_dropout_50pct_and_punctuation_remove,ok
vi-zh-2022-test-0055,"政府10月11日颁布的决议暂时规定“安全、灵活适应，有效控制疫情""。","Ngày 10-11 chính phủ ban bố nghị quyết 128/NQ-CP quy định tạm thời “Thích ứng an toàn, linh hoạt, kiểm soát hiệu quả dịch COVID -19”","Ngày 10-11 chính phủ ban bố nghị quyết 128/NQ-CP quy định tạm thời “Thích ứng an toàn, linh hoạt, kiểm soát hiệu quả dịch COVID -19”",0,rule_based,deterministic-rule-baseline-precomputed,analysis_csv,0.0,identity,ok
vi-zh-2022-test-0055,"政府10月11日颁布的决议暂时规定“安全、灵活适应，有效控制疫情""。","Ngày 10-11 chính phủ ban bố nghị quyết 128/NQ-CP quy định tạm thời “Thích ứng an toàn, linh hoạt, kiểm soát hiệu quả dịch COVID -19”","Ngay 10-11 chính phủ ban bố nghị quyết 128/NQ-CP quy định tạm thời “Thích ứng an toàn, linh hoạt, kiểm soát hiệu quả dịch COVID -19”",1,rule_based,deterministic-rule-baseline-precomputed,analysis_csv,0.0,remove_one_tone,ok
vi-zh-2022-test-0055,"政府10月11日颁布的决议暂时规定“安全、灵活适应，有效控制疫情""。","Ngày 10-11 chính phủ ban bố nghị quyết 128/NQ-CP quy định tạm thời “Thích ứng an toàn, linh hoạt, kiểm soát hiệu quả dịch COVID -19”","Ngay 10-11 chinh phu ban bo nghi quyet 128/NQ-CP quy đinh tam thoi ung an toan, linh hoat, kiem soat hieu qua dich COVID -19”",2,rule_based,deterministic-rule-baseline-precomputed,analysis_csv,0.0,remove_tones_and_drop_one_word,ok
vi-zh-2022-test-0055,"政府10月11日颁布的决议暂时规定“安全、灵活适应，有效控制疫情""。","Ngày 10-11 chính phủ ban bố nghị quyết 128/NQ-CP quy định tạm thời “Thích ứng an toàn, linh hoạt, kiểm soát hiệu quả dịch COVID -19”","Ngày 10-11 chính phủ ban bố quyết 128/NQ-CP quy định tạm thời “Thích ứng an toàn, linh hoạt, soát quả COVID -19”",3,rule_based,deterministic-rule-baseline-precomputed,analysis_csv,0.0,word_dropout_15pct,ok
vi-zh-2022-test-0055,"政府10月11日颁布的决议暂时规定“安全、灵活适应，有效控制疫情""。","Ngày 10-11 chính phủ ban bố nghị quyết 128/NQ-CP quy định tạm thời “Thích ứng an toàn, linh hoạt, kiểm soát hiệu quả dịch COVID -19”","10-11 ban phủ bố nghị quyết quy tạm thời ứng an toàn, linh hoạt, soát quả dịch COVID",4,rule_based,deterministic-rule-baseline-precomputed,analysis_csv,0.0,word_dropout_30pct_and_swap,ok
vi-zh-2022-test-0055,"政府10月11日颁布的决议暂时规定“安全、灵活适应，有效控制疫情""。","Ngày 10-11 chính phủ ban bố nghị quyết 128/NQ-CP quy định tạm thời “Thích ứng an toàn, linh hoạt, kiểm soát hiệu quả dịch COVID -19”",ban bố quy tạm thời “Thích ứng toàn linh kiểm hiệu dịch COVID,5,rule_based,deterministic-rule-baseline-precomputed,analysis_csv,0.0,word_dropout_50pct_and_punctuation_remove,ok
vi-zh-2022-test-0056,在世界经济恢复趋势中避免错失经济发展机遇,Không để nền kinh tế bị lỡ nhịp trong xu hướng hồi phục kinh tế thế giới,Không để nền kinh tế bị lỡ nhịp trong xu hướng hồi phục kinh tế thế giới,0,rule_based,deterministic-rule-baseline-precomputed,analysis_csv,0.0,identity,ok
vi-zh-2022-test-0056,在世界经济恢复趋势中避免错失经济发展机遇,Không để nền kinh tế bị lỡ nhịp trong xu hướng hồi phục kinh tế thế giới,Khong để nền kinh tế bị lỡ nhịp trong xu hướng hồi phục kinh tế thế giới,1,rule_based,deterministic-rule-baseline-precomputed,analysis_csv,0.0,remove_one_tone,ok
vi-zh-2022-test-0056,在世界经济恢复趋势中避免错失经济发展机遇,Không để nền kinh tế bị lỡ nhịp trong xu hướng hồi phục kinh tế thế giới,Khong đe nen kinh te bi lo nhip xu huong hoi phuc kinh te the gioi,2,rule_based,deterministic-rule-baseline-precomputed,analysis_csv,0.0,remove_tones_and_drop_one_word,ok
vi-zh-2022-test-0056,在世界经济恢复趋势中避免错失经济发展机遇,Không để nền kinh tế bị lỡ nhịp trong xu hướng hồi phục kinh tế thế giới,Không để nền kinh tế bị lỡ nhịp trong xu hướng hồi phục thế,3,rule_based,deterministic-rule-baseline-precomputed,analysis_csv,0.0,word_dropout_15pct,ok
vi-zh-2022-test-0056,在世界经济恢复趋势中避免错失经济发展机遇,Không để nền kinh tế bị lỡ nhịp trong xu hướng hồi phục kinh tế thế giới,nền tế kinh lỡ nhịp trong xu hướng hồi tế thế giới,4,rule_based,deterministic-rule-baseline-precomputed,analysis_csv,0.0,word_dropout_30pct_and_swap,ok
vi-zh-2022-test-0056,在世界经济恢复趋势中避免错失经济发展机遇,Không để nền kinh tế bị lỡ nhịp trong xu hướng hồi phục kinh tế thế giới,để lỡ xu hồi kinh tế thế giới,5,rule_based,deterministic-rule-baseline-precomputed,analysis_csv,0.0,word_dropout_50pct_and_punctuation_remove,ok
vi-zh-2022-test-0057,国内航空公司10月10日重新运营国内航班。,"Từ ngày 10/10, các hãng hàng không trong nước cũng đã khai thác trở lại đường bay nội địa.","Từ ngày 10/10, các hãng hàng không trong nước cũng đã khai thác trở lại đường bay nội địa.",0,rule_based,deterministic-rule-baseline-precomputed,analysis_csv,0.0,identity,ok
vi-zh-2022-test-0057,国内航空公司10月10日重新运营国内航班。,"Từ ngày 10/10, các hãng hàng không trong nước cũng đã khai thác trở lại đường bay nội địa.","Tu ngày 10/10, các hãng hàng không trong nước cũng đã khai thác trở lại đường bay nội địa.",1,rule_based,deterministic-rule-baseline-precomputed,analysis_csv,0.0,remove_one_tone,ok
vi-zh-2022-test-0057,国内航空公司10月10日重新运营国内航班。,"Từ ngày 10/10, các hãng hàng không trong nước cũng đã khai thác trở lại đường bay nội địa.","Tu ngay 10/10, cac hang hang khong trong nuoc đa khai thac tro lai đuong bay noi đia.",2,rule_based,deterministic-rule-baseline-precomputed,analysis_csv,0.0,remove_tones_and_drop_one_word,ok
vi-zh-2022-test-0057,国内航空公司10月10日重新运营国内航班。,"Từ ngày 10/10, các hãng hàng không trong nước cũng đã khai thác trở lại đường bay nội địa.","Từ ngày 10/10, các hãng hàng không cũng đã khai thác lại đường bay nội địa.",3,rule_based,deterministic-rule-baseline-precomputed,analysis_csv,0.0,word_dropout_15pct,ok
vi-zh-2022-test-0057,国内航空公司10月10日重新运营国内航班。,"Từ ngày 10/10, các hãng hàng không trong nước cũng đã khai thác trở lại đường bay nội địa.","ngày các 10/10, hàng không trong nước cũng đã thác lại nội địa.",4,rule_based,deterministic-rule-baseline-precomputed,analysis_csv,0.0,word_dropout_30pct_and_swap,ok
vi-zh-2022-test-0057,国内航空公司10月10日重新运营国内航班。,"Từ ngày 10/10, các hãng hàng không trong nước cũng đã khai thác trở lại đường bay nội địa.",Từ 10/10 hàng không trong khai thác trở đường địa,5,rule_based,deterministic-rule-baseline-precomputed,analysis_csv,0.0,word_dropout_50pct_and_punctuation_remove,ok
vi-zh-2022-test-0058,此前，塔利班领导人还参加了在首都喀布尔哈米德卡尔扎伊国际机场举行的接受卡塔尔、中国、阿联酋、巴基斯坦和乌兹别克斯坦援助活动。,"Tiến trình này được xúc tiến chỉ ít ngày sau khi lãnh đạo Taliban có cuộc hội đàm với Simon Gass, đại diện cấp cao tại Afghanistan của Thủ tướng Anh Boris Johnson (hôm 5/10).","Tiến trình này được xúc tiến chỉ ít ngày sau khi lãnh đạo Taliban có cuộc hội đàm với Simon Gass, đại diện cấp cao tại Afghanistan của Thủ tướng Anh Boris Johnson (hôm 5/10).",0,rule_based,deterministic-rule-baseline-precomputed,analysis_csv,0.0,identity,ok
vi-zh-2022-test-0058,此前，塔利班领导人还参加了在首都喀布尔哈米德卡尔扎伊国际机场举行的接受卡塔尔、中国、阿联酋、巴基斯坦和乌兹别克斯坦援助活动。,"Tiến trình này được xúc tiến chỉ ít ngày sau khi lãnh đạo Taliban có cuộc hội đàm với Simon Gass, đại diện cấp cao tại Afghanistan của Thủ tướng Anh Boris Johnson (hôm 5/10).","Tien trình này được xúc tiến chỉ ít ngày sau khi lãnh đạo Taliban có cuộc hội đàm với Simon Gass, đại diện cấp cao tại Afghanistan của Thủ tướng Anh Boris Johnson (hôm 5/10).",1,rule_based,deterministic-rule-baseline-precomputed,analysis_csv,0.0,remove_one_tone,ok
vi-zh-2022-test-0058,此前，塔利班领导人还参加了在首都喀布尔哈米德卡尔扎伊国际机场举行的接受卡塔尔、中国、阿联酋、巴基斯坦和乌兹别克斯坦援助活动。,"Tiến trình này được xúc tiến chỉ ít ngày sau khi lãnh đạo Taliban có cuộc hội đàm với Simon Gass, đại diện cấp cao tại Afghanistan của Thủ tướng Anh Boris Johnson (hôm 5/10).","Tien trinh nay đuoc xuc tien chi it ngay sau khi lanh đao Taliban co cuoc hoi voi Simon Gass, đai dien cap cao tai Afghanistan cua Thu tuong Anh Boris Johnson (hom 5/10).",2,rule_based,deterministic-rule-baseline-precomputed,analysis_csv,0.0,remove_tones_and_drop_one_word,ok
vi-zh-2022-test-0058,此前，塔利班领导人还参加了在首都喀布尔哈米德卡尔扎伊国际机场举行的接受卡塔尔、中国、阿联酋、巴基斯坦和乌兹别克斯坦援助活动。,"Tiến trình này được xúc tiến chỉ ít ngày sau khi lãnh đạo Taliban có cuộc hội đàm với Simon Gass, đại diện cấp cao tại Afghanistan của Thủ tướng Anh Boris Johnson (hôm 5/10).","Tiến trình này được xúc tiến chỉ ít ngày sau khi đạo Taliban có cuộc hội với Gass, đại diện cấp cao tại Afghanistan của Thủ tướng Boris Johnson (hôm",3,rule_based,deterministic-rule-baseline-precomputed,analysis_csv,0.0,word_dropout_15pct,ok
vi-zh-2022-test-0058,此前，塔利班领导人还参加了在首都喀布尔哈米德卡尔扎伊国际机场举行的接受卡塔尔、中国、阿联酋、巴基斯坦和乌兹别克斯坦援助活动。,"Tiến trình này được xúc tiến chỉ ít ngày sau khi lãnh đạo Taliban có cuộc hội đàm với Simon Gass, đại diện cấp cao tại Afghanistan của Thủ tướng Anh Boris Johnson (hôm 5/10).","Tiến này trình được xúc tiến chỉ ngày sau khi lãnh đạo có hội Gass, diện cấp cao tại của tướng Anh Boris 5/10).",4,rule_based,deterministic-rule-baseline-precomputed,analysis_csv,0.0,word_dropout_30pct_and_swap,ok
vi-zh-2022-test-0058,此前，塔利班领导人还参加了在首都喀布尔哈米德卡尔扎伊国际机场举行的接受卡塔尔、中国、阿联酋、巴基斯坦和乌兹别克斯坦援助活动。,"Tiến trình này được xúc tiến chỉ ít ngày sau khi lãnh đạo Taliban có cuộc hội đàm với Simon Gass, đại diện cấp cao tại Afghanistan của Thủ tướng Anh Boris Johnson (hôm 5/10).",Tiến được xúc tiến chỉ sau khi lãnh đạo Taliban hội với Simon diện cấp cao tại tướng,5,rule_based,deterministic-rule-baseline-precomputed,analysis_csv,0.0,word_dropout_50pct_and_punctuation_remove,ok
vi-zh-2022-test-0059,多名地区和西方分析人士一致认为，塔利班领导人积极接触国际社会，旨在打破孤立并寻求国际承认。,"Nhiều nhà phân tích khu vực và phương Tây có chung nhận định rằng: việc lãnh đạo Taliban tích cực tham gia các cuộc tiếp xúc với thế giới nhằm mục tiêu phá vỡ thế cô lập, tìm kiếm sự cộng nhận quốc tế.","Nhiều nhà phân tích khu vực và phương Tây có chung nhận định rằng: việc lãnh đạo Taliban tích cực tham gia các cuộc tiếp xúc với thế giới nhằm mục tiêu phá vỡ thế cô lập, tìm kiếm sự cộng nhận quốc tế.",0,rule_based,deterministic-rule-baseline-precomputed,analysis_csv,0.0,identity,ok
vi-zh-2022-test-0059,多名地区和西方分析人士一致认为，塔利班领导人积极接触国际社会，旨在打破孤立并寻求国际承认。,"Nhiều nhà phân tích khu vực và phương Tây có chung nhận định rằng: việc lãnh đạo Taliban tích cực tham gia các cuộc tiếp xúc với thế giới nhằm mục tiêu phá vỡ thế cô lập, tìm kiếm sự cộng nhận quốc tế.","Nhieu nhà phân tích khu vực và phương Tây có chung nhận định rằng: việc lãnh đạo Taliban tích cực tham gia các cuộc tiếp xúc với thế giới nhằm mục tiêu phá vỡ thế cô lập, tìm kiếm sự cộng nhận quốc tế.",1,rule_based,deterministic-rule-baseline-precomputed,analysis_csv,0.0,remove_one_tone,ok
vi-zh-2022-test-0059,多名地区和西方分析人士一致认为，塔利班领导人积极接触国际社会，旨在打破孤立并寻求国际承认。,"Nhiều nhà phân tích khu vực và phương Tây có chung nhận định rằng: việc lãnh đạo Taliban tích cực tham gia các cuộc tiếp xúc với thế giới nhằm mục tiêu phá vỡ thế cô lập, tìm kiếm sự cộng nhận quốc tế.","Nhieu nha phan tich khu vuc va phuong Tay co chung nhan đinh rang: viec lanh đao Taliban tich cuc tham gia cuoc tiep xuc voi the gioi nham muc tieu pha vo the co lap, tim kiem su cong nhan quoc te.",2,rule_based,deterministic-rule-baseline-precomputed,analysis_csv,0.0,remove_tones_and_drop_one_word,ok
vi-zh-2022-test-0059,多名地区和西方分析人士一致认为，塔利班领导人积极接触国际社会，旨在打破孤立并寻求国际承认。,"Nhiều nhà phân tích khu vực và phương Tây có chung nhận định rằng: việc lãnh đạo Taliban tích cực tham gia các cuộc tiếp xúc với thế giới nhằm mục tiêu phá vỡ thế cô lập, tìm kiếm sự cộng nhận quốc tế.","Nhiều nhà phân tích khu vực và phương Tây có chung nhận định rằng: việc lãnh tích cực tham gia các tiếp xúc giới mục tiêu phá vỡ thế cô lập, tìm kiếm cộng nhận quốc tế.",3,rule_based,deterministic-rule-baseline-precomputed,analysis_csv,0.0,word_dropout_15pct,ok
vi-zh-2022-test-0059,多名地区和西方分析人士一致认为，塔利班领导人积极接触国际社会，旨在打破孤立并寻求国际承认。,"Nhiều nhà phân tích khu vực và phương Tây có chung nhận định rằng: việc lãnh đạo Taliban tích cực tham gia các cuộc tiếp xúc với thế giới nhằm mục tiêu phá vỡ thế cô lập, tìm kiếm sự cộng nhận quốc tế.","Nhiều khu tích vực và phương có chung nhận định rằng: việc lãnh tích cực gia các cuộc tiếp xúc với giới phá vỡ cô lập, tìm kiếm nhận quốc tế.",4,rule_based,deterministic-rule-baseline-precomputed,analysis_csv,0.0,word_dropout_30pct_and_swap,ok
vi-zh-2022-test-0059,多名地区和西方分析人士一致认为，塔利班领导人积极接触国际社会，旨在打破孤立并寻求国际承认。,"Nhiều nhà phân tích khu vực và phương Tây có chung nhận định rằng: việc lãnh đạo Taliban tích cực tham gia các cuộc tiếp xúc với thế giới nhằm mục tiêu phá vỡ thế cô lập, tìm kiếm sự cộng nhận quốc tế.",nhà tích khu phương Tây có định việc đạo tham các cuộc thế giới mục tiêu phá vỡ cô sự cộng tế,5,rule_based,deterministic-rule-baseline-precomputed,analysis_csv,0.0,word_dropout_50pct_and_punctuation_remove,ok
vi-zh-2022-test-0060,然而，在阿富汗可能发生严重人道主义灾难的背景下，在对塔利班施压的同时，国际社会也在努力寻找解决方案，以防止这个南亚国家人道主义局势恶化。,"Tuy nhiên, trong bối cảnh có thể xảy một thậm họa nhân đạo nghiêm trọng tại Afghanistan, cùng với việc gây sức ép lên Taliban, cộng đồng quốc tế cũng đang nỗ lực tìm giải pháp ngăn chặn tình trạng nhân đạo đang ngày càng xấu đi tại quốc gia Nam Á.","Tuy nhiên, trong bối cảnh có thể xảy một thậm họa nhân đạo nghiêm trọng tại Afghanistan, cùng với việc gây sức ép lên Taliban, cộng đồng quốc tế cũng đang nỗ lực tìm giải pháp ngăn chặn tình trạng nhân đạo đang ngày càng xấu đi tại quốc gia Nam Á.",0,rule_based,deterministic-rule-baseline-precomputed,analysis_csv,0.0,identity,ok
vi-zh-2022-test-0060,然而，在阿富汗可能发生严重人道主义灾难的背景下，在对塔利班施压的同时，国际社会也在努力寻找解决方案，以防止这个南亚国家人道主义局势恶化。,"Tuy nhiên, trong bối cảnh có thể xảy một thậm họa nhân đạo nghiêm trọng tại Afghanistan, cùng với việc gây sức ép lên Taliban, cộng đồng quốc tế cũng đang nỗ lực tìm giải pháp ngăn chặn tình trạng nhân đạo đang ngày càng xấu đi tại quốc gia Nam Á.","Tuy nhien, trong bối cảnh có thể xảy một thậm họa nhân đạo nghiêm trọng tại Afghanistan, cùng với việc gây sức ép lên Taliban, cộng đồng quốc tế cũng đang nỗ lực tìm giải pháp ngăn chặn tình trạng nhân đạo đang ngày càng xấu đi tại quốc gia Nam Á.",1,rule_based,deterministic-rule-baseline-precomputed,analysis_csv,0.0,remove_one_tone,ok
vi-zh-2022-test-0060,然而，在阿富汗可能发生严重人道主义灾难的背景下，在对塔利班施压的同时，国际社会也在努力寻找解决方案，以防止这个南亚国家人道主义局势恶化。,"Tuy nhiên, trong bối cảnh có thể xảy một thậm họa nhân đạo nghiêm trọng tại Afghanistan, cùng với việc gây sức ép lên Taliban, cộng đồng quốc tế cũng đang nỗ lực tìm giải pháp ngăn chặn tình trạng nhân đạo đang ngày càng xấu đi tại quốc gia Nam Á.","Tuy nhien, trong boi canh co the xay mot tham hoa nhan đao nghiem trong tai Afghanistan, cung voi viec gay suc ep len Taliban, cong quoc te cung đang no luc tim giai phap ngan chan tinh trang nhan đao đang ngay cang xau đi tai quoc gia Nam A.",2,rule_based,deterministic-rule-baseline-precomputed,analysis_csv,0.0,remove_tones_and_drop_one_word,ok
vi-zh-2022-test-0060,然而，在阿富汗可能发生严重人道主义灾难的背景下，在对塔利班施压的同时，国际社会也在努力寻找解决方案，以防止这个南亚国家人道主义局势恶化。,"Tuy nhiên, trong bối cảnh có thể xảy một thậm họa nhân đạo nghiêm trọng tại Afghanistan, cùng với việc gây sức ép lên Taliban, cộng đồng quốc tế cũng đang nỗ lực tìm giải pháp ngăn chặn tình trạng nhân đạo đang ngày càng xấu đi tại quốc gia Nam Á.","Tuy nhiên, bối có thể xảy một thậm họa nhân nghiêm trọng tại Afghanistan, với việc gây sức ép Taliban, cộng đồng quốc tế cũng nỗ lực tìm giải pháp ngăn chặn tình trạng nhân đạo đang ngày xấu đi quốc gia Nam Á.",3,rule_based,deterministic-rule-baseline-precomputed,analysis_csv,0.0,word_dropout_15pct,ok
vi-zh-2022-test-0060,然而，在阿富汗可能发生严重人道主义灾难的背景下，在对塔利班施压的同时，国际社会也在努力寻找解决方案，以防止这个南亚国家人道主义局势恶化。,"Tuy nhiên, trong bối cảnh có thể xảy một thậm họa nhân đạo nghiêm trọng tại Afghanistan, cùng với việc gây sức ép lên Taliban, cộng đồng quốc tế cũng đang nỗ lực tìm giải pháp ngăn chặn tình trạng nhân đạo đang ngày càng xấu đi tại quốc gia Nam Á.","nhiên, bối trong cảnh có một thậm họa nhân đạo nghiêm trọng tại Afghanistan, cùng với việc lên đồng quốc tế cũng đang nỗ lực tìm pháp trạng nhân đạo ngày xấu đi quốc gia Nam",4,rule_based,deterministic-rule-baseline-precomputed,analysis_csv,0.0,word_dropout_30pct_and_swap,ok
vi-zh-2022-test-0060,然而，在阿富汗可能发生严重人道主义灾难的背景下，在对塔利班施压的同时，国际社会也在努力寻找解决方案，以防止这个南亚国家人道主义局势恶化。,"Tuy nhiên, trong bối cảnh có thể xảy một thậm họa nhân đạo nghiêm trọng tại Afghanistan, cùng với việc gây sức ép lên Taliban, cộng đồng quốc tế cũng đang nỗ lực tìm giải pháp ngăn chặn tình trạng nhân đạo đang ngày càng xấu đi tại quốc gia Nam Á.",trong cảnh xảy một thậm nhân đạo tại Afghanistan cùng với việc gây lên quốc đang tìm giải ngăn chặn trạng nhân đạo đang đi quốc,5,rule_based,deterministic-rule-baseline-precomputed,analysis_csv,0.0,word_dropout_50pct_and_punctuation_remove,ok
vi-zh-2022-test-0061,救济上千万面临粮食危机的阿富汗人是一项紧迫而必要的任务，而建设一个稳定、进步的社会则是阿富汗国家和人民的根本、长远之计。,"Cứu trợ hàng triệu người Afghanistan đang đối mặt với tình trạng khủng hoảng lương thực là nhiệm vụ cần thiết, cấp bách, tuy nhiên, giải pháp căn cơ, lâu dài cho đất nước và người dân Afghanistan, vẫn là xây dựng một xã hội ổn định, tiến bộ.","Cứu trợ hàng triệu người Afghanistan đang đối mặt với tình trạng khủng hoảng lương thực là nhiệm vụ cần thiết, cấp bách, tuy nhiên, giải pháp căn cơ, lâu dài cho đất nước và người dân Afghanistan, vẫn là xây dựng một xã hội ổn định, tiến bộ.",0,rule_based,deterministic-rule-baseline-precomputed,analysis_csv,0.0,identity,ok
vi-zh-2022-test-0061,救济上千万面临粮食危机的阿富汗人是一项紧迫而必要的任务，而建设一个稳定、进步的社会则是阿富汗国家和人民的根本、长远之计。,"Cứu trợ hàng triệu người Afghanistan đang đối mặt với tình trạng khủng hoảng lương thực là nhiệm vụ cần thiết, cấp bách, tuy nhiên, giải pháp căn cơ, lâu dài cho đất nước và người dân Afghanistan, vẫn là xây dựng một xã hội ổn định, tiến bộ.","Cuu trợ hàng triệu người Afghanistan đang đối mặt với tình trạng khủng hoảng lương thực là nhiệm vụ cần thiết, cấp bách, tuy nhiên, giải pháp căn cơ, lâu dài cho đất nước và người dân Afghanistan, vẫn là xây dựng một xã hội ổn định, tiến bộ.",1,rule_based,deterministic-rule-baseline-precomputed,analysis_csv,0.0,remove_one_tone,ok
vi-zh-2022-test-0061,救济上千万面临粮食危机的阿富汗人是一项紧迫而必要的任务，而建设一个稳定、进步的社会则是阿富汗国家和人民的根本、长远之计。,"Cứu trợ hàng triệu người Afghanistan đang đối mặt với tình trạng khủng hoảng lương thực là nhiệm vụ cần thiết, cấp bách, tuy nhiên, giải pháp căn cơ, lâu dài cho đất nước và người dân Afghanistan, vẫn là xây dựng một xã hội ổn định, tiến bộ.","Cuu tro hang trieu nguoi Afghanistan đang đoi mat voi tinh trang khung hoang luong thuc la nhiem vu can thiet, cap bach, tuy giai phap can co, lau dai cho đat nuoc va nguoi dan Afghanistan, van la xay dung mot xa hoi on đinh, tien bo.",2,rule_based,deterministic-rule-baseline-precomputed,analysis_csv,0.0,remove_tones_and_drop_one_word,ok
vi-zh-2022-test-0061,救济上千万面临粮食危机的阿富汗人是一项紧迫而必要的任务，而建设一个稳定、进步的社会则是阿富汗国家和人民的根本、长远之计。,"Cứu trợ hàng triệu người Afghanistan đang đối mặt với tình trạng khủng hoảng lương thực là nhiệm vụ cần thiết, cấp bách, tuy nhiên, giải pháp căn cơ, lâu dài cho đất nước và người dân Afghanistan, vẫn là xây dựng một xã hội ổn định, tiến bộ.","Cứu trợ hàng triệu người Afghanistan mặt với tình trạng khủng hoảng lương thực là nhiệm vụ cần thiết, cấp bách, tuy nhiên, pháp căn cơ, lâu dài cho đất nước và người dân vẫn là xây xã hội ổn định, tiến",3,rule_based,deterministic-rule-baseline-precomputed,analysis_csv,0.0,word_dropout_15pct,ok
vi-zh-2022-test-0061,救济上千万面临粮食危机的阿富汗人是一项紧迫而必要的任务，而建设一个稳定、进步的社会则是阿富汗国家和人民的根本、长远之计。,"Cứu trợ hàng triệu người Afghanistan đang đối mặt với tình trạng khủng hoảng lương thực là nhiệm vụ cần thiết, cấp bách, tuy nhiên, giải pháp căn cơ, lâu dài cho đất nước và người dân Afghanistan, vẫn là xây dựng một xã hội ổn định, tiến bộ.","hàng người triệu Afghanistan đang đối mặt trạng khủng thực là nhiệm vụ cần thiết, tuy nhiên, căn cơ, lâu dài cho nước và người dân Afghanistan, vẫn là xây một hội tiến bộ.",4,rule_based,deterministic-rule-baseline-precomputed,analysis_csv,0.0,word_dropout_30pct_and_swap,ok
vi-zh-2022-test-0061,救济上千万面临粮食危机的阿富汗人是一项紧迫而必要的任务，而建设一个稳定、进步的社会则是阿富汗国家和人民的根本、长远之计。,"Cứu trợ hàng triệu người Afghanistan đang đối mặt với tình trạng khủng hoảng lương thực là nhiệm vụ cần thiết, cấp bách, tuy nhiên, giải pháp căn cơ, lâu dài cho đất nước và người dân Afghanistan, vẫn là xây dựng một xã hội ổn định, tiến bộ.",triệu Afghanistan đối mặt tình trạng khủng hoảng nhiệm cần thiết nhiên lâu dài và dân vẫn xây dựng một xã hội ổn định,5,rule_based,deterministic-rule-baseline-precomputed,analysis_csv,0.0,word_dropout_50pct_and_punctuation_remove,ok
vi-zh-2022-test-0062,因此，必须要在不仅党内而且整个政治体系进行建设整顿，使之不断纯洁强大。,"Vì thế, xây dựng chỉnh đốn, làm trong sạch đội ngũ cán bộ không chỉ trong Đảng mà trong cả hệ thống chính trị.","Vì thế, xây dựng chỉnh đốn, làm trong sạch đội ngũ cán bộ không chỉ trong Đảng mà trong cả hệ thống chính trị.",0,rule_based,deterministic-rule-baseline-precomputed,analysis_csv,0.0,identity,ok
vi-zh-2022-test-0062,因此，必须要在不仅党内而且整个政治体系进行建设整顿，使之不断纯洁强大。,"Vì thế, xây dựng chỉnh đốn, làm trong sạch đội ngũ cán bộ không chỉ trong Đảng mà trong cả hệ thống chính trị.","Vi thế, xây dựng chỉnh đốn, làm trong sạch đội ngũ cán bộ không chỉ trong Đảng mà trong cả hệ thống chính trị.",1,rule_based,deterministic-rule-baseline-precomputed,analysis_csv,0.0,remove_one_tone,ok
vi-zh-2022-test-0062,因此，必须要在不仅党内而且整个政治体系进行建设整顿，使之不断纯洁强大。,"Vì thế, xây dựng chỉnh đốn, làm trong sạch đội ngũ cán bộ không chỉ trong Đảng mà trong cả hệ thống chính trị.","Vi the, xay dung chinh đon, lam trong sach đoi ngu can khong chi trong Đang ma trong ca he thong chinh tri.",2,rule_based,deterministic-rule-baseline-precomputed,analysis_csv,0.0,remove_tones_and_drop_one_word,ok
vi-zh-2022-test-0062,因此，必须要在不仅党内而且整个政治体系进行建设整顿，使之不断纯洁强大。,"Vì thế, xây dựng chỉnh đốn, làm trong sạch đội ngũ cán bộ không chỉ trong Đảng mà trong cả hệ thống chính trị.","Vì thế, dựng chỉnh đốn, làm trong đội ngũ bộ không chỉ trong Đảng mà trong cả hệ thống chính",3,rule_based,deterministic-rule-baseline-precomputed,analysis_csv,0.0,word_dropout_15pct,ok
vi-zh-2022-test-0062,因此，必须要在不仅党内而且整个政治体系进行建设整顿，使之不断纯洁强大。,"Vì thế, xây dựng chỉnh đốn, làm trong sạch đội ngũ cán bộ không chỉ trong Đảng mà trong cả hệ thống chính trị.","thế, dựng xây chỉnh đốn, làm sạch đội cán bộ chỉ trong Đảng trong hệ thống chính",4,rule_based,deterministic-rule-baseline-precomputed,analysis_csv,0.0,word_dropout_30pct_and_swap,ok
vi-zh-2022-test-0062,因此，必须要在不仅党内而且整个政治体系进行建设整顿，使之不断纯洁强大。,"Vì thế, xây dựng chỉnh đốn, làm trong sạch đội ngũ cán bộ không chỉ trong Đảng mà trong cả hệ thống chính trị.",thế dựng chỉnh trong sạch đội chỉ trong mà thống chính trị,5,rule_based,deterministic-rule-baseline-precomputed,analysis_csv,0.0,word_dropout_50pct_and_punctuation_remove,ok
vi-zh-2022-test-0063,因为，我们之前只聚焦党内的党建工作。,Bởi trước đây chúng ta chỉ tập trung nói trong xây dựng Đảng.,Bởi trước đây chúng ta chỉ tập trung nói trong xây dựng Đảng.,0,rule_based,deterministic-rule-baseline-precomputed,analysis_csv,0.0,identity,ok
vi-zh-2022-test-0063,因为，我们之前只聚焦党内的党建工作。,Bởi trước đây chúng ta chỉ tập trung nói trong xây dựng Đảng.,Boi trước đây chúng ta chỉ tập trung nói trong xây dựng Đảng.,1,rule_based,deterministic-rule-baseline-precomputed,analysis_csv,0.0,remove_one_tone,ok
vi-zh-2022-test-0063,因为，我们之前只聚焦党内的党建工作。,Bởi trước đây chúng ta chỉ tập trung nói trong xây dựng Đảng.,Boi truoc đay chung ta chi trung noi trong xay dung Đang.,2,rule_based,deterministic-rule-baseline-precomputed,analysis_csv,0.0,remove_tones_and_drop_one_word,ok
vi-zh-2022-test-0063,因为，我们之前只聚焦党内的党建工作。,Bởi trước đây chúng ta chỉ tập trung nói trong xây dựng Đảng.,Bởi trước đây ta chỉ tập trung trong xây dựng Đảng.,3,rule_based,deterministic-rule-baseline-precomputed,analysis_csv,0.0,word_dropout_15pct,ok
vi-zh-2022-test-0063,因为，我们之前只聚焦党内的党建工作。,Bởi trước đây chúng ta chỉ tập trung nói trong xây dựng Đảng.,Bởi chúng trước ta trung nói trong xây Đảng.,4,rule_based,deterministic-rule-baseline-precomputed,analysis_csv,0.0,word_dropout_30pct_and_swap,ok
vi-zh-2022-test-0063,因为，我们之前只聚焦党内的党建工作。,Bởi trước đây chúng ta chỉ tập trung nói trong xây dựng Đảng.,chúng ta tập trung trong Đảng,5,rule_based,deterministic-rule-baseline-precomputed,analysis_csv,0.0,word_dropout_50pct_and_punctuation_remove,ok
vi-zh-2022-test-0064,但是，越南共产党是执政党，是领导国家、社会的力量。,"Nhưng Đảng là Đảng cầm quyền, Đảng lãnh đạo Nhà nước xã hội.","Nhưng Đảng là Đảng cầm quyền, Đảng lãnh đạo Nhà nước xã hội.",0,rule_based,deterministic-rule-baseline-precomputed,analysis_csv,0.0,identity,ok
vi-zh-2022-test-0064,但是，越南共产党是执政党，是领导国家、社会的力量。,"Nhưng Đảng là Đảng cầm quyền, Đảng lãnh đạo Nhà nước xã hội.","Nhung Đảng là Đảng cầm quyền, Đảng lãnh đạo Nhà nước xã hội.",1,rule_based,deterministic-rule-baseline-precomputed,analysis_csv,0.0,remove_one_tone,ok
vi-zh-2022-test-0064,但是，越南共产党是执政党，是领导国家、社会的力量。,"Nhưng Đảng là Đảng cầm quyền, Đảng lãnh đạo Nhà nước xã hội.","Nhung Đang la Đang cam quyen, lanh đao Nha nuoc xa hoi.",2,rule_based,deterministic-rule-baseline-precomputed,analysis_csv,0.0,remove_tones_and_drop_one_word,ok
vi-zh-2022-test-0064,但是，越南共产党是执政党，是领导国家、社会的力量。,"Nhưng Đảng là Đảng cầm quyền, Đảng lãnh đạo Nhà nước xã hội.","Nhưng Đảng Đảng cầm quyền, lãnh đạo Nhà nước xã hội.",3,rule_based,deterministic-rule-baseline-precomputed,analysis_csv,0.0,word_dropout_15pct,ok
vi-zh-2022-test-0064,但是，越南共产党是执政党，是领导国家、社会的力量。,"Nhưng Đảng là Đảng cầm quyền, Đảng lãnh đạo Nhà nước xã hội.","Nhưng cầm Đảng quyền, Đảng lãnh đạo Nhà hội.",4,rule_based,deterministic-rule-baseline-precomputed,analysis_csv,0.0,word_dropout_30pct_and_swap,ok
vi-zh-2022-test-0064,但是，越南共产党是执政党，是领导国家、社会的力量。,"Nhưng Đảng là Đảng cầm quyền, Đảng lãnh đạo Nhà nước xã hội.",Đảng quyền Đảng lãnh đạo hội,5,rule_based,deterministic-rule-baseline-precomputed,analysis_csv,0.0,word_dropout_50pct_and_punctuation_remove,ok
vi-zh-2022-test-0065,越共十三届四中全会上，越共中央总书记阮富仲特别强调了党员要“言行一致”，在执行党和国家决议、政策、法律中发挥表率作用的观点。,"Tại Hội nghị Trung ương 4, khóa XIII lần này, Tổng Bí thư Nguyễn Phú Trọng nhấn mạnh quan điểm đảng viên phải “nói đi đôi với làm”, gương mẫu chấp hành các nghị quyết, chính sách, pháp luật của Đảng và Nhà nước.","Tại Hội nghị Trung ương 4, khóa XIII lần này, Tổng Bí thư Nguyễn Phú Trọng nhấn mạnh quan điểm đảng viên phải “nói đi đôi với làm”, gương mẫu chấp hành các nghị quyết, chính sách, pháp luật của Đảng và Nhà nước.",0,rule_based,deterministic-rule-baseline-precomputed,analysis_csv,0.0,identity,ok
vi-zh-2022-test-0065,越共十三届四中全会上，越共中央总书记阮富仲特别强调了党员要“言行一致”，在执行党和国家决议、政策、法律中发挥表率作用的观点。,"Tại Hội nghị Trung ương 4, khóa XIII lần này, Tổng Bí thư Nguyễn Phú Trọng nhấn mạnh quan điểm đảng viên phải “nói đi đôi với làm”, gương mẫu chấp hành các nghị quyết, chính sách, pháp luật của Đảng và Nhà nước.","Tai Hội nghị Trung ương 4, khóa XIII lần này, Tổng Bí thư Nguyễn Phú Trọng nhấn mạnh quan điểm đảng viên phải “nói đi đôi với làm”, gương mẫu chấp hành các nghị quyết, chính sách, pháp luật của Đảng và Nhà nước.",1,rule_based,deterministic-rule-baseline-precomputed,analysis_csv,0.0,remove_one_tone,ok
vi-zh-2022-test-0065,越共十三届四中全会上，越共中央总书记阮富仲特别强调了党员要“言行一致”，在执行党和国家决议、政策、法律中发挥表率作用的观点。,"Tại Hội nghị Trung ương 4, khóa XIII lần này, Tổng Bí thư Nguyễn Phú Trọng nhấn mạnh quan điểm đảng viên phải “nói đi đôi với làm”, gương mẫu chấp hành các nghị quyết, chính sách, pháp luật của Đảng và Nhà nước.","Tai Hoi nghi Trung uong 4, khoa XIII lan nay, Tong Bi thu Nguyen Phu Trong nhan manh quan điem đang vien “noi đi đoi voi lam”, guong mau chap hanh cac nghi quyet, chinh sach, phap luat cua Đang va Nha nuoc.",2,rule_based,deterministic-rule-baseline-precomputed,analysis_csv,0.0,remove_tones_and_drop_one_word,ok
vi-zh-2022-test-0065,越共十三届四中全会上，越共中央总书记阮富仲特别强调了党员要“言行一致”，在执行党和国家决议、政策、法律中发挥表率作用的观点。,"Tại Hội nghị Trung ương 4, khóa XIII lần này, Tổng Bí thư Nguyễn Phú Trọng nhấn mạnh quan điểm đảng viên phải “nói đi đôi với làm”, gương mẫu chấp hành các nghị quyết, chính sách, pháp luật của Đảng và Nhà nước.","Tại Hội nghị Trung ương khóa XIII lần này, Bí Nguyễn Phú Trọng nhấn mạnh quan điểm đảng phải đi đôi với làm”, gương mẫu chấp hành các nghị quyết, chính sách, pháp luật của Đảng nước.",3,rule_based,deterministic-rule-baseline-precomputed,analysis_csv,0.0,word_dropout_15pct,ok
vi-zh-2022-test-0065,越共十三届四中全会上，越共中央总书记阮富仲特别强调了党员要“言行一致”，在执行党和国家决议、政策、法律中发挥表率作用的观点。,"Tại Hội nghị Trung ương 4, khóa XIII lần này, Tổng Bí thư Nguyễn Phú Trọng nhấn mạnh quan điểm đảng viên phải “nói đi đôi với làm”, gương mẫu chấp hành các nghị quyết, chính sách, pháp luật của Đảng và Nhà nước.","Hội khóa nghị XIII lần Tổng Bí thư Nguyễn Phú Trọng nhấn đảng phải “nói đôi với gương mẫu hành các nghị quyết, chính sách, pháp luật của Đảng và nước.",4,rule_based,deterministic-rule-baseline-precomputed,analysis_csv,0.0,word_dropout_30pct_and_swap,ok
vi-zh-2022-test-0065,越共十三届四中全会上，越共中央总书记阮富仲特别强调了党员要“言行一致”，在执行党和国家决议、政策、法律中发挥表率作用的观点。,"Tại Hội nghị Trung ương 4, khóa XIII lần này, Tổng Bí thư Nguyễn Phú Trọng nhấn mạnh quan điểm đảng viên phải “nói đi đôi với làm”, gương mẫu chấp hành các nghị quyết, chính sách, pháp luật của Đảng và Nhà nước.",Hội khóa XIII lần Tổng Bí thư Phú điểm “nói với mẫu chấp nghị quyết chính pháp luật của Đảng và Nhà,5,rule_based,deterministic-rule-baseline-precomputed,analysis_csv,0.0,word_dropout_50pct_and_punctuation_remove,ok
vi-zh-2022-test-0066,阮富仲指出，每一名中央委员会委员的责任，就是要发挥一把手的表率作用。,"Tổng Bí thư nêu rất rõ trách nhiệm của mỗi Ủy viên Trung ương phải gương mẫu, phải gánh trọng trách là người đứng đầu.","Tổng Bí thư nêu rất rõ trách nhiệm của mỗi Ủy viên Trung ương phải gương mẫu, phải gánh trọng trách là người đứng đầu.",0,rule_based,deterministic-rule-baseline-precomputed,analysis_csv,0.0,identity,ok
vi-zh-2022-test-0066,阮富仲指出，每一名中央委员会委员的责任，就是要发挥一把手的表率作用。,"Tổng Bí thư nêu rất rõ trách nhiệm của mỗi Ủy viên Trung ương phải gương mẫu, phải gánh trọng trách là người đứng đầu.","Tong Bí thư nêu rất rõ trách nhiệm của mỗi Ủy viên Trung ương phải gương mẫu, phải gánh trọng trách là người đứng đầu.",1,rule_based,deterministic-rule-baseline-precomputed,analysis_csv,0.0,remove_one_tone,ok
vi-zh-2022-test-0066,阮富仲指出，每一名中央委员会委员的责任，就是要发挥一把手的表率作用。,"Tổng Bí thư nêu rất rõ trách nhiệm của mỗi Ủy viên Trung ương phải gương mẫu, phải gánh trọng trách là người đứng đầu.","Tong Bi thu neu rat ro trach nhiem cua moi Uy vien uong phai guong mau, phai ganh trong trach la nguoi đung đau.",2,rule_based,deterministic-rule-baseline-precomputed,analysis_csv,0.0,remove_tones_and_drop_one_word,ok
vi-zh-2022-test-0066,阮富仲指出，每一名中央委员会委员的责任，就是要发挥一把手的表率作用。,"Tổng Bí thư nêu rất rõ trách nhiệm của mỗi Ủy viên Trung ương phải gương mẫu, phải gánh trọng trách là người đứng đầu.","thư nêu rất rõ trách nhiệm của Ủy viên Trung ương phải gương mẫu, phải gánh trọng là người đứng đầu.",3,rule_based,deterministic-rule-baseline-precomputed,analysis_csv,0.0,word_dropout_15pct,ok
vi-zh-2022-test-0066,阮富仲指出，每一名中央委员会委员的责任，就是要发挥一把手的表率作用。,"Tổng Bí thư nêu rất rõ trách nhiệm của mỗi Ủy viên Trung ương phải gương mẫu, phải gánh trọng trách là người đứng đầu.",Tổng rõ nêu trách nhiệm của mỗi viên ương phải gương gánh trọng trách là người đứng đầu.,4,rule_based,deterministic-rule-baseline-precomputed,analysis_csv,0.0,word_dropout_30pct_and_swap,ok
vi-zh-2022-test-0066,阮富仲指出，每一名中央委员会委员的责任，就是要发挥一把手的表率作用。,"Tổng Bí thư nêu rất rõ trách nhiệm của mỗi Ủy viên Trung ương phải gương mẫu, phải gánh trọng trách là người đứng đầu.",Tổng Bí nhiệm của viên ương gương mẫu phải trách là đầu,5,rule_based,deterministic-rule-baseline-precomputed,analysis_csv,0.0,word_dropout_50pct_and_punctuation_remove,ok
vi-zh-2022-test-0067,越共十三届四中全会强调打击由政治思想、道德、生活作风堕落现象引发的消极现象，从而加强建党整党。,"Hội nghị Trung ương 4 khóa XIII nhấn mạnh chủ trương chống tiêu cực do suy thoái về tư tưởng, chính trị, đạo đức và lối sống để xây dựng, chỉnh đốn Đảng.","Hội nghị Trung ương 4 khóa XIII nhấn mạnh chủ trương chống tiêu cực do suy thoái về tư tưởng, chính trị, đạo đức và lối sống để xây dựng, chỉnh đốn Đảng.",0,rule_based,deterministic-rule-baseline-precomputed,analysis_csv,0.0,identity,ok
vi-zh-2022-test-0067,越共十三届四中全会强调打击由政治思想、道德、生活作风堕落现象引发的消极现象，从而加强建党整党。,"Hội nghị Trung ương 4 khóa XIII nhấn mạnh chủ trương chống tiêu cực do suy thoái về tư tưởng, chính trị, đạo đức và lối sống để xây dựng, chỉnh đốn Đảng.","Hoi nghị Trung ương 4 khóa XIII nhấn mạnh chủ trương chống tiêu cực do suy thoái về tư tưởng, chính trị, đạo đức và lối sống để xây dựng, chỉnh đốn Đảng.",1,rule_based,deterministic-rule-baseline-precomputed,analysis_csv,0.0,remove_one_tone,ok
vi-zh-2022-test-0067,越共十三届四中全会强调打击由政治思想、道德、生活作风堕落现象引发的消极现象，从而加强建党整党。,"Hội nghị Trung ương 4 khóa XIII nhấn mạnh chủ trương chống tiêu cực do suy thoái về tư tưởng, chính trị, đạo đức và lối sống để xây dựng, chỉnh đốn Đảng.","Hoi nghi Trung uong 4 khoa XIII nhan manh chu truong chong tieu cuc do suy ve tu tuong, chinh tri, đao đuc va loi song đe xay dung, chinh đon Đang.",2,rule_based,deterministic-rule-baseline-precomputed,analysis_csv,0.0,remove_tones_and_drop_one_word,ok
vi-zh-2022-test-0067,越共十三届四中全会强调打击由政治思想、道德、生活作风堕落现象引发的消极现象，从而加强建党整党。,"Hội nghị Trung ương 4 khóa XIII nhấn mạnh chủ trương chống tiêu cực do suy thoái về tư tưởng, chính trị, đạo đức và lối sống để xây dựng, chỉnh đốn Đảng.","Hội Trung ương 4 khóa nhấn chủ chống tiêu cực do suy thoái về tư tưởng, chính trị, đạo đức và lối sống để xây dựng, chỉnh Đảng.",3,rule_based,deterministic-rule-baseline-precomputed,analysis_csv,0.0,word_dropout_15pct,ok
vi-zh-2022-test-0067,越共十三届四中全会强调打击由政治思想、道德、生活作风堕落现象引发的消极现象，从而加强建党整党。,"Hội nghị Trung ương 4 khóa XIII nhấn mạnh chủ trương chống tiêu cực do suy thoái về tư tưởng, chính trị, đạo đức và lối sống để xây dựng, chỉnh đốn Đảng.","Hội Trung nghị ương 4 khóa XIII nhấn chủ chống cực suy về tư tưởng, chính đạo lối sống xây dựng, chỉnh đốn",4,rule_based,deterministic-rule-baseline-precomputed,analysis_csv,0.0,word_dropout_30pct_and_swap,ok
vi-zh-2022-test-0067,越共十三届四中全会强调打击由政治思想、道德、生活作风堕落现象引发的消极现象，从而加强建党整党。,"Hội nghị Trung ương 4 khóa XIII nhấn mạnh chủ trương chống tiêu cực do suy thoái về tư tưởng, chính trị, đạo đức và lối sống để xây dựng, chỉnh đốn Đảng.",nghị Trung 4 XIII nhấn chủ trương suy thoái tư tưởng chính trị đạo đức dựng,5,rule_based,deterministic-rule-baseline-precomputed,analysis_csv,0.0,word_dropout_50pct_and_punctuation_remove,ok
vi-zh-2022-test-0068,因为，消极现象是其他堕落现象特别是贪腐行为的根源。,"Bởi tiêu cực là “cái gốc” là nguồn để đi đến những suy thoái khác, đặc biệt là tham nhũng.","Bởi tiêu cực là “cái gốc” là nguồn để đi đến những suy thoái khác, đặc biệt là tham nhũng.",0,rule_based,deterministic-rule-baseline-precomputed,analysis_csv,0.0,identity,ok
vi-zh-2022-test-0068,因为，消极现象是其他堕落现象特别是贪腐行为的根源。,"Bởi tiêu cực là “cái gốc” là nguồn để đi đến những suy thoái khác, đặc biệt là tham nhũng.","Boi tiêu cực là “cái gốc” là nguồn để đi đến những suy thoái khác, đặc biệt là tham nhũng.",1,rule_based,deterministic-rule-baseline-precomputed,analysis_csv,0.0,remove_one_tone,ok
vi-zh-2022-test-0068,因为，消极现象是其他堕落现象特别是贪腐行为的根源。,"Bởi tiêu cực là “cái gốc” là nguồn để đi đến những suy thoái khác, đặc biệt là tham nhũng.","Boi tieu cuc la “cai goc” la nguon đe đi nhung suy thoai khac, đac biet la tham nhung.",2,rule_based,deterministic-rule-baseline-precomputed,analysis_csv,0.0,remove_tones_and_drop_one_word,ok
vi-zh-2022-test-0068,因为，消极现象是其他堕落现象特别是贪腐行为的根源。,"Bởi tiêu cực là “cái gốc” là nguồn để đi đến những suy thoái khác, đặc biệt là tham nhũng.","Bởi tiêu cực là “cái gốc” là nguồn để đi đến những thoái khác, đặc là nhũng.",3,rule_based,deterministic-rule-baseline-precomputed,analysis_csv,0.0,word_dropout_15pct,ok
vi-zh-2022-test-0068,因为，消极现象是其他堕落现象特别是贪腐行为的根源。,"Bởi tiêu cực là “cái gốc” là nguồn để đi đến những suy thoái khác, đặc biệt là tham nhũng.","Bởi là cực “cái nguồn để đi đến thoái khác, đặc biệt tham nhũng.",4,rule_based,deterministic-rule-baseline-precomputed,analysis_csv,0.0,word_dropout_30pct_and_swap,ok
vi-zh-2022-test-0068,因为，消极现象是其他堕落现象特别是贪腐行为的根源。,"Bởi tiêu cực là “cái gốc” là nguồn để đi đến những suy thoái khác, đặc biệt là tham nhũng.",là “cái là để đi đến suy thoái đặc là,5,rule_based,deterministic-rule-baseline-precomputed,analysis_csv,0.0,word_dropout_50pct_and_punctuation_remove,ok
vi-zh-2022-test-0069,对此，国会文化、教育和青少年儿童委员会前副主任阮曰职认为，党员不自我锻炼，反而道德、生活作风堕落，那么将滑向“自我演变”、“自我转化”。,"Về vấn đề này, tiến sỹ Nguyễn Viết Chức, nguyên Phó Chủ nhiệm Ủy ban văn hóa giáo dục thanh niên, thiếu niên nhi đồng của Quốc hội, lập luận rằng: đảng viên không rèn luyện, suy thoái đạo đức lối sống thì sẽ dẫn đến “tự diễn biến”, “tự chuyển hóa”","Về vấn đề này, tiến sỹ Nguyễn Viết Chức, nguyên Phó Chủ nhiệm Ủy ban văn hóa giáo dục thanh niên, thiếu niên nhi đồng của Quốc hội, lập luận rằng: đảng viên không rèn luyện, suy thoái đạo đức lối sống thì sẽ dẫn đến “tự diễn biến”, “tự chuyển hóa”",0,rule_based,deterministic-rule-baseline-precomputed,analysis_csv,0.0,identity,ok
vi-zh-2022-test-0069,对此，国会文化、教育和青少年儿童委员会前副主任阮曰职认为，党员不自我锻炼，反而道德、生活作风堕落，那么将滑向“自我演变”、“自我转化”。,"Về vấn đề này, tiến sỹ Nguyễn Viết Chức, nguyên Phó Chủ nhiệm Ủy ban văn hóa giáo dục thanh niên, thiếu niên nhi đồng của Quốc hội, lập luận rằng: đảng viên không rèn luyện, suy thoái đạo đức lối sống thì sẽ dẫn đến “tự diễn biến”, “tự chuyển hóa”","Ve vấn đề này, tiến sỹ Nguyễn Viết Chức, nguyên Phó Chủ nhiệm Ủy ban văn hóa giáo dục thanh niên, thiếu niên nhi đồng của Quốc hội, lập luận rằng: đảng viên không rèn luyện, suy thoái đạo đức lối sống thì sẽ dẫn đến “tự diễn biến”, “tự chuyển hóa”",1,rule_based,deterministic-rule-baseline-precomputed,analysis_csv,0.0,remove_one_tone,ok
vi-zh-2022-test-0069,对此，国会文化、教育和青少年儿童委员会前副主任阮曰职认为，党员不自我锻炼，反而道德、生活作风堕落，那么将滑向“自我演变”、“自我转化”。,"Về vấn đề này, tiến sỹ Nguyễn Viết Chức, nguyên Phó Chủ nhiệm Ủy ban văn hóa giáo dục thanh niên, thiếu niên nhi đồng của Quốc hội, lập luận rằng: đảng viên không rèn luyện, suy thoái đạo đức lối sống thì sẽ dẫn đến “tự diễn biến”, “tự chuyển hóa”","Ve van đe nay, tien sy Nguyen Viet Chuc, nguyen Pho Chu nhiem Uy ban van hoa giao duc thanh nien, thieu nien nhi đong cua hoi, lap luan rang: đang vien khong ren luyen, suy thoai đao đuc loi song thi se dan đen “tu dien bien”, “tu chuyen hoa”",2,rule_based,deterministic-rule-baseline-precomputed,analysis_csv,0.0,remove_tones_and_drop_one_word,ok
vi-zh-2022-test-0069,对此，国会文化、教育和青少年儿童委员会前副主任阮曰职认为，党员不自我锻炼，反而道德、生活作风堕落，那么将滑向“自我演变”、“自我转化”。,"Về vấn đề này, tiến sỹ Nguyễn Viết Chức, nguyên Phó Chủ nhiệm Ủy ban văn hóa giáo dục thanh niên, thiếu niên nhi đồng của Quốc hội, lập luận rằng: đảng viên không rèn luyện, suy thoái đạo đức lối sống thì sẽ dẫn đến “tự diễn biến”, “tự chuyển hóa”","vấn này, tiến sỹ Nguyễn Viết nguyên Chủ nhiệm Ủy ban văn hóa giáo dục thanh thiếu niên nhi đồng của lập luận rằng: đảng không rèn luyện, suy thoái đạo đức lối sống thì sẽ dẫn đến “tự diễn biến”, “tự chuyển hóa”",3,rule_based,deterministic-rule-baseline-precomputed,analysis_csv,0.0,word_dropout_15pct,ok
vi-zh-2022-test-0069,对此，国会文化、教育和青少年儿童委员会前副主任阮曰职认为，党员不自我锻炼，反而道德、生活作风堕落，那么将滑向“自我演变”、“自我转化”。,"Về vấn đề này, tiến sỹ Nguyễn Viết Chức, nguyên Phó Chủ nhiệm Ủy ban văn hóa giáo dục thanh niên, thiếu niên nhi đồng của Quốc hội, lập luận rằng: đảng viên không rèn luyện, suy thoái đạo đức lối sống thì sẽ dẫn đến “tự diễn biến”, “tự chuyển hóa”","Về này, đề tiến sỹ Nguyễn Viết nguyên Chủ nhiệm Ủy văn hóa dục thiếu niên nhi của lập rằng: viên rèn luyện, suy thoái đức lối sống thì sẽ dẫn đến “tự biến”, “tự hóa”",4,rule_based,deterministic-rule-baseline-precomputed,analysis_csv,0.0,word_dropout_30pct_and_swap,ok
vi-zh-2022-test-0069,对此，国会文化、教育和青少年儿童委员会前副主任阮曰职认为，党员不自我锻炼，反而道德、生活作风堕落，那么将滑向“自我演变”、“自我转化”。,"Về vấn đề này, tiến sỹ Nguyễn Viết Chức, nguyên Phó Chủ nhiệm Ủy ban văn hóa giáo dục thanh niên, thiếu niên nhi đồng của Quốc hội, lập luận rằng: đảng viên không rèn luyện, suy thoái đạo đức lối sống thì sẽ dẫn đến “tự diễn biến”, “tự chuyển hóa”",Về vấn tiến Viết Chức văn hóa giáo thanh niên của Quốc hội lập rằng viên rèn luyện thoái đạo đức lối sống thì “tự diễn,5,rule_based,deterministic-rule-baseline-precomputed,analysis_csv,0.0,word_dropout_50pct_and_punctuation_remove,ok
vi-zh-2022-test-0070,理解‘自我演变’是什么，就明白建设纯洁、强大的党就是预防‘自我演变’现象的根本措施”。,"Phải hiểu tự diễn biến là gì, rõ ràng làm trong sạch vững mạnh đấy chính là biện pháp chống tự diễn biến tận gốc sâu sắc nhất.","Phải hiểu tự diễn biến là gì, rõ ràng làm trong sạch vững mạnh đấy chính là biện pháp chống tự diễn biến tận gốc sâu sắc nhất.",0,rule_based,deterministic-rule-baseline-precomputed,analysis_csv,0.0,identity,ok
vi-zh-2022-test-0070,理解‘自我演变’是什么，就明白建设纯洁、强大的党就是预防‘自我演变’现象的根本措施”。,"Phải hiểu tự diễn biến là gì, rõ ràng làm trong sạch vững mạnh đấy chính là biện pháp chống tự diễn biến tận gốc sâu sắc nhất.","Phai hiểu tự diễn biến là gì, rõ ràng làm trong sạch vững mạnh đấy chính là biện pháp chống tự diễn biến tận gốc sâu sắc nhất.",1,rule_based,deterministic-rule-baseline-precomputed,analysis_csv,0.0,remove_one_tone,ok
vi-zh-2022-test-0070,理解‘自我演变’是什么，就明白建设纯洁、强大的党就是预防‘自我演变’现象的根本措施”。,"Phải hiểu tự diễn biến là gì, rõ ràng làm trong sạch vững mạnh đấy chính là biện pháp chống tự diễn biến tận gốc sâu sắc nhất.","Phai hieu tu dien bien la gi, ro rang lam trong sach vung manh chinh la bien phap chong tu dien bien tan goc sau sac nhat.",2,rule_based,deterministic-rule-baseline-precomputed,analysis_csv,0.0,remove_tones_and_drop_one_word,ok
vi-zh-2022-test-0070,理解‘自我演变’是什么，就明白建设纯洁、强大的党就是预防‘自我演变’现象的根本措施”。,"Phải hiểu tự diễn biến là gì, rõ ràng làm trong sạch vững mạnh đấy chính là biện pháp chống tự diễn biến tận gốc sâu sắc nhất.","Phải hiểu tự diễn biến là gì, rõ ràng làm trong sạch vững đấy chính là biện pháp chống diễn tận gốc sâu nhất.",3,rule_based,deterministic-rule-baseline-precomputed,analysis_csv,0.0,word_dropout_15pct,ok
vi-zh-2022-test-0070,理解‘自我演变’是什么，就明白建设纯洁、强大的党就是预防‘自我演变’现象的根本措施”。,"Phải hiểu tự diễn biến là gì, rõ ràng làm trong sạch vững mạnh đấy chính là biện pháp chống tự diễn biến tận gốc sâu sắc nhất.","Phải diễn hiểu biến gì, rõ làm vững mạnh chính là biện pháp chống tự biến tận gốc sắc nhất.",4,rule_based,deterministic-rule-baseline-precomputed,analysis_csv,0.0,word_dropout_30pct_and_swap,ok
vi-zh-2022-test-0070,理解‘自我演变’是什么，就明白建设纯洁、强大的党就是预防‘自我演变’现象的根本措施”。,"Phải hiểu tự diễn biến là gì, rõ ràng làm trong sạch vững mạnh đấy chính là biện pháp chống tự diễn biến tận gốc sâu sắc nhất.",diễn là gì rõ trong sạch vững mạnh đấy là biện tận sâu sắc,5,rule_based,deterministic-rule-baseline-precomputed,analysis_csv,0.0,word_dropout_50pct_and_punctuation_remove,ok
vi-zh-2022-test-0071,这是党建工作中新的领导指导方针。,Đây là phương châm mới trong chỉ đạo thực hiện công tác xây dựng Đảng.,Đây là phương châm mới trong chỉ đạo thực hiện công tác xây dựng Đảng.,0,rule_based,deterministic-rule-baseline-precomputed,analysis_csv,0.0,identity,ok
vi-zh-2022-test-0071,这是党建工作中新的领导指导方针。,Đây là phương châm mới trong chỉ đạo thực hiện công tác xây dựng Đảng.,Đay là phương châm mới trong chỉ đạo thực hiện công tác xây dựng Đảng.,1,rule_based,deterministic-rule-baseline-precomputed,analysis_csv,0.0,remove_one_tone,ok
vi-zh-2022-test-0071,这是党建工作中新的领导指导方针。,Đây là phương châm mới trong chỉ đạo thực hiện công tác xây dựng Đảng.,Đay la phuong cham moi trong chi thuc hien cong tac xay dung Đang.,2,rule_based,deterministic-rule-baseline-precomputed,analysis_csv,0.0,remove_tones_and_drop_one_word,ok
vi-zh-2022-test-0071,这是党建工作中新的领导指导方针。,Đây là phương châm mới trong chỉ đạo thực hiện công tác xây dựng Đảng.,Đây là phương châm mới chỉ đạo thực hiện công tác dựng Đảng.,3,rule_based,deterministic-rule-baseline-precomputed,analysis_csv,0.0,word_dropout_15pct,ok
vi-zh-2022-test-0071,这是党建工作中新的领导指导方针。,Đây là phương châm mới trong chỉ đạo thực hiện công tác xây dựng Đảng.,Đây châm phương trong chỉ thực công xây dựng Đảng.,4,rule_based,deterministic-rule-baseline-precomputed,analysis_csv,0.0,word_dropout_30pct_and_swap,ok
vi-zh-2022-test-0071,这是党建工作中新的领导指导方针。,Đây là phương châm mới trong chỉ đạo thực hiện công tác xây dựng Đảng.,Đây là phương mới trong công tác Đảng,5,rule_based,deterministic-rule-baseline-precomputed,analysis_csv,0.0,word_dropout_50pct_and_punctuation_remove,ok
vi-zh-2022-test-0072,越共十三届四中全会特别强调了发挥党员在建党整党，提高党的战斗力等工作中的先锋作用问题。,"Hội nghị Trung ương 4 lần này có ý nghĩa quan trọng trong việc phát huy tính tiên phong của cán bộ, đảng viên trong công tác xây dựng, chỉnh đốn Đảng, nâng cao năng lực sức chiến đấu của Đảng.","Hội nghị Trung ương 4 lần này có ý nghĩa quan trọng trong việc phát huy tính tiên phong của cán bộ, đảng viên trong công tác xây dựng, chỉnh đốn Đảng, nâng cao năng lực sức chiến đấu của Đảng.",0,rule_based,deterministic-rule-baseline-precomputed,analysis_csv,0.0,identity,ok
vi-zh-2022-test-0072,越共十三届四中全会特别强调了发挥党员在建党整党，提高党的战斗力等工作中的先锋作用问题。,"Hội nghị Trung ương 4 lần này có ý nghĩa quan trọng trong việc phát huy tính tiên phong của cán bộ, đảng viên trong công tác xây dựng, chỉnh đốn Đảng, nâng cao năng lực sức chiến đấu của Đảng.","Hoi nghị Trung ương 4 lần này có ý nghĩa quan trọng trong việc phát huy tính tiên phong của cán bộ, đảng viên trong công tác xây dựng, chỉnh đốn Đảng, nâng cao năng lực sức chiến đấu của Đảng.",1,rule_based,deterministic-rule-baseline-precomputed,analysis_csv,0.0,remove_one_tone,ok
vi-zh-2022-test-0072,越共十三届四中全会特别强调了发挥党员在建党整党，提高党的战斗力等工作中的先锋作用问题。,"Hội nghị Trung ương 4 lần này có ý nghĩa quan trọng trong việc phát huy tính tiên phong của cán bộ, đảng viên trong công tác xây dựng, chỉnh đốn Đảng, nâng cao năng lực sức chiến đấu của Đảng.","Hoi nghi Trung uong 4 lan nay co y nghia quan trong trong viec phat huy tinh tien phong cua bo, đang vien trong cong tac xay dung, chinh đon Đang, nang cao nang luc suc chien đau cua Đang.",2,rule_based,deterministic-rule-baseline-precomputed,analysis_csv,0.0,remove_tones_and_drop_one_word,ok
vi-zh-2022-test-0072,越共十三届四中全会特别强调了发挥党员在建党整党，提高党的战斗力等工作中的先锋作用问题。,"Hội nghị Trung ương 4 lần này có ý nghĩa quan trọng trong việc phát huy tính tiên phong của cán bộ, đảng viên trong công tác xây dựng, chỉnh đốn Đảng, nâng cao năng lực sức chiến đấu của Đảng.","Hội nghị Trung ương 4 lần có ý nghĩa quan trọng trong việc phát huy phong của cán bộ, đảng viên trong công tác chỉnh đốn Đảng, nâng cao lực sức chiến đấu của Đảng.",3,rule_based,deterministic-rule-baseline-precomputed,analysis_csv,0.0,word_dropout_15pct,ok
vi-zh-2022-test-0072,越共十三届四中全会特别强调了发挥党员在建党整党，提高党的战斗力等工作中的先锋作用问题。,"Hội nghị Trung ương 4 lần này có ý nghĩa quan trọng trong việc phát huy tính tiên phong của cán bộ, đảng viên trong công tác xây dựng, chỉnh đốn Đảng, nâng cao năng lực sức chiến đấu của Đảng.","Hội 4 nghị này nghĩa quan trọng trong phát huy tính phong của cán bộ, viên trong công dựng, đốn Đảng, nâng cao năng lực sức chiến đấu Đảng.",4,rule_based,deterministic-rule-baseline-precomputed,analysis_csv,0.0,word_dropout_30pct_and_swap,ok
vi-zh-2022-test-0072,越共十三届四中全会特别强调了发挥党员在建党整党，提高党的战斗力等工作中的先锋作用问题。,"Hội nghị Trung ương 4 lần này có ý nghĩa quan trọng trong việc phát huy tính tiên phong của cán bộ, đảng viên trong công tác xây dựng, chỉnh đốn Đảng, nâng cao năng lực sức chiến đấu của Đảng.",Hội lần này ý trọng trong huy phong đảng công xây dựng đốn nâng năng lực sức chiến của Đảng,5,rule_based,deterministic-rule-baseline-precomputed,analysis_csv,0.0,word_dropout_50pct_and_punctuation_remove,ok
vi-zh-2022-test-0073,只要每一名党员都真正发挥表率作用，击退消极，坚决与“自我演变”、“自我转化”现象作斗争，那么越南共产党就一定能不断发展强大，不辜负人民的信任。,"Chỉ cần mỗi đảng viên thực sự gương mẫu, đẩy lùi tiêu cực, chống lại các biểu hiện “tự diễn biến”, “tự chuyển hóa” thì nhất định Đảng cộng sản Việt Nam vững mạnh, đáp ứng niềm tin tưởng của nhân dân.","Chỉ cần mỗi đảng viên thực sự gương mẫu, đẩy lùi tiêu cực, chống lại các biểu hiện “tự diễn biến”, “tự chuyển hóa” thì nhất định Đảng cộng sản Việt Nam vững mạnh, đáp ứng niềm tin tưởng của nhân dân.",0,rule_based,deterministic-rule-baseline-precomputed,analysis_csv,0.0,identity,ok
vi-zh-2022-test-0073,只要每一名党员都真正发挥表率作用，击退消极，坚决与“自我演变”、“自我转化”现象作斗争，那么越南共产党就一定能不断发展强大，不辜负人民的信任。,"Chỉ cần mỗi đảng viên thực sự gương mẫu, đẩy lùi tiêu cực, chống lại các biểu hiện “tự diễn biến”, “tự chuyển hóa” thì nhất định Đảng cộng sản Việt Nam vững mạnh, đáp ứng niềm tin tưởng của nhân dân.","Chi cần mỗi đảng viên thực sự gương mẫu, đẩy lùi tiêu cực, chống lại các biểu hiện “tự diễn biến”, “tự chuyển hóa” thì nhất định Đảng cộng sản Việt Nam vững mạnh, đáp ứng niềm tin tưởng của nhân dân.",1,rule_based,deterministic-rule-baseline-precomputed,analysis_csv,0.0,remove_one_tone,ok
vi-zh-2022-test-0073,只要每一名党员都真正发挥表率作用，击退消极，坚决与“自我演变”、“自我转化”现象作斗争，那么越南共产党就一定能不断发展强大，不辜负人民的信任。,"Chỉ cần mỗi đảng viên thực sự gương mẫu, đẩy lùi tiêu cực, chống lại các biểu hiện “tự diễn biến”, “tự chuyển hóa” thì nhất định Đảng cộng sản Việt Nam vững mạnh, đáp ứng niềm tin tưởng của nhân dân.","Chi can moi đang vien thuc su guong mau, đay lui tieu cuc, chong lai cac bieu hien “tu dien bien”, chuyen hoa” thi nhat đinh Đang cong san Viet Nam vung manh, đap ung niem tin tuong cua nhan dan.",2,rule_based,deterministic-rule-baseline-precomputed,analysis_csv,0.0,remove_tones_and_drop_one_word,ok
vi-zh-2022-test-0073,只要每一名党员都真正发挥表率作用，击退消极，坚决与“自我演变”、“自我转化”现象作斗争，那么越南共产党就一定能不断发展强大，不辜负人民的信任。,"Chỉ cần mỗi đảng viên thực sự gương mẫu, đẩy lùi tiêu cực, chống lại các biểu hiện “tự diễn biến”, “tự chuyển hóa” thì nhất định Đảng cộng sản Việt Nam vững mạnh, đáp ứng niềm tin tưởng của nhân dân.","Chỉ cần viên thực sự mẫu, đẩy lùi tiêu cực, lại các biểu “tự diễn biến”, “tự chuyển hóa” thì nhất định Đảng sản Việt Nam vững mạnh, đáp ứng niềm tin tưởng của nhân dân.",3,rule_based,deterministic-rule-baseline-precomputed,analysis_csv,0.0,word_dropout_15pct,ok
vi-zh-2022-test-0073,只要每一名党员都真正发挥表率作用，击退消极，坚决与“自我演变”、“自我转化”现象作斗争，那么越南共产党就一定能不断发展强大，不辜负人民的信任。,"Chỉ cần mỗi đảng viên thực sự gương mẫu, đẩy lùi tiêu cực, chống lại các biểu hiện “tự diễn biến”, “tự chuyển hóa” thì nhất định Đảng cộng sản Việt Nam vững mạnh, đáp ứng niềm tin tưởng của nhân dân.","Chỉ viên cần thực sự mẫu, lùi tiêu cực, chống lại các biểu “tự chuyển hóa” thì nhất Đảng cộng Việt mạnh, đáp ứng niềm tin của nhân dân.",4,rule_based,deterministic-rule-baseline-precomputed,analysis_csv,0.0,word_dropout_30pct_and_swap,ok
vi-zh-2022-test-0073,只要每一名党员都真正发挥表率作用，击退消极，坚决与“自我演变”、“自我转化”现象作斗争，那么越南共产党就一定能不断发展强大，不辜负人民的信任。,"Chỉ cần mỗi đảng viên thực sự gương mẫu, đẩy lùi tiêu cực, chống lại các biểu hiện “tự diễn biến”, “tự chuyển hóa” thì nhất định Đảng cộng sản Việt Nam vững mạnh, đáp ứng niềm tin tưởng của nhân dân.",đảng viên thực đẩy lùi tiêu cực chống lại các biểu biến” “tự chuyển hóa” sản vững ứng niềm tin tưởng,5,rule_based,deterministic-rule-baseline-precomputed,analysis_csv,0.0,word_dropout_50pct_and_punctuation_remove,ok
vi-zh-2022-test-0074,为期三天半的越南共产党第十三届中央委员会第四次会议10月7日在河内落幕。,"Ngày 7/10/2021, Hội nghị lần thứ 4 Ban chấp hành Trung ương Đảng cộng sản Việt Nam khóa XIII kết thúc sau ba ngày rưỡi làm việc tại Hà Nội.","Ngày 7/10/2021, Hội nghị lần thứ 4 Ban chấp hành Trung ương Đảng cộng sản Việt Nam khóa XIII kết thúc sau ba ngày rưỡi làm việc tại Hà Nội.",0,rule_based,deterministic-rule-baseline-precomputed,analysis_csv,0.0,identity,ok
vi-zh-2022-test-0074,为期三天半的越南共产党第十三届中央委员会第四次会议10月7日在河内落幕。,"Ngày 7/10/2021, Hội nghị lần thứ 4 Ban chấp hành Trung ương Đảng cộng sản Việt Nam khóa XIII kết thúc sau ba ngày rưỡi làm việc tại Hà Nội.","Ngay 7/10/2021, Hội nghị lần thứ 4 Ban chấp hành Trung ương Đảng cộng sản Việt Nam khóa XIII kết thúc sau ba ngày rưỡi làm việc tại Hà Nội.",1,rule_based,deterministic-rule-baseline-precomputed,analysis_csv,0.0,remove_one_tone,ok
vi-zh-2022-test-0074,为期三天半的越南共产党第十三届中央委员会第四次会议10月7日在河内落幕。,"Ngày 7/10/2021, Hội nghị lần thứ 4 Ban chấp hành Trung ương Đảng cộng sản Việt Nam khóa XIII kết thúc sau ba ngày rưỡi làm việc tại Hà Nội.","Ngay 7/10/2021, Hoi nghi lan thu 4 Ban chap hanh Trung uong Đang cong san Nam khoa XIII ket thuc sau ba ngay ruoi lam viec tai Ha Noi.",2,rule_based,deterministic-rule-baseline-precomputed,analysis_csv,0.0,remove_tones_and_drop_one_word,ok
vi-zh-2022-test-0074,为期三天半的越南共产党第十三届中央委员会第四次会议10月7日在河内落幕。,"Ngày 7/10/2021, Hội nghị lần thứ 4 Ban chấp hành Trung ương Đảng cộng sản Việt Nam khóa XIII kết thúc sau ba ngày rưỡi làm việc tại Hà Nội.",Ngày Hội nghị lần thứ 4 Ban chấp hành Trung Đảng cộng sản Nam khóa XIII thúc sau ba ngày rưỡi làm việc tại Hà Nội.,3,rule_based,deterministic-rule-baseline-precomputed,analysis_csv,0.0,word_dropout_15pct,ok
vi-zh-2022-test-0074,为期三天半的越南共产党第十三届中央委员会第四次会议10月7日在河内落幕。,"Ngày 7/10/2021, Hội nghị lần thứ 4 Ban chấp hành Trung ương Đảng cộng sản Việt Nam khóa XIII kết thúc sau ba ngày rưỡi làm việc tại Hà Nội.","7/10/2021, thứ Hội 4 Ban chấp Trung ương sản Việt Nam XIII thúc sau ba ngày làm việc tại Hà Nội.",4,rule_based,deterministic-rule-baseline-precomputed,analysis_csv,0.0,word_dropout_30pct_and_swap,ok
vi-zh-2022-test-0074,为期三天半的越南共产党第十三届中央委员会第四次会议10月7日在河内落幕。,"Ngày 7/10/2021, Hội nghị lần thứ 4 Ban chấp hành Trung ương Đảng cộng sản Việt Nam khóa XIII kết thúc sau ba ngày rưỡi làm việc tại Hà Nội.",7/10/2021 Hội thứ 4 hành Trung Đảng cộng Nam khóa XIII kết thúc sau rưỡi,5,rule_based,deterministic-rule-baseline-precomputed,analysis_csv,0.0,word_dropout_50pct_and_punctuation_remove,ok
vi-zh-2022-test-0075,实际表明，自越南共产党建党以来，由于有了一位正确、英明的领袖，从而赢得了一场又一场的胜利，创造了20世纪的多个奇迹。,"Thực tế từ ngày có Đảng, nhân dân Việt Nam đã có người lãnh đạo đúng đắn, sáng suốt, và nhờ thế đã giành được hết thắng lợi này đến thắng lợi khác, lập nên những kỳ tích trong thế kỷ XX.","Thực tế từ ngày có Đảng, nhân dân Việt Nam đã có người lãnh đạo đúng đắn, sáng suốt, và nhờ thế đã giành được hết thắng lợi này đến thắng lợi khác, lập nên những kỳ tích trong thế kỷ XX.",0,rule_based,deterministic-rule-baseline-precomputed,analysis_csv,0.0,identity,ok
vi-zh-2022-test-0075,实际表明，自越南共产党建党以来，由于有了一位正确、英明的领袖，从而赢得了一场又一场的胜利，创造了20世纪的多个奇迹。,"Thực tế từ ngày có Đảng, nhân dân Việt Nam đã có người lãnh đạo đúng đắn, sáng suốt, và nhờ thế đã giành được hết thắng lợi này đến thắng lợi khác, lập nên những kỳ tích trong thế kỷ XX.","Thuc tế từ ngày có Đảng, nhân dân Việt Nam đã có người lãnh đạo đúng đắn, sáng suốt, và nhờ thế đã giành được hết thắng lợi này đến thắng lợi khác, lập nên những kỳ tích trong thế kỷ XX.",1,rule_based,deterministic-rule-baseline-precomputed,analysis_csv,0.0,remove_one_tone,ok
vi-zh-2022-test-0075,实际表明，自越南共产党建党以来，由于有了一位正确、英明的领袖，从而赢得了一场又一场的胜利，创造了20世纪的多个奇迹。,"Thực tế từ ngày có Đảng, nhân dân Việt Nam đã có người lãnh đạo đúng đắn, sáng suốt, và nhờ thế đã giành được hết thắng lợi này đến thắng lợi khác, lập nên những kỳ tích trong thế kỷ XX.","Thuc te tu ngay co Đang, nhan dan Viet Nam đa co nguoi lanh đao đung đan, sang suot, va nho đa gianh đuoc het thang loi nay đen thang loi khac, lap nen nhung ky tich trong the ky XX.",2,rule_based,deterministic-rule-baseline-precomputed,analysis_csv,0.0,remove_tones_and_drop_one_word,ok
vi-zh-2022-test-0075,实际表明，自越南共产党建党以来，由于有了一位正确、英明的领袖，从而赢得了一场又一场的胜利，创造了20世纪的多个奇迹。,"Thực tế từ ngày có Đảng, nhân dân Việt Nam đã có người lãnh đạo đúng đắn, sáng suốt, và nhờ thế đã giành được hết thắng lợi này đến thắng lợi khác, lập nên những kỳ tích trong thế kỷ XX.","Thực tế ngày có Đảng, nhân dân Nam đã có người lãnh đạo đúng đắn, sáng suốt, nhờ thế đã giành được hết lợi đến thắng lợi khác, nên những kỳ tích trong thế kỷ XX.",3,rule_based,deterministic-rule-baseline-precomputed,analysis_csv,0.0,word_dropout_15pct,ok
vi-zh-2022-test-0075,实际表明，自越南共产党建党以来，由于有了一位正确、英明的领袖，从而赢得了一场又一场的胜利，创造了20世纪的多个奇迹。,"Thực tế từ ngày có Đảng, nhân dân Việt Nam đã có người lãnh đạo đúng đắn, sáng suốt, và nhờ thế đã giành được hết thắng lợi này đến thắng lợi khác, lập nên những kỳ tích trong thế kỷ XX.","Thực từ tế có Đảng, nhân dân đã có lãnh đạo đúng suốt, và thế giành được hết lợi này lợi khác, lập nên những tích trong thế kỷ",4,rule_based,deterministic-rule-baseline-precomputed,analysis_csv,0.0,word_dropout_30pct_and_swap,ok
vi-zh-2022-test-0075,实际表明，自越南共产党建党以来，由于有了一位正确、英明的领袖，从而赢得了一场又一场的胜利，创造了20世纪的多个奇迹。,"Thực tế từ ngày có Đảng, nhân dân Việt Nam đã có người lãnh đạo đúng đắn, sáng suốt, và nhờ thế đã giành được hết thắng lợi này đến thắng lợi khác, lập nên những kỳ tích trong thế kỷ XX.",có nhân dân đã người lãnh đạo sáng và nhờ đã giành thắng đến khác lập những kỳ tích trong thế,5,rule_based,deterministic-rule-baseline-precomputed,analysis_csv,0.0,word_dropout_50pct_and_punctuation_remove,ok
vi-zh-2022-test-0076,阮富仲指出：“这次会议提出的新内容是中央委员会按照越共十三大决议精神，不仅在建党整党方面，而且在政治体系建设方面扩大范围；在遏制和打击的同时主动预防、坚决斗争和严厉惩处政治思想、道德、生活作风堕落和贪污腐败等消极现象，同时补充和明确政治思想、道德品质、生活作风堕落以及“自我演变”和“自我转化”的具体表现”。,"Tổng Bí thư Nguyễn Phú Trọng chỉ rõ:Cái mới của lần này là Trung ương đã mở rộng phạm vi, không chỉ trong xây dựng, chỉnh đốn Đảng mà còn bao gồm cả trong xây dựng hệ thống chính trị đúng theo tinh thần Nghị quyết Đại hội XIII của Đảng; cùng với ngăn chặn, đẩy lùi thì phải chủ động phòng ngừa, kiên quyết đấu tranh, xử lý nghiêm sự suy thoái về tư tưởng chính trị, đạo đức, lối sống và những hành vi tham nhũng, tiêu cực.","Tổng Bí thư Nguyễn Phú Trọng chỉ rõ:Cái mới của lần này là Trung ương đã mở rộng phạm vi, không chỉ trong xây dựng, chỉnh đốn Đảng mà còn bao gồm cả trong xây dựng hệ thống chính trị đúng theo tinh thần Nghị quyết Đại hội XIII của Đảng; cùng với ngăn chặn, đẩy lùi thì phải chủ động phòng ngừa, kiên quyết đấu tranh, xử lý nghiêm sự suy thoái về tư tưởng chính trị, đạo đức, lối sống và những hành vi tham nhũng, tiêu cực.",0,rule_based,deterministic-rule-baseline-precomputed,analysis_csv,0.0,identity,ok
vi-zh-2022-test-0076,阮富仲指出：“这次会议提出的新内容是中央委员会按照越共十三大决议精神，不仅在建党整党方面，而且在政治体系建设方面扩大范围；在遏制和打击的同时主动预防、坚决斗争和严厉惩处政治思想、道德、生活作风堕落和贪污腐败等消极现象，同时补充和明确政治思想、道德品质、生活作风堕落以及“自我演变”和“自我转化”的具体表现”。,"Tổng Bí thư Nguyễn Phú Trọng chỉ rõ:Cái mới của lần này là Trung ương đã mở rộng phạm vi, không chỉ trong xây dựng, chỉnh đốn Đảng mà còn bao gồm cả trong xây dựng hệ thống chính trị đúng theo tinh thần Nghị quyết Đại hội XIII của Đảng; cùng với ngăn chặn, đẩy lùi thì phải chủ động phòng ngừa, kiên quyết đấu tranh, xử lý nghiêm sự suy thoái về tư tưởng chính trị, đạo đức, lối sống và những hành vi tham nhũng, tiêu cực.","Tong Bí thư Nguyễn Phú Trọng chỉ rõ:Cái mới của lần này là Trung ương đã mở rộng phạm vi, không chỉ trong xây dựng, chỉnh đốn Đảng mà còn bao gồm cả trong xây dựng hệ thống chính trị đúng theo tinh thần Nghị quyết Đại hội XIII của Đảng; cùng với ngăn chặn, đẩy lùi thì phải chủ động phòng ngừa, kiên quyết đấu tranh, xử lý nghiêm sự suy thoái về tư tưởng chính trị, đạo đức, lối sống và những hành vi tham nhũng, tiêu cực.",1,rule_based,deterministic-rule-baseline-precomputed,analysis_csv,0.0,remove_one_tone,ok
vi-zh-2022-test-0076,阮富仲指出：“这次会议提出的新内容是中央委员会按照越共十三大决议精神，不仅在建党整党方面，而且在政治体系建设方面扩大范围；在遏制和打击的同时主动预防、坚决斗争和严厉惩处政治思想、道德、生活作风堕落和贪污腐败等消极现象，同时补充和明确政治思想、道德品质、生活作风堕落以及“自我演变”和“自我转化”的具体表现”。,"Tổng Bí thư Nguyễn Phú Trọng chỉ rõ:Cái mới của lần này là Trung ương đã mở rộng phạm vi, không chỉ trong xây dựng, chỉnh đốn Đảng mà còn bao gồm cả trong xây dựng hệ thống chính trị đúng theo tinh thần Nghị quyết Đại hội XIII của Đảng; cùng với ngăn chặn, đẩy lùi thì phải chủ động phòng ngừa, kiên quyết đấu tranh, xử lý nghiêm sự suy thoái về tư tưởng chính trị, đạo đức, lối sống và những hành vi tham nhũng, tiêu cực.","Tong Bi thu Nguyen Phu Trong chi ro:Cai moi cua lan nay la Trung uong đa mo rong pham vi, khong chi trong xay dung, chinh đon Đang ma con bao gom ca trong xay dung he thong chinh tri đung theo tinh than Nghi Đai hoi XIII cua Đang; cung voi ngan chan, đay lui thi phai chu đong phong ngua, kien quyet đau tranh, xu ly nghiem su suy thoai ve tu tuong chinh tri, đao đuc, loi song va nhung hanh vi tham nhung, tieu cuc.",2,rule_based,deterministic-rule-baseline-precomputed,analysis_csv,0.0,remove_tones_and_drop_one_word,ok
vi-zh-2022-test-0076,阮富仲指出：“这次会议提出的新内容是中央委员会按照越共十三大决议精神，不仅在建党整党方面，而且在政治体系建设方面扩大范围；在遏制和打击的同时主动预防、坚决斗争和严厉惩处政治思想、道德、生活作风堕落和贪污腐败等消极现象，同时补充和明确政治思想、道德品质、生活作风堕落以及“自我演变”和“自我转化”的具体表现”。,"Tổng Bí thư Nguyễn Phú Trọng chỉ rõ:Cái mới của lần này là Trung ương đã mở rộng phạm vi, không chỉ trong xây dựng, chỉnh đốn Đảng mà còn bao gồm cả trong xây dựng hệ thống chính trị đúng theo tinh thần Nghị quyết Đại hội XIII của Đảng; cùng với ngăn chặn, đẩy lùi thì phải chủ động phòng ngừa, kiên quyết đấu tranh, xử lý nghiêm sự suy thoái về tư tưởng chính trị, đạo đức, lối sống và những hành vi tham nhũng, tiêu cực.","Tổng Bí Nguyễn Trọng chỉ rõ:Cái mới của này là Trung ương đã mở rộng phạm vi, không chỉ trong xây đốn Đảng mà còn bao gồm trong xây dựng hệ chính trị theo tinh thần Nghị quyết Đại hội của Đảng; cùng với ngăn chặn, đẩy thì phải chủ động phòng ngừa, quyết đấu tranh, xử lý sự suy thoái về tư tưởng chính trị, đạo đức, lối sống những hành vi nhũng, tiêu cực.",3,rule_based,deterministic-rule-baseline-precomputed,analysis_csv,0.0,word_dropout_15pct,ok
vi-zh-2022-test-0076,阮富仲指出：“这次会议提出的新内容是中央委员会按照越共十三大决议精神，不仅在建党整党方面，而且在政治体系建设方面扩大范围；在遏制和打击的同时主动预防、坚决斗争和严厉惩处政治思想、道德、生活作风堕落和贪污腐败等消极现象，同时补充和明确政治思想、道德品质、生活作风堕落以及“自我演变”和“自我转化”的具体表现”。,"Tổng Bí thư Nguyễn Phú Trọng chỉ rõ:Cái mới của lần này là Trung ương đã mở rộng phạm vi, không chỉ trong xây dựng, chỉnh đốn Đảng mà còn bao gồm cả trong xây dựng hệ thống chính trị đúng theo tinh thần Nghị quyết Đại hội XIII của Đảng; cùng với ngăn chặn, đẩy lùi thì phải chủ động phòng ngừa, kiên quyết đấu tranh, xử lý nghiêm sự suy thoái về tư tưởng chính trị, đạo đức, lối sống và những hành vi tham nhũng, tiêu cực.","Tổng thư Bí Nguyễn Phú Trọng của lần là Trung ương đã phạm vi, không xây dựng, chỉnh đốn Đảng mà còn bao gồm xây dựng thống chính trị tinh thần Đại XIII của Đảng; đẩy thì phải chủ động kiên quyết đấu tranh, xử lý nghiêm suy thoái tưởng chính trị, đạo đức, lối sống những hành vi tham nhũng, tiêu cực.",4,rule_based,deterministic-rule-baseline-precomputed,analysis_csv,0.0,word_dropout_30pct_and_swap,ok
vi-zh-2022-test-0076,阮富仲指出：“这次会议提出的新内容是中央委员会按照越共十三大决议精神，不仅在建党整党方面，而且在政治体系建设方面扩大范围；在遏制和打击的同时主动预防、坚决斗争和严厉惩处政治思想、道德、生活作风堕落和贪污腐败等消极现象，同时补充和明确政治思想、道德品质、生活作风堕落以及“自我演变”和“自我转化”的具体表现”。,"Tổng Bí thư Nguyễn Phú Trọng chỉ rõ:Cái mới của lần này là Trung ương đã mở rộng phạm vi, không chỉ trong xây dựng, chỉnh đốn Đảng mà còn bao gồm cả trong xây dựng hệ thống chính trị đúng theo tinh thần Nghị quyết Đại hội XIII của Đảng; cùng với ngăn chặn, đẩy lùi thì phải chủ động phòng ngừa, kiên quyết đấu tranh, xử lý nghiêm sự suy thoái về tư tưởng chính trị, đạo đức, lối sống và những hành vi tham nhũng, tiêu cực.",Tổng Bí thư Phú Trọng chỉ mới của này Trung mở rộng phạm không Đảng mà bao gồm xây hệ đúng tinh thần Đại XIII Đảng với đẩy thì phải đấu tranh lý nghiêm suy thoái chính trị đạo đức lối và nhũng tiêu cực,5,rule_based,deterministic-rule-baseline-precomputed,analysis_csv,0.0,word_dropout_50pct_and_punctuation_remove,ok
vi-zh-2022-test-0077,道德和生活堕落表现在自私、投机取巧、谋取个人利益、贪名利、贪权、贪污、消极；搞派系，不团结；官僚主义，远离人民，对人民的困难和迫切需要漠不关心。,"Sự suy thoái về đạo đức, lối sống thể hiện ở chỗ: Sống ích kỷ, thực dụng, cơ hội, vụ lợi, hám danh, hám quyền lực, tham nhũng, tiêu cực; bè phái cục bộ, mất đoàn kết; quan liêu, xa dân, vô cảm trước những khó khăn, bức xúc của dân.","Sự suy thoái về đạo đức, lối sống thể hiện ở chỗ: Sống ích kỷ, thực dụng, cơ hội, vụ lợi, hám danh, hám quyền lực, tham nhũng, tiêu cực; bè phái cục bộ, mất đoàn kết; quan liêu, xa dân, vô cảm trước những khó khăn, bức xúc của dân.",0,rule_based,deterministic-rule-baseline-precomputed,analysis_csv,0.0,identity,ok
vi-zh-2022-test-0077,道德和生活堕落表现在自私、投机取巧、谋取个人利益、贪名利、贪权、贪污、消极；搞派系，不团结；官僚主义，远离人民，对人民的困难和迫切需要漠不关心。,"Sự suy thoái về đạo đức, lối sống thể hiện ở chỗ: Sống ích kỷ, thực dụng, cơ hội, vụ lợi, hám danh, hám quyền lực, tham nhũng, tiêu cực; bè phái cục bộ, mất đoàn kết; quan liêu, xa dân, vô cảm trước những khó khăn, bức xúc của dân.","Su suy thoái về đạo đức, lối sống thể hiện ở chỗ: Sống ích kỷ, thực dụng, cơ hội, vụ lợi, hám danh, hám quyền lực, tham nhũng, tiêu cực; bè phái cục bộ, mất đoàn kết; quan liêu, xa dân, vô cảm trước những khó khăn, bức xúc của dân.",1,rule_based,deterministic-rule-baseline-precomputed,analysis_csv,0.0,remove_one_tone,ok
vi-zh-2022-test-0077,道德和生活堕落表现在自私、投机取巧、谋取个人利益、贪名利、贪权、贪污、消极；搞派系，不团结；官僚主义，远离人民，对人民的困难和迫切需要漠不关心。,"Sự suy thoái về đạo đức, lối sống thể hiện ở chỗ: Sống ích kỷ, thực dụng, cơ hội, vụ lợi, hám danh, hám quyền lực, tham nhũng, tiêu cực; bè phái cục bộ, mất đoàn kết; quan liêu, xa dân, vô cảm trước những khó khăn, bức xúc của dân.","Su suy thoai ve đao đuc, loi song the hien o cho: Song ich ky, thuc dung, co hoi, vu loi, ham danh, ham quyen tham nhung, tieu cuc; be phai cuc bo, mat đoan ket; quan lieu, xa dan, vo cam truoc nhung kho khan, buc xuc cua dan.",2,rule_based,deterministic-rule-baseline-precomputed,analysis_csv,0.0,remove_tones_and_drop_one_word,ok
vi-zh-2022-test-0077,道德和生活堕落表现在自私、投机取巧、谋取个人利益、贪名利、贪权、贪污、消极；搞派系，不团结；官僚主义，远离人民，对人民的困难和迫切需要漠不关心。,"Sự suy thoái về đạo đức, lối sống thể hiện ở chỗ: Sống ích kỷ, thực dụng, cơ hội, vụ lợi, hám danh, hám quyền lực, tham nhũng, tiêu cực; bè phái cục bộ, mất đoàn kết; quan liêu, xa dân, vô cảm trước những khó khăn, bức xúc của dân.","Sự thoái về đạo đức, lối thể hiện ở chỗ: Sống ích kỷ, thực dụng, hội, vụ lợi, hám hám quyền lực, tham nhũng, tiêu cực; bè phái cục bộ, mất đoàn kết; quan liêu, xa cảm những khó bức xúc của dân.",3,rule_based,deterministic-rule-baseline-precomputed,analysis_csv,0.0,word_dropout_15pct,ok
vi-zh-2022-test-0077,道德和生活堕落表现在自私、投机取巧、谋取个人利益、贪名利、贪权、贪污、消极；搞派系，不团结；官僚主义，远离人民，对人民的困难和迫切需要漠不关心。,"Sự suy thoái về đạo đức, lối sống thể hiện ở chỗ: Sống ích kỷ, thực dụng, cơ hội, vụ lợi, hám danh, hám quyền lực, tham nhũng, tiêu cực; bè phái cục bộ, mất đoàn kết; quan liêu, xa dân, vô cảm trước những khó khăn, bức xúc của dân.","Sự thoái suy về đạo đức, lối thể ở Sống ích kỷ, thực cơ vụ hám hám quyền tham nhũng, tiêu bè phái cục mất đoàn quan liêu, xa dân, vô trước những khăn, của dân.",4,rule_based,deterministic-rule-baseline-precomputed,analysis_csv,0.0,word_dropout_30pct_and_swap,ok
vi-zh-2022-test-0077,道德和生活堕落表现在自私、投机取巧、谋取个人利益、贪名利、贪权、贪污、消极；搞派系，不团结；官僚主义，远离人民，对人民的困难和迫切需要漠不关心。,"Sự suy thoái về đạo đức, lối sống thể hiện ở chỗ: Sống ích kỷ, thực dụng, cơ hội, vụ lợi, hám danh, hám quyền lực, tham nhũng, tiêu cực; bè phái cục bộ, mất đoàn kết; quan liêu, xa dân, vô cảm trước những khó khăn, bức xúc của dân.",Sự suy thoái về đạo lối ở chỗ Sống kỷ cơ vụ lợi hám lực tham nhũng bè mất đoàn kết dân khó khăn của dân,5,rule_based,deterministic-rule-baseline-precomputed,analysis_csv,0.0,word_dropout_50pct_and_punctuation_remove,ok
vi-zh-2022-test-0078,阮富仲说：“越共中央高度一致认为，要围绕越共十二届四中全会提出的四项任务和措施，更加配套、彻底地开展更多具体、切实的工作；同时补充和强调以下两项任务和措施：建设各级干部队伍特别是战略性干部队伍，及具备与任务相匹配的能力和威信的领导干部；坚决、坚持反腐倡廉，严惩违法干部”。,"Tổng bí thư Nguyễn Phú Trọng nêu rõ: Trung ương thống nhất cao phải tiến hành đồng bộ và quyết liệt hơn nữa nhiều công việc cụ thể, thiết thực, tập trung vào 4 nhóm nhiệm vụ, giải pháp mà Hội nghị Trung ương 4 khoá XII đã đề ra; đồng thời bổ sung nhấn mạnh thêm 2 nhóm nhiệm vụ, giải pháp là: Xây dựng đội ngũ cán bộ các cấp, nhất là cấp chiến lược và người đứng đầu đủ phẩm chất, năng lực và uy tín, ngang tầm nhiệm vụ; Kiên quyết, kiên trì đấu tranh phòng, chống tham nhũng, tiêu cực, xử lý nghiêm cán bộ sai phạm.","Tổng bí thư Nguyễn Phú Trọng nêu rõ: Trung ương thống nhất cao phải tiến hành đồng bộ và quyết liệt hơn nữa nhiều công việc cụ thể, thiết thực, tập trung vào 4 nhóm nhiệm vụ, giải pháp mà Hội nghị Trung ương 4 khoá XII đã đề ra; đồng thời bổ sung nhấn mạnh thêm 2 nhóm nhiệm vụ, giải pháp là: Xây dựng đội ngũ cán bộ các cấp, nhất là cấp chiến lược và người đứng đầu đủ phẩm chất, năng lực và uy tín, ngang tầm nhiệm vụ; Kiên quyết, kiên trì đấu tranh phòng, chống tham nhũng, tiêu cực, xử lý nghiêm cán bộ sai phạm.",0,rule_based,deterministic-rule-baseline-precomputed,analysis_csv,0.0,identity,ok
vi-zh-2022-test-0078,阮富仲说：“越共中央高度一致认为，要围绕越共十二届四中全会提出的四项任务和措施，更加配套、彻底地开展更多具体、切实的工作；同时补充和强调以下两项任务和措施：建设各级干部队伍特别是战略性干部队伍，及具备与任务相匹配的能力和威信的领导干部；坚决、坚持反腐倡廉，严惩违法干部”。,"Tổng bí thư Nguyễn Phú Trọng nêu rõ: Trung ương thống nhất cao phải tiến hành đồng bộ và quyết liệt hơn nữa nhiều công việc cụ thể, thiết thực, tập trung vào 4 nhóm nhiệm vụ, giải pháp mà Hội nghị Trung ương 4 khoá XII đã đề ra; đồng thời bổ sung nhấn mạnh thêm 2 nhóm nhiệm vụ, giải pháp là: Xây dựng đội ngũ cán bộ các cấp, nhất là cấp chiến lược và người đứng đầu đủ phẩm chất, năng lực và uy tín, ngang tầm nhiệm vụ; Kiên quyết, kiên trì đấu tranh phòng, chống tham nhũng, tiêu cực, xử lý nghiêm cán bộ sai phạm.","Tong bí thư Nguyễn Phú Trọng nêu rõ: Trung ương thống nhất cao phải tiến hành đồng bộ và quyết liệt hơn nữa nhiều công việc cụ thể, thiết thực, tập trung vào 4 nhóm nhiệm vụ, giải pháp mà Hội nghị Trung ương 4 khoá XII đã đề ra; đồng thời bổ sung nhấn mạnh thêm 2 nhóm nhiệm vụ, giải pháp là: Xây dựng đội ngũ cán bộ các cấp, nhất là cấp chiến lược và người đứng đầu đủ phẩm chất, năng lực và uy tín, ngang tầm nhiệm vụ; Kiên quyết, kiên trì đấu tranh phòng, chống tham nhũng, tiêu cực, xử lý nghiêm cán bộ sai phạm.",1,rule_based,deterministic-rule-baseline-precomputed,analysis_csv,0.0,remove_one_tone,ok
vi-zh-2022-test-0078,阮富仲说：“越共中央高度一致认为，要围绕越共十二届四中全会提出的四项任务和措施，更加配套、彻底地开展更多具体、切实的工作；同时补充和强调以下两项任务和措施：建设各级干部队伍特别是战略性干部队伍，及具备与任务相匹配的能力和威信的领导干部；坚决、坚持反腐倡廉，严惩违法干部”。,"Tổng bí thư Nguyễn Phú Trọng nêu rõ: Trung ương thống nhất cao phải tiến hành đồng bộ và quyết liệt hơn nữa nhiều công việc cụ thể, thiết thực, tập trung vào 4 nhóm nhiệm vụ, giải pháp mà Hội nghị Trung ương 4 khoá XII đã đề ra; đồng thời bổ sung nhấn mạnh thêm 2 nhóm nhiệm vụ, giải pháp là: Xây dựng đội ngũ cán bộ các cấp, nhất là cấp chiến lược và người đứng đầu đủ phẩm chất, năng lực và uy tín, ngang tầm nhiệm vụ; Kiên quyết, kiên trì đấu tranh phòng, chống tham nhũng, tiêu cực, xử lý nghiêm cán bộ sai phạm.","Tong bi thu Nguyen Phu Trong neu ro: Trung uong thong nhat cao phai tien hanh đong bo va quyet liet hon nua nhieu cong viec cu the, thiet thuc, tap trung vao 4 nhom nhiem vu, giai phap ma Hoi nghi Trung uong 4 khoa XII đa đe ra; đong thoi bo sung nhan manh 2 nhom nhiem vu, giai phap la: Xay dung đoi ngu can bo cac cap, nhat la cap chien luoc va nguoi đung đau đu pham chat, nang luc va uy tin, ngang tam nhiem vu; Kien quyet, kien tri đau tranh phong, chong tham nhung, tieu cuc, xu ly nghiem can bo sai pham.",2,rule_based,deterministic-rule-baseline-precomputed,analysis_csv,0.0,remove_tones_and_drop_one_word,ok
vi-zh-2022-test-0078,阮富仲说：“越共中央高度一致认为，要围绕越共十二届四中全会提出的四项任务和措施，更加配套、彻底地开展更多具体、切实的工作；同时补充和强调以下两项任务和措施：建设各级干部队伍特别是战略性干部队伍，及具备与任务相匹配的能力和威信的领导干部；坚决、坚持反腐倡廉，严惩违法干部”。,"Tổng bí thư Nguyễn Phú Trọng nêu rõ: Trung ương thống nhất cao phải tiến hành đồng bộ và quyết liệt hơn nữa nhiều công việc cụ thể, thiết thực, tập trung vào 4 nhóm nhiệm vụ, giải pháp mà Hội nghị Trung ương 4 khoá XII đã đề ra; đồng thời bổ sung nhấn mạnh thêm 2 nhóm nhiệm vụ, giải pháp là: Xây dựng đội ngũ cán bộ các cấp, nhất là cấp chiến lược và người đứng đầu đủ phẩm chất, năng lực và uy tín, ngang tầm nhiệm vụ; Kiên quyết, kiên trì đấu tranh phòng, chống tham nhũng, tiêu cực, xử lý nghiêm cán bộ sai phạm.","Tổng thư Phú Trọng nêu rõ: Trung thống nhất cao phải đồng bộ và liệt hơn nữa nhiều công việc cụ thể, thực, tập trung vào 4 nhóm vụ, giải pháp mà Hội nghị Trung ương đã đề ra; đồng thời bổ mạnh thêm 2 nhóm nhiệm vụ, giải pháp là: Xây dựng đội ngũ cán bộ các cấp, nhất là cấp chiến lược và người đứng đủ phẩm chất, và uy tín, ngang tầm nhiệm vụ; Kiên quyết, kiên trì đấu tranh phòng, chống tham nhũng, tiêu cực, xử lý cán bộ sai phạm.",3,rule_based,deterministic-rule-baseline-precomputed,analysis_csv,0.0,word_dropout_15pct,ok
vi-zh-2022-test-0078,阮富仲说：“越共中央高度一致认为，要围绕越共十二届四中全会提出的四项任务和措施，更加配套、彻底地开展更多具体、切实的工作；同时补充和强调以下两项任务和措施：建设各级干部队伍特别是战略性干部队伍，及具备与任务相匹配的能力和威信的领导干部；坚决、坚持反腐倡廉，严惩违法干部”。,"Tổng bí thư Nguyễn Phú Trọng nêu rõ: Trung ương thống nhất cao phải tiến hành đồng bộ và quyết liệt hơn nữa nhiều công việc cụ thể, thiết thực, tập trung vào 4 nhóm nhiệm vụ, giải pháp mà Hội nghị Trung ương 4 khoá XII đã đề ra; đồng thời bổ sung nhấn mạnh thêm 2 nhóm nhiệm vụ, giải pháp là: Xây dựng đội ngũ cán bộ các cấp, nhất là cấp chiến lược và người đứng đầu đủ phẩm chất, năng lực và uy tín, ngang tầm nhiệm vụ; Kiên quyết, kiên trì đấu tranh phòng, chống tham nhũng, tiêu cực, xử lý nghiêm cán bộ sai phạm.","Tổng Nguyễn thư Phú Trọng nêu rõ: nhất cao phải tiến hành đồng và hơn nữa nhiều công việc cụ thể, thiết thực, tập trung vào 4 nhóm nhiệm vụ, giải mà Hội nghị ương 4 khoá XII đã ra; đồng thời bổ sung nhấn mạnh thêm nhóm vụ, giải pháp dựng ngũ cán bộ các nhất là cấp người đứng đầu chất, và uy tầm nhiệm Kiên trì phòng, chống tham nhũng, tiêu cực, lý cán phạm.",4,rule_based,deterministic-rule-baseline-precomputed,analysis_csv,0.0,word_dropout_30pct_and_swap,ok
vi-zh-2022-test-0078,阮富仲说：“越共中央高度一致认为，要围绕越共十二届四中全会提出的四项任务和措施，更加配套、彻底地开展更多具体、切实的工作；同时补充和强调以下两项任务和措施：建设各级干部队伍特别是战略性干部队伍，及具备与任务相匹配的能力和威信的领导干部；坚决、坚持反腐倡廉，严惩违法干部”。,"Tổng bí thư Nguyễn Phú Trọng nêu rõ: Trung ương thống nhất cao phải tiến hành đồng bộ và quyết liệt hơn nữa nhiều công việc cụ thể, thiết thực, tập trung vào 4 nhóm nhiệm vụ, giải pháp mà Hội nghị Trung ương 4 khoá XII đã đề ra; đồng thời bổ sung nhấn mạnh thêm 2 nhóm nhiệm vụ, giải pháp là: Xây dựng đội ngũ cán bộ các cấp, nhất là cấp chiến lược và người đứng đầu đủ phẩm chất, năng lực và uy tín, ngang tầm nhiệm vụ; Kiên quyết, kiên trì đấu tranh phòng, chống tham nhũng, tiêu cực, xử lý nghiêm cán bộ sai phạm.",Tổng Nguyễn Phú nêu rõ Trung ương nhất cao và quyết liệt nữa nhiều việc thể thiết trung vào nhiệm vụ giải pháp mà nghị 4 XII đề sung nhấn nhiệm vụ giải pháp Xây cán các nhất chiến lược và người đầu đủ phẩm chất lực uy tầm Kiên quyết phòng tham tiêu lý cán,5,rule_based,deterministic-rule-baseline-precomputed,analysis_csv,0.0,word_dropout_50pct_and_punctuation_remove,ok
vi-zh-2022-test-0079,越共中央总书记阮富仲的讲话传递了越南党和国家在新冠肺炎疫情期间继续保障人民生计和健康的信息；也谈到了在今年余下的几个月和明年2022年恢复和发展经济的措施。,"Những chỉ dẫn trong phát biểu khai mạc Hội nghị của Tổng Bí thư Nguyễn Phú Trọng cho thấy thông điệp mạnh mẽ của Đảng và Nhà nước Việt Nam là tiếp tục đặt mục tiêu an toàn trước dịch bệnh Covid 19; đảm bảo sinh kế, sức khỏe của người dân; song song với đó là phục hồi và phát triển kinh tế trong những tháng còn lại của năm và kế hoạch cho năm 2022 tới.","Những chỉ dẫn trong phát biểu khai mạc Hội nghị của Tổng Bí thư Nguyễn Phú Trọng cho thấy thông điệp mạnh mẽ của Đảng và Nhà nước Việt Nam là tiếp tục đặt mục tiêu an toàn trước dịch bệnh Covid 19; đảm bảo sinh kế, sức khỏe của người dân; song song với đó là phục hồi và phát triển kinh tế trong những tháng còn lại của năm và kế hoạch cho năm 2022 tới.",0,rule_based,deterministic-rule-baseline-precomputed,analysis_csv,0.0,identity,ok
vi-zh-2022-test-0079,越共中央总书记阮富仲的讲话传递了越南党和国家在新冠肺炎疫情期间继续保障人民生计和健康的信息；也谈到了在今年余下的几个月和明年2022年恢复和发展经济的措施。,"Những chỉ dẫn trong phát biểu khai mạc Hội nghị của Tổng Bí thư Nguyễn Phú Trọng cho thấy thông điệp mạnh mẽ của Đảng và Nhà nước Việt Nam là tiếp tục đặt mục tiêu an toàn trước dịch bệnh Covid 19; đảm bảo sinh kế, sức khỏe của người dân; song song với đó là phục hồi và phát triển kinh tế trong những tháng còn lại của năm và kế hoạch cho năm 2022 tới.","Nhung chỉ dẫn trong phát biểu khai mạc Hội nghị của Tổng Bí thư Nguyễn Phú Trọng cho thấy thông điệp mạnh mẽ của Đảng và Nhà nước Việt Nam là tiếp tục đặt mục tiêu an toàn trước dịch bệnh Covid 19; đảm bảo sinh kế, sức khỏe của người dân; song song với đó là phục hồi và phát triển kinh tế trong những tháng còn lại của năm và kế hoạch cho năm 2022 tới.",1,rule_based,deterministic-rule-baseline-precomputed,analysis_csv,0.0,remove_one_tone,ok
vi-zh-2022-test-0079,越共中央总书记阮富仲的讲话传递了越南党和国家在新冠肺炎疫情期间继续保障人民生计和健康的信息；也谈到了在今年余下的几个月和明年2022年恢复和发展经济的措施。,"Những chỉ dẫn trong phát biểu khai mạc Hội nghị của Tổng Bí thư Nguyễn Phú Trọng cho thấy thông điệp mạnh mẽ của Đảng và Nhà nước Việt Nam là tiếp tục đặt mục tiêu an toàn trước dịch bệnh Covid 19; đảm bảo sinh kế, sức khỏe của người dân; song song với đó là phục hồi và phát triển kinh tế trong những tháng còn lại của năm và kế hoạch cho năm 2022 tới.","Nhung chi dan trong phat bieu khai mac Hoi nghi cua Tong Bi thu Nguyen Phu Trong cho thay thong điep manh me cua Đang va Nha nuoc Viet Nam la tiep tuc đat muc tieu an toan truoc benh Covid 19; đam bao sinh ke, suc khoe cua nguoi dan; song song voi đo la phuc hoi va phat trien kinh te trong nhung thang con lai cua nam va ke hoach cho nam 2022 toi.",2,rule_based,deterministic-rule-baseline-precomputed,analysis_csv,0.0,remove_tones_and_drop_one_word,ok
vi-zh-2022-test-0079,越共中央总书记阮富仲的讲话传递了越南党和国家在新冠肺炎疫情期间继续保障人民生计和健康的信息；也谈到了在今年余下的几个月和明年2022年恢复和发展经济的措施。,"Những chỉ dẫn trong phát biểu khai mạc Hội nghị của Tổng Bí thư Nguyễn Phú Trọng cho thấy thông điệp mạnh mẽ của Đảng và Nhà nước Việt Nam là tiếp tục đặt mục tiêu an toàn trước dịch bệnh Covid 19; đảm bảo sinh kế, sức khỏe của người dân; song song với đó là phục hồi và phát triển kinh tế trong những tháng còn lại của năm và kế hoạch cho năm 2022 tới.","Những chỉ dẫn phát biểu khai mạc Hội nghị của Tổng Bí thư Nguyễn Phú Trọng cho thấy thông điệp mạnh mẽ của Đảng và nước Việt Nam là tiếp tục đặt mục tiêu an trước dịch bệnh Covid bảo kế, khỏe của người song với đó là phục hồi và phát triển kinh tế trong những tháng còn của năm kế hoạch cho 2022 tới.",3,rule_based,deterministic-rule-baseline-precomputed,analysis_csv,0.0,word_dropout_15pct,ok
vi-zh-2022-test-0079,越共中央总书记阮富仲的讲话传递了越南党和国家在新冠肺炎疫情期间继续保障人民生计和健康的信息；也谈到了在今年余下的几个月和明年2022年恢复和发展经济的措施。,"Những chỉ dẫn trong phát biểu khai mạc Hội nghị của Tổng Bí thư Nguyễn Phú Trọng cho thấy thông điệp mạnh mẽ của Đảng và Nhà nước Việt Nam là tiếp tục đặt mục tiêu an toàn trước dịch bệnh Covid 19; đảm bảo sinh kế, sức khỏe của người dân; song song với đó là phục hồi và phát triển kinh tế trong những tháng còn lại của năm và kế hoạch cho năm 2022 tới.","Những dẫn chỉ trong phát biểu khai nghị của Tổng Bí thư Trọng cho thấy thông điệp của Đảng nước Việt Nam là tiếp đặt mục toàn trước dịch bệnh 19; bảo sinh kế, khỏe song song đó là phục hồi và phát kinh trong tháng còn lại năm và kế hoạch cho năm tới.",4,rule_based,deterministic-rule-baseline-precomputed,analysis_csv,0.0,word_dropout_30pct_and_swap,ok
vi-zh-2022-test-0079,越共中央总书记阮富仲的讲话传递了越南党和国家在新冠肺炎疫情期间继续保障人民生计和健康的信息；也谈到了在今年余下的几个月和明年2022年恢复和发展经济的措施。,"Những chỉ dẫn trong phát biểu khai mạc Hội nghị của Tổng Bí thư Nguyễn Phú Trọng cho thấy thông điệp mạnh mẽ của Đảng và Nhà nước Việt Nam là tiếp tục đặt mục tiêu an toàn trước dịch bệnh Covid 19; đảm bảo sinh kế, sức khỏe của người dân; song song với đó là phục hồi và phát triển kinh tế trong những tháng còn lại của năm và kế hoạch cho năm 2022 tới.",Những dẫn phát mạc Tổng Bí thư Phú cho thấy thông điệp mẽ Đảng và Nhà Nam là tiếp đặt toàn bệnh bảo khỏe dân là hồi và phát kinh những còn năm và kế hoạch cho năm tới,5,rule_based,deterministic-rule-baseline-precomputed,analysis_csv,0.0,word_dropout_50pct_and_punctuation_remove,ok
vi-zh-2022-test-0080,河内市北慈廉郡古瑞坊居民杜氏川认为，阮富仲总书记在会上的讲话基于对当前面临的机遇和挑战的正确评估提出了新的发展方向。,"Bà Đỗ Thị Xuyến, phường Cổ Nhuế, Quận Bắc Từ Liêm, Hà Nội, cho rằng những đường hướng mà Tổng Bí thư Nguyễn Phú Trọng nêu ra trong phát biểu khai mạc Hội nghị dựa trên những nhận định đúng về những thời cơ và thách thức trong tình hình hiện nay.","Bà Đỗ Thị Xuyến, phường Cổ Nhuế, Quận Bắc Từ Liêm, Hà Nội, cho rằng những đường hướng mà Tổng Bí thư Nguyễn Phú Trọng nêu ra trong phát biểu khai mạc Hội nghị dựa trên những nhận định đúng về những thời cơ và thách thức trong tình hình hiện nay.",0,rule_based,deterministic-rule-baseline-precomputed,analysis_csv,0.0,identity,ok
vi-zh-2022-test-0080,河内市北慈廉郡古瑞坊居民杜氏川认为，阮富仲总书记在会上的讲话基于对当前面临的机遇和挑战的正确评估提出了新的发展方向。,"Bà Đỗ Thị Xuyến, phường Cổ Nhuế, Quận Bắc Từ Liêm, Hà Nội, cho rằng những đường hướng mà Tổng Bí thư Nguyễn Phú Trọng nêu ra trong phát biểu khai mạc Hội nghị dựa trên những nhận định đúng về những thời cơ và thách thức trong tình hình hiện nay.","Ba Đỗ Thị Xuyến, phường Cổ Nhuế, Quận Bắc Từ Liêm, Hà Nội, cho rằng những đường hướng mà Tổng Bí thư Nguyễn Phú Trọng nêu ra trong phát biểu khai mạc Hội nghị dựa trên những nhận định đúng về những thời cơ và thách thức trong tình hình hiện nay.",1,rule_based,deterministic-rule-baseline-precomputed,analysis_csv,0.0,remove_one_tone,ok
vi-zh-2022-test-0080,河内市北慈廉郡古瑞坊居民杜氏川认为，阮富仲总书记在会上的讲话基于对当前面临的机遇和挑战的正确评估提出了新的发展方向。,"Bà Đỗ Thị Xuyến, phường Cổ Nhuế, Quận Bắc Từ Liêm, Hà Nội, cho rằng những đường hướng mà Tổng Bí thư Nguyễn Phú Trọng nêu ra trong phát biểu khai mạc Hội nghị dựa trên những nhận định đúng về những thời cơ và thách thức trong tình hình hiện nay.","Ba Đo Thi Xuyen, phuong Co Nhue, Quan Bac Tu Liem, Ha Noi, cho rang nhung đuong huong ma Tong Bi thu Nguyen Phu Trong neu trong phat bieu khai mac Hoi nghi dua tren nhung nhan đinh đung ve nhung thoi co va thach thuc trong tinh hinh hien nay.",2,rule_based,deterministic-rule-baseline-precomputed,analysis_csv,0.0,remove_tones_and_drop_one_word,ok
vi-zh-2022-test-0080,河内市北慈廉郡古瑞坊居民杜氏川认为，阮富仲总书记在会上的讲话基于对当前面临的机遇和挑战的正确评估提出了新的发展方向。,"Bà Đỗ Thị Xuyến, phường Cổ Nhuế, Quận Bắc Từ Liêm, Hà Nội, cho rằng những đường hướng mà Tổng Bí thư Nguyễn Phú Trọng nêu ra trong phát biểu khai mạc Hội nghị dựa trên những nhận định đúng về những thời cơ và thách thức trong tình hình hiện nay.","Bà Đỗ phường Cổ Nhuế, Quận Bắc Từ Hà Nội, cho rằng những đường hướng mà Tổng Bí thư Nguyễn Trọng ra trong phát biểu khai Hội nghị trên những nhận định đúng về những thời cơ và thách trong tình hình hiện nay.",3,rule_based,deterministic-rule-baseline-precomputed,analysis_csv,0.0,word_dropout_15pct,ok
vi-zh-2022-test-0080,河内市北慈廉郡古瑞坊居民杜氏川认为，阮富仲总书记在会上的讲话基于对当前面临的机遇和挑战的正确评估提出了新的发展方向。,"Bà Đỗ Thị Xuyến, phường Cổ Nhuế, Quận Bắc Từ Liêm, Hà Nội, cho rằng những đường hướng mà Tổng Bí thư Nguyễn Phú Trọng nêu ra trong phát biểu khai mạc Hội nghị dựa trên những nhận định đúng về những thời cơ và thách thức trong tình hình hiện nay.","Bà Thị Đỗ Xuyến, Cổ Quận Bắc Từ Liêm, Hà Nội, cho rằng những đường mà Bí Nguyễn Trọng nêu phát biểu khai mạc Hội dựa trên những nhận định đúng những cơ thức tình nay.",4,rule_based,deterministic-rule-baseline-precomputed,analysis_csv,0.0,word_dropout_30pct_and_swap,ok
vi-zh-2022-test-0080,河内市北慈廉郡古瑞坊居民杜氏川认为，阮富仲总书记在会上的讲话基于对当前面临的机遇和挑战的正确评估提出了新的发展方向。,"Bà Đỗ Thị Xuyến, phường Cổ Nhuế, Quận Bắc Từ Liêm, Hà Nội, cho rằng những đường hướng mà Tổng Bí thư Nguyễn Phú Trọng nêu ra trong phát biểu khai mạc Hội nghị dựa trên những nhận định đúng về những thời cơ và thách thức trong tình hình hiện nay.",Đỗ Thị Xuyến Nhuế Quận Hà Nội rằng hướng mà Tổng Bí Phú Trọng nêu ra dựa trên những nhận định đúng về thức trong nay,5,rule_based,deterministic-rule-baseline-precomputed,analysis_csv,0.0,word_dropout_50pct_and_punctuation_remove,ok
vi-zh-2022-test-0081,阮富仲在第十三届中央委员会第四次会议上发表的讲话给我留下了非常深刻的印象，我个人高度评价总书记对疫情之下社会经济发展情况所做的评估。,"""Tôi rất tâm đắc với bài phát biểu của Tổng Bí thư Nguyễn Phú Trọng tại Hội nghị lần thứ 4, Ban chấp hành Trung ương khóa XIII， cá nhân tôi đánh giá cao những nhận định của Tổng Bí thư về tình hình kinh tế xã hội trước ảnh hưởng của đại dịch Covid- 19.","""Tôi rất tâm đắc với bài phát biểu của Tổng Bí thư Nguyễn Phú Trọng tại Hội nghị lần thứ 4, Ban chấp hành Trung ương khóa XIII， cá nhân tôi đánh giá cao những nhận định của Tổng Bí thư về tình hình kinh tế xã hội trước ảnh hưởng của đại dịch Covid- 19.",0,rule_based,deterministic-rule-baseline-precomputed,analysis_csv,0.0,identity,ok
vi-zh-2022-test-0081,阮富仲在第十三届中央委员会第四次会议上发表的讲话给我留下了非常深刻的印象，我个人高度评价总书记对疫情之下社会经济发展情况所做的评估。,"""Tôi rất tâm đắc với bài phát biểu của Tổng Bí thư Nguyễn Phú Trọng tại Hội nghị lần thứ 4, Ban chấp hành Trung ương khóa XIII， cá nhân tôi đánh giá cao những nhận định của Tổng Bí thư về tình hình kinh tế xã hội trước ảnh hưởng của đại dịch Covid- 19.","""Toi rất tâm đắc với bài phát biểu của Tổng Bí thư Nguyễn Phú Trọng tại Hội nghị lần thứ 4, Ban chấp hành Trung ương khóa XIII， cá nhân tôi đánh giá cao những nhận định của Tổng Bí thư về tình hình kinh tế xã hội trước ảnh hưởng của đại dịch Covid- 19.",1,rule_based,deterministic-rule-baseline-precomputed,analysis_csv,0.0,remove_one_tone,ok
vi-zh-2022-test-0081,阮富仲在第十三届中央委员会第四次会议上发表的讲话给我留下了非常深刻的印象，我个人高度评价总书记对疫情之下社会经济发展情况所做的评估。,"""Tôi rất tâm đắc với bài phát biểu của Tổng Bí thư Nguyễn Phú Trọng tại Hội nghị lần thứ 4, Ban chấp hành Trung ương khóa XIII， cá nhân tôi đánh giá cao những nhận định của Tổng Bí thư về tình hình kinh tế xã hội trước ảnh hưởng của đại dịch Covid- 19.","""Toi rat tam đac voi bai phat bieu cua Tong Bi thu Nguyen Phu Trong tai Hoi nghi lan thu 4, Ban chap hanh Trung uong khoa XIII， nhan toi đanh gia cao nhung nhan đinh cua Tong Bi thu ve tinh hinh kinh te xa hoi truoc anh huong cua đai dich Covid- 19.",2,rule_based,deterministic-rule-baseline-precomputed,analysis_csv,0.0,remove_tones_and_drop_one_word,ok
vi-zh-2022-test-0081,阮富仲在第十三届中央委员会第四次会议上发表的讲话给我留下了非常深刻的印象，我个人高度评价总书记对疫情之下社会经济发展情况所做的评估。,"""Tôi rất tâm đắc với bài phát biểu của Tổng Bí thư Nguyễn Phú Trọng tại Hội nghị lần thứ 4, Ban chấp hành Trung ương khóa XIII， cá nhân tôi đánh giá cao những nhận định của Tổng Bí thư về tình hình kinh tế xã hội trước ảnh hưởng của đại dịch Covid- 19.","""Tôi tâm đắc bài phát biểu của Tổng Bí thư Nguyễn Phú Trọng tại Hội nghị lần 4, chấp hành Trung ương khóa cá nhân tôi đánh giá cao những định của Tổng Bí thư về tình hình tế xã hội trước ảnh hưởng của dịch Covid- 19.",3,rule_based,deterministic-rule-baseline-precomputed,analysis_csv,0.0,word_dropout_15pct,ok
vi-zh-2022-test-0081,阮富仲在第十三届中央委员会第四次会议上发表的讲话给我留下了非常深刻的印象，我个人高度评价总书记对疫情之下社会经济发展情况所做的评估。,"""Tôi rất tâm đắc với bài phát biểu của Tổng Bí thư Nguyễn Phú Trọng tại Hội nghị lần thứ 4, Ban chấp hành Trung ương khóa XIII， cá nhân tôi đánh giá cao những nhận định của Tổng Bí thư về tình hình kinh tế xã hội trước ảnh hưởng của đại dịch Covid- 19.","""Tôi tâm rất đắc bài phát biểu của Tổng thư Nguyễn Trọng tại Hội nghị lần thứ 4, chấp hành Trung khóa tôi đánh giá những định của Tổng Bí thư về tình hình kinh hội hưởng của Covid-",4,rule_based,deterministic-rule-baseline-precomputed,analysis_csv,0.0,word_dropout_30pct_and_swap,ok
vi-zh-2022-test-0081,阮富仲在第十三届中央委员会第四次会议上发表的讲话给我留下了非常深刻的印象，我个人高度评价总书记对疫情之下社会经济发展情况所做的评估。,"""Tôi rất tâm đắc với bài phát biểu của Tổng Bí thư Nguyễn Phú Trọng tại Hội nghị lần thứ 4, Ban chấp hành Trung ương khóa XIII， cá nhân tôi đánh giá cao những nhận định của Tổng Bí thư về tình hình kinh tế xã hội trước ảnh hưởng của đại dịch Covid- 19.",rất với biểu của Tổng Bí thư Nguyễn tại Hội lần thứ 4 hành ương cá tôi giá những nhận định của thư hình tế trước của Covid-,5,rule_based,deterministic-rule-baseline-precomputed,analysis_csv,0.0,word_dropout_50pct_and_punctuation_remove,ok
vi-zh-2022-test-0082,作为一名党员，我个人对党和国家的主张政策和计划充满信心，并相信越南社会经济将及早稳定，恢复发展”。,"Là một đảng viên, bản thân tôi bày tỏ sự tin tưởng trước những chủ trương, chính sách, kế hoạch của Đảng, Nhà nước trong thời gian tới và tin tưởng rằng tình hình kinh tế -xã hội sẽ sớm ổn định phục hồi và có sự phát triển"".","Là một đảng viên, bản thân tôi bày tỏ sự tin tưởng trước những chủ trương, chính sách, kế hoạch của Đảng, Nhà nước trong thời gian tới và tin tưởng rằng tình hình kinh tế -xã hội sẽ sớm ổn định phục hồi và có sự phát triển"".",0,rule_based,deterministic-rule-baseline-precomputed,analysis_csv,0.0,identity,ok
vi-zh-2022-test-0082,作为一名党员，我个人对党和国家的主张政策和计划充满信心，并相信越南社会经济将及早稳定，恢复发展”。,"Là một đảng viên, bản thân tôi bày tỏ sự tin tưởng trước những chủ trương, chính sách, kế hoạch của Đảng, Nhà nước trong thời gian tới và tin tưởng rằng tình hình kinh tế -xã hội sẽ sớm ổn định phục hồi và có sự phát triển"".","La một đảng viên, bản thân tôi bày tỏ sự tin tưởng trước những chủ trương, chính sách, kế hoạch của Đảng, Nhà nước trong thời gian tới và tin tưởng rằng tình hình kinh tế -xã hội sẽ sớm ổn định phục hồi và có sự phát triển"".",1,rule_based,deterministic-rule-baseline-precomputed,analysis_csv,0.0,remove_one_tone,ok
vi-zh-2022-test-0082,作为一名党员，我个人对党和国家的主张政策和计划充满信心，并相信越南社会经济将及早稳定，恢复发展”。,"Là một đảng viên, bản thân tôi bày tỏ sự tin tưởng trước những chủ trương, chính sách, kế hoạch của Đảng, Nhà nước trong thời gian tới và tin tưởng rằng tình hình kinh tế -xã hội sẽ sớm ổn định phục hồi và có sự phát triển"".","La mot đang vien, ban than toi bay to su tin tuong truoc nhung chu truong, chinh sach, ke hoach cua Đang, Nha nuoc thoi gian toi va tin tuong rang tinh hinh kinh te -xa hoi se som on đinh phuc hoi va co su phat trien"".",2,rule_based,deterministic-rule-baseline-precomputed,analysis_csv,0.0,remove_tones_and_drop_one_word,ok
vi-zh-2022-test-0082,作为一名党员，我个人对党和国家的主张政策和计划充满信心，并相信越南社会经济将及早稳定，恢复发展”。,"Là một đảng viên, bản thân tôi bày tỏ sự tin tưởng trước những chủ trương, chính sách, kế hoạch của Đảng, Nhà nước trong thời gian tới và tin tưởng rằng tình hình kinh tế -xã hội sẽ sớm ổn định phục hồi và có sự phát triển"".","Là một đảng viên, bản thân tôi bày tỏ sự tưởng trước chủ trương, chính sách, kế hoạch của Đảng, Nhà nước trong thời gian và tin tưởng tình kinh tế -xã hội sẽ sớm ổn định phục hồi có sự triển"".",3,rule_based,deterministic-rule-baseline-precomputed,analysis_csv,0.0,word_dropout_15pct,ok
vi-zh-2022-test-0082,作为一名党员，我个人对党和国家的主张政策和计划充满信心，并相信越南社会经济将及早稳定，恢复发展”。,"Là một đảng viên, bản thân tôi bày tỏ sự tin tưởng trước những chủ trương, chính sách, kế hoạch của Đảng, Nhà nước trong thời gian tới và tin tưởng rằng tình hình kinh tế -xã hội sẽ sớm ổn định phục hồi và có sự phát triển"".","một bản viên, thân bày tỏ sự tin tưởng trước chủ trương, chính kế hoạch của Nhà nước trong thời gian tin tưởng rằng tình kinh tế -xã hội sẽ ổn phục phát triển"".",4,rule_based,deterministic-rule-baseline-precomputed,analysis_csv,0.0,word_dropout_30pct_and_swap,ok
vi-zh-2022-test-0082,作为一名党员，我个人对党和国家的主张政策和计划充满信心，并相信越南社会经济将及早稳定，恢复发展”。,"Là một đảng viên, bản thân tôi bày tỏ sự tin tưởng trước những chủ trương, chính sách, kế hoạch của Đảng, Nhà nước trong thời gian tới và tin tưởng rằng tình hình kinh tế -xã hội sẽ sớm ổn định phục hồi và có sự phát triển"".","đảng viên bản bày tỏ sự chủ sách hoạch Đảng nước thời tưởng hình tế hội sớm ổn định hồi và sự phát triển""",5,rule_based,deterministic-rule-baseline-precomputed,analysis_csv,0.0,word_dropout_50pct_and_punctuation_remove,ok
vi-zh-2022-test-0083,所以我认为，在这波疫情之后，我们可以拟定更多方案。,Vì thế tôi nghĩ là tính dự báo sau đợt này chúng ta có thể xây dựng được nhiều kịch bản và các kịch bản đó sẽ không bị bất ngờ như sự bùng phát vừa rồi đã diễn ra.,Vì thế tôi nghĩ là tính dự báo sau đợt này chúng ta có thể xây dựng được nhiều kịch bản và các kịch bản đó sẽ không bị bất ngờ như sự bùng phát vừa rồi đã diễn ra.,0,rule_based,deterministic-rule-baseline-precomputed,analysis_csv,0.0,identity,ok
vi-zh-2022-test-0083,所以我认为，在这波疫情之后，我们可以拟定更多方案。,Vì thế tôi nghĩ là tính dự báo sau đợt này chúng ta có thể xây dựng được nhiều kịch bản và các kịch bản đó sẽ không bị bất ngờ như sự bùng phát vừa rồi đã diễn ra.,Vi thế tôi nghĩ là tính dự báo sau đợt này chúng ta có thể xây dựng được nhiều kịch bản và các kịch bản đó sẽ không bị bất ngờ như sự bùng phát vừa rồi đã diễn ra.,1,rule_based,deterministic-rule-baseline-precomputed,analysis_csv,0.0,remove_one_tone,ok
vi-zh-2022-test-0083,所以我认为，在这波疫情之后，我们可以拟定更多方案。,Vì thế tôi nghĩ là tính dự báo sau đợt này chúng ta có thể xây dựng được nhiều kịch bản và các kịch bản đó sẽ không bị bất ngờ như sự bùng phát vừa rồi đã diễn ra.,Vi the toi nghi la tinh du bao sau đot nay chung ta co the xay dung đuoc nhieu kich va cac kich ban đo se khong bi bat ngo nhu su bung phat vua roi đa dien ra.,2,rule_based,deterministic-rule-baseline-precomputed,analysis_csv,0.0,remove_tones_and_drop_one_word,ok
vi-zh-2022-test-0083,所以我认为，在这波疫情之后，我们可以拟定更多方案。,Vì thế tôi nghĩ là tính dự báo sau đợt này chúng ta có thể xây dựng được nhiều kịch bản và các kịch bản đó sẽ không bị bất ngờ như sự bùng phát vừa rồi đã diễn ra.,Vì thế tôi nghĩ tính dự báo sau đợt này chúng có thể xây được nhiều bản và các kịch bản đó sẽ không bị bất ngờ như sự phát vừa đã diễn ra.,3,rule_based,deterministic-rule-baseline-precomputed,analysis_csv,0.0,word_dropout_15pct,ok
vi-zh-2022-test-0083,所以我认为，在这波疫情之后，我们可以拟定更多方案。,Vì thế tôi nghĩ là tính dự báo sau đợt này chúng ta có thể xây dựng được nhiều kịch bản và các kịch bản đó sẽ không bị bất ngờ như sự bùng phát vừa rồi đã diễn ra.,thế nghĩ tôi là báo sau ta thể xây được nhiều kịch và các bản đó sẽ không bị bất như sự bùng phát vừa đã diễn ra.,4,rule_based,deterministic-rule-baseline-precomputed,analysis_csv,0.0,word_dropout_30pct_and_swap,ok
vi-zh-2022-test-0083,所以我认为，在这波疫情之后，我们可以拟定更多方案。,Vì thế tôi nghĩ là tính dự báo sau đợt này chúng ta có thể xây dựng được nhiều kịch bản và các kịch bản đó sẽ không bị bất ngờ như sự bùng phát vừa rồi đã diễn ra.,thế nghĩ dự báo này xây dựng được bản và các kịch sẽ không bị bất như bùng rồi đã,5,rule_based,deterministic-rule-baseline-precomputed,analysis_csv,0.0,word_dropout_50pct_and_punctuation_remove,ok
vi-zh-2022-test-0084,基于对可能出现的各种情况的评估和分析，特别是对世界和越南疫情演变的研判，本次会议明确提出了新形势下防疫和恢复经济社会发展的主张和观点，旨在实现2021年经济社会发展目标。,"Trên cơ sở phân tích, dự báo các khả năng có thể xảy ra, nhất là tình hình dịch bệnh trên thế giới và ở Việt Nam trong thời gian tới, Hội nghị Trung ương lần này xác định rõ quan điểm, chủ trương về phòng, chống dịch bệnh và phục hồi, phát triển kinh tế - xã hội trong tình hình mới nhằm hoàn thành chỉ tiêu phát triển kinh tế xã hội năm 2021.","Trên cơ sở phân tích, dự báo các khả năng có thể xảy ra, nhất là tình hình dịch bệnh trên thế giới và ở Việt Nam trong thời gian tới, Hội nghị Trung ương lần này xác định rõ quan điểm, chủ trương về phòng, chống dịch bệnh và phục hồi, phát triển kinh tế - xã hội trong tình hình mới nhằm hoàn thành chỉ tiêu phát triển kinh tế xã hội năm 2021.",0,rule_based,deterministic-rule-baseline-precomputed,analysis_csv,0.0,identity,ok
vi-zh-2022-test-0084,基于对可能出现的各种情况的评估和分析，特别是对世界和越南疫情演变的研判，本次会议明确提出了新形势下防疫和恢复经济社会发展的主张和观点，旨在实现2021年经济社会发展目标。,"Trên cơ sở phân tích, dự báo các khả năng có thể xảy ra, nhất là tình hình dịch bệnh trên thế giới và ở Việt Nam trong thời gian tới, Hội nghị Trung ương lần này xác định rõ quan điểm, chủ trương về phòng, chống dịch bệnh và phục hồi, phát triển kinh tế - xã hội trong tình hình mới nhằm hoàn thành chỉ tiêu phát triển kinh tế xã hội năm 2021.","Tren cơ sở phân tích, dự báo các khả năng có thể xảy ra, nhất là tình hình dịch bệnh trên thế giới và ở Việt Nam trong thời gian tới, Hội nghị Trung ương lần này xác định rõ quan điểm, chủ trương về phòng, chống dịch bệnh và phục hồi, phát triển kinh tế - xã hội trong tình hình mới nhằm hoàn thành chỉ tiêu phát triển kinh tế xã hội năm 2021.",1,rule_based,deterministic-rule-baseline-precomputed,analysis_csv,0.0,remove_one_tone,ok
vi-zh-2022-test-0084,基于对可能出现的各种情况的评估和分析，特别是对世界和越南疫情演变的研判，本次会议明确提出了新形势下防疫和恢复经济社会发展的主张和观点，旨在实现2021年经济社会发展目标。,"Trên cơ sở phân tích, dự báo các khả năng có thể xảy ra, nhất là tình hình dịch bệnh trên thế giới và ở Việt Nam trong thời gian tới, Hội nghị Trung ương lần này xác định rõ quan điểm, chủ trương về phòng, chống dịch bệnh và phục hồi, phát triển kinh tế - xã hội trong tình hình mới nhằm hoàn thành chỉ tiêu phát triển kinh tế xã hội năm 2021.","Tren co so phan tich, du bao cac kha nang co the xay ra, nhat la tinh hinh dich benh tren the gioi va o Viet Nam trong thoi gian toi, Hoi nghi Trung uong lan nay xac ro quan điem, chu truong ve phong, chong dich benh va phuc hoi, phat trien kinh te - xa hoi trong tinh hinh moi nham hoan thanh chi tieu phat trien kinh te xa hoi nam 2021.",2,rule_based,deterministic-rule-baseline-precomputed,analysis_csv,0.0,remove_tones_and_drop_one_word,ok
vi-zh-2022-test-0084,基于对可能出现的各种情况的评估和分析，特别是对世界和越南疫情演变的研判，本次会议明确提出了新形势下防疫和恢复经济社会发展的主张和观点，旨在实现2021年经济社会发展目标。,"Trên cơ sở phân tích, dự báo các khả năng có thể xảy ra, nhất là tình hình dịch bệnh trên thế giới và ở Việt Nam trong thời gian tới, Hội nghị Trung ương lần này xác định rõ quan điểm, chủ trương về phòng, chống dịch bệnh và phục hồi, phát triển kinh tế - xã hội trong tình hình mới nhằm hoàn thành chỉ tiêu phát triển kinh tế xã hội năm 2021.","sở phân tích, dự báo khả năng có thể ra, nhất là tình hình dịch bệnh trên giới và ở Việt trong thời gian tới, Hội nghị Trung ương lần này xác định rõ quan chủ trương phòng, chống dịch bệnh và phục hồi, phát triển - xã hội trong tình hình mới nhằm hoàn thành chỉ tiêu phát triển tế xã hội năm 2021.",3,rule_based,deterministic-rule-baseline-precomputed,analysis_csv,0.0,word_dropout_15pct,ok
vi-zh-2022-test-0084,基于对可能出现的各种情况的评估和分析，特别是对世界和越南疫情演变的研判，本次会议明确提出了新形势下防疫和恢复经济社会发展的主张和观点，旨在实现2021年经济社会发展目标。,"Trên cơ sở phân tích, dự báo các khả năng có thể xảy ra, nhất là tình hình dịch bệnh trên thế giới và ở Việt Nam trong thời gian tới, Hội nghị Trung ương lần này xác định rõ quan điểm, chủ trương về phòng, chống dịch bệnh và phục hồi, phát triển kinh tế - xã hội trong tình hình mới nhằm hoàn thành chỉ tiêu phát triển kinh tế xã hội năm 2021.","cơ phân sở dự các khả năng xảy ra, nhất bệnh thế giới và ở Việt Nam trong thời tới, Hội nghị Trung ương lần này xác điểm, chủ trương phòng, chống bệnh hồi, phát triển kinh tế - xã hội tình mới nhằm hoàn thành chỉ tiêu phát triển kinh tế hội",4,rule_based,deterministic-rule-baseline-precomputed,analysis_csv,0.0,word_dropout_30pct_and_swap,ok
vi-zh-2022-test-0084,基于对可能出现的各种情况的评估和分析，特别是对世界和越南疫情演变的研判，本次会议明确提出了新形势下防疫和恢复经济社会发展的主张和观点，旨在实现2021年经济社会发展目标。,"Trên cơ sở phân tích, dự báo các khả năng có thể xảy ra, nhất là tình hình dịch bệnh trên thế giới và ở Việt Nam trong thời gian tới, Hội nghị Trung ương lần này xác định rõ quan điểm, chủ trương về phòng, chống dịch bệnh và phục hồi, phát triển kinh tế - xã hội trong tình hình mới nhằm hoàn thành chỉ tiêu phát triển kinh tế xã hội năm 2021.",Trên sở phân tích có thể xảy ra nhất là tình thế trong thời Hội ương lần này xác quan điểm trương về chống dịch và phục - xã hội trong mới nhằm thành chỉ tế hội năm,5,rule_based,deterministic-rule-baseline-precomputed,analysis_csv,0.0,word_dropout_50pct_and_punctuation_remove,ok
vi-zh-2022-test-0085,此外，会议还提出了总体、基本和重要目标以及方向、主张、政策、任务、方案和2022年的具体实施方案和路线图，均符合实际，具有较高可行性，为从现在到2021年底和2022年全年集中领导和指导打下前提。,"Hội nghị cũng đề ra mục tiêu tổng quát, các chỉ tiêu cơ bản, quan trọng nhất; các định hướng, chủ trương, chính sách, nhiệm vụ, giải pháp và kế hoạch, lộ trình triển khai thực hiện cụ thể cho năm 2022, bảo đảm sát với thực tiễn, có tính khả thi cao để tập trung lãnh đạo, chỉ đạo thực hiện từ nay đến cuối năm 2021 và trong cả năm 2022.","Hội nghị cũng đề ra mục tiêu tổng quát, các chỉ tiêu cơ bản, quan trọng nhất; các định hướng, chủ trương, chính sách, nhiệm vụ, giải pháp và kế hoạch, lộ trình triển khai thực hiện cụ thể cho năm 2022, bảo đảm sát với thực tiễn, có tính khả thi cao để tập trung lãnh đạo, chỉ đạo thực hiện từ nay đến cuối năm 2021 và trong cả năm 2022.",0,rule_based,deterministic-rule-baseline-precomputed,analysis_csv,0.0,identity,ok
vi-zh-2022-test-0085,此外，会议还提出了总体、基本和重要目标以及方向、主张、政策、任务、方案和2022年的具体实施方案和路线图，均符合实际，具有较高可行性，为从现在到2021年底和2022年全年集中领导和指导打下前提。,"Hội nghị cũng đề ra mục tiêu tổng quát, các chỉ tiêu cơ bản, quan trọng nhất; các định hướng, chủ trương, chính sách, nhiệm vụ, giải pháp và kế hoạch, lộ trình triển khai thực hiện cụ thể cho năm 2022, bảo đảm sát với thực tiễn, có tính khả thi cao để tập trung lãnh đạo, chỉ đạo thực hiện từ nay đến cuối năm 2021 và trong cả năm 2022.","Hoi nghị cũng đề ra mục tiêu tổng quát, các chỉ tiêu cơ bản, quan trọng nhất; các định hướng, chủ trương, chính sách, nhiệm vụ, giải pháp và kế hoạch, lộ trình triển khai thực hiện cụ thể cho năm 2022, bảo đảm sát với thực tiễn, có tính khả thi cao để tập trung lãnh đạo, chỉ đạo thực hiện từ nay đến cuối năm 2021 và trong cả năm 2022.",1,rule_based,deterministic-rule-baseline-precomputed,analysis_csv,0.0,remove_one_tone,ok
vi-zh-2022-test-0085,此外，会议还提出了总体、基本和重要目标以及方向、主张、政策、任务、方案和2022年的具体实施方案和路线图，均符合实际，具有较高可行性，为从现在到2021年底和2022年全年集中领导和指导打下前提。,"Hội nghị cũng đề ra mục tiêu tổng quát, các chỉ tiêu cơ bản, quan trọng nhất; các định hướng, chủ trương, chính sách, nhiệm vụ, giải pháp và kế hoạch, lộ trình triển khai thực hiện cụ thể cho năm 2022, bảo đảm sát với thực tiễn, có tính khả thi cao để tập trung lãnh đạo, chỉ đạo thực hiện từ nay đến cuối năm 2021 và trong cả năm 2022.","Hoi nghi cung đe ra muc tieu tong quat, cac chi tieu co ban, quan trong nhat; cac đinh huong, chu truong, chinh sach, nhiem vu, giai phap va ke hoach, lo trinh trien khai thuc cu the cho nam 2022, bao đam sat voi thuc tien, co tinh kha thi cao đe tap trung lanh đao, chi đao thuc hien tu nay đen cuoi nam 2021 va trong ca nam 2022.",2,rule_based,deterministic-rule-baseline-precomputed,analysis_csv,0.0,remove_tones_and_drop_one_word,ok
vi-zh-2022-test-0085,此外，会议还提出了总体、基本和重要目标以及方向、主张、政策、任务、方案和2022年的具体实施方案和路线图，均符合实际，具有较高可行性，为从现在到2021年底和2022年全年集中领导和指导打下前提。,"Hội nghị cũng đề ra mục tiêu tổng quát, các chỉ tiêu cơ bản, quan trọng nhất; các định hướng, chủ trương, chính sách, nhiệm vụ, giải pháp và kế hoạch, lộ trình triển khai thực hiện cụ thể cho năm 2022, bảo đảm sát với thực tiễn, có tính khả thi cao để tập trung lãnh đạo, chỉ đạo thực hiện từ nay đến cuối năm 2021 và trong cả năm 2022.","nghị cũng đề ra mục tiêu quát, các tiêu cơ bản, quan trọng các hướng, trương, chính sách, nhiệm vụ, giải pháp và kế hoạch, lộ trình triển khai thực hiện cụ thể 2022, bảo đảm sát với thực tiễn, có tính thi cao để tập lãnh đạo, chỉ đạo thực hiện từ nay đến cuối năm 2021 trong cả năm 2022.",3,rule_based,deterministic-rule-baseline-precomputed,analysis_csv,0.0,word_dropout_15pct,ok
vi-zh-2022-test-0085,此外，会议还提出了总体、基本和重要目标以及方向、主张、政策、任务、方案和2022年的具体实施方案和路线图，均符合实际，具有较高可行性，为从现在到2021年底和2022年全年集中领导和指导打下前提。,"Hội nghị cũng đề ra mục tiêu tổng quát, các chỉ tiêu cơ bản, quan trọng nhất; các định hướng, chủ trương, chính sách, nhiệm vụ, giải pháp và kế hoạch, lộ trình triển khai thực hiện cụ thể cho năm 2022, bảo đảm sát với thực tiễn, có tính khả thi cao để tập trung lãnh đạo, chỉ đạo thực hiện từ nay đến cuối năm 2021 và trong cả năm 2022.","Hội đề cũng ra mục tiêu các chỉ tiêu cơ bản, quan trọng nhất; các hướng, nhiệm vụ, pháp và kế lộ khai thực hiện cụ thể cho năm đảm sát với thực tiễn, tính khả thi tập trung lãnh đạo, chỉ đạo nay cuối năm 2021 và trong năm 2022.",4,rule_based,deterministic-rule-baseline-precomputed,analysis_csv,0.0,word_dropout_30pct_and_swap,ok
vi-zh-2022-test-0085,此外，会议还提出了总体、基本和重要目标以及方向、主张、政策、任务、方案和2022年的具体实施方案和路线图，均符合实际，具有较高可行性，为从现在到2021年底和2022年全年集中领导和指导打下前提。,"Hội nghị cũng đề ra mục tiêu tổng quát, các chỉ tiêu cơ bản, quan trọng nhất; các định hướng, chủ trương, chính sách, nhiệm vụ, giải pháp và kế hoạch, lộ trình triển khai thực hiện cụ thể cho năm 2022, bảo đảm sát với thực tiễn, có tính khả thi cao để tập trung lãnh đạo, chỉ đạo thực hiện từ nay đến cuối năm 2021 và trong cả năm 2022.",đề ra mục tổng chỉ cơ trọng nhất hướng trương sách nhiệm vụ và lộ khai thực hiện cụ cho bảo sát tiễn tính thi cao trung chỉ đạo hiện từ nay cuối năm và 2022,5,rule_based,deterministic-rule-baseline-precomputed,analysis_csv,0.0,word_dropout_50pct_and_punctuation_remove,ok
vi-zh-2022-test-0086,中央会议传递的正确信息体现了党意民心和在新形势下建设和发展国家的决心。,"Những thông điệp đúng đắn từ Hội nghị Trung ương lần thể hiện ý Đảng, lòng dân, quyết tâm vì mục tiêu xây dựng và phát triển đất nước trong tình hình mới.","Những thông điệp đúng đắn từ Hội nghị Trung ương lần thể hiện ý Đảng, lòng dân, quyết tâm vì mục tiêu xây dựng và phát triển đất nước trong tình hình mới.",0,rule_based,deterministic-rule-baseline-precomputed,analysis_csv,0.0,identity,ok
vi-zh-2022-test-0086,中央会议传递的正确信息体现了党意民心和在新形势下建设和发展国家的决心。,"Những thông điệp đúng đắn từ Hội nghị Trung ương lần thể hiện ý Đảng, lòng dân, quyết tâm vì mục tiêu xây dựng và phát triển đất nước trong tình hình mới.","Nhung thông điệp đúng đắn từ Hội nghị Trung ương lần thể hiện ý Đảng, lòng dân, quyết tâm vì mục tiêu xây dựng và phát triển đất nước trong tình hình mới.",1,rule_based,deterministic-rule-baseline-precomputed,analysis_csv,0.0,remove_one_tone,ok
vi-zh-2022-test-0086,中央会议传递的正确信息体现了党意民心和在新形势下建设和发展国家的决心。,"Những thông điệp đúng đắn từ Hội nghị Trung ương lần thể hiện ý Đảng, lòng dân, quyết tâm vì mục tiêu xây dựng và phát triển đất nước trong tình hình mới.","Nhung thong điep đung đan tu Hoi nghi Trung uong lan the hien y Đang, long quyet tam vi muc tieu xay dung va phat trien đat nuoc trong tinh hinh moi.",2,rule_based,deterministic-rule-baseline-precomputed,analysis_csv,0.0,remove_tones_and_drop_one_word,ok
vi-zh-2022-test-0086,中央会议传递的正确信息体现了党意民心和在新形势下建设和发展国家的决心。,"Những thông điệp đúng đắn từ Hội nghị Trung ương lần thể hiện ý Đảng, lòng dân, quyết tâm vì mục tiêu xây dựng và phát triển đất nước trong tình hình mới.","Những điệp đúng từ nghị Trung ương thể hiện ý Đảng, lòng dân, quyết tâm vì mục tiêu xây dựng và phát đất nước trong tình hình mới.",3,rule_based,deterministic-rule-baseline-precomputed,analysis_csv,0.0,word_dropout_15pct,ok
vi-zh-2022-test-0086,中央会议传递的正确信息体现了党意民心和在新形势下建设和发展国家的决心。,"Những thông điệp đúng đắn từ Hội nghị Trung ương lần thể hiện ý Đảng, lòng dân, quyết tâm vì mục tiêu xây dựng và phát triển đất nước trong tình hình mới.","Những đúng thông từ Hội nghị Trung ương lần thể hiện ý Đảng, quyết mục tiêu và phát triển đất nước trong hình",4,rule_based,deterministic-rule-baseline-precomputed,analysis_csv,0.0,word_dropout_30pct_and_swap,ok
vi-zh-2022-test-0086,中央会议传递的正确信息体现了党意民心和在新形势下建设和发展国家的决心。,"Những thông điệp đúng đắn từ Hội nghị Trung ương lần thể hiện ý Đảng, lòng dân, quyết tâm vì mục tiêu xây dựng và phát triển đất nước trong tình hình mới.",thông điệp Trung ương lần lòng quyết vì xây và phát đất nước trong hình mới,5,rule_based,deterministic-rule-baseline-precomputed,analysis_csv,0.0,word_dropout_50pct_and_punctuation_remove,ok
vi-zh-2022-test-0087,越南从“零新冠”目标转向适应、与疫情安全共处目标，为开放、逐步恢复经济创造条件。,"Theo đó, chuyển mục tiêu “không ca mắc” (Zero Covid) sang mục tiêu thích ứng và chung sống an toàn với dịch bệnh, tạo điều kiện mở cửa và từng bước khôi phục hoạt động kinh tế.","Theo đó, chuyển mục tiêu “không ca mắc” (Zero Covid) sang mục tiêu thích ứng và chung sống an toàn với dịch bệnh, tạo điều kiện mở cửa và từng bước khôi phục hoạt động kinh tế.",0,rule_based,deterministic-rule-baseline-precomputed,analysis_csv,0.0,identity,ok
vi-zh-2022-test-0087,越南从“零新冠”目标转向适应、与疫情安全共处目标，为开放、逐步恢复经济创造条件。,"Theo đó, chuyển mục tiêu “không ca mắc” (Zero Covid) sang mục tiêu thích ứng và chung sống an toàn với dịch bệnh, tạo điều kiện mở cửa và từng bước khôi phục hoạt động kinh tế.","Theo đo, chuyển mục tiêu “không ca mắc” (Zero Covid) sang mục tiêu thích ứng và chung sống an toàn với dịch bệnh, tạo điều kiện mở cửa và từng bước khôi phục hoạt động kinh tế.",1,rule_based,deterministic-rule-baseline-precomputed,analysis_csv,0.0,remove_one_tone,ok
vi-zh-2022-test-0087,越南从“零新冠”目标转向适应、与疫情安全共处目标，为开放、逐步恢复经济创造条件。,"Theo đó, chuyển mục tiêu “không ca mắc” (Zero Covid) sang mục tiêu thích ứng và chung sống an toàn với dịch bệnh, tạo điều kiện mở cửa và từng bước khôi phục hoạt động kinh tế.","Theo đo, chuyen muc tieu “khong ca mac” (Zero Covid) sang muc tieu thich ung va chung song toan voi dich benh, tao đieu kien mo cua va tung buoc khoi phuc hoat đong kinh te.",2,rule_based,deterministic-rule-baseline-precomputed,analysis_csv,0.0,remove_tones_and_drop_one_word,ok
vi-zh-2022-test-0087,越南从“零新冠”目标转向适应、与疫情安全共处目标，为开放、逐步恢复经济创造条件。,"Theo đó, chuyển mục tiêu “không ca mắc” (Zero Covid) sang mục tiêu thích ứng và chung sống an toàn với dịch bệnh, tạo điều kiện mở cửa và từng bước khôi phục hoạt động kinh tế.","Theo chuyển mục tiêu “không ca mắc” (Zero Covid) sang mục tiêu thích ứng và sống an toàn với dịch bệnh, tạo điều kiện mở cửa bước hoạt động kinh tế.",3,rule_based,deterministic-rule-baseline-precomputed,analysis_csv,0.0,word_dropout_15pct,ok
vi-zh-2022-test-0087,越南从“零新冠”目标转向适应、与疫情安全共处目标，为开放、逐步恢复经济创造条件。,"Theo đó, chuyển mục tiêu “không ca mắc” (Zero Covid) sang mục tiêu thích ứng và chung sống an toàn với dịch bệnh, tạo điều kiện mở cửa và từng bước khôi phục hoạt động kinh tế.","Theo tiêu chuyển “không ca (Zero Covid) tiêu thích chung an với dịch bệnh, tạo điều mở cửa và từng bước khôi phục động kinh tế.",4,rule_based,deterministic-rule-baseline-precomputed,analysis_csv,0.0,word_dropout_30pct_and_swap,ok
vi-zh-2022-test-0087,越南从“零新冠”目标转向适应、与疫情安全共处目标，为开放、逐步恢复经济创造条件。,"Theo đó, chuyển mục tiêu “không ca mắc” (Zero Covid) sang mục tiêu thích ứng và chung sống an toàn với dịch bệnh, tạo điều kiện mở cửa và từng bước khôi phục hoạt động kinh tế.",Theo đó mục mắc” (Zero Covid) tiêu ứng và chung sống toàn và bước khôi hoạt động tế,5,rule_based,deterministic-rule-baseline-precomputed,analysis_csv,0.0,word_dropout_50pct_and_punctuation_remove,ok
vi-zh-2022-test-0088,安全适应，为随时开放、恢复经济做准备,"Thích ứng an toàn, sẵn sàng mở cửa và khôi phục hoạt động kinh tế","Thích ứng an toàn, sẵn sàng mở cửa và khôi phục hoạt động kinh tế",0,rule_based,deterministic-rule-baseline-precomputed,analysis_csv,0.0,identity,ok
vi-zh-2022-test-0088,安全适应，为随时开放、恢复经济做准备,"Thích ứng an toàn, sẵn sàng mở cửa và khôi phục hoạt động kinh tế","Thich ứng an toàn, sẵn sàng mở cửa và khôi phục hoạt động kinh tế",1,rule_based,deterministic-rule-baseline-precomputed,analysis_csv,0.0,remove_one_tone,ok
vi-zh-2022-test-0088,安全适应，为随时开放、恢复经济做准备,"Thích ứng an toàn, sẵn sàng mở cửa và khôi phục hoạt động kinh tế","Thich ung an toan, san sang mo va khoi phuc hoat đong kinh te",2,rule_based,deterministic-rule-baseline-precomputed,analysis_csv,0.0,remove_tones_and_drop_one_word,ok
vi-zh-2022-test-0088,安全适应，为随时开放、恢复经济做准备,"Thích ứng an toàn, sẵn sàng mở cửa và khôi phục hoạt động kinh tế",Thích ứng an sẵn sàng cửa và khôi phục hoạt động kinh tế,3,rule_based,deterministic-rule-baseline-precomputed,analysis_csv,0.0,word_dropout_15pct,ok
vi-zh-2022-test-0088,安全适应，为随时开放、恢复经济做准备,"Thích ứng an toàn, sẵn sàng mở cửa và khôi phục hoạt động kinh tế","Thích toàn, an cửa và phục hoạt động kinh tế",4,rule_based,deterministic-rule-baseline-precomputed,analysis_csv,0.0,word_dropout_30pct_and_swap,ok
vi-zh-2022-test-0088,安全适应，为随时开放、恢复经济做准备,"Thích ứng an toàn, sẵn sàng mở cửa và khôi phục hoạt động kinh tế",sẵn sàng cửa khôi phục hoạt động tế,5,rule_based,deterministic-rule-baseline-precomputed,analysis_csv,0.0,word_dropout_50pct_and_punctuation_remove,ok
vi-zh-2022-test-0089,越南卫生部卫生环境管理局局长阮氏莲香表示，安全适应意味着不追求零新增目标，而允许社区存在一定数量的病例，但须保障人民生命安全，继续发展经济社会及人民日常活动。,"Theo Phó Giáo sư, Tiến sỹ Nguyễn Thị Liên Hương, Cục trưởng Cục Quản lý môi trường y tế - Bộ Y tế, thích ứng an toàn có nghĩa là không theo đuổi mục tiêu không có ca mắc Covid-19, mà chấp nhận có số ca mắc nhất định trong cộng đồng, nhưng phải đảm bảo an toàn tính mạng người dân và tiếp tục các hoạt động phát triển kinh tế xã hội, hoạt động sinh hoạt của người dân.","Theo Phó Giáo sư, Tiến sỹ Nguyễn Thị Liên Hương, Cục trưởng Cục Quản lý môi trường y tế - Bộ Y tế, thích ứng an toàn có nghĩa là không theo đuổi mục tiêu không có ca mắc Covid-19, mà chấp nhận có số ca mắc nhất định trong cộng đồng, nhưng phải đảm bảo an toàn tính mạng người dân và tiếp tục các hoạt động phát triển kinh tế xã hội, hoạt động sinh hoạt của người dân.",0,rule_based,deterministic-rule-baseline-precomputed,analysis_csv,0.0,identity,ok
vi-zh-2022-test-0089,越南卫生部卫生环境管理局局长阮氏莲香表示，安全适应意味着不追求零新增目标，而允许社区存在一定数量的病例，但须保障人民生命安全，继续发展经济社会及人民日常活动。,"Theo Phó Giáo sư, Tiến sỹ Nguyễn Thị Liên Hương, Cục trưởng Cục Quản lý môi trường y tế - Bộ Y tế, thích ứng an toàn có nghĩa là không theo đuổi mục tiêu không có ca mắc Covid-19, mà chấp nhận có số ca mắc nhất định trong cộng đồng, nhưng phải đảm bảo an toàn tính mạng người dân và tiếp tục các hoạt động phát triển kinh tế xã hội, hoạt động sinh hoạt của người dân.","Theo Pho Giáo sư, Tiến sỹ Nguyễn Thị Liên Hương, Cục trưởng Cục Quản lý môi trường y tế - Bộ Y tế, thích ứng an toàn có nghĩa là không theo đuổi mục tiêu không có ca mắc Covid-19, mà chấp nhận có số ca mắc nhất định trong cộng đồng, nhưng phải đảm bảo an toàn tính mạng người dân và tiếp tục các hoạt động phát triển kinh tế xã hội, hoạt động sinh hoạt của người dân.",1,rule_based,deterministic-rule-baseline-precomputed,analysis_csv,0.0,remove_one_tone,ok
vi-zh-2022-test-0089,越南卫生部卫生环境管理局局长阮氏莲香表示，安全适应意味着不追求零新增目标，而允许社区存在一定数量的病例，但须保障人民生命安全，继续发展经济社会及人民日常活动。,"Theo Phó Giáo sư, Tiến sỹ Nguyễn Thị Liên Hương, Cục trưởng Cục Quản lý môi trường y tế - Bộ Y tế, thích ứng an toàn có nghĩa là không theo đuổi mục tiêu không có ca mắc Covid-19, mà chấp nhận có số ca mắc nhất định trong cộng đồng, nhưng phải đảm bảo an toàn tính mạng người dân và tiếp tục các hoạt động phát triển kinh tế xã hội, hoạt động sinh hoạt của người dân.","Theo Pho Giao su, Tien sy Nguyen Thi Lien Huong, Cuc truong Cuc Quan ly moi truong y te - Bo Y te, thich ung an toan co nghia la khong theo đuoi muc tieu khong co ca mac Covid-19, chap nhan co so ca mac nhat đinh trong cong đong, nhung phai đam bao an toan tinh mang nguoi dan va tiep tuc cac hoat đong phat trien kinh te xa hoi, hoat đong sinh hoat cua nguoi dan.",2,rule_based,deterministic-rule-baseline-precomputed,analysis_csv,0.0,remove_tones_and_drop_one_word,ok
vi-zh-2022-test-0089,越南卫生部卫生环境管理局局长阮氏莲香表示，安全适应意味着不追求零新增目标，而允许社区存在一定数量的病例，但须保障人民生命安全，继续发展经济社会及人民日常活动。,"Theo Phó Giáo sư, Tiến sỹ Nguyễn Thị Liên Hương, Cục trưởng Cục Quản lý môi trường y tế - Bộ Y tế, thích ứng an toàn có nghĩa là không theo đuổi mục tiêu không có ca mắc Covid-19, mà chấp nhận có số ca mắc nhất định trong cộng đồng, nhưng phải đảm bảo an toàn tính mạng người dân và tiếp tục các hoạt động phát triển kinh tế xã hội, hoạt động sinh hoạt của người dân.","sư, Tiến sỹ Nguyễn Thị Liên Hương, Cục trưởng Cục Quản lý môi trường tế - Bộ Y tế, ứng an có nghĩa là không theo đuổi mục tiêu không có ca mắc Covid-19, mà chấp nhận có số ca mắc nhất định trong cộng phải đảm bảo an toàn tính mạng dân và tục các hoạt động phát kinh tế xã hội, hoạt động sinh của người dân.",3,rule_based,deterministic-rule-baseline-precomputed,analysis_csv,0.0,word_dropout_15pct,ok
vi-zh-2022-test-0089,越南卫生部卫生环境管理局局长阮氏莲香表示，安全适应意味着不追求零新增目标，而允许社区存在一定数量的病例，但须保障人民生命安全，继续发展经济社会及人民日常活动。,"Theo Phó Giáo sư, Tiến sỹ Nguyễn Thị Liên Hương, Cục trưởng Cục Quản lý môi trường y tế - Bộ Y tế, thích ứng an toàn có nghĩa là không theo đuổi mục tiêu không có ca mắc Covid-19, mà chấp nhận có số ca mắc nhất định trong cộng đồng, nhưng phải đảm bảo an toàn tính mạng người dân và tiếp tục các hoạt động phát triển kinh tế xã hội, hoạt động sinh hoạt của người dân.","Theo Giáo Phó sư, Tiến sỹ Thị Liên Cục trưởng Cục lý môi trường y tế - Y tế, ứng an có nghĩa không đuổi mục tiêu không có ca Covid-19, mà chấp nhận số mắc nhất định nhưng phải bảo an toàn mạng dân và tục phát triển kinh tế hội, hoạt động của người dân.",4,rule_based,deterministic-rule-baseline-precomputed,analysis_csv,0.0,word_dropout_30pct_and_swap,ok
vi-zh-2022-test-0089,越南卫生部卫生环境管理局局长阮氏莲香表示，安全适应意味着不追求零新增目标，而允许社区存在一定数量的病例，但须保障人民生命安全，继续发展经济社会及人民日常活动。,"Theo Phó Giáo sư, Tiến sỹ Nguyễn Thị Liên Hương, Cục trưởng Cục Quản lý môi trường y tế - Bộ Y tế, thích ứng an toàn có nghĩa là không theo đuổi mục tiêu không có ca mắc Covid-19, mà chấp nhận có số ca mắc nhất định trong cộng đồng, nhưng phải đảm bảo an toàn tính mạng người dân và tiếp tục các hoạt động phát triển kinh tế xã hội, hoạt động sinh hoạt của người dân.",Phó Giáo Tiến sỹ Nguyễn Thị trưởng trường y - Bộ Y tế ứng an theo đuổi tiêu không Covid-19 có ca định trong nhưng phải đảm bảo toàn tính tiếp các động phát hội hoạt động sinh hoạt người,5,rule_based,deterministic-rule-baseline-precomputed,analysis_csv,0.0,word_dropout_50pct_and_punctuation_remove,ok
vi-zh-2022-test-0090,检测速度要快、科学、合理。,"Còn xét nghiệm là phải thần tốc, khoa học, hợp lý và hiệu quả.","Còn xét nghiệm là phải thần tốc, khoa học, hợp lý và hiệu quả.",0,rule_based,deterministic-rule-baseline-precomputed,analysis_csv,0.0,identity,ok
vi-zh-2022-test-0090,检测速度要快、科学、合理。,"Còn xét nghiệm là phải thần tốc, khoa học, hợp lý và hiệu quả.","Con xét nghiệm là phải thần tốc, khoa học, hợp lý và hiệu quả.",1,rule_based,deterministic-rule-baseline-precomputed,analysis_csv,0.0,remove_one_tone,ok
vi-zh-2022-test-0090,检测速度要快、科学、合理。,"Còn xét nghiệm là phải thần tốc, khoa học, hợp lý và hiệu quả.","Con xet nghiem la phai than toc, hoc, hop ly va hieu qua.",2,rule_based,deterministic-rule-baseline-precomputed,analysis_csv,0.0,remove_tones_and_drop_one_word,ok
vi-zh-2022-test-0090,检测速度要快、科学、合理。,"Còn xét nghiệm là phải thần tốc, khoa học, hợp lý và hiệu quả.",Còn xét nghiệm là phải thần khoa hợp lý và hiệu quả.,3,rule_based,deterministic-rule-baseline-precomputed,analysis_csv,0.0,word_dropout_15pct,ok
vi-zh-2022-test-0090,检测速度要快、科学、合理。,"Còn xét nghiệm là phải thần tốc, khoa học, hợp lý và hiệu quả.","Còn là xét thần tốc, khoa học, hợp và hiệu",4,rule_based,deterministic-rule-baseline-precomputed,analysis_csv,0.0,word_dropout_30pct_and_swap,ok
vi-zh-2022-test-0090,检测速度要快、科学、合理。,"Còn xét nghiệm là phải thần tốc, khoa học, hợp lý và hiệu quả.",xét nghiệm là thần tốc khoa hợp,5,rule_based,deterministic-rule-baseline-precomputed,analysis_csv,0.0,word_dropout_50pct_and_punctuation_remove,ok
vi-zh-2022-test-0091,重新开放经济是迫切要求，但范明政要求慎重、有序开放并制定适合、有效的路线图，在各地逐步、灵活实施，确保开放与安全的平衡。,"Khẳng định việc mở cửa trở lại nền kinh tế là yêu cầu cấp bách, song Thủ tướng đồng thời lưu ý việc mở cửa phải thận trọng, có kế hoạch, lộ trình phù hợp, hiệu quả, thực hiện từng bước và linh hoạt áp dụng cho từng địa phương, bảo đảm hài hòa giữa mở cửa và an toàn dịch bệnh.","Khẳng định việc mở cửa trở lại nền kinh tế là yêu cầu cấp bách, song Thủ tướng đồng thời lưu ý việc mở cửa phải thận trọng, có kế hoạch, lộ trình phù hợp, hiệu quả, thực hiện từng bước và linh hoạt áp dụng cho từng địa phương, bảo đảm hài hòa giữa mở cửa và an toàn dịch bệnh.",0,rule_based,deterministic-rule-baseline-precomputed,analysis_csv,0.0,identity,ok
vi-zh-2022-test-0091,重新开放经济是迫切要求，但范明政要求慎重、有序开放并制定适合、有效的路线图，在各地逐步、灵活实施，确保开放与安全的平衡。,"Khẳng định việc mở cửa trở lại nền kinh tế là yêu cầu cấp bách, song Thủ tướng đồng thời lưu ý việc mở cửa phải thận trọng, có kế hoạch, lộ trình phù hợp, hiệu quả, thực hiện từng bước và linh hoạt áp dụng cho từng địa phương, bảo đảm hài hòa giữa mở cửa và an toàn dịch bệnh.","Khang định việc mở cửa trở lại nền kinh tế là yêu cầu cấp bách, song Thủ tướng đồng thời lưu ý việc mở cửa phải thận trọng, có kế hoạch, lộ trình phù hợp, hiệu quả, thực hiện từng bước và linh hoạt áp dụng cho từng địa phương, bảo đảm hài hòa giữa mở cửa và an toàn dịch bệnh.",1,rule_based,deterministic-rule-baseline-precomputed,analysis_csv,0.0,remove_one_tone,ok
vi-zh-2022-test-0091,重新开放经济是迫切要求，但范明政要求慎重、有序开放并制定适合、有效的路线图，在各地逐步、灵活实施，确保开放与安全的平衡。,"Khẳng định việc mở cửa trở lại nền kinh tế là yêu cầu cấp bách, song Thủ tướng đồng thời lưu ý việc mở cửa phải thận trọng, có kế hoạch, lộ trình phù hợp, hiệu quả, thực hiện từng bước và linh hoạt áp dụng cho từng địa phương, bảo đảm hài hòa giữa mở cửa và an toàn dịch bệnh.","Khang đinh viec mo cua tro lai nen kinh te la yeu cau cap bach, song Thu tuong đong thoi luu y viec mo cua phai than trong, co ke hoach, trinh phu hop, hieu qua, thuc hien tung buoc va linh hoat ap dung cho tung đia phuong, bao đam hai hoa giua mo cua va an toan dich benh.",2,rule_based,deterministic-rule-baseline-precomputed,analysis_csv,0.0,remove_tones_and_drop_one_word,ok
vi-zh-2022-test-0091,重新开放经济是迫切要求，但范明政要求慎重、有序开放并制定适合、有效的路线图，在各地逐步、灵活实施，确保开放与安全的平衡。,"Khẳng định việc mở cửa trở lại nền kinh tế là yêu cầu cấp bách, song Thủ tướng đồng thời lưu ý việc mở cửa phải thận trọng, có kế hoạch, lộ trình phù hợp, hiệu quả, thực hiện từng bước và linh hoạt áp dụng cho từng địa phương, bảo đảm hài hòa giữa mở cửa và an toàn dịch bệnh.","Khẳng định việc mở cửa trở lại kinh tế là yêu cầu cấp bách, Thủ tướng đồng thời lưu ý việc mở phải trọng, có kế lộ phù hiệu quả, hiện bước và linh hoạt áp dụng cho từng địa phương, bảo đảm hài hòa giữa mở cửa và an toàn dịch bệnh.",3,rule_based,deterministic-rule-baseline-precomputed,analysis_csv,0.0,word_dropout_15pct,ok
vi-zh-2022-test-0091,重新开放经济是迫切要求，但范明政要求慎重、有序开放并制定适合、有效的路线图，在各地逐步、灵活实施，确保开放与安全的平衡。,"Khẳng định việc mở cửa trở lại nền kinh tế là yêu cầu cấp bách, song Thủ tướng đồng thời lưu ý việc mở cửa phải thận trọng, có kế hoạch, lộ trình phù hợp, hiệu quả, thực hiện từng bước và linh hoạt áp dụng cho từng địa phương, bảo đảm hài hòa giữa mở cửa và an toàn dịch bệnh.","Khẳng việc định cửa kinh tế là yêu cầu bách, song lưu ý việc mở phải thận trọng, có kế hoạch, lộ trình phù hợp, quả, từng bước linh hoạt áp cho từng địa đảm hài hòa giữa mở và an toàn dịch",4,rule_based,deterministic-rule-baseline-precomputed,analysis_csv,0.0,word_dropout_30pct_and_swap,ok
vi-zh-2022-test-0091,重新开放经济是迫切要求，但范明政要求慎重、有序开放并制定适合、有效的路线图，在各地逐步、灵活实施，确保开放与安全的平衡。,"Khẳng định việc mở cửa trở lại nền kinh tế là yêu cầu cấp bách, song Thủ tướng đồng thời lưu ý việc mở cửa phải thận trọng, có kế hoạch, lộ trình phù hợp, hiệu quả, thực hiện từng bước và linh hoạt áp dụng cho từng địa phương, bảo đảm hài hòa giữa mở cửa và an toàn dịch bệnh.",định mở trở kinh tế là yêu cầu cấp bách song Thủ tướng thời lưu ý mở cửa có lộ phù hợp hiện từng áp dụng từng đảm cửa an toàn,5,rule_based,deterministic-rule-baseline-precomputed,analysis_csv,0.0,word_dropout_50pct_and_punctuation_remove,ok
vi-zh-2022-test-0092,随时开放、恢复经济活动,"Sẵn sàng mở cửa, khôi phục hoạt động kinh tế","Sẵn sàng mở cửa, khôi phục hoạt động kinh tế",0,rule_based,deterministic-rule-baseline-precomputed,analysis_csv,0.0,identity,ok
vi-zh-2022-test-0092,随时开放、恢复经济活动,"Sẵn sàng mở cửa, khôi phục hoạt động kinh tế","San sàng mở cửa, khôi phục hoạt động kinh tế",1,rule_based,deterministic-rule-baseline-precomputed,analysis_csv,0.0,remove_one_tone,ok
vi-zh-2022-test-0092,随时开放、恢复经济活动,"Sẵn sàng mở cửa, khôi phục hoạt động kinh tế","San sang mo cua, khoi hoat đong kinh te",2,rule_based,deterministic-rule-baseline-precomputed,analysis_csv,0.0,remove_tones_and_drop_one_word,ok
vi-zh-2022-test-0092,随时开放、恢复经济活动,"Sẵn sàng mở cửa, khôi phục hoạt động kinh tế","sàng mở cửa, khôi phục hoạt kinh tế",3,rule_based,deterministic-rule-baseline-precomputed,analysis_csv,0.0,word_dropout_15pct,ok
vi-zh-2022-test-0092,随时开放、恢复经济活动,"Sẵn sàng mở cửa, khôi phục hoạt động kinh tế","sàng cửa, mở phục hoạt động kinh",4,rule_based,deterministic-rule-baseline-precomputed,analysis_csv,0.0,word_dropout_30pct_and_swap,ok
vi-zh-2022-test-0092,随时开放、恢复经济活动,"Sẵn sàng mở cửa, khôi phục hoạt động kinh tế",Sẵn khôi phục động kinh,5,rule_based,deterministic-rule-baseline-precomputed,analysis_csv,0.0,word_dropout_50pct_and_punctuation_remove,ok
vi-zh-2022-test-0093,越南已经并继续是外国投资者的目的地。,"Việt Nam đã, đang và sẽ tiếp tục là điểm đến hàng đầu của các nhà đầu tư quốc tế","Việt Nam đã, đang và sẽ tiếp tục là điểm đến hàng đầu của các nhà đầu tư quốc tế",0,rule_based,deterministic-rule-baseline-precomputed,analysis_csv,0.0,identity,ok
vi-zh-2022-test-0093,越南已经并继续是外国投资者的目的地。,"Việt Nam đã, đang và sẽ tiếp tục là điểm đến hàng đầu của các nhà đầu tư quốc tế","Viet Nam đã, đang và sẽ tiếp tục là điểm đến hàng đầu của các nhà đầu tư quốc tế",1,rule_based,deterministic-rule-baseline-precomputed,analysis_csv,0.0,remove_one_tone,ok
vi-zh-2022-test-0093,越南已经并继续是外国投资者的目的地。,"Việt Nam đã, đang và sẽ tiếp tục là điểm đến hàng đầu của các nhà đầu tư quốc tế","Viet Nam đa, đang va se tiep tuc la điem hang đau cua cac nha đau tu quoc te",2,rule_based,deterministic-rule-baseline-precomputed,analysis_csv,0.0,remove_tones_and_drop_one_word,ok
vi-zh-2022-test-0093,越南已经并继续是外国投资者的目的地。,"Việt Nam đã, đang và sẽ tiếp tục là điểm đến hàng đầu của các nhà đầu tư quốc tế","Việt Nam đã, đang và sẽ tiếp tục là điểm đến đầu của các đầu tư tế",3,rule_based,deterministic-rule-baseline-precomputed,analysis_csv,0.0,word_dropout_15pct,ok
vi-zh-2022-test-0093,越南已经并继续是外国投资者的目的地。,"Việt Nam đã, đang và sẽ tiếp tục là điểm đến hàng đầu của các nhà đầu tư quốc tế","Việt đang đã, và sẽ là điểm đến hàng đầu của tư quốc tế",4,rule_based,deterministic-rule-baseline-precomputed,analysis_csv,0.0,word_dropout_30pct_and_swap,ok
vi-zh-2022-test-0093,越南已经并继续是外国投资者的目的地。,"Việt Nam đã, đang và sẽ tiếp tục là điểm đến hàng đầu của các nhà đầu tư quốc tế",Việt Nam đang là đến hàng đầu tư quốc tế,5,rule_based,deterministic-rule-baseline-precomputed,analysis_csv,0.0,word_dropout_50pct_and_punctuation_remove,ok
vi-zh-2022-test-0094,建党整党一直是党的核心任务并具有至关重要的意义。,"Việc xây dựng, chỉnh đốn Đảng luôn luôn là nhiệm vụ then chốt, đặc biệt quan trọng, có ý nghĩa sống còn đối với Đảng và chế độ.","Việc xây dựng, chỉnh đốn Đảng luôn luôn là nhiệm vụ then chốt, đặc biệt quan trọng, có ý nghĩa sống còn đối với Đảng và chế độ.",0,rule_based,deterministic-rule-baseline-precomputed,analysis_csv,0.0,identity,ok
vi-zh-2022-test-0094,建党整党一直是党的核心任务并具有至关重要的意义。,"Việc xây dựng, chỉnh đốn Đảng luôn luôn là nhiệm vụ then chốt, đặc biệt quan trọng, có ý nghĩa sống còn đối với Đảng và chế độ.","Viec xây dựng, chỉnh đốn Đảng luôn luôn là nhiệm vụ then chốt, đặc biệt quan trọng, có ý nghĩa sống còn đối với Đảng và chế độ.",1,rule_based,deterministic-rule-baseline-precomputed,analysis_csv,0.0,remove_one_tone,ok
vi-zh-2022-test-0094,建党整党一直是党的核心任务并具有至关重要的意义。,"Việc xây dựng, chỉnh đốn Đảng luôn luôn là nhiệm vụ then chốt, đặc biệt quan trọng, có ý nghĩa sống còn đối với Đảng và chế độ.","Viec xay dung, chinh đon Đang luon luon la nhiem vu then chot, đac quan trong, co y nghia song con đoi voi Đang va che đo.",2,rule_based,deterministic-rule-baseline-precomputed,analysis_csv,0.0,remove_tones_and_drop_one_word,ok
vi-zh-2022-test-0094,建党整党一直是党的核心任务并具有至关重要的意义。,"Việc xây dựng, chỉnh đốn Đảng luôn luôn là nhiệm vụ then chốt, đặc biệt quan trọng, có ý nghĩa sống còn đối với Đảng và chế độ.","Việc xây dựng, chỉnh đốn luôn là nhiệm vụ then chốt, đặc biệt trọng, có ý nghĩa sống còn đối Đảng và chế độ.",3,rule_based,deterministic-rule-baseline-precomputed,analysis_csv,0.0,word_dropout_15pct,ok
vi-zh-2022-test-0094,建党整党一直是党的核心任务并具有至关重要的意义。,"Việc xây dựng, chỉnh đốn Đảng luôn luôn là nhiệm vụ then chốt, đặc biệt quan trọng, có ý nghĩa sống còn đối với Đảng và chế độ.","Việc dựng, xây chỉnh đốn luôn luôn là nhiệm then chốt, trọng, có ý nghĩa đối với Đảng và chế",4,rule_based,deterministic-rule-baseline-precomputed,analysis_csv,0.0,word_dropout_30pct_and_swap,ok
vi-zh-2022-test-0094,建党整党一直是党的核心任务并具有至关重要的意义。,"Việc xây dựng, chỉnh đốn Đảng luôn luôn là nhiệm vụ then chốt, đặc biệt quan trọng, có ý nghĩa sống còn đối với Đảng và chế độ.",Việc Đảng luôn là vụ biệt quan trọng có ý nghĩa Đảng và chế,5,rule_based,deterministic-rule-baseline-precomputed,analysis_csv,0.0,word_dropout_50pct_and_punctuation_remove,ok
vi-zh-2022-test-0095,进而，正确评估情况和查明原因；明确每个目标、观点、指导思想、主张以及符合每个内容和问题的措施，特别是本任期内具有突破性的解决方案”。,"Từ đó, đánh giá đúng tình hình và nguyên nhân; xác định rõ mục tiêu, quan điểm, tư tưởng chỉ đạo và những chủ trương, biện pháp phù hợp đối với từng nội dung, vấn đề, nhất là những giải pháp có tính đột phá trong nhiệm kỳ này”.","Từ đó, đánh giá đúng tình hình và nguyên nhân; xác định rõ mục tiêu, quan điểm, tư tưởng chỉ đạo và những chủ trương, biện pháp phù hợp đối với từng nội dung, vấn đề, nhất là những giải pháp có tính đột phá trong nhiệm kỳ này”.",0,rule_based,deterministic-rule-baseline-precomputed,analysis_csv,0.0,identity,ok
vi-zh-2022-test-0095,进而，正确评估情况和查明原因；明确每个目标、观点、指导思想、主张以及符合每个内容和问题的措施，特别是本任期内具有突破性的解决方案”。,"Từ đó, đánh giá đúng tình hình và nguyên nhân; xác định rõ mục tiêu, quan điểm, tư tưởng chỉ đạo và những chủ trương, biện pháp phù hợp đối với từng nội dung, vấn đề, nhất là những giải pháp có tính đột phá trong nhiệm kỳ này”.","Tu đó, đánh giá đúng tình hình và nguyên nhân; xác định rõ mục tiêu, quan điểm, tư tưởng chỉ đạo và những chủ trương, biện pháp phù hợp đối với từng nội dung, vấn đề, nhất là những giải pháp có tính đột phá trong nhiệm kỳ này”.",1,rule_based,deterministic-rule-baseline-precomputed,analysis_csv,0.0,remove_one_tone,ok
vi-zh-2022-test-0095,进而，正确评估情况和查明原因；明确每个目标、观点、指导思想、主张以及符合每个内容和问题的措施，特别是本任期内具有突破性的解决方案”。,"Từ đó, đánh giá đúng tình hình và nguyên nhân; xác định rõ mục tiêu, quan điểm, tư tưởng chỉ đạo và những chủ trương, biện pháp phù hợp đối với từng nội dung, vấn đề, nhất là những giải pháp có tính đột phá trong nhiệm kỳ này”.","Tu đo, đanh gia đung tinh hinh va nguyen nhan; xac đinh ro muc tieu, quan điem, tu tuong chi đao va nhung chu bien phap phu hop đoi voi tung noi dung, van đe, nhat la nhung giai phap co tinh đot pha trong nhiem ky nay”.",2,rule_based,deterministic-rule-baseline-precomputed,analysis_csv,0.0,remove_tones_and_drop_one_word,ok
vi-zh-2022-test-0095,进而，正确评估情况和查明原因；明确每个目标、观点、指导思想、主张以及符合每个内容和问题的措施，特别是本任期内具有突破性的解决方案”。,"Từ đó, đánh giá đúng tình hình và nguyên nhân; xác định rõ mục tiêu, quan điểm, tư tưởng chỉ đạo và những chủ trương, biện pháp phù hợp đối với từng nội dung, vấn đề, nhất là những giải pháp có tính đột phá trong nhiệm kỳ này”.","Từ đó, giá đúng tình hình và nguyên nhân; xác định rõ mục tiêu, quan tư tưởng chỉ đạo những trương, biện pháp phù hợp đối với từng nội dung, vấn đề, những giải pháp tính đột phá trong nhiệm kỳ này”.",3,rule_based,deterministic-rule-baseline-precomputed,analysis_csv,0.0,word_dropout_15pct,ok
vi-zh-2022-test-0095,进而，正确评估情况和查明原因；明确每个目标、观点、指导思想、主张以及符合每个内容和问题的措施，特别是本任期内具有突破性的解决方案”。,"Từ đó, đánh giá đúng tình hình và nguyên nhân; xác định rõ mục tiêu, quan điểm, tư tưởng chỉ đạo và những chủ trương, biện pháp phù hợp đối với từng nội dung, vấn đề, nhất là những giải pháp có tính đột phá trong nhiệm kỳ này”.","Từ tình đó, và nguyên định quan tư tưởng chỉ đạo và những chủ biện pháp hợp đối với từng nội dung, vấn đề, nhất là giải pháp có tính đột phá trong nhiệm",4,rule_based,deterministic-rule-baseline-precomputed,analysis_csv,0.0,word_dropout_30pct_and_swap,ok
vi-zh-2022-test-0095,进而，正确评估情况和查明原因；明确每个目标、观点、指导思想、主张以及符合每个内容和问题的措施，特别是本任期内具有突破性的解决方案”。,"Từ đó, đánh giá đúng tình hình và nguyên nhân; xác định rõ mục tiêu, quan điểm, tư tưởng chỉ đạo và những chủ trương, biện pháp phù hợp đối với từng nội dung, vấn đề, nhất là những giải pháp có tính đột phá trong nhiệm kỳ này”.",đánh giá hình và xác mục điểm tưởng những đối với từng vấn là những giải pháp có đột phá trong nhiệm kỳ này”,5,rule_based,deterministic-rule-baseline-precomputed,analysis_csv,0.0,word_dropout_50pct_and_punctuation_remove,ok
vi-zh-2022-test-0096,越共十二届四中全会决议准确抓住了问题，正确评估了现状，发挥了整个政治体系和全国人民的综合力量，配套、有效采取各项措施，斗争并防止、遏制堕落现象、“自我演变”和“自我转化”表现，巩固了人民对党的信心。,"Nghị quyết Trung ương 4 (khóa XII) đã lựa chọn vấn đề, đánh giá đúng thực trạng, phát huy sức mạnh tổng hợp của cả hệ thống chính trị, của nhân dân thực hiện đồng bộ các giải pháp để đấu tranh ngăn chặn, đẩy lùi sự suy thoái, ""tự diễn biến"", ""tự chuyển hoá"" có hiệu quả, củng cố niềm tin của nhân dân đối với Đảng.","Nghị quyết Trung ương 4 (khóa XII) đã lựa chọn vấn đề, đánh giá đúng thực trạng, phát huy sức mạnh tổng hợp của cả hệ thống chính trị, của nhân dân thực hiện đồng bộ các giải pháp để đấu tranh ngăn chặn, đẩy lùi sự suy thoái, ""tự diễn biến"", ""tự chuyển hoá"" có hiệu quả, củng cố niềm tin của nhân dân đối với Đảng.",0,rule_based,deterministic-rule-baseline-precomputed,analysis_csv,0.0,identity,ok
vi-zh-2022-test-0096,越共十二届四中全会决议准确抓住了问题，正确评估了现状，发挥了整个政治体系和全国人民的综合力量，配套、有效采取各项措施，斗争并防止、遏制堕落现象、“自我演变”和“自我转化”表现，巩固了人民对党的信心。,"Nghị quyết Trung ương 4 (khóa XII) đã lựa chọn vấn đề, đánh giá đúng thực trạng, phát huy sức mạnh tổng hợp của cả hệ thống chính trị, của nhân dân thực hiện đồng bộ các giải pháp để đấu tranh ngăn chặn, đẩy lùi sự suy thoái, ""tự diễn biến"", ""tự chuyển hoá"" có hiệu quả, củng cố niềm tin của nhân dân đối với Đảng.","Nghi quyết Trung ương 4 (khóa XII) đã lựa chọn vấn đề, đánh giá đúng thực trạng, phát huy sức mạnh tổng hợp của cả hệ thống chính trị, của nhân dân thực hiện đồng bộ các giải pháp để đấu tranh ngăn chặn, đẩy lùi sự suy thoái, ""tự diễn biến"", ""tự chuyển hoá"" có hiệu quả, củng cố niềm tin của nhân dân đối với Đảng.",1,rule_based,deterministic-rule-baseline-precomputed,analysis_csv,0.0,remove_one_tone,ok
vi-zh-2022-test-0096,越共十二届四中全会决议准确抓住了问题，正确评估了现状，发挥了整个政治体系和全国人民的综合力量，配套、有效采取各项措施，斗争并防止、遏制堕落现象、“自我演变”和“自我转化”表现，巩固了人民对党的信心。,"Nghị quyết Trung ương 4 (khóa XII) đã lựa chọn vấn đề, đánh giá đúng thực trạng, phát huy sức mạnh tổng hợp của cả hệ thống chính trị, của nhân dân thực hiện đồng bộ các giải pháp để đấu tranh ngăn chặn, đẩy lùi sự suy thoái, ""tự diễn biến"", ""tự chuyển hoá"" có hiệu quả, củng cố niềm tin của nhân dân đối với Đảng.","Nghi quyet Trung uong 4 (khoa XII) đa lua chon van đe, đanh gia đung thuc trang, phat huy suc manh tong hop cua ca he thong chinh tri, cua nhan dan thuc hien bo cac giai phap đe đau tranh ngan chan, đay lui su suy thoai, ""tu dien bien"", ""tu chuyen hoa"" co hieu qua, cung co niem tin cua nhan dan đoi voi Đang.",2,rule_based,deterministic-rule-baseline-precomputed,analysis_csv,0.0,remove_tones_and_drop_one_word,ok
vi-zh-2022-test-0096,越共十二届四中全会决议准确抓住了问题，正确评估了现状，发挥了整个政治体系和全国人民的综合力量，配套、有效采取各项措施，斗争并防止、遏制堕落现象、“自我演变”和“自我转化”表现，巩固了人民对党的信心。,"Nghị quyết Trung ương 4 (khóa XII) đã lựa chọn vấn đề, đánh giá đúng thực trạng, phát huy sức mạnh tổng hợp của cả hệ thống chính trị, của nhân dân thực hiện đồng bộ các giải pháp để đấu tranh ngăn chặn, đẩy lùi sự suy thoái, ""tự diễn biến"", ""tự chuyển hoá"" có hiệu quả, củng cố niềm tin của nhân dân đối với Đảng.","Nghị quyết ương 4 (khóa đã chọn vấn đề, giá đúng thực trạng, phát huy sức mạnh tổng hợp của hệ thống chính trị, của nhân dân thực hiện đồng bộ các giải pháp để đấu tranh chặn, lùi sự suy thoái, ""tự diễn ""tự chuyển có quả, củng cố niềm tin của nhân dân đối với Đảng.",3,rule_based,deterministic-rule-baseline-precomputed,analysis_csv,0.0,word_dropout_15pct,ok
vi-zh-2022-test-0096,越共十二届四中全会决议准确抓住了问题，正确评估了现状，发挥了整个政治体系和全国人民的综合力量，配套、有效采取各项措施，斗争并防止、遏制堕落现象、“自我演变”和“自我转化”表现，巩固了人民对党的信心。,"Nghị quyết Trung ương 4 (khóa XII) đã lựa chọn vấn đề, đánh giá đúng thực trạng, phát huy sức mạnh tổng hợp của cả hệ thống chính trị, của nhân dân thực hiện đồng bộ các giải pháp để đấu tranh ngăn chặn, đẩy lùi sự suy thoái, ""tự diễn biến"", ""tự chuyển hoá"" có hiệu quả, củng cố niềm tin của nhân dân đối với Đảng.","Nghị ương Trung 4 (khóa XII) đã lựa chọn vấn đề, đánh giá thực trạng, phát huy mạnh tổng hợp cả hệ thống trị, nhân hiện đồng bộ các pháp ngăn đẩy lùi suy thoái, diễn chuyển hoá"" quả, củng niềm tin của nhân dân đối với Đảng.",4,rule_based,deterministic-rule-baseline-precomputed,analysis_csv,0.0,word_dropout_30pct_and_swap,ok
vi-zh-2022-test-0096,越共十二届四中全会决议准确抓住了问题，正确评估了现状，发挥了整个政治体系和全国人民的综合力量，配套、有效采取各项措施，斗争并防止、遏制堕落现象、“自我演变”和“自我转化”表现，巩固了人民对党的信心。,"Nghị quyết Trung ương 4 (khóa XII) đã lựa chọn vấn đề, đánh giá đúng thực trạng, phát huy sức mạnh tổng hợp của cả hệ thống chính trị, của nhân dân thực hiện đồng bộ các giải pháp để đấu tranh ngăn chặn, đẩy lùi sự suy thoái, ""tự diễn biến"", ""tự chuyển hoá"" có hiệu quả, củng cố niềm tin của nhân dân đối với Đảng.","Trung (khóa XII) đã lựa vấn thực phát huy sức của cả thống chính trị của dân các giải pháp đấu tranh đẩy sự thoái diễn biến"" hiệu quả củng tin nhân với Đảng",5,rule_based,deterministic-rule-baseline-precomputed,analysis_csv,0.0,word_dropout_50pct_and_punctuation_remove,ok
vi-zh-2022-test-0097,胡志明国家政治学院党建研究院前院长阮明俊评价称：“批评工作提升到新的高点，即对敏感问题、具体问题、明显表现进行批评。,"Phó Giáo sư, Tiến sỹ Nguyễn Minh Tuấn, nguyên Viện trưởng Viện Xây dựng Đảng, Học viện Chính trị Quốc gia Hồ Chí Minh, đánh giá: “Phê bình đã ở mức cao hơn, tức là phê bình việc rất nhạy cảm.","Phó Giáo sư, Tiến sỹ Nguyễn Minh Tuấn, nguyên Viện trưởng Viện Xây dựng Đảng, Học viện Chính trị Quốc gia Hồ Chí Minh, đánh giá: “Phê bình đã ở mức cao hơn, tức là phê bình việc rất nhạy cảm.",0,rule_based,deterministic-rule-baseline-precomputed,analysis_csv,0.0,identity,ok
vi-zh-2022-test-0097,胡志明国家政治学院党建研究院前院长阮明俊评价称：“批评工作提升到新的高点，即对敏感问题、具体问题、明显表现进行批评。,"Phó Giáo sư, Tiến sỹ Nguyễn Minh Tuấn, nguyên Viện trưởng Viện Xây dựng Đảng, Học viện Chính trị Quốc gia Hồ Chí Minh, đánh giá: “Phê bình đã ở mức cao hơn, tức là phê bình việc rất nhạy cảm.","Pho Giáo sư, Tiến sỹ Nguyễn Minh Tuấn, nguyên Viện trưởng Viện Xây dựng Đảng, Học viện Chính trị Quốc gia Hồ Chí Minh, đánh giá: “Phê bình đã ở mức cao hơn, tức là phê bình việc rất nhạy cảm.",1,rule_based,deterministic-rule-baseline-precomputed,analysis_csv,0.0,remove_one_tone,ok
vi-zh-2022-test-0097,胡志明国家政治学院党建研究院前院长阮明俊评价称：“批评工作提升到新的高点，即对敏感问题、具体问题、明显表现进行批评。,"Phó Giáo sư, Tiến sỹ Nguyễn Minh Tuấn, nguyên Viện trưởng Viện Xây dựng Đảng, Học viện Chính trị Quốc gia Hồ Chí Minh, đánh giá: “Phê bình đã ở mức cao hơn, tức là phê bình việc rất nhạy cảm.","Pho Giao su, Tien sy Nguyen Minh Tuan, nguyen Vien truong Vien Xay dung Đang, Hoc vien Chinh tri Quoc Ho Chi Minh, đanh gia: “Phe binh đa o muc cao hon, tuc la phe binh viec rat nhay cam.",2,rule_based,deterministic-rule-baseline-precomputed,analysis_csv,0.0,remove_tones_and_drop_one_word,ok
vi-zh-2022-test-0097,胡志明国家政治学院党建研究院前院长阮明俊评价称：“批评工作提升到新的高点，即对敏感问题、具体问题、明显表现进行批评。,"Phó Giáo sư, Tiến sỹ Nguyễn Minh Tuấn, nguyên Viện trưởng Viện Xây dựng Đảng, Học viện Chính trị Quốc gia Hồ Chí Minh, đánh giá: “Phê bình đã ở mức cao hơn, tức là phê bình việc rất nhạy cảm.","Phó Giáo sư, Tiến sỹ Nguyễn Minh Tuấn, Viện trưởng Xây Đảng, Học viện Chính trị Quốc gia Hồ Chí Minh, đánh giá: bình đã cao hơn, tức là phê bình việc rất nhạy cảm.",3,rule_based,deterministic-rule-baseline-precomputed,analysis_csv,0.0,word_dropout_15pct,ok
vi-zh-2022-test-0097,胡志明国家政治学院党建研究院前院长阮明俊评价称：“批评工作提升到新的高点，即对敏感问题、具体问题、明显表现进行批评。,"Phó Giáo sư, Tiến sỹ Nguyễn Minh Tuấn, nguyên Viện trưởng Viện Xây dựng Đảng, Học viện Chính trị Quốc gia Hồ Chí Minh, đánh giá: “Phê bình đã ở mức cao hơn, tức là phê bình việc rất nhạy cảm.","Giáo Tiến sư, sỹ Nguyễn Tuấn, nguyên Viện Viện Xây dựng Đảng, Học viện trị Quốc Minh, đánh giá: “Phê bình mức cao hơn, tức là phê bình nhạy",4,rule_based,deterministic-rule-baseline-precomputed,analysis_csv,0.0,word_dropout_30pct_and_swap,ok
vi-zh-2022-test-0097,胡志明国家政治学院党建研究院前院长阮明俊评价称：“批评工作提升到新的高点，即对敏感问题、具体问题、明显表现进行批评。,"Phó Giáo sư, Tiến sỹ Nguyễn Minh Tuấn, nguyên Viện trưởng Viện Xây dựng Đảng, Học viện Chính trị Quốc gia Hồ Chí Minh, đánh giá: “Phê bình đã ở mức cao hơn, tức là phê bình việc rất nhạy cảm.",Giáo sư Tiến sỹ Nguyễn Tuấn trưởng dựng Đảng Học viện Hồ giá “Phê bình đã ở mức cao việc,5,rule_based,deterministic-rule-baseline-precomputed,analysis_csv,0.0,word_dropout_50pct_and_punctuation_remove,ok
vi-zh-2022-test-0098,越共十二届四中全会决议完善了解决党建工作紧迫问题所需的机制。,"Với Nghị quyết Trung ương 4 (khóa XII), những vấn đề cấp bách của công tác xây dựng Đảng được hoàn thiện thể chế.","Với Nghị quyết Trung ương 4 (khóa XII), những vấn đề cấp bách của công tác xây dựng Đảng được hoàn thiện thể chế.",0,rule_based,deterministic-rule-baseline-precomputed,analysis_csv,0.0,identity,ok
vi-zh-2022-test-0098,越共十二届四中全会决议完善了解决党建工作紧迫问题所需的机制。,"Với Nghị quyết Trung ương 4 (khóa XII), những vấn đề cấp bách của công tác xây dựng Đảng được hoàn thiện thể chế.","Voi Nghị quyết Trung ương 4 (khóa XII), những vấn đề cấp bách của công tác xây dựng Đảng được hoàn thiện thể chế.",1,rule_based,deterministic-rule-baseline-precomputed,analysis_csv,0.0,remove_one_tone,ok
vi-zh-2022-test-0098,越共十二届四中全会决议完善了解决党建工作紧迫问题所需的机制。,"Với Nghị quyết Trung ương 4 (khóa XII), những vấn đề cấp bách của công tác xây dựng Đảng được hoàn thiện thể chế.","Voi Nghi quyet Trung uong 4 (khoa XII), nhung van đe cap cua cong tac xay dung Đang đuoc hoan thien the che.",2,rule_based,deterministic-rule-baseline-precomputed,analysis_csv,0.0,remove_tones_and_drop_one_word,ok
vi-zh-2022-test-0098,越共十二届四中全会决议完善了解决党建工作紧迫问题所需的机制。,"Với Nghị quyết Trung ương 4 (khóa XII), những vấn đề cấp bách của công tác xây dựng Đảng được hoàn thiện thể chế.","Với Nghị quyết Trung ương 4 (khóa XII), vấn đề cấp bách của công tác xây dựng được hoàn thể",3,rule_based,deterministic-rule-baseline-precomputed,analysis_csv,0.0,word_dropout_15pct,ok
vi-zh-2022-test-0098,越共十二届四中全会决议完善了解决党建工作紧迫问题所需的机制。,"Với Nghị quyết Trung ương 4 (khóa XII), những vấn đề cấp bách của công tác xây dựng Đảng được hoàn thiện thể chế.","Với quyết Nghị Trung 4 (khóa XII), vấn đề bách của công tác xây dựng hoàn chế.",4,rule_based,deterministic-rule-baseline-precomputed,analysis_csv,0.0,word_dropout_30pct_and_swap,ok
vi-zh-2022-test-0098,越共十二届四中全会决议完善了解决党建工作紧迫问题所需的机制。,"Với Nghị quyết Trung ương 4 (khóa XII), những vấn đề cấp bách của công tác xây dựng Đảng được hoàn thiện thể chế.",Với Nghị quyết ương những đề của công tác xây thiện thể,5,rule_based,deterministic-rule-baseline-precomputed,analysis_csv,0.0,word_dropout_50pct_and_punctuation_remove,ok
vi-zh-2022-test-0099,此前，没有一次中央全体会议曾通过那么多关于干部工作的规定和流程。,"Chưa có nhiệm kỳ nào Trung ương lại ban hành mới nhiều quy định, quy trình trong công tác cán bộ.","Chưa có nhiệm kỳ nào Trung ương lại ban hành mới nhiều quy định, quy trình trong công tác cán bộ.",0,rule_based,deterministic-rule-baseline-precomputed,analysis_csv,0.0,identity,ok
vi-zh-2022-test-0099,此前，没有一次中央全体会议曾通过那么多关于干部工作的规定和流程。,"Chưa có nhiệm kỳ nào Trung ương lại ban hành mới nhiều quy định, quy trình trong công tác cán bộ.","Chua có nhiệm kỳ nào Trung ương lại ban hành mới nhiều quy định, quy trình trong công tác cán bộ.",1,rule_based,deterministic-rule-baseline-precomputed,analysis_csv,0.0,remove_one_tone,ok
vi-zh-2022-test-0099,此前，没有一次中央全体会议曾通过那么多关于干部工作的规定和流程。,"Chưa có nhiệm kỳ nào Trung ương lại ban hành mới nhiều quy định, quy trình trong công tác cán bộ.","Chua co nhiem ky nao Trung uong lai ban hanh nhieu quy đinh, quy trinh trong cong tac can bo.",2,rule_based,deterministic-rule-baseline-precomputed,analysis_csv,0.0,remove_tones_and_drop_one_word,ok
vi-zh-2022-test-0099,此前，没有一次中央全体会议曾通过那么多关于干部工作的规定和流程。,"Chưa có nhiệm kỳ nào Trung ương lại ban hành mới nhiều quy định, quy trình trong công tác cán bộ.","Chưa có nhiệm kỳ Trung ương lại hành mới nhiều quy định, quy trong công tác cán bộ.",3,rule_based,deterministic-rule-baseline-precomputed,analysis_csv,0.0,word_dropout_15pct,ok
vi-zh-2022-test-0099,此前，没有一次中央全体会议曾通过那么多关于干部工作的规定和流程。,"Chưa có nhiệm kỳ nào Trung ương lại ban hành mới nhiều quy định, quy trình trong công tác cán bộ.","Chưa lại nào ban hành mới nhiều quy định, quy trình trong tác cán bộ.",4,rule_based,deterministic-rule-baseline-precomputed,analysis_csv,0.0,word_dropout_30pct_and_swap,ok
vi-zh-2022-test-0099,此前，没有一次中央全体会议曾通过那么多关于干部工作的规定和流程。,"Chưa có nhiệm kỳ nào Trung ương lại ban hành mới nhiều quy định, quy trình trong công tác cán bộ.",Chưa có nhiệm nào Trung hành mới quy trong bộ,5,rule_based,deterministic-rule-baseline-precomputed,analysis_csv,0.0,word_dropout_50pct_and_punctuation_remove,ok
vi-zh-2022-test-0100,多个党委、党组织、干部、党员的违规行为受到了处理，不管违规者是谁、从事什么工作、已经调去担任什么职务或者已经退休。,"Nhiều vi phạm của cấp ủy, tổ chức Đảng, của cán bộ, đảng viên, bất kể người đó là ai, trong lĩnh vực nào dần được xử lý nghiêm khắc, dứt điểm, nhiều cán bộ, đảng viên vi phạm vẫn bị xử lý dù đã chuyển công tác hay nghỉ hưu.","Nhiều vi phạm của cấp ủy, tổ chức Đảng, của cán bộ, đảng viên, bất kể người đó là ai, trong lĩnh vực nào dần được xử lý nghiêm khắc, dứt điểm, nhiều cán bộ, đảng viên vi phạm vẫn bị xử lý dù đã chuyển công tác hay nghỉ hưu.",0,rule_based,deterministic-rule-baseline-precomputed,analysis_csv,0.0,identity,ok
vi-zh-2022-test-0100,多个党委、党组织、干部、党员的违规行为受到了处理，不管违规者是谁、从事什么工作、已经调去担任什么职务或者已经退休。,"Nhiều vi phạm của cấp ủy, tổ chức Đảng, của cán bộ, đảng viên, bất kể người đó là ai, trong lĩnh vực nào dần được xử lý nghiêm khắc, dứt điểm, nhiều cán bộ, đảng viên vi phạm vẫn bị xử lý dù đã chuyển công tác hay nghỉ hưu.","Nhieu vi phạm của cấp ủy, tổ chức Đảng, của cán bộ, đảng viên, bất kể người đó là ai, trong lĩnh vực nào dần được xử lý nghiêm khắc, dứt điểm, nhiều cán bộ, đảng viên vi phạm vẫn bị xử lý dù đã chuyển công tác hay nghỉ hưu.",1,rule_based,deterministic-rule-baseline-precomputed,analysis_csv,0.0,remove_one_tone,ok
vi-zh-2022-test-0100,多个党委、党组织、干部、党员的违规行为受到了处理，不管违规者是谁、从事什么工作、已经调去担任什么职务或者已经退休。,"Nhiều vi phạm của cấp ủy, tổ chức Đảng, của cán bộ, đảng viên, bất kể người đó là ai, trong lĩnh vực nào dần được xử lý nghiêm khắc, dứt điểm, nhiều cán bộ, đảng viên vi phạm vẫn bị xử lý dù đã chuyển công tác hay nghỉ hưu.","Nhieu vi pham cua cap uy, to chuc Đang, cua can bo, đang vien, bat ke nguoi đo la ai, trong linh vuc nao dan xu ly nghiem khac, dut điem, nhieu can bo, đang vien vi pham van bi xu ly du đa chuyen cong tac hay nghi huu.",2,rule_based,deterministic-rule-baseline-precomputed,analysis_csv,0.0,remove_tones_and_drop_one_word,ok
vi-zh-2022-test-0100,多个党委、党组织、干部、党员的违规行为受到了处理，不管违规者是谁、从事什么工作、已经调去担任什么职务或者已经退休。,"Nhiều vi phạm của cấp ủy, tổ chức Đảng, của cán bộ, đảng viên, bất kể người đó là ai, trong lĩnh vực nào dần được xử lý nghiêm khắc, dứt điểm, nhiều cán bộ, đảng viên vi phạm vẫn bị xử lý dù đã chuyển công tác hay nghỉ hưu.","Nhiều vi phạm của cấp ủy, tổ chức Đảng, của cán bộ, đảng bất kể người đó ai, trong lĩnh nào được lý nghiêm khắc, dứt nhiều cán đảng viên vi phạm vẫn bị xử lý dù đã chuyển công tác hay nghỉ",3,rule_based,deterministic-rule-baseline-precomputed,analysis_csv,0.0,word_dropout_15pct,ok
vi-zh-2022-test-0100,多个党委、党组织、干部、党员的违规行为受到了处理，不管违规者是谁、从事什么工作、已经调去担任什么职务或者已经退休。,"Nhiều vi phạm của cấp ủy, tổ chức Đảng, của cán bộ, đảng viên, bất kể người đó là ai, trong lĩnh vực nào dần được xử lý nghiêm khắc, dứt điểm, nhiều cán bộ, đảng viên vi phạm vẫn bị xử lý dù đã chuyển công tác hay nghỉ hưu.","Nhiều phạm vi cấp ủy, tổ chức Đảng, của cán đảng viên, bất người là ai, lĩnh vực nào được xử lý nghiêm khắc, điểm, cán bộ, đảng viên vi vẫn xử dù công tác hưu.",4,rule_based,deterministic-rule-baseline-precomputed,analysis_csv,0.0,word_dropout_30pct_and_swap,ok
vi-zh-2022-test-0100,多个党委、党组织、干部、党员的违规行为受到了处理，不管违规者是谁、从事什么工作、已经调去担任什么职务或者已经退休。,"Nhiều vi phạm của cấp ủy, tổ chức Đảng, của cán bộ, đảng viên, bất kể người đó là ai, trong lĩnh vực nào dần được xử lý nghiêm khắc, dứt điểm, nhiều cán bộ, đảng viên vi phạm vẫn bị xử lý dù đã chuyển công tác hay nghỉ hưu.",cấp tổ chức của bộ là ai trong lĩnh vực nào được xử lý nghiêm khắc cán viên phạm vẫn bị xử lý chuyển công hưu,5,rule_based,deterministic-rule-baseline-precomputed,analysis_csv,0.0,word_dropout_50pct_and_punctuation_remove,ok
vi-zh-2022-test-0101,十二届任期内处分了110名中央管理干部。,Chỉ tính riêng trong nhiệm kỳ khóa XII đã thi hành kỷ luật hơn 110 cán bộ thuộc diện Trung ương quản lý.,Chỉ tính riêng trong nhiệm kỳ khóa XII đã thi hành kỷ luật hơn 110 cán bộ thuộc diện Trung ương quản lý.,0,rule_based,deterministic-rule-baseline-precomputed,analysis_csv,0.0,identity,ok
vi-zh-2022-test-0101,十二届任期内处分了110名中央管理干部。,Chỉ tính riêng trong nhiệm kỳ khóa XII đã thi hành kỷ luật hơn 110 cán bộ thuộc diện Trung ương quản lý.,Chi tính riêng trong nhiệm kỳ khóa XII đã thi hành kỷ luật hơn 110 cán bộ thuộc diện Trung ương quản lý.,1,rule_based,deterministic-rule-baseline-precomputed,analysis_csv,0.0,remove_one_tone,ok
vi-zh-2022-test-0101,十二届任期内处分了110名中央管理干部。,Chỉ tính riêng trong nhiệm kỳ khóa XII đã thi hành kỷ luật hơn 110 cán bộ thuộc diện Trung ương quản lý.,Chi tinh rieng trong nhiem ky khoa XII đa thi hanh luat hon 110 can bo thuoc dien Trung uong quan ly.,2,rule_based,deterministic-rule-baseline-precomputed,analysis_csv,0.0,remove_tones_and_drop_one_word,ok
vi-zh-2022-test-0101,十二届任期内处分了110名中央管理干部。,Chỉ tính riêng trong nhiệm kỳ khóa XII đã thi hành kỷ luật hơn 110 cán bộ thuộc diện Trung ương quản lý.,Chỉ tính riêng trong nhiệm kỳ khóa thi hành luật hơn 110 cán bộ thuộc diện Trung ương quản lý.,3,rule_based,deterministic-rule-baseline-precomputed,analysis_csv,0.0,word_dropout_15pct,ok
vi-zh-2022-test-0101,十二届任期内处分了110名中央管理干部。,Chỉ tính riêng trong nhiệm kỳ khóa XII đã thi hành kỷ luật hơn 110 cán bộ thuộc diện Trung ương quản lý.,tính kỳ nhiệm khóa XII thi hành kỷ luật hơn 110 bộ diện Trung ương lý.,4,rule_based,deterministic-rule-baseline-precomputed,analysis_csv,0.0,word_dropout_30pct_and_swap,ok
vi-zh-2022-test-0101,十二届任期内处分了110名中央管理干部。,Chỉ tính riêng trong nhiệm kỳ khóa XII đã thi hành kỷ luật hơn 110 cán bộ thuộc diện Trung ương quản lý.,tính trong XII đã thi hành kỷ luật cán ương quản lý,5,rule_based,deterministic-rule-baseline-precomputed,analysis_csv,0.0,word_dropout_50pct_and_punctuation_remove,ok
vi-zh-2022-test-0102,他此次美国之行旨在具体化欧盟与美国领导人于今年6月在美欧峰会上达成的协议，为双方于11月签署贸易协议迈出重要一步，同时也释放愿继续恢复两个战略盟友之间的跨大西洋关系的善意。,Ủy viên Thương mại Liên minh châu Âu (EU) Valdis Dombrovskis có chuyến thăm Mỹ từ 26/9 - 01/10.,Ủy viên Thương mại Liên minh châu Âu (EU) Valdis Dombrovskis có chuyến thăm Mỹ từ 26/9 - 01/10.,0,rule_based,deterministic-rule-baseline-precomputed,analysis_csv,0.0,identity,ok
vi-zh-2022-test-0102,他此次美国之行旨在具体化欧盟与美国领导人于今年6月在美欧峰会上达成的协议，为双方于11月签署贸易协议迈出重要一步，同时也释放愿继续恢复两个战略盟友之间的跨大西洋关系的善意。,Ủy viên Thương mại Liên minh châu Âu (EU) Valdis Dombrovskis có chuyến thăm Mỹ từ 26/9 - 01/10.,Uy viên Thương mại Liên minh châu Âu (EU) Valdis Dombrovskis có chuyến thăm Mỹ từ 26/9 - 01/10.,1,rule_based,deterministic-rule-baseline-precomputed,analysis_csv,0.0,remove_one_tone,ok
vi-zh-2022-test-0102,他此次美国之行旨在具体化欧盟与美国领导人于今年6月在美欧峰会上达成的协议，为双方于11月签署贸易协议迈出重要一步，同时也释放愿继续恢复两个战略盟友之间的跨大西洋关系的善意。,Ủy viên Thương mại Liên minh châu Âu (EU) Valdis Dombrovskis có chuyến thăm Mỹ từ 26/9 - 01/10.,Uy vien Thuong mai Lien minh chau Au (EU) Dombrovskis co chuyen tham My tu 26/9 - 01/10.,2,rule_based,deterministic-rule-baseline-precomputed,analysis_csv,0.0,remove_tones_and_drop_one_word,ok
vi-zh-2022-test-0102,他此次美国之行旨在具体化欧盟与美国领导人于今年6月在美欧峰会上达成的协议，为双方于11月签署贸易协议迈出重要一步，同时也释放愿继续恢复两个战略盟友之间的跨大西洋关系的善意。,Ủy viên Thương mại Liên minh châu Âu (EU) Valdis Dombrovskis có chuyến thăm Mỹ từ 26/9 - 01/10.,Ủy viên Thương mại Liên châu Âu Valdis Dombrovskis có chuyến thăm Mỹ từ 26/9 01/10.,3,rule_based,deterministic-rule-baseline-precomputed,analysis_csv,0.0,word_dropout_15pct,ok
vi-zh-2022-test-0102,他此次美国之行旨在具体化欧盟与美国领导人于今年6月在美欧峰会上达成的协议，为双方于11月签署贸易协议迈出重要一步，同时也释放愿继续恢复两个战略盟友之间的跨大西洋关系的善意。,Ủy viên Thương mại Liên minh châu Âu (EU) Valdis Dombrovskis có chuyến thăm Mỹ từ 26/9 - 01/10.,viên Liên mại Âu Dombrovskis có chuyến thăm Mỹ từ 26/9 - 01/10.,4,rule_based,deterministic-rule-baseline-precomputed,analysis_csv,0.0,word_dropout_30pct_and_swap,ok
vi-zh-2022-test-0102,他此次美国之行旨在具体化欧盟与美国领导人于今年6月在美欧峰会上达成的协议，为双方于11月签署贸易协议迈出重要一步，同时也释放愿继续恢复两个战略盟友之间的跨大西洋关系的善意。,Ủy viên Thương mại Liên minh châu Âu (EU) Valdis Dombrovskis có chuyến thăm Mỹ từ 26/9 - 01/10.,Ủy Thương mại (EU) Valdis chuyến thăm Mỹ từ 01/10,5,rule_based,deterministic-rule-baseline-precomputed,analysis_csv,0.0,word_dropout_50pct_and_punctuation_remove,ok
vi-zh-2022-test-0103,扩大和加强贸易-投资关系,Mở rộng và củng cố quan hệ thương mại - đầu tư,Mở rộng và củng cố quan hệ thương mại - đầu tư,0,rule_based,deterministic-rule-baseline-precomputed,analysis_csv,0.0,identity,ok
vi-zh-2022-test-0103,扩大和加强贸易-投资关系,Mở rộng và củng cố quan hệ thương mại - đầu tư,Mo rộng và củng cố quan hệ thương mại - đầu tư,1,rule_based,deterministic-rule-baseline-precomputed,analysis_csv,0.0,remove_one_tone,ok
vi-zh-2022-test-0103,扩大和加强贸易-投资关系,Mở rộng và củng cố quan hệ thương mại - đầu tư,Mo rong va cung co quan thuong mai - đau tu,2,rule_based,deterministic-rule-baseline-precomputed,analysis_csv,0.0,remove_tones_and_drop_one_word,ok
vi-zh-2022-test-0103,扩大和加强贸易-投资关系,Mở rộng và củng cố quan hệ thương mại - đầu tư,Mở rộng và củng quan hệ mại - đầu tư,3,rule_based,deterministic-rule-baseline-precomputed,analysis_csv,0.0,word_dropout_15pct,ok
vi-zh-2022-test-0103,扩大和加强贸易-投资关系,Mở rộng và củng cố quan hệ thương mại - đầu tư,Mở và rộng cố quan hệ đầu tư,4,rule_based,deterministic-rule-baseline-precomputed,analysis_csv,0.0,word_dropout_30pct_and_swap,ok
vi-zh-2022-test-0103,扩大和加强贸易-投资关系,Mở rộng và củng cố quan hệ thương mại - đầu tư,củng cố quan hệ - đầu,5,rule_based,deterministic-rule-baseline-precomputed,analysis_csv,0.0,word_dropout_50pct_and_punctuation_remove,ok
vi-zh-2022-test-0104,该委员会旨在讨论跨大西洋联盟正面临的一些主要经济和技术挑战。,Việc thành lập Hội đồng nhằm thảo luận về một số thách thức kinh tế và công nghệ lớn mà liên minh xuyên Đại Tây Dương này đang phải đối mặt.,Việc thành lập Hội đồng nhằm thảo luận về một số thách thức kinh tế và công nghệ lớn mà liên minh xuyên Đại Tây Dương này đang phải đối mặt.,0,rule_based,deterministic-rule-baseline-precomputed,analysis_csv,0.0,identity,ok
vi-zh-2022-test-0104,该委员会旨在讨论跨大西洋联盟正面临的一些主要经济和技术挑战。,Việc thành lập Hội đồng nhằm thảo luận về một số thách thức kinh tế và công nghệ lớn mà liên minh xuyên Đại Tây Dương này đang phải đối mặt.,Viec thành lập Hội đồng nhằm thảo luận về một số thách thức kinh tế và công nghệ lớn mà liên minh xuyên Đại Tây Dương này đang phải đối mặt.,1,rule_based,deterministic-rule-baseline-precomputed,analysis_csv,0.0,remove_one_tone,ok
vi-zh-2022-test-0104,该委员会旨在讨论跨大西洋联盟正面临的一些主要经济和技术挑战。,Việc thành lập Hội đồng nhằm thảo luận về một số thách thức kinh tế và công nghệ lớn mà liên minh xuyên Đại Tây Dương này đang phải đối mặt.,Viec thanh lap Hoi đong nham thao luan ve mot so thach thuc kinh te cong nghe lon ma lien minh xuyen Đai Tay Duong nay đang phai đoi mat.,2,rule_based,deterministic-rule-baseline-precomputed,analysis_csv,0.0,remove_tones_and_drop_one_word,ok
vi-zh-2022-test-0104,该委员会旨在讨论跨大西洋联盟正面临的一些主要经济和技术挑战。,Việc thành lập Hội đồng nhằm thảo luận về một số thách thức kinh tế và công nghệ lớn mà liên minh xuyên Đại Tây Dương này đang phải đối mặt.,Việc thành lập Hội đồng nhằm thảo luận về một thách thức tế và nghệ lớn mà liên minh Đại Tây này đang phải đối mặt.,3,rule_based,deterministic-rule-baseline-precomputed,analysis_csv,0.0,word_dropout_15pct,ok
vi-zh-2022-test-0104,该委员会旨在讨论跨大西洋联盟正面临的一些主要经济和技术挑战。,Việc thành lập Hội đồng nhằm thảo luận về một số thách thức kinh tế và công nghệ lớn mà liên minh xuyên Đại Tây Dương này đang phải đối mặt.,Việc đồng lập nhằm thảo luận một số thức kinh tế và nghệ lớn mà Đại Tây này đang phải đối mặt.,4,rule_based,deterministic-rule-baseline-precomputed,analysis_csv,0.0,word_dropout_30pct_and_swap,ok
vi-zh-2022-test-0104,该委员会旨在讨论跨大西洋联盟正面临的一些主要经济和技术挑战。,Việc thành lập Hội đồng nhằm thảo luận về một số thách thức kinh tế và công nghệ lớn mà liên minh xuyên Đại Tây Dương này đang phải đối mặt.,lập Hội thảo một thách kinh tế và lớn liên xuyên Đại này đang phải mặt,5,rule_based,deterministic-rule-baseline-precomputed,analysis_csv,0.0,word_dropout_50pct_and_punctuation_remove,ok
vi-zh-2022-test-0105,此外，该机制将协商解决贸易争端，合理化法律程序，并为大西洋两岸的新兴科技公司制定共同规则。,"Ngoài ra, cơ chế này sẽ tham vấn giải quyết mâu thuẫn thương mại, hợp lý hóa các thủ tục pháp lý và phát triển quy tắc chung đối với các công ty công nghệ mới nổi ở hai bên bờ Đại Tây Dương.","Ngoài ra, cơ chế này sẽ tham vấn giải quyết mâu thuẫn thương mại, hợp lý hóa các thủ tục pháp lý và phát triển quy tắc chung đối với các công ty công nghệ mới nổi ở hai bên bờ Đại Tây Dương.",0,rule_based,deterministic-rule-baseline-precomputed,analysis_csv,0.0,identity,ok
vi-zh-2022-test-0105,此外，该机制将协商解决贸易争端，合理化法律程序，并为大西洋两岸的新兴科技公司制定共同规则。,"Ngoài ra, cơ chế này sẽ tham vấn giải quyết mâu thuẫn thương mại, hợp lý hóa các thủ tục pháp lý và phát triển quy tắc chung đối với các công ty công nghệ mới nổi ở hai bên bờ Đại Tây Dương.","Ngoai ra, cơ chế này sẽ tham vấn giải quyết mâu thuẫn thương mại, hợp lý hóa các thủ tục pháp lý và phát triển quy tắc chung đối với các công ty công nghệ mới nổi ở hai bên bờ Đại Tây Dương.",1,rule_based,deterministic-rule-baseline-precomputed,analysis_csv,0.0,remove_one_tone,ok
vi-zh-2022-test-0105,此外，该机制将协商解决贸易争端，合理化法律程序，并为大西洋两岸的新兴科技公司制定共同规则。,"Ngoài ra, cơ chế này sẽ tham vấn giải quyết mâu thuẫn thương mại, hợp lý hóa các thủ tục pháp lý và phát triển quy tắc chung đối với các công ty công nghệ mới nổi ở hai bên bờ Đại Tây Dương.","Ngoai ra, co che nay se tham van giai quyet mau thuan thuong mai, hop ly hoa cac thu tuc phap ly phat trien quy tac chung đoi voi cac cong ty cong nghe moi noi o hai ben bo Đai Tay Duong.",2,rule_based,deterministic-rule-baseline-precomputed,analysis_csv,0.0,remove_tones_and_drop_one_word,ok
vi-zh-2022-test-0105,此外，该机制将协商解决贸易争端，合理化法律程序，并为大西洋两岸的新兴科技公司制定共同规则。,"Ngoài ra, cơ chế này sẽ tham vấn giải quyết mâu thuẫn thương mại, hợp lý hóa các thủ tục pháp lý và phát triển quy tắc chung đối với các công ty công nghệ mới nổi ở hai bên bờ Đại Tây Dương.","Ngoài ra, cơ chế này sẽ vấn quyết mâu thuẫn thương hợp lý các thủ tục pháp lý và phát triển quy tắc chung đối với các công ty công mới ở hai bên bờ Đại Dương.",3,rule_based,deterministic-rule-baseline-precomputed,analysis_csv,0.0,word_dropout_15pct,ok
vi-zh-2022-test-0105,此外，该机制将协商解决贸易争端，合理化法律程序，并为大西洋两岸的新兴科技公司制定共同规则。,"Ngoài ra, cơ chế này sẽ tham vấn giải quyết mâu thuẫn thương mại, hợp lý hóa các thủ tục pháp lý và phát triển quy tắc chung đối với các công ty công nghệ mới nổi ở hai bên bờ Đại Tây Dương.","chế sẽ này tham vấn quyết thuẫn thương mại, lý hóa các thủ pháp lý và phát quy tắc chung với các công công nghệ mới nổi hai bên bờ Tây",4,rule_based,deterministic-rule-baseline-precomputed,analysis_csv,0.0,word_dropout_30pct_and_swap,ok
vi-zh-2022-test-0105,此外，该机制将协商解决贸易争端，合理化法律程序，并为大西洋两岸的新兴科技公司制定共同规则。,"Ngoài ra, cơ chế này sẽ tham vấn giải quyết mâu thuẫn thương mại, hợp lý hóa các thủ tục pháp lý và phát triển quy tắc chung đối với các công ty công nghệ mới nổi ở hai bên bờ Đại Tây Dương.",ra cơ sẽ vấn quyết thuẫn thương hợp các lý và phát triển quy chung đối công mới nổi ở bờ Đại,5,rule_based,deterministic-rule-baseline-precomputed,analysis_csv,0.0,word_dropout_50pct_and_punctuation_remove,ok
vi-zh-2022-test-0106,欧洲对此迅速做出反应，对哈雷戴维森摩托车、李维斯牛仔裤、烟草、玉米、大米和橙汁等美输欧商品加征关税。,"Phía châu Âu nhanh chóng phản ứng bằng cách đánh thuế vào các mặt hàng nhập khẩu của Mỹ vào EU như xe máy Harley-Davidson, quần jeans Levi's, thuốc lá, ngô, gạo, nước cam.","Phía châu Âu nhanh chóng phản ứng bằng cách đánh thuế vào các mặt hàng nhập khẩu của Mỹ vào EU như xe máy Harley-Davidson, quần jeans Levi's, thuốc lá, ngô, gạo, nước cam.",0,rule_based,deterministic-rule-baseline-precomputed,analysis_csv,0.0,identity,ok
vi-zh-2022-test-0106,欧洲对此迅速做出反应，对哈雷戴维森摩托车、李维斯牛仔裤、烟草、玉米、大米和橙汁等美输欧商品加征关税。,"Phía châu Âu nhanh chóng phản ứng bằng cách đánh thuế vào các mặt hàng nhập khẩu của Mỹ vào EU như xe máy Harley-Davidson, quần jeans Levi's, thuốc lá, ngô, gạo, nước cam.","Phia châu Âu nhanh chóng phản ứng bằng cách đánh thuế vào các mặt hàng nhập khẩu của Mỹ vào EU như xe máy Harley-Davidson, quần jeans Levi's, thuốc lá, ngô, gạo, nước cam.",1,rule_based,deterministic-rule-baseline-precomputed,analysis_csv,0.0,remove_one_tone,ok
vi-zh-2022-test-0106,欧洲对此迅速做出反应，对哈雷戴维森摩托车、李维斯牛仔裤、烟草、玉米、大米和橙汁等美输欧商品加征关税。,"Phía châu Âu nhanh chóng phản ứng bằng cách đánh thuế vào các mặt hàng nhập khẩu của Mỹ vào EU như xe máy Harley-Davidson, quần jeans Levi's, thuốc lá, ngô, gạo, nước cam.","Phia chau Au nhanh chong phan ung bang cach đanh thue vao cac mat hang nhap khau My vao EU nhu xe may Harley-Davidson, quan jeans Levi's, thuoc la, ngo, gao, nuoc cam.",2,rule_based,deterministic-rule-baseline-precomputed,analysis_csv,0.0,remove_tones_and_drop_one_word,ok
vi-zh-2022-test-0106,欧洲对此迅速做出反应，对哈雷戴维森摩托车、李维斯牛仔裤、烟草、玉米、大米和橙汁等美输欧商品加征关税。,"Phía châu Âu nhanh chóng phản ứng bằng cách đánh thuế vào các mặt hàng nhập khẩu của Mỹ vào EU như xe máy Harley-Davidson, quần jeans Levi's, thuốc lá, ngô, gạo, nước cam.","Phía Âu nhanh chóng phản ứng đánh thuế vào các mặt hàng nhập khẩu của Mỹ EU như xe máy quần jeans Levi's, thuốc lá, ngô, gạo, nước cam.",3,rule_based,deterministic-rule-baseline-precomputed,analysis_csv,0.0,word_dropout_15pct,ok
vi-zh-2022-test-0106,欧洲对此迅速做出反应，对哈雷戴维森摩托车、李维斯牛仔裤、烟草、玉米、大米和橙汁等美输欧商品加征关税。,"Phía châu Âu nhanh chóng phản ứng bằng cách đánh thuế vào các mặt hàng nhập khẩu của Mỹ vào EU như xe máy Harley-Davidson, quần jeans Levi's, thuốc lá, ngô, gạo, nước cam.","Phía Âu châu nhanh chóng phản ứng bằng cách đánh thuế vào hàng nhập khẩu vào EU như Harley-Davidson, quần jeans Levi's, lá, cam.",4,rule_based,deterministic-rule-baseline-precomputed,analysis_csv,0.0,word_dropout_30pct_and_swap,ok
vi-zh-2022-test-0106,欧洲对此迅速做出反应，对哈雷戴维森摩托车、李维斯牛仔裤、烟草、玉米、大米和橙汁等美输欧商品加征关税。,"Phía châu Âu nhanh chóng phản ứng bằng cách đánh thuế vào các mặt hàng nhập khẩu của Mỹ vào EU như xe máy Harley-Davidson, quần jeans Levi's, thuốc lá, ngô, gạo, nước cam.",Âu chóng bằng cách thuế mặt khẩu của Mỹ vào xe Harley-Davidson jeans Levi's thuốc lá gạo,5,rule_based,deterministic-rule-baseline-precomputed,analysis_csv,0.0,word_dropout_50pct_and_punctuation_remove,ok
vi-zh-2022-test-0107,虽然面临不少不利情况，但截至目前可以看到越南的力量和发展条件仍然得到维持.,Mặc dù gặp phải rất nhiều bất lợi nhưng cho đến nay có thể thấy nội lực và điều kiện phát triển của Việt Nam vẫn được duy trì,Mặc dù gặp phải rất nhiều bất lợi nhưng cho đến nay có thể thấy nội lực và điều kiện phát triển của Việt Nam vẫn được duy trì,0,rule_based,deterministic-rule-baseline-precomputed,analysis_csv,0.0,identity,ok
vi-zh-2022-test-0107,虽然面临不少不利情况，但截至目前可以看到越南的力量和发展条件仍然得到维持.,Mặc dù gặp phải rất nhiều bất lợi nhưng cho đến nay có thể thấy nội lực và điều kiện phát triển của Việt Nam vẫn được duy trì,Mac dù gặp phải rất nhiều bất lợi nhưng cho đến nay có thể thấy nội lực và điều kiện phát triển của Việt Nam vẫn được duy trì,1,rule_based,deterministic-rule-baseline-precomputed,analysis_csv,0.0,remove_one_tone,ok
vi-zh-2022-test-0107,虽然面临不少不利情况，但截至目前可以看到越南的力量和发展条件仍然得到维持.,Mặc dù gặp phải rất nhiều bất lợi nhưng cho đến nay có thể thấy nội lực và điều kiện phát triển của Việt Nam vẫn được duy trì,Mac du gap phai rat nhieu bat loi nhung cho đen nay co the noi luc va đieu kien phat trien cua Viet Nam van đuoc duy tri,2,rule_based,deterministic-rule-baseline-precomputed,analysis_csv,0.0,remove_tones_and_drop_one_word,ok
vi-zh-2022-test-0107,虽然面临不少不利情况，但截至目前可以看到越南的力量和发展条件仍然得到维持.,Mặc dù gặp phải rất nhiều bất lợi nhưng cho đến nay có thể thấy nội lực và điều kiện phát triển của Việt Nam vẫn được duy trì,Mặc dù gặp phải rất bất lợi nhưng cho nay có thể nội lực và điều kiện phát triển của Việt Nam vẫn được duy,3,rule_based,deterministic-rule-baseline-precomputed,analysis_csv,0.0,word_dropout_15pct,ok
vi-zh-2022-test-0107,虽然面临不少不利情况，但截至目前可以看到越南的力量和发展条件仍然得到维持.,Mặc dù gặp phải rất nhiều bất lợi nhưng cho đến nay có thể thấy nội lực và điều kiện phát triển của Việt Nam vẫn được duy trì,dù phải gặp bất lợi nhưng cho đến nay có thể nội và điều kiện triển của Việt Nam trì,4,rule_based,deterministic-rule-baseline-precomputed,analysis_csv,0.0,word_dropout_30pct_and_swap,ok
vi-zh-2022-test-0107,虽然面临不少不利情况，但截至目前可以看到越南的力量和发展条件仍然得到维持.,Mặc dù gặp phải rất nhiều bất lợi nhưng cho đến nay có thể thấy nội lực và điều kiện phát triển của Việt Nam vẫn được duy trì,Mặc dù bất nhưng có thể thấy nội lực của vẫn được duy trì,5,rule_based,deterministic-rule-baseline-precomputed,analysis_csv,0.0,word_dropout_50pct_and_punctuation_remove,ok
vi-zh-2022-test-0108,近日的国际舆论表明，新冠肺炎疫情无法击败越南，因为越南的内部力量强大，居民区资源强大，拥有近一亿充满活力的活跃人口。,"Dư luận quốc tế những ngày này chỉ ra rằng đại dịch COVID-19 không thể đánh bại Việt Nam do Việt Nam có nội lực mạnh với một cộng đồng dân cư đông, gần 100 triệu dân đầy sức sống, năng động.","Dư luận quốc tế những ngày này chỉ ra rằng đại dịch COVID-19 không thể đánh bại Việt Nam do Việt Nam có nội lực mạnh với một cộng đồng dân cư đông, gần 100 triệu dân đầy sức sống, năng động.",0,rule_based,deterministic-rule-baseline-precomputed,analysis_csv,0.0,identity,ok
vi-zh-2022-test-0108,近日的国际舆论表明，新冠肺炎疫情无法击败越南，因为越南的内部力量强大，居民区资源强大，拥有近一亿充满活力的活跃人口。,"Dư luận quốc tế những ngày này chỉ ra rằng đại dịch COVID-19 không thể đánh bại Việt Nam do Việt Nam có nội lực mạnh với một cộng đồng dân cư đông, gần 100 triệu dân đầy sức sống, năng động.","Du luận quốc tế những ngày này chỉ ra rằng đại dịch COVID-19 không thể đánh bại Việt Nam do Việt Nam có nội lực mạnh với một cộng đồng dân cư đông, gần 100 triệu dân đầy sức sống, năng động.",1,rule_based,deterministic-rule-baseline-precomputed,analysis_csv,0.0,remove_one_tone,ok
vi-zh-2022-test-0108,近日的国际舆论表明，新冠肺炎疫情无法击败越南，因为越南的内部力量强大，居民区资源强大，拥有近一亿充满活力的活跃人口。,"Dư luận quốc tế những ngày này chỉ ra rằng đại dịch COVID-19 không thể đánh bại Việt Nam do Việt Nam có nội lực mạnh với một cộng đồng dân cư đông, gần 100 triệu dân đầy sức sống, năng động.","Du luan quoc te nhung ngay nay chi ra rang đai dich COVID-19 khong the đanh bai Viet Nam do Viet co noi luc manh voi mot cong đong dan cu đong, gan 100 trieu dan đay suc song, nang đong.",2,rule_based,deterministic-rule-baseline-precomputed,analysis_csv,0.0,remove_tones_and_drop_one_word,ok
vi-zh-2022-test-0108,近日的国际舆论表明，新冠肺炎疫情无法击败越南，因为越南的内部力量强大，居民区资源强大，拥有近一亿充满活力的活跃人口。,"Dư luận quốc tế những ngày này chỉ ra rằng đại dịch COVID-19 không thể đánh bại Việt Nam do Việt Nam có nội lực mạnh với một cộng đồng dân cư đông, gần 100 triệu dân đầy sức sống, năng động.","Dư quốc những ngày này chỉ ra rằng đại dịch không thể đánh bại Việt Nam do Việt Nam có lực mạnh với một cộng đồng dân cư gần 100 triệu dân đầy sức sống, năng",3,rule_based,deterministic-rule-baseline-precomputed,analysis_csv,0.0,word_dropout_15pct,ok
vi-zh-2022-test-0108,近日的国际舆论表明，新冠肺炎疫情无法击败越南，因为越南的内部力量强大，居民区资源强大，拥有近一亿充满活力的活跃人口。,"Dư luận quốc tế những ngày này chỉ ra rằng đại dịch COVID-19 không thể đánh bại Việt Nam do Việt Nam có nội lực mạnh với một cộng đồng dân cư đông, gần 100 triệu dân đầy sức sống, năng động.","Dư quốc luận những COVID-19 không thể bại Việt Nam do Việt có nội lực mạnh với một cộng đồng dân cư đông, gần dân đầy sức sống, động.",4,rule_based,deterministic-rule-baseline-precomputed,analysis_csv,0.0,word_dropout_30pct_and_swap,ok
vi-zh-2022-test-0108,近日的国际舆论表明，新冠肺炎疫情无法击败越南，因为越南的内部力量强大，居民区资源强大，拥有近一亿充满活力的活跃人口。,"Dư luận quốc tế những ngày này chỉ ra rằng đại dịch COVID-19 không thể đánh bại Việt Nam do Việt Nam có nội lực mạnh với một cộng đồng dân cư đông, gần 100 triệu dân đầy sức sống, năng động.",Dư quốc tế ngày chỉ COVID-19 bại Việt Nam Việt mạnh với một cư đông 100 dân đầy sức sống động,5,rule_based,deterministic-rule-baseline-precomputed,analysis_csv,0.0,word_dropout_50pct_and_punctuation_remove,ok
vi-zh-2022-test-0109,越南的中产阶级正迅速增加，他们的收入日益增加有助于促进国内消费。,"Tầng lớp trung lưu của Việt Nam gia tăng nhanh chóng , thu nhập của họ ngày càng tăng , có lợi cho tiêu dùng trong nước","Tầng lớp trung lưu của Việt Nam gia tăng nhanh chóng , thu nhập của họ ngày càng tăng , có lợi cho tiêu dùng trong nước",0,rule_based,deterministic-rule-baseline-precomputed,analysis_csv,0.0,identity,ok
vi-zh-2022-test-0109,越南的中产阶级正迅速增加，他们的收入日益增加有助于促进国内消费。,"Tầng lớp trung lưu của Việt Nam gia tăng nhanh chóng , thu nhập của họ ngày càng tăng , có lợi cho tiêu dùng trong nước","Tang lớp trung lưu của Việt Nam gia tăng nhanh chóng , thu nhập của họ ngày càng tăng , có lợi cho tiêu dùng trong nước",1,rule_based,deterministic-rule-baseline-precomputed,analysis_csv,0.0,remove_one_tone,ok
vi-zh-2022-test-0109,越南的中产阶级正迅速增加，他们的收入日益增加有助于促进国内消费。,"Tầng lớp trung lưu của Việt Nam gia tăng nhanh chóng , thu nhập của họ ngày càng tăng , có lợi cho tiêu dùng trong nước","Tang lop trung luu cua Viet Nam gia tang nhanh chong , thu cua ho ngay cang tang , co loi cho tieu dung trong nuoc",2,rule_based,deterministic-rule-baseline-precomputed,analysis_csv,0.0,remove_tones_and_drop_one_word,ok
vi-zh-2022-test-0109,越南的中产阶级正迅速增加，他们的收入日益增加有助于促进国内消费。,"Tầng lớp trung lưu của Việt Nam gia tăng nhanh chóng , thu nhập của họ ngày càng tăng , có lợi cho tiêu dùng trong nước","Tầng lưu của Nam gia tăng nhanh chóng , thu nhập của họ ngày càng tăng , lợi cho tiêu dùng trong nước",3,rule_based,deterministic-rule-baseline-precomputed,analysis_csv,0.0,word_dropout_15pct,ok
vi-zh-2022-test-0109,越南的中产阶级正迅速增加，他们的收入日益增加有助于促进国内消费。,"Tầng lớp trung lưu của Việt Nam gia tăng nhanh chóng , thu nhập của họ ngày càng tăng , có lợi cho tiêu dùng trong nước","Tầng trung lớp lưu Nam tăng nhanh chóng nhập họ ngày càng tăng , có lợi cho tiêu dùng",4,rule_based,deterministic-rule-baseline-precomputed,analysis_csv,0.0,word_dropout_30pct_and_swap,ok
vi-zh-2022-test-0109,越南的中产阶级正迅速增加，他们的收入日益增加有助于促进国内消费。,"Tầng lớp trung lưu của Việt Nam gia tăng nhanh chóng , thu nhập của họ ngày càng tăng , có lợi cho tiêu dùng trong nước",trung của Việt gia  thu nhập của họ càng  lợi tiêu dùng,5,rule_based,deterministic-rule-baseline-precomputed,analysis_csv,0.0,word_dropout_50pct_and_punctuation_remove,ok
vi-zh-2022-test-0110,据科技考察和咨询公司（Technavio）称，2020年至2024年间，越南半导体产业将以19%的年复合增长率增长，约61.6亿美元。,"Theo công ty khảo sát và tư vấn công nghệ Technavio, ngành công nghiệp bán dẫn của Việt Nam sẽ tăng trưởng với tốc độ kép hàng năm là 19%, tương đương khoảng 6,16 tỷ đô la trong khoảng thời gian từ 2020-2024.","Theo công ty khảo sát và tư vấn công nghệ Technavio, ngành công nghiệp bán dẫn của Việt Nam sẽ tăng trưởng với tốc độ kép hàng năm là 19%, tương đương khoảng 6,16 tỷ đô la trong khoảng thời gian từ 2020-2024.",0,rule_based,deterministic-rule-baseline-precomputed,analysis_csv,0.0,identity,ok
vi-zh-2022-test-0110,据科技考察和咨询公司（Technavio）称，2020年至2024年间，越南半导体产业将以19%的年复合增长率增长，约61.6亿美元。,"Theo công ty khảo sát và tư vấn công nghệ Technavio, ngành công nghiệp bán dẫn của Việt Nam sẽ tăng trưởng với tốc độ kép hàng năm là 19%, tương đương khoảng 6,16 tỷ đô la trong khoảng thời gian từ 2020-2024.","Theo cong ty khảo sát và tư vấn công nghệ Technavio, ngành công nghiệp bán dẫn của Việt Nam sẽ tăng trưởng với tốc độ kép hàng năm là 19%, tương đương khoảng 6,16 tỷ đô la trong khoảng thời gian từ 2020-2024.",1,rule_based,deterministic-rule-baseline-precomputed,analysis_csv,0.0,remove_one_tone,ok
vi-zh-2022-test-0110,据科技考察和咨询公司（Technavio）称，2020年至2024年间，越南半导体产业将以19%的年复合增长率增长，约61.6亿美元。,"Theo công ty khảo sát và tư vấn công nghệ Technavio, ngành công nghiệp bán dẫn của Việt Nam sẽ tăng trưởng với tốc độ kép hàng năm là 19%, tương đương khoảng 6,16 tỷ đô la trong khoảng thời gian từ 2020-2024.","Theo cong ty khao sat va tu van cong nghe Technavio, nganh cong nghiep ban dan cua Viet Nam se tang voi toc đo kep hang nam la 19%, tuong đuong khoang 6,16 ty đo la trong khoang thoi gian tu 2020-2024.",2,rule_based,deterministic-rule-baseline-precomputed,analysis_csv,0.0,remove_tones_and_drop_one_word,ok
vi-zh-2022-test-0110,据科技考察和咨询公司（Technavio）称，2020年至2024年间，越南半导体产业将以19%的年复合增长率增长，约61.6亿美元。,"Theo công ty khảo sát và tư vấn công nghệ Technavio, ngành công nghiệp bán dẫn của Việt Nam sẽ tăng trưởng với tốc độ kép hàng năm là 19%, tương đương khoảng 6,16 tỷ đô la trong khoảng thời gian từ 2020-2024.","Theo công ty khảo và vấn công nghệ Technavio, ngành công bán của Việt Nam sẽ tăng với tốc độ kép hàng năm là 19%, tương đương khoảng 6,16 tỷ la trong khoảng thời gian từ 2020-2024.",3,rule_based,deterministic-rule-baseline-precomputed,analysis_csv,0.0,word_dropout_15pct,ok
vi-zh-2022-test-0110,据科技考察和咨询公司（Technavio）称，2020年至2024年间，越南半导体产业将以19%的年复合增长率增长，约61.6亿美元。,"Theo công ty khảo sát và tư vấn công nghệ Technavio, ngành công nghiệp bán dẫn của Việt Nam sẽ tăng trưởng với tốc độ kép hàng năm là 19%, tương đương khoảng 6,16 tỷ đô la trong khoảng thời gian từ 2020-2024.","Theo ty công khảo sát công nghệ Technavio, ngành công nghiệp bán dẫn Việt Nam sẽ trưởng với tốc độ kép hàng năm là 19%, đương la trong khoảng 2020-2024.",4,rule_based,deterministic-rule-baseline-precomputed,analysis_csv,0.0,word_dropout_30pct_and_swap,ok
vi-zh-2022-test-0110,据科技考察和咨询公司（Technavio）称，2020年至2024年间，越南半导体产业将以19%的年复合增长率增长，约61.6亿美元。,"Theo công ty khảo sát và tư vấn công nghệ Technavio, ngành công nghiệp bán dẫn của Việt Nam sẽ tăng trưởng với tốc độ kép hàng năm là 19%, tương đương khoảng 6,16 tỷ đô la trong khoảng thời gian từ 2020-2024.",Theo công khảo và vấn công Technavio công nghiệp bán tăng với tốc năm là đương đô la khoảng thời gian từ,5,rule_based,deterministic-rule-baseline-precomputed,analysis_csv,0.0,word_dropout_50pct_and_punctuation_remove,ok
vi-zh-2022-test-0111,"《电子时报》(DIGITIMES)则指出，根据越共十三大提出的目标,即“数字技术将创造国内生产总值的30%，而不是当前的仅为8%”，预计未来5年，越南半导体产业将大幅增长。","Trang Digitimes thì chỉ ra rằng, ngành công nghiệp bán dẫn của Việt Nam được kỳ vọng tăng trưởng sẽ tăng trưởng vượt bậc trong 5 năm tới theo như mục tiêu Đại hội Đảng XIII đặt ra: “Kỹ thuật số sẽ tạo ra 30% tổng sản phẩm quốc nội so với 8% như hiện nay”.","Trang Digitimes thì chỉ ra rằng, ngành công nghiệp bán dẫn của Việt Nam được kỳ vọng tăng trưởng sẽ tăng trưởng vượt bậc trong 5 năm tới theo như mục tiêu Đại hội Đảng XIII đặt ra: “Kỹ thuật số sẽ tạo ra 30% tổng sản phẩm quốc nội so với 8% như hiện nay”.",0,rule_based,deterministic-rule-baseline-precomputed,analysis_csv,0.0,identity,ok
vi-zh-2022-test-0111,"《电子时报》(DIGITIMES)则指出，根据越共十三大提出的目标,即“数字技术将创造国内生产总值的30%，而不是当前的仅为8%”，预计未来5年，越南半导体产业将大幅增长。","Trang Digitimes thì chỉ ra rằng, ngành công nghiệp bán dẫn của Việt Nam được kỳ vọng tăng trưởng sẽ tăng trưởng vượt bậc trong 5 năm tới theo như mục tiêu Đại hội Đảng XIII đặt ra: “Kỹ thuật số sẽ tạo ra 30% tổng sản phẩm quốc nội so với 8% như hiện nay”.","Trang Digitimes thi chỉ ra rằng, ngành công nghiệp bán dẫn của Việt Nam được kỳ vọng tăng trưởng sẽ tăng trưởng vượt bậc trong 5 năm tới theo như mục tiêu Đại hội Đảng XIII đặt ra: “Kỹ thuật số sẽ tạo ra 30% tổng sản phẩm quốc nội so với 8% như hiện nay”.",1,rule_based,deterministic-rule-baseline-precomputed,analysis_csv,0.0,remove_one_tone,ok
vi-zh-2022-test-0111,"《电子时报》(DIGITIMES)则指出，根据越共十三大提出的目标,即“数字技术将创造国内生产总值的30%，而不是当前的仅为8%”，预计未来5年，越南半导体产业将大幅增长。","Trang Digitimes thì chỉ ra rằng, ngành công nghiệp bán dẫn của Việt Nam được kỳ vọng tăng trưởng sẽ tăng trưởng vượt bậc trong 5 năm tới theo như mục tiêu Đại hội Đảng XIII đặt ra: “Kỹ thuật số sẽ tạo ra 30% tổng sản phẩm quốc nội so với 8% như hiện nay”.","Trang Digitimes thi chi ra rang, nganh cong nghiep ban dan cua Viet Nam đuoc ky vong tang truong se tang truong vuot bac trong 5 nam toi nhu muc tieu Đai hoi Đang XIII đat ra: “Ky thuat so se tao ra 30% tong san pham quoc noi so voi 8% nhu hien nay”.",2,rule_based,deterministic-rule-baseline-precomputed,analysis_csv,0.0,remove_tones_and_drop_one_word,ok
vi-zh-2022-test-0111,"《电子时报》(DIGITIMES)则指出，根据越共十三大提出的目标,即“数字技术将创造国内生产总值的30%，而不是当前的仅为8%”，预计未来5年，越南半导体产业将大幅增长。","Trang Digitimes thì chỉ ra rằng, ngành công nghiệp bán dẫn của Việt Nam được kỳ vọng tăng trưởng sẽ tăng trưởng vượt bậc trong 5 năm tới theo như mục tiêu Đại hội Đảng XIII đặt ra: “Kỹ thuật số sẽ tạo ra 30% tổng sản phẩm quốc nội so với 8% như hiện nay”.","Trang Digitimes thì chỉ ra rằng, công nghiệp bán dẫn của được kỳ vọng tăng trưởng tăng trưởng vượt bậc trong 5 năm theo như mục tiêu hội Đảng XIII đặt ra: “Kỹ thuật số sẽ tạo ra 30% tổng sản phẩm quốc nội so với hiện nay”.",3,rule_based,deterministic-rule-baseline-precomputed,analysis_csv,0.0,word_dropout_15pct,ok
vi-zh-2022-test-0111,"《电子时报》(DIGITIMES)则指出，根据越共十三大提出的目标,即“数字技术将创造国内生产总值的30%，而不是当前的仅为8%”，预计未来5年，越南半导体产业将大幅增长。","Trang Digitimes thì chỉ ra rằng, ngành công nghiệp bán dẫn của Việt Nam được kỳ vọng tăng trưởng sẽ tăng trưởng vượt bậc trong 5 năm tới theo như mục tiêu Đại hội Đảng XIII đặt ra: “Kỹ thuật số sẽ tạo ra 30% tổng sản phẩm quốc nội so với 8% như hiện nay”.","Trang chỉ Digitimes rằng, ngành công nghiệp dẫn của được trưởng sẽ tăng trưởng vượt bậc trong 5 năm tới mục tiêu hội đặt ra: “Kỹ thuật sẽ ra tổng sản phẩm nội so với 8% như hiện nay”.",4,rule_based,deterministic-rule-baseline-precomputed,analysis_csv,0.0,word_dropout_30pct_and_swap,ok
vi-zh-2022-test-0111,"《电子时报》(DIGITIMES)则指出，根据越共十三大提出的目标,即“数字技术将创造国内生产总值的30%，而不是当前的仅为8%”，预计未来5年，越南半导体产业将大幅增长。","Trang Digitimes thì chỉ ra rằng, ngành công nghiệp bán dẫn của Việt Nam được kỳ vọng tăng trưởng sẽ tăng trưởng vượt bậc trong 5 năm tới theo như mục tiêu Đại hội Đảng XIII đặt ra: “Kỹ thuật số sẽ tạo ra 30% tổng sản phẩm quốc nội so với 8% như hiện nay”.",Trang thì chỉ ra rằng ngành công Nam được kỳ tăng trưởng trưởng năm như Đảng XIII đặt ra “Kỹ số tạo ra 30% phẩm quốc với như,5,rule_based,deterministic-rule-baseline-precomputed,analysis_csv,0.0,word_dropout_50pct_and_punctuation_remove,ok
vi-zh-2022-test-0112,非常重要的是，《越欧自贸协定》、《全面且先进的跨太平洋伙伴关系协定》（CPTPP）、《越英自贸协定》等助力越南在新冠肺炎大流行背景下促进贸易。,"Điều rất quan trọng là các Hiệp định thương mại tự do EU-Việt Nam (EVFTA) và Hiệp định đối tác toàn diện và tiến bộ xuyên Thái Bình Dương, Hiệp định thương mại tư do Việt Anh đã giúp Việt Nam thúc đẩy thương mại trong bối cảnh đại dịch.","Điều rất quan trọng là các Hiệp định thương mại tự do EU-Việt Nam (EVFTA) và Hiệp định đối tác toàn diện và tiến bộ xuyên Thái Bình Dương, Hiệp định thương mại tư do Việt Anh đã giúp Việt Nam thúc đẩy thương mại trong bối cảnh đại dịch.",0,rule_based,deterministic-rule-baseline-precomputed,analysis_csv,0.0,identity,ok
vi-zh-2022-test-0112,非常重要的是，《越欧自贸协定》、《全面且先进的跨太平洋伙伴关系协定》（CPTPP）、《越英自贸协定》等助力越南在新冠肺炎大流行背景下促进贸易。,"Điều rất quan trọng là các Hiệp định thương mại tự do EU-Việt Nam (EVFTA) và Hiệp định đối tác toàn diện và tiến bộ xuyên Thái Bình Dương, Hiệp định thương mại tư do Việt Anh đã giúp Việt Nam thúc đẩy thương mại trong bối cảnh đại dịch.","Đieu rất quan trọng là các Hiệp định thương mại tự do EU-Việt Nam (EVFTA) và Hiệp định đối tác toàn diện và tiến bộ xuyên Thái Bình Dương, Hiệp định thương mại tư do Việt Anh đã giúp Việt Nam thúc đẩy thương mại trong bối cảnh đại dịch.",1,rule_based,deterministic-rule-baseline-precomputed,analysis_csv,0.0,remove_one_tone,ok
vi-zh-2022-test-0112,非常重要的是，《越欧自贸协定》、《全面且先进的跨太平洋伙伴关系协定》（CPTPP）、《越英自贸协定》等助力越南在新冠肺炎大流行背景下促进贸易。,"Điều rất quan trọng là các Hiệp định thương mại tự do EU-Việt Nam (EVFTA) và Hiệp định đối tác toàn diện và tiến bộ xuyên Thái Bình Dương, Hiệp định thương mại tư do Việt Anh đã giúp Việt Nam thúc đẩy thương mại trong bối cảnh đại dịch.","Đieu rat quan trong la cac Hiep đinh thuong mai tu do EU-Viet Nam (EVFTA) va Hiep đinh đoi tac toan dien va tien bo Thai Binh Duong, Hiep đinh thuong mai tu do Viet Anh đa giup Viet Nam thuc đay thuong mai trong boi canh đai dich.",2,rule_based,deterministic-rule-baseline-precomputed,analysis_csv,0.0,remove_tones_and_drop_one_word,ok
vi-zh-2022-test-0112,非常重要的是，《越欧自贸协定》、《全面且先进的跨太平洋伙伴关系协定》（CPTPP）、《越英自贸协定》等助力越南在新冠肺炎大流行背景下促进贸易。,"Điều rất quan trọng là các Hiệp định thương mại tự do EU-Việt Nam (EVFTA) và Hiệp định đối tác toàn diện và tiến bộ xuyên Thái Bình Dương, Hiệp định thương mại tư do Việt Anh đã giúp Việt Nam thúc đẩy thương mại trong bối cảnh đại dịch.","Điều rất trọng là các Hiệp định thương mại tự do EU-Việt Nam (EVFTA) và Hiệp định đối tác toàn diện và xuyên Thái Bình Dương, Hiệp định thương mại do đã giúp Việt Nam thúc đẩy thương mại trong bối cảnh",3,rule_based,deterministic-rule-baseline-precomputed,analysis_csv,0.0,word_dropout_15pct,ok
vi-zh-2022-test-0112,非常重要的是，《越欧自贸协定》、《全面且先进的跨太平洋伙伴关系协定》（CPTPP）、《越英自贸协定》等助力越南在新冠肺炎大流行背景下促进贸易。,"Điều rất quan trọng là các Hiệp định thương mại tự do EU-Việt Nam (EVFTA) và Hiệp định đối tác toàn diện và tiến bộ xuyên Thái Bình Dương, Hiệp định thương mại tư do Việt Anh đã giúp Việt Nam thúc đẩy thương mại trong bối cảnh đại dịch.","Điều quan rất trọng là các Hiệp định thương tự EU-Việt (EVFTA) và định đối tác toàn diện và tiến Thái Bình Dương, Hiệp tư Việt Anh đã Việt Nam đẩy thương trong bối cảnh",4,rule_based,deterministic-rule-baseline-precomputed,analysis_csv,0.0,word_dropout_30pct_and_swap,ok
vi-zh-2022-test-0112,非常重要的是，《越欧自贸协定》、《全面且先进的跨太平洋伙伴关系协定》（CPTPP）、《越英自贸协定》等助力越南在新冠肺炎大流行背景下促进贸易。,"Điều rất quan trọng là các Hiệp định thương mại tự do EU-Việt Nam (EVFTA) và Hiệp định đối tác toàn diện và tiến bộ xuyên Thái Bình Dương, Hiệp định thương mại tư do Việt Anh đã giúp Việt Nam thúc đẩy thương mại trong bối cảnh đại dịch.",Điều rất quan định thương tự EU-Việt (EVFTA) và định đối diện bộ xuyên Thái Dương định thương tư giúp Việt thương mại cảnh đại,5,rule_based,deterministic-rule-baseline-precomputed,analysis_csv,0.0,word_dropout_50pct_and_punctuation_remove,ok
vi-zh-2022-test-0113,新冠肺炎大流行给越南带来了许多困难，但在党的领导、政府和政治体系的积极行动下，危机似乎也成为点燃民族力量的契机，获得了各阶层人民对政府的突破性经济改革的共识与支持。,"Đại dịch COVID-19 gây ra cho Việt Nam nhiều khó khăn, nhưng dưới sự lãnh đạo của Đảng, hành động quyết liệt của Chính phủ và hệ thống chính trị, khủng hoảng dường như cũng là cơ hội làm bùng lên sức mạnh dân tộc, thu hút sự đồng tình, ủng hộ của các tầng lớp nhân dân đối với những cải cách đột phá về kinh tế của Chính phủ.","Đại dịch COVID-19 gây ra cho Việt Nam nhiều khó khăn, nhưng dưới sự lãnh đạo của Đảng, hành động quyết liệt của Chính phủ và hệ thống chính trị, khủng hoảng dường như cũng là cơ hội làm bùng lên sức mạnh dân tộc, thu hút sự đồng tình, ủng hộ của các tầng lớp nhân dân đối với những cải cách đột phá về kinh tế của Chính phủ.",0,rule_based,deterministic-rule-baseline-precomputed,analysis_csv,0.0,identity,ok
vi-zh-2022-test-0113,新冠肺炎大流行给越南带来了许多困难，但在党的领导、政府和政治体系的积极行动下，危机似乎也成为点燃民族力量的契机，获得了各阶层人民对政府的突破性经济改革的共识与支持。,"Đại dịch COVID-19 gây ra cho Việt Nam nhiều khó khăn, nhưng dưới sự lãnh đạo của Đảng, hành động quyết liệt của Chính phủ và hệ thống chính trị, khủng hoảng dường như cũng là cơ hội làm bùng lên sức mạnh dân tộc, thu hút sự đồng tình, ủng hộ của các tầng lớp nhân dân đối với những cải cách đột phá về kinh tế của Chính phủ.","Đai dịch COVID-19 gây ra cho Việt Nam nhiều khó khăn, nhưng dưới sự lãnh đạo của Đảng, hành động quyết liệt của Chính phủ và hệ thống chính trị, khủng hoảng dường như cũng là cơ hội làm bùng lên sức mạnh dân tộc, thu hút sự đồng tình, ủng hộ của các tầng lớp nhân dân đối với những cải cách đột phá về kinh tế của Chính phủ.",1,rule_based,deterministic-rule-baseline-precomputed,analysis_csv,0.0,remove_one_tone,ok
vi-zh-2022-test-0113,新冠肺炎大流行给越南带来了许多困难，但在党的领导、政府和政治体系的积极行动下，危机似乎也成为点燃民族力量的契机，获得了各阶层人民对政府的突破性经济改革的共识与支持。,"Đại dịch COVID-19 gây ra cho Việt Nam nhiều khó khăn, nhưng dưới sự lãnh đạo của Đảng, hành động quyết liệt của Chính phủ và hệ thống chính trị, khủng hoảng dường như cũng là cơ hội làm bùng lên sức mạnh dân tộc, thu hút sự đồng tình, ủng hộ của các tầng lớp nhân dân đối với những cải cách đột phá về kinh tế của Chính phủ.","Đai dich COVID-19 gay ra cho Viet Nam nhieu kho khan, nhung duoi su lanh đao cua Đang, hanh đong quyet liet cua Chinh phu va he thong chinh tri, khung hoang duong nhu cung co hoi lam bung len suc manh dan toc, thu hut su đong tinh, ung ho cua cac tang lop nhan dan đoi voi nhung cai cach đot pha ve kinh te cua Chinh phu.",2,rule_based,deterministic-rule-baseline-precomputed,analysis_csv,0.0,remove_tones_and_drop_one_word,ok
vi-zh-2022-test-0113,新冠肺炎大流行给越南带来了许多困难，但在党的领导、政府和政治体系的积极行动下，危机似乎也成为点燃民族力量的契机，获得了各阶层人民对政府的突破性经济改革的共识与支持。,"Đại dịch COVID-19 gây ra cho Việt Nam nhiều khó khăn, nhưng dưới sự lãnh đạo của Đảng, hành động quyết liệt của Chính phủ và hệ thống chính trị, khủng hoảng dường như cũng là cơ hội làm bùng lên sức mạnh dân tộc, thu hút sự đồng tình, ủng hộ của các tầng lớp nhân dân đối với những cải cách đột phá về kinh tế của Chính phủ.","Đại dịch COVID-19 gây cho Việt Nam nhiều khó khăn, nhưng dưới sự lãnh đạo của Đảng, hành động quyết liệt của phủ và thống chính khủng hoảng như cũng là cơ hội làm lên sức mạnh dân tộc, thu hút sự đồng ủng hộ của các tầng lớp nhân dân với cải đột phá về kinh tế của Chính",3,rule_based,deterministic-rule-baseline-precomputed,analysis_csv,0.0,word_dropout_15pct,ok
vi-zh-2022-test-0113,新冠肺炎大流行给越南带来了许多困难，但在党的领导、政府和政治体系的积极行动下，危机似乎也成为点燃民族力量的契机，获得了各阶层人民对政府的突破性经济改革的共识与支持。,"Đại dịch COVID-19 gây ra cho Việt Nam nhiều khó khăn, nhưng dưới sự lãnh đạo của Đảng, hành động quyết liệt của Chính phủ và hệ thống chính trị, khủng hoảng dường như cũng là cơ hội làm bùng lên sức mạnh dân tộc, thu hút sự đồng tình, ủng hộ của các tầng lớp nhân dân đối với những cải cách đột phá về kinh tế của Chính phủ.","Đại COVID-19 dịch gây cho Việt Nam nhiều nhưng sự lãnh đạo của Đảng, hành động quyết liệt phủ và hệ khủng hoảng là hội làm bùng lên sức mạnh tộc, thu hút đồng ủng của lớp nhân dân đối với những cách đột phá về kinh tế của Chính",4,rule_based,deterministic-rule-baseline-precomputed,analysis_csv,0.0,word_dropout_30pct_and_swap,ok
vi-zh-2022-test-0113,新冠肺炎大流行给越南带来了许多困难，但在党的领导、政府和政治体系的积极行动下，危机似乎也成为点燃民族力量的契机，获得了各阶层人民对政府的突破性经济改革的共识与支持。,"Đại dịch COVID-19 gây ra cho Việt Nam nhiều khó khăn, nhưng dưới sự lãnh đạo của Đảng, hành động quyết liệt của Chính phủ và hệ thống chính trị, khủng hoảng dường như cũng là cơ hội làm bùng lên sức mạnh dân tộc, thu hút sự đồng tình, ủng hộ của các tầng lớp nhân dân đối với những cải cách đột phá về kinh tế của Chính phủ.",Đại dịch gây ra Nam nhưng dưới lãnh đạo Đảng hành động liệt của Chính hệ thống trị khủng dường bùng mạnh dân tộc thu hút sự hộ của tầng cải cách đột phá của Chính,5,rule_based,deterministic-rule-baseline-precomputed,analysis_csv,0.0,word_dropout_50pct_and_punctuation_remove,ok
vi-zh-2022-test-0114,及时排除困难是企业恢复生产经营活动和经济早日复苏的巨大动力。,"Khó khăn được tháo gỡ kịp thời, đó chính là động lực rất lớn để doanh nghiệp khôi phục hoạt động sản xuất, kinh doanh và sớm hồi phục nền kinh tế.","Khó khăn được tháo gỡ kịp thời, đó chính là động lực rất lớn để doanh nghiệp khôi phục hoạt động sản xuất, kinh doanh và sớm hồi phục nền kinh tế.",0,rule_based,deterministic-rule-baseline-precomputed,analysis_csv,0.0,identity,ok
vi-zh-2022-test-0114,及时排除困难是企业恢复生产经营活动和经济早日复苏的巨大动力。,"Khó khăn được tháo gỡ kịp thời, đó chính là động lực rất lớn để doanh nghiệp khôi phục hoạt động sản xuất, kinh doanh và sớm hồi phục nền kinh tế.","Kho khăn được tháo gỡ kịp thời, đó chính là động lực rất lớn để doanh nghiệp khôi phục hoạt động sản xuất, kinh doanh và sớm hồi phục nền kinh tế.",1,rule_based,deterministic-rule-baseline-precomputed,analysis_csv,0.0,remove_one_tone,ok
vi-zh-2022-test-0114,及时排除困难是企业恢复生产经营活动和经济早日复苏的巨大动力。,"Khó khăn được tháo gỡ kịp thời, đó chính là động lực rất lớn để doanh nghiệp khôi phục hoạt động sản xuất, kinh doanh và sớm hồi phục nền kinh tế.","Kho khan đuoc thao go kip thoi, đo chinh la đong luc rat lon đe doanh khoi phuc hoat đong san xuat, kinh doanh va som hoi phuc nen kinh te.",2,rule_based,deterministic-rule-baseline-precomputed,analysis_csv,0.0,remove_tones_and_drop_one_word,ok
vi-zh-2022-test-0114,及时排除困难是企业恢复生产经营活动和经济早日复苏的巨大动力。,"Khó khăn được tháo gỡ kịp thời, đó chính là động lực rất lớn để doanh nghiệp khôi phục hoạt động sản xuất, kinh doanh và sớm hồi phục nền kinh tế.","Khó khăn tháo gỡ kịp thời, đó chính động lực rất lớn để doanh nghiệp khôi phục hoạt động sản xuất, kinh và hồi nền kinh tế.",3,rule_based,deterministic-rule-baseline-precomputed,analysis_csv,0.0,word_dropout_15pct,ok
vi-zh-2022-test-0114,及时排除困难是企业恢复生产经营活动和经济早日复苏的巨大动力。,"Khó khăn được tháo gỡ kịp thời, đó chính là động lực rất lớn để doanh nghiệp khôi phục hoạt động sản xuất, kinh doanh và sớm hồi phục nền kinh tế.","Khó kịp tháo thời, đó chính động lực rất lớn doanh nghiệp khôi phục hoạt động sản xuất, doanh sớm hồi kinh",4,rule_based,deterministic-rule-baseline-precomputed,analysis_csv,0.0,word_dropout_30pct_and_swap,ok
vi-zh-2022-test-0114,及时排除困难是企业恢复生产经营活动和经济早日复苏的巨大动力。,"Khó khăn được tháo gỡ kịp thời, đó chính là động lực rất lớn để doanh nghiệp khôi phục hoạt động sản xuất, kinh doanh và sớm hồi phục nền kinh tế.",khăn được kịp đó lớn để doanh khôi phục động sản xuất kinh doanh và hồi,5,rule_based,deterministic-rule-baseline-precomputed,analysis_csv,0.0,word_dropout_50pct_and_punctuation_remove,ok
vi-zh-2022-test-0115,据财政部测算，今年全国97%以上的企业获得减免30%的所得税。,"Theo tính toán của Bộ Tài chính, có tới hơn 97% doanh nghiệp của cả nước được giảm 30% thuế thu nhập doanh nghiệp trong năm nay.","Theo tính toán của Bộ Tài chính, có tới hơn 97% doanh nghiệp của cả nước được giảm 30% thuế thu nhập doanh nghiệp trong năm nay.",0,rule_based,deterministic-rule-baseline-precomputed,analysis_csv,0.0,identity,ok
vi-zh-2022-test-0115,据财政部测算，今年全国97%以上的企业获得减免30%的所得税。,"Theo tính toán của Bộ Tài chính, có tới hơn 97% doanh nghiệp của cả nước được giảm 30% thuế thu nhập doanh nghiệp trong năm nay.","Theo tinh toán của Bộ Tài chính, có tới hơn 97% doanh nghiệp của cả nước được giảm 30% thuế thu nhập doanh nghiệp trong năm nay.",1,rule_based,deterministic-rule-baseline-precomputed,analysis_csv,0.0,remove_one_tone,ok
vi-zh-2022-test-0115,据财政部测算，今年全国97%以上的企业获得减免30%的所得税。,"Theo tính toán của Bộ Tài chính, có tới hơn 97% doanh nghiệp của cả nước được giảm 30% thuế thu nhập doanh nghiệp trong năm nay.","Theo tinh toan cua Bo Tai chinh, co toi hon 97% doanh nghiep ca nuoc đuoc giam 30% thue thu nhap doanh nghiep trong nam nay.",2,rule_based,deterministic-rule-baseline-precomputed,analysis_csv,0.0,remove_tones_and_drop_one_word,ok
vi-zh-2022-test-0115,据财政部测算，今年全国97%以上的企业获得减免30%的所得税。,"Theo tính toán của Bộ Tài chính, có tới hơn 97% doanh nghiệp của cả nước được giảm 30% thuế thu nhập doanh nghiệp trong năm nay.","Theo tính của Bộ Tài chính, có tới hơn 97% doanh nghiệp của nước được giảm 30% thuế nhập doanh nghiệp năm nay.",3,rule_based,deterministic-rule-baseline-precomputed,analysis_csv,0.0,word_dropout_15pct,ok
vi-zh-2022-test-0115,据财政部测算，今年全国97%以上的企业获得减免30%的所得税。,"Theo tính toán của Bộ Tài chính, có tới hơn 97% doanh nghiệp của cả nước được giảm 30% thuế thu nhập doanh nghiệp trong năm nay.","Theo Tài tính chính, có hơn doanh của cả nước được giảm 30% thuế thu nhập doanh trong nay.",4,rule_based,deterministic-rule-baseline-precomputed,analysis_csv,0.0,word_dropout_30pct_and_swap,ok
vi-zh-2022-test-0115,据财政部测算，今年全国97%以上的企业获得减免30%的所得税。,"Theo tính toán của Bộ Tài chính, có tới hơn 97% doanh nghiệp của cả nước được giảm 30% thuế thu nhập doanh nghiệp trong năm nay.",Theo tính toán chính hơn của cả nước được giảm thu doanh nghiệp nay,5,rule_based,deterministic-rule-baseline-precomputed,analysis_csv,0.0,word_dropout_50pct_and_punctuation_remove,ok
vi-zh-2022-test-0116,其中大部分是受疫情影响的中小型企业。,"Đây hầu hết là các doanh nghiệp có quy mô vừa và nhỏ, chịu tác động tiêu cực của đại dịch COVID-19.","Đây hầu hết là các doanh nghiệp có quy mô vừa và nhỏ, chịu tác động tiêu cực của đại dịch COVID-19.",0,rule_based,deterministic-rule-baseline-precomputed,analysis_csv,0.0,identity,ok
vi-zh-2022-test-0116,其中大部分是受疫情影响的中小型企业。,"Đây hầu hết là các doanh nghiệp có quy mô vừa và nhỏ, chịu tác động tiêu cực của đại dịch COVID-19.","Đay hầu hết là các doanh nghiệp có quy mô vừa và nhỏ, chịu tác động tiêu cực của đại dịch COVID-19.",1,rule_based,deterministic-rule-baseline-precomputed,analysis_csv,0.0,remove_one_tone,ok
vi-zh-2022-test-0116,其中大部分是受疫情影响的中小型企业。,"Đây hầu hết là các doanh nghiệp có quy mô vừa và nhỏ, chịu tác động tiêu cực của đại dịch COVID-19.","Đay hau het la cac doanh nghiep co quy mo vua nho, chiu tac đong tieu cuc cua đai dich COVID-19.",2,rule_based,deterministic-rule-baseline-precomputed,analysis_csv,0.0,remove_tones_and_drop_one_word,ok
vi-zh-2022-test-0116,其中大部分是受疫情影响的中小型企业。,"Đây hầu hết là các doanh nghiệp có quy mô vừa và nhỏ, chịu tác động tiêu cực của đại dịch COVID-19.","Đây hầu là các doanh nghiệp có quy mô vừa và nhỏ, chịu tác động tiêu cực đại dịch",3,rule_based,deterministic-rule-baseline-precomputed,analysis_csv,0.0,word_dropout_15pct,ok
vi-zh-2022-test-0116,其中大部分是受疫情影响的中小型企业。,"Đây hầu hết là các doanh nghiệp có quy mô vừa và nhỏ, chịu tác động tiêu cực của đại dịch COVID-19.","Đây hết hầu các nghiệp có mô và nhỏ, chịu động tiêu đại dịch COVID-19.",4,rule_based,deterministic-rule-baseline-precomputed,analysis_csv,0.0,word_dropout_30pct_and_swap,ok
vi-zh-2022-test-0116,其中大部分是受疫情影响的中小型企业。,"Đây hầu hết là các doanh nghiệp có quy mô vừa và nhỏ, chịu tác động tiêu cực của đại dịch COVID-19.",là doanh mô chịu tác động cực của đại dịch COVID-19,5,rule_based,deterministic-rule-baseline-precomputed,analysis_csv,0.0,word_dropout_50pct_and_punctuation_remove,ok
vi-zh-2022-test-0117,此外，预计今年三、四季度，全国有近400万个经营户和个人获免个人所得税和增值税。,"Bên cạnh đó, ước tính có gần 4 triệu hộ và cá nhân kinh doanh cả nước được miễn thuế thu nhập cá nhân và thuế giá trị gia tăng phát sinh trong quý 3 và 4 này.","Bên cạnh đó, ước tính có gần 4 triệu hộ và cá nhân kinh doanh cả nước được miễn thuế thu nhập cá nhân và thuế giá trị gia tăng phát sinh trong quý 3 và 4 này.",0,rule_based,deterministic-rule-baseline-precomputed,analysis_csv,0.0,identity,ok
vi-zh-2022-test-0117,此外，预计今年三、四季度，全国有近400万个经营户和个人获免个人所得税和增值税。,"Bên cạnh đó, ước tính có gần 4 triệu hộ và cá nhân kinh doanh cả nước được miễn thuế thu nhập cá nhân và thuế giá trị gia tăng phát sinh trong quý 3 và 4 này.","Ben cạnh đó, ước tính có gần 4 triệu hộ và cá nhân kinh doanh cả nước được miễn thuế thu nhập cá nhân và thuế giá trị gia tăng phát sinh trong quý 3 và 4 này.",1,rule_based,deterministic-rule-baseline-precomputed,analysis_csv,0.0,remove_one_tone,ok
vi-zh-2022-test-0117,此外，预计今年三、四季度，全国有近400万个经营户和个人获免个人所得税和增值税。,"Bên cạnh đó, ước tính có gần 4 triệu hộ và cá nhân kinh doanh cả nước được miễn thuế thu nhập cá nhân và thuế giá trị gia tăng phát sinh trong quý 3 và 4 này.","Ben canh đo, uoc tinh co gan 4 trieu ho va ca nhan kinh doanh ca nuoc đuoc mien thu nhap ca nhan va thue gia tri gia tang phat sinh trong quy 3 va 4 nay.",2,rule_based,deterministic-rule-baseline-precomputed,analysis_csv,0.0,remove_tones_and_drop_one_word,ok
vi-zh-2022-test-0117,此外，预计今年三、四季度，全国有近400万个经营户和个人获免个人所得税和增值税。,"Bên cạnh đó, ước tính có gần 4 triệu hộ và cá nhân kinh doanh cả nước được miễn thuế thu nhập cá nhân và thuế giá trị gia tăng phát sinh trong quý 3 và 4 này.","Bên đó, ước tính có gần 4 triệu và cá nhân kinh doanh cả nước được miễn thuế thu nhập và giá gia tăng phát sinh trong quý 3 và 4 này.",3,rule_based,deterministic-rule-baseline-precomputed,analysis_csv,0.0,word_dropout_15pct,ok
vi-zh-2022-test-0117,此外，预计今年三、四季度，全国有近400万个经营户和个人获免个人所得税和增值税。,"Bên cạnh đó, ước tính có gần 4 triệu hộ và cá nhân kinh doanh cả nước được miễn thuế thu nhập cá nhân và thuế giá trị gia tăng phát sinh trong quý 3 và 4 này.","cạnh tính đó, có gần 4 triệu hộ và cá kinh doanh được miễn thuế nhập cá nhân và giá trị gia tăng sinh 3 và này.",4,rule_based,deterministic-rule-baseline-precomputed,analysis_csv,0.0,word_dropout_30pct_and_swap,ok
vi-zh-2022-test-0117,此外，预计今年三、四季度，全国有近400万个经营户和个人获免个人所得税和增值税。,"Bên cạnh đó, ước tính có gần 4 triệu hộ và cá nhân kinh doanh cả nước được miễn thuế thu nhập cá nhân và thuế giá trị gia tăng phát sinh trong quý 3 và 4 này.",Bên đó ước tính gần 4 hộ và nhân kinh nước miễn thuế thu và giá tăng sinh này,5,rule_based,deterministic-rule-baseline-precomputed,analysis_csv,0.0,word_dropout_50pct_and_punctuation_remove,ok
vi-zh-2022-test-0118,根据第406号决议的免税和减税方案，企业和人民将得到约20万亿越南盾资助。,"Các giải pháp miễn, giảm thuế theo Nghị quyết 406 sẽ hỗ trợ doanh nghiệp và người dân khoảng 20.000 tỉ đồng.","Các giải pháp miễn, giảm thuế theo Nghị quyết 406 sẽ hỗ trợ doanh nghiệp và người dân khoảng 20.000 tỉ đồng.",0,rule_based,deterministic-rule-baseline-precomputed,analysis_csv,0.0,identity,ok
vi-zh-2022-test-0118,根据第406号决议的免税和减税方案，企业和人民将得到约20万亿越南盾资助。,"Các giải pháp miễn, giảm thuế theo Nghị quyết 406 sẽ hỗ trợ doanh nghiệp và người dân khoảng 20.000 tỉ đồng.","Cac giải pháp miễn, giảm thuế theo Nghị quyết 406 sẽ hỗ trợ doanh nghiệp và người dân khoảng 20.000 tỉ đồng.",1,rule_based,deterministic-rule-baseline-precomputed,analysis_csv,0.0,remove_one_tone,ok
vi-zh-2022-test-0118,根据第406号决议的免税和减税方案，企业和人民将得到约20万亿越南盾资助。,"Các giải pháp miễn, giảm thuế theo Nghị quyết 406 sẽ hỗ trợ doanh nghiệp và người dân khoảng 20.000 tỉ đồng.","Cac giai phap mien, giam thue theo Nghi quyet 406 se tro doanh nghiep va nguoi dan khoang 20.000 ti đong.",2,rule_based,deterministic-rule-baseline-precomputed,analysis_csv,0.0,remove_tones_and_drop_one_word,ok
vi-zh-2022-test-0118,根据第406号决议的免税和减税方案，企业和人民将得到约20万亿越南盾资助。,"Các giải pháp miễn, giảm thuế theo Nghị quyết 406 sẽ hỗ trợ doanh nghiệp và người dân khoảng 20.000 tỉ đồng.","Các giải pháp miễn, thuế Nghị quyết 406 sẽ hỗ doanh nghiệp và người dân khoảng 20.000 tỉ đồng.",3,rule_based,deterministic-rule-baseline-precomputed,analysis_csv,0.0,word_dropout_15pct,ok
vi-zh-2022-test-0118,根据第406号决议的免税和减税方案，企业和人民将得到约20万亿越南盾资助。,"Các giải pháp miễn, giảm thuế theo Nghị quyết 406 sẽ hỗ trợ doanh nghiệp và người dân khoảng 20.000 tỉ đồng.","Các pháp giải miễn, giảm theo quyết 406 trợ doanh nghiệp và dân tỉ đồng.",4,rule_based,deterministic-rule-baseline-precomputed,analysis_csv,0.0,word_dropout_30pct_and_swap,ok
vi-zh-2022-test-0118,根据第406号决议的免税和减税方案，企业和人民将得到约20万亿越南盾资助。,"Các giải pháp miễn, giảm thuế theo Nghị quyết 406 sẽ hỗ trợ doanh nghiệp và người dân khoảng 20.000 tỉ đồng.",Các giải pháp thuế theo Nghị 406 sẽ doanh và dân,5,rule_based,deterministic-rule-baseline-precomputed,analysis_csv,0.0,word_dropout_50pct_and_punctuation_remove,ok
vi-zh-2022-test-0119,其中大多数企业都陷入资金流动性困境。,Hầu hết doanh nghiệp đều trong tình trạng khó khăn về thanh khoản.,Hầu hết doanh nghiệp đều trong tình trạng khó khăn về thanh khoản.,0,rule_based,deterministic-rule-baseline-precomputed,analysis_csv,0.0,identity,ok
vi-zh-2022-test-0119,其中大多数企业都陷入资金流动性困境。,Hầu hết doanh nghiệp đều trong tình trạng khó khăn về thanh khoản.,Hau hết doanh nghiệp đều trong tình trạng khó khăn về thanh khoản.,1,rule_based,deterministic-rule-baseline-precomputed,analysis_csv,0.0,remove_one_tone,ok
vi-zh-2022-test-0119,其中大多数企业都陷入资金流动性困境。,Hầu hết doanh nghiệp đều trong tình trạng khó khăn về thanh khoản.,Hau het doanh nghiep đeu trong trang kho khan ve thanh khoan.,2,rule_based,deterministic-rule-baseline-precomputed,analysis_csv,0.0,remove_tones_and_drop_one_word,ok
vi-zh-2022-test-0119,其中大多数企业都陷入资金流动性困境。,Hầu hết doanh nghiệp đều trong tình trạng khó khăn về thanh khoản.,Hầu hết nghiệp đều tình trạng khó khăn về thanh khoản.,3,rule_based,deterministic-rule-baseline-precomputed,analysis_csv,0.0,word_dropout_15pct,ok
vi-zh-2022-test-0119,其中大多数企业都陷入资金流动性困境。,Hầu hết doanh nghiệp đều trong tình trạng khó khăn về thanh khoản.,Hầu doanh hết nghiệp tình trạng khó khăn khoản.,4,rule_based,deterministic-rule-baseline-precomputed,analysis_csv,0.0,word_dropout_30pct_and_swap,ok
vi-zh-2022-test-0119,其中大多数企业都陷入资金流动性困境。,Hầu hết doanh nghiệp đều trong tình trạng khó khăn về thanh khoản.,Hầu doanh tình khăn về thanh,5,rule_based,deterministic-rule-baseline-precomputed,analysis_csv,0.0,word_dropout_50pct_and_punctuation_remove,ok
vi-zh-2022-test-0120,舆论认为，这些资助政策是及时的、带来积极效果，有助于企业克服困难、稳定生产经营。,"Dư luận đánh giá các giải pháp hỗ trợ là kịp thời, có tác động tích cực, góp phần tháo gỡ khó khăn, ổn định hoạt động sản xuất kinh doanh.","Dư luận đánh giá các giải pháp hỗ trợ là kịp thời, có tác động tích cực, góp phần tháo gỡ khó khăn, ổn định hoạt động sản xuất kinh doanh.",0,rule_based,deterministic-rule-baseline-precomputed,analysis_csv,0.0,identity,ok
vi-zh-2022-test-0120,舆论认为，这些资助政策是及时的、带来积极效果，有助于企业克服困难、稳定生产经营。,"Dư luận đánh giá các giải pháp hỗ trợ là kịp thời, có tác động tích cực, góp phần tháo gỡ khó khăn, ổn định hoạt động sản xuất kinh doanh.","Du luận đánh giá các giải pháp hỗ trợ là kịp thời, có tác động tích cực, góp phần tháo gỡ khó khăn, ổn định hoạt động sản xuất kinh doanh.",1,rule_based,deterministic-rule-baseline-precomputed,analysis_csv,0.0,remove_one_tone,ok
vi-zh-2022-test-0120,舆论认为，这些资助政策是及时的、带来积极效果，有助于企业克服困难、稳定生产经营。,"Dư luận đánh giá các giải pháp hỗ trợ là kịp thời, có tác động tích cực, góp phần tháo gỡ khó khăn, ổn định hoạt động sản xuất kinh doanh.","Du luan đanh gia cac giai phap ho tro la kip thoi, co tac đong cuc, gop phan thao go kho khan, on đinh hoat đong san xuat kinh doanh.",2,rule_based,deterministic-rule-baseline-precomputed,analysis_csv,0.0,remove_tones_and_drop_one_word,ok
vi-zh-2022-test-0120,舆论认为，这些资助政策是及时的、带来积极效果，有助于企业克服困难、稳定生产经营。,"Dư luận đánh giá các giải pháp hỗ trợ là kịp thời, có tác động tích cực, góp phần tháo gỡ khó khăn, ổn định hoạt động sản xuất kinh doanh.","Dư luận đánh giá giải pháp hỗ là kịp có tác động tích cực, phần tháo gỡ khó khăn, ổn hoạt động sản xuất kinh doanh.",3,rule_based,deterministic-rule-baseline-precomputed,analysis_csv,0.0,word_dropout_15pct,ok
vi-zh-2022-test-0120,舆论认为，这些资助政策是及时的、带来积极效果，有助于企业克服困难、稳定生产经营。,"Dư luận đánh giá các giải pháp hỗ trợ là kịp thời, có tác động tích cực, góp phần tháo gỡ khó khăn, ổn định hoạt động sản xuất kinh doanh.","Dư giá luận giải pháp là kịp thời, có tác tích phần tháo gỡ khó khăn, ổn hoạt động sản kinh doanh.",4,rule_based,deterministic-rule-baseline-precomputed,analysis_csv,0.0,word_dropout_30pct_and_swap,ok
vi-zh-2022-test-0120,舆论认为，这些资助政策是及时的、带来积极效果，有助于企业克服困难、稳定生产经营。,"Dư luận đánh giá các giải pháp hỗ trợ là kịp thời, có tác động tích cực, góp phần tháo gỡ khó khăn, ổn định hoạt động sản xuất kinh doanh.",Dư luận đánh giá hỗ kịp tác tích cực ổn định động sản xuất kinh doanh,5,rule_based,deterministic-rule-baseline-precomputed,analysis_csv,0.0,word_dropout_50pct_and_punctuation_remove,ok
vi-zh-2022-test-0121,意大利外长路易吉·迪·马约9月26日明确表态，该国拒绝承认塔利班政权，因为在塔利班的高层管理人员中，有17位是恐怖分子并且塔利班不断地侵犯妇女和儿童的权益。,"Trong một tuyên bố hôm 26/9, Ngoại trưởng Italy Luigi Di Maio nhấn mạnh rằng chưa nên công nhận Chính phủ của Taliban vì trong số các bộ trưởng có 17 đối tượng khủng bố, trong khi quyền con người của phụ nữ và trẻ em gái liên tục bị vi phạm.","Trong một tuyên bố hôm 26/9, Ngoại trưởng Italy Luigi Di Maio nhấn mạnh rằng chưa nên công nhận Chính phủ của Taliban vì trong số các bộ trưởng có 17 đối tượng khủng bố, trong khi quyền con người của phụ nữ và trẻ em gái liên tục bị vi phạm.",0,rule_based,deterministic-rule-baseline-precomputed,analysis_csv,0.0,identity,ok
vi-zh-2022-test-0121,意大利外长路易吉·迪·马约9月26日明确表态，该国拒绝承认塔利班政权，因为在塔利班的高层管理人员中，有17位是恐怖分子并且塔利班不断地侵犯妇女和儿童的权益。,"Trong một tuyên bố hôm 26/9, Ngoại trưởng Italy Luigi Di Maio nhấn mạnh rằng chưa nên công nhận Chính phủ của Taliban vì trong số các bộ trưởng có 17 đối tượng khủng bố, trong khi quyền con người của phụ nữ và trẻ em gái liên tục bị vi phạm.","Trong mot tuyên bố hôm 26/9, Ngoại trưởng Italy Luigi Di Maio nhấn mạnh rằng chưa nên công nhận Chính phủ của Taliban vì trong số các bộ trưởng có 17 đối tượng khủng bố, trong khi quyền con người của phụ nữ và trẻ em gái liên tục bị vi phạm.",1,rule_based,deterministic-rule-baseline-precomputed,analysis_csv,0.0,remove_one_tone,ok
vi-zh-2022-test-0121,意大利外长路易吉·迪·马约9月26日明确表态，该国拒绝承认塔利班政权，因为在塔利班的高层管理人员中，有17位是恐怖分子并且塔利班不断地侵犯妇女和儿童的权益。,"Trong một tuyên bố hôm 26/9, Ngoại trưởng Italy Luigi Di Maio nhấn mạnh rằng chưa nên công nhận Chính phủ của Taliban vì trong số các bộ trưởng có 17 đối tượng khủng bố, trong khi quyền con người của phụ nữ và trẻ em gái liên tục bị vi phạm.","Trong mot tuyen bo hom 26/9, Ngoai truong Italy Luigi Di Maio nhan manh rang chua nen cong nhan Chinh phu cua Taliban vi trong so bo truong co 17 đoi tuong khung bo, trong khi quyen con nguoi cua phu nu va tre em gai lien tuc bi vi pham.",2,rule_based,deterministic-rule-baseline-precomputed,analysis_csv,0.0,remove_tones_and_drop_one_word,ok
vi-zh-2022-test-0121,意大利外长路易吉·迪·马约9月26日明确表态，该国拒绝承认塔利班政权，因为在塔利班的高层管理人员中，有17位是恐怖分子并且塔利班不断地侵犯妇女和儿童的权益。,"Trong một tuyên bố hôm 26/9, Ngoại trưởng Italy Luigi Di Maio nhấn mạnh rằng chưa nên công nhận Chính phủ của Taliban vì trong số các bộ trưởng có 17 đối tượng khủng bố, trong khi quyền con người của phụ nữ và trẻ em gái liên tục bị vi phạm.","Trong tuyên bố hôm 26/9, Ngoại trưởng Italy Di Maio nhấn rằng chưa nên nhận Chính phủ của Taliban vì trong số các bộ trưởng có 17 đối tượng bố, trong khi quyền con người của nữ và gái liên tục bị vi phạm.",3,rule_based,deterministic-rule-baseline-precomputed,analysis_csv,0.0,word_dropout_15pct,ok
vi-zh-2022-test-0121,意大利外长路易吉·迪·马约9月26日明确表态，该国拒绝承认塔利班政权，因为在塔利班的高层管理人员中，有17位是恐怖分子并且塔利班不断地侵犯妇女和儿童的权益。,"Trong một tuyên bố hôm 26/9, Ngoại trưởng Italy Luigi Di Maio nhấn mạnh rằng chưa nên công nhận Chính phủ của Taliban vì trong số các bộ trưởng có 17 đối tượng khủng bố, trong khi quyền con người của phụ nữ và trẻ em gái liên tục bị vi phạm.","Trong bố tuyên 26/9, trưởng Luigi Di Maio mạnh rằng chưa nên nhận Chính phủ của vì số các bộ trưởng có đối khủng khi con người nữ và trẻ em gái liên tục vi phạm.",4,rule_based,deterministic-rule-baseline-precomputed,analysis_csv,0.0,word_dropout_30pct_and_swap,ok
vi-zh-2022-test-0121,意大利外长路易吉·迪·马约9月26日明确表态，该国拒绝承认塔利班政权，因为在塔利班的高层管理人员中，有17位是恐怖分子并且塔利班不断地侵犯妇女和儿童的权益。,"Trong một tuyên bố hôm 26/9, Ngoại trưởng Italy Luigi Di Maio nhấn mạnh rằng chưa nên công nhận Chính phủ của Taliban vì trong số các bộ trưởng có 17 đối tượng khủng bố, trong khi quyền con người của phụ nữ và trẻ em gái liên tục bị vi phạm.",26/9 trưởng Di Maio nhấn mạnh rằng công nhận Taliban vì trong các đối tượng khủng bố trong con của nữ và trẻ liên vi phạm,5,rule_based,deterministic-rule-baseline-precomputed,analysis_csv,0.0,word_dropout_50pct_and_punctuation_remove,ok
vi-zh-2022-test-0122,塔利班掌权一个半月后，阿富汗仍面临安全、社会民生等一系列严重挑战。,"Một tháng rưỡi sau khi Taliban trở lại nắm quyền, đất nước Afghanistan vẫn phải đối mặt với hàng loạt thách thức nghiêm trọng cả về an ninh và an sinh-xã hội.","Một tháng rưỡi sau khi Taliban trở lại nắm quyền, đất nước Afghanistan vẫn phải đối mặt với hàng loạt thách thức nghiêm trọng cả về an ninh và an sinh-xã hội.",0,rule_based,deterministic-rule-baseline-precomputed,analysis_csv,0.0,identity,ok
vi-zh-2022-test-0122,塔利班掌权一个半月后，阿富汗仍面临安全、社会民生等一系列严重挑战。,"Một tháng rưỡi sau khi Taliban trở lại nắm quyền, đất nước Afghanistan vẫn phải đối mặt với hàng loạt thách thức nghiêm trọng cả về an ninh và an sinh-xã hội.","Mot tháng rưỡi sau khi Taliban trở lại nắm quyền, đất nước Afghanistan vẫn phải đối mặt với hàng loạt thách thức nghiêm trọng cả về an ninh và an sinh-xã hội.",1,rule_based,deterministic-rule-baseline-precomputed,analysis_csv,0.0,remove_one_tone,ok
vi-zh-2022-test-0122,塔利班掌权一个半月后，阿富汗仍面临安全、社会民生等一系列严重挑战。,"Một tháng rưỡi sau khi Taliban trở lại nắm quyền, đất nước Afghanistan vẫn phải đối mặt với hàng loạt thách thức nghiêm trọng cả về an ninh và an sinh-xã hội.","Mot thang ruoi sau khi Taliban tro lai nam quyen, đat nuoc Afghanistan van phai đoi voi hang loat thach thuc nghiem trong ca ve an ninh va an sinh-xa hoi.",2,rule_based,deterministic-rule-baseline-precomputed,analysis_csv,0.0,remove_tones_and_drop_one_word,ok
vi-zh-2022-test-0122,塔利班掌权一个半月后，阿富汗仍面临安全、社会民生等一系列严重挑战。,"Một tháng rưỡi sau khi Taliban trở lại nắm quyền, đất nước Afghanistan vẫn phải đối mặt với hàng loạt thách thức nghiêm trọng cả về an ninh và an sinh-xã hội.",Một tháng rưỡi sau khi trở lại nắm đất nước Afghanistan vẫn phải đối mặt loạt thách thức nghiêm trọng cả về an ninh và an sinh-xã,3,rule_based,deterministic-rule-baseline-precomputed,analysis_csv,0.0,word_dropout_15pct,ok
vi-zh-2022-test-0122,塔利班掌权一个半月后，阿富汗仍面临安全、社会民生等一系列严重挑战。,"Một tháng rưỡi sau khi Taliban trở lại nắm quyền, đất nước Afghanistan vẫn phải đối mặt với hàng loạt thách thức nghiêm trọng cả về an ninh và an sinh-xã hội.",sau trở Taliban lại nắm nước Afghanistan đối mặt với hàng loạt thức nghiêm trọng cả về ninh và an sinh-xã hội.,4,rule_based,deterministic-rule-baseline-precomputed,analysis_csv,0.0,word_dropout_30pct_and_swap,ok
vi-zh-2022-test-0122,塔利班掌权一个半月后，阿富汗仍面临安全、社会民生等一系列严重挑战。,"Một tháng rưỡi sau khi Taliban trở lại nắm quyền, đất nước Afghanistan vẫn phải đối mặt với hàng loạt thách thức nghiêm trọng cả về an ninh và an sinh-xã hội.",Một rưỡi sau Taliban trở nắm nước đối mặt với hàng loạt an ninh sinh-xã hội,5,rule_based,deterministic-rule-baseline-precomputed,analysis_csv,0.0,word_dropout_50pct_and_punctuation_remove,ok
vi-zh-2022-test-0123,联合国中央应急基金发放了4500万美元的救生资金，以帮助防止阿富汗医疗体系崩溃。,"Liên hợp quốc mới đây tuyên bố trích 45 triệu USD từ Quỹ ứng phó khẩn cấp của Liên hợp quốc (CERF) để giúp Afghanistan đối phó với tình trạng thiếu thuốc men, vật tư y tế và nhiên liệu.","Liên hợp quốc mới đây tuyên bố trích 45 triệu USD từ Quỹ ứng phó khẩn cấp của Liên hợp quốc (CERF) để giúp Afghanistan đối phó với tình trạng thiếu thuốc men, vật tư y tế và nhiên liệu.",0,rule_based,deterministic-rule-baseline-precomputed,analysis_csv,0.0,identity,ok
vi-zh-2022-test-0123,联合国中央应急基金发放了4500万美元的救生资金，以帮助防止阿富汗医疗体系崩溃。,"Liên hợp quốc mới đây tuyên bố trích 45 triệu USD từ Quỹ ứng phó khẩn cấp của Liên hợp quốc (CERF) để giúp Afghanistan đối phó với tình trạng thiếu thuốc men, vật tư y tế và nhiên liệu.","Lien hợp quốc mới đây tuyên bố trích 45 triệu USD từ Quỹ ứng phó khẩn cấp của Liên hợp quốc (CERF) để giúp Afghanistan đối phó với tình trạng thiếu thuốc men, vật tư y tế và nhiên liệu.",1,rule_based,deterministic-rule-baseline-precomputed,analysis_csv,0.0,remove_one_tone,ok
vi-zh-2022-test-0123,联合国中央应急基金发放了4500万美元的救生资金，以帮助防止阿富汗医疗体系崩溃。,"Liên hợp quốc mới đây tuyên bố trích 45 triệu USD từ Quỹ ứng phó khẩn cấp của Liên hợp quốc (CERF) để giúp Afghanistan đối phó với tình trạng thiếu thuốc men, vật tư y tế và nhiên liệu.","Lien hop quoc moi đay tuyen bo trich 45 trieu USD tu Quy ung pho khan cap cua Lien hop (CERF) đe giup Afghanistan đoi pho voi tinh trang thieu thuoc men, vat tu y te va nhien lieu.",2,rule_based,deterministic-rule-baseline-precomputed,analysis_csv,0.0,remove_tones_and_drop_one_word,ok
vi-zh-2022-test-0123,联合国中央应急基金发放了4500万美元的救生资金，以帮助防止阿富汗医疗体系崩溃。,"Liên hợp quốc mới đây tuyên bố trích 45 triệu USD từ Quỹ ứng phó khẩn cấp của Liên hợp quốc (CERF) để giúp Afghanistan đối phó với tình trạng thiếu thuốc men, vật tư y tế và nhiên liệu.","Liên quốc mới tuyên bố trích 45 triệu USD từ Quỹ ứng phó cấp của hợp quốc (CERF) để giúp Afghanistan đối với tình trạng thiếu thuốc men, vật y tế và nhiên liệu.",3,rule_based,deterministic-rule-baseline-precomputed,analysis_csv,0.0,word_dropout_15pct,ok
vi-zh-2022-test-0123,联合国中央应急基金发放了4500万美元的救生资金，以帮助防止阿富汗医疗体系崩溃。,"Liên hợp quốc mới đây tuyên bố trích 45 triệu USD từ Quỹ ứng phó khẩn cấp của Liên hợp quốc (CERF) để giúp Afghanistan đối phó với tình trạng thiếu thuốc men, vật tư y tế và nhiên liệu.","Liên quốc hợp đây tuyên bố trích 45 từ phó khẩn cấp của Liên hợp (CERF) để giúp phó tình trạng thiếu men, vật tư y nhiên liệu.",4,rule_based,deterministic-rule-baseline-precomputed,analysis_csv,0.0,word_dropout_30pct_and_swap,ok
vi-zh-2022-test-0123,联合国中央应急基金发放了4500万美元的救生资金，以帮助防止阿富汗医疗体系崩溃。,"Liên hợp quốc mới đây tuyên bố trích 45 triệu USD từ Quỹ ứng phó khẩn cấp của Liên hợp quốc (CERF) để giúp Afghanistan đối phó với tình trạng thiếu thuốc men, vật tư y tế và nhiên liệu.",Liên mới tuyên bố trích triệu Quỹ khẩn cấp Liên quốc để đối tình trạng men tư tế và nhiên,5,rule_based,deterministic-rule-baseline-precomputed,analysis_csv,0.0,word_dropout_50pct_and_punctuation_remove,ok
vi-zh-2022-test-0124,保护和维持企业安全生产经营活动是经济复苏涉及的第一要素。,"Chủ trương bảo vệ, hỗ trợ duy trì hoạt động sản xuất kinh doanh an toàn của doanh nghiệp trong điều kiện sống chung với dịch là yếu tố nhắc đến trước tiên trong khôi phục kinh tế.","Chủ trương bảo vệ, hỗ trợ duy trì hoạt động sản xuất kinh doanh an toàn của doanh nghiệp trong điều kiện sống chung với dịch là yếu tố nhắc đến trước tiên trong khôi phục kinh tế.",0,rule_based,deterministic-rule-baseline-precomputed,analysis_csv,0.0,identity,ok
vi-zh-2022-test-0124,保护和维持企业安全生产经营活动是经济复苏涉及的第一要素。,"Chủ trương bảo vệ, hỗ trợ duy trì hoạt động sản xuất kinh doanh an toàn của doanh nghiệp trong điều kiện sống chung với dịch là yếu tố nhắc đến trước tiên trong khôi phục kinh tế.","Chu trương bảo vệ, hỗ trợ duy trì hoạt động sản xuất kinh doanh an toàn của doanh nghiệp trong điều kiện sống chung với dịch là yếu tố nhắc đến trước tiên trong khôi phục kinh tế.",1,rule_based,deterministic-rule-baseline-precomputed,analysis_csv,0.0,remove_one_tone,ok
vi-zh-2022-test-0124,保护和维持企业安全生产经营活动是经济复苏涉及的第一要素。,"Chủ trương bảo vệ, hỗ trợ duy trì hoạt động sản xuất kinh doanh an toàn của doanh nghiệp trong điều kiện sống chung với dịch là yếu tố nhắc đến trước tiên trong khôi phục kinh tế.","Chu truong bao ve, ho tro duy tri hoat đong san xuat kinh doanh an toan cua doanh nghiep đieu kien song chung voi dich la yeu to nhac đen truoc tien trong khoi phuc kinh te.",2,rule_based,deterministic-rule-baseline-precomputed,analysis_csv,0.0,remove_tones_and_drop_one_word,ok
vi-zh-2022-test-0124,保护和维持企业安全生产经营活动是经济复苏涉及的第一要素。,"Chủ trương bảo vệ, hỗ trợ duy trì hoạt động sản xuất kinh doanh an toàn của doanh nghiệp trong điều kiện sống chung với dịch là yếu tố nhắc đến trước tiên trong khôi phục kinh tế.","Chủ trương bảo vệ, hỗ trợ duy trì hoạt sản xuất an toàn của doanh nghiệp trong kiện sống chung với là yếu tố nhắc đến tiên trong khôi phục kinh tế.",3,rule_based,deterministic-rule-baseline-precomputed,analysis_csv,0.0,word_dropout_15pct,ok
vi-zh-2022-test-0124,保护和维持企业安全生产经营活动是经济复苏涉及的第一要素。,"Chủ trương bảo vệ, hỗ trợ duy trì hoạt động sản xuất kinh doanh an toàn của doanh nghiệp trong điều kiện sống chung với dịch là yếu tố nhắc đến trước tiên trong khôi phục kinh tế.","Chủ vệ, bảo trợ duy trì động xuất kinh doanh toàn của nghiệp điều kiện sống chung dịch là yếu nhắc đến trước trong khôi phục kinh",4,rule_based,deterministic-rule-baseline-precomputed,analysis_csv,0.0,word_dropout_30pct_and_swap,ok
vi-zh-2022-test-0124,保护和维持企业安全生产经营活动是经济复苏涉及的第一要素。,"Chủ trương bảo vệ, hỗ trợ duy trì hoạt động sản xuất kinh doanh an toàn của doanh nghiệp trong điều kiện sống chung với dịch là yếu tố nhắc đến trước tiên trong khôi phục kinh tế.",hỗ trợ trì động sản xuất doanh trong chung với dịch là yếu tố nhắc trước khôi phục kinh,5,rule_based,deterministic-rule-baseline-precomputed,analysis_csv,0.0,word_dropout_50pct_and_punctuation_remove,ok
vi-zh-2022-test-0125,"广宁省人民委员会常务副主席高祥辉说：“我们制定了具体的措施""。","Phó chủ tịch thường trực UBND tỉnh Quảng Ninh Cao Tường Huy cho biết về kịch bản bình thường mới của tỉnh trong thời gian tới: “Chúng tôi có giải pháp rất cụ thể"".","Phó chủ tịch thường trực UBND tỉnh Quảng Ninh Cao Tường Huy cho biết về kịch bản bình thường mới của tỉnh trong thời gian tới: “Chúng tôi có giải pháp rất cụ thể"".",0,rule_based,deterministic-rule-baseline-precomputed,analysis_csv,0.0,identity,ok
vi-zh-2022-test-0125,"广宁省人民委员会常务副主席高祥辉说：“我们制定了具体的措施""。","Phó chủ tịch thường trực UBND tỉnh Quảng Ninh Cao Tường Huy cho biết về kịch bản bình thường mới của tỉnh trong thời gian tới: “Chúng tôi có giải pháp rất cụ thể"".","Pho chủ tịch thường trực UBND tỉnh Quảng Ninh Cao Tường Huy cho biết về kịch bản bình thường mới của tỉnh trong thời gian tới: “Chúng tôi có giải pháp rất cụ thể"".",1,rule_based,deterministic-rule-baseline-precomputed,analysis_csv,0.0,remove_one_tone,ok
vi-zh-2022-test-0125,"广宁省人民委员会常务副主席高祥辉说：“我们制定了具体的措施""。","Phó chủ tịch thường trực UBND tỉnh Quảng Ninh Cao Tường Huy cho biết về kịch bản bình thường mới của tỉnh trong thời gian tới: “Chúng tôi có giải pháp rất cụ thể"".","Pho chu tich thuong truc UBND tinh Quang Ninh Cao Tuong Huy cho biet ve kich ban thuong moi cua tinh trong thoi gian toi: “Chung toi co giai phap rat cu the"".",2,rule_based,deterministic-rule-baseline-precomputed,analysis_csv,0.0,remove_tones_and_drop_one_word,ok
vi-zh-2022-test-0125,"广宁省人民委员会常务副主席高祥辉说：“我们制定了具体的措施""。","Phó chủ tịch thường trực UBND tỉnh Quảng Ninh Cao Tường Huy cho biết về kịch bản bình thường mới của tỉnh trong thời gian tới: “Chúng tôi có giải pháp rất cụ thể"".",Phó chủ tịch thường trực UBND tỉnh Quảng Ninh Cao Tường Huy cho kịch bản bình thường mới của tỉnh trong thời tới: “Chúng có giải pháp rất cụ,3,rule_based,deterministic-rule-baseline-precomputed,analysis_csv,0.0,word_dropout_15pct,ok
vi-zh-2022-test-0125,"广宁省人民委员会常务副主席高祥辉说：“我们制定了具体的措施""。","Phó chủ tịch thường trực UBND tỉnh Quảng Ninh Cao Tường Huy cho biết về kịch bản bình thường mới của tỉnh trong thời gian tới: “Chúng tôi có giải pháp rất cụ thể"".",Phó tịch chủ trực UBND tỉnh Quảng Ninh Cao Tường cho về thường mới tỉnh trong gian tới: “Chúng tôi giải pháp rất cụ,4,rule_based,deterministic-rule-baseline-precomputed,analysis_csv,0.0,word_dropout_30pct_and_swap,ok
vi-zh-2022-test-0125,"广宁省人民委员会常务副主席高祥辉说：“我们制定了具体的措施""。","Phó chủ tịch thường trực UBND tỉnh Quảng Ninh Cao Tường Huy cho biết về kịch bản bình thường mới của tỉnh trong thời gian tới: “Chúng tôi có giải pháp rất cụ thể"".","chủ tỉnh Cao Huy cho biết về bình thường trong thời gian “Chúng tôi pháp cụ thể""",5,rule_based,deterministic-rule-baseline-precomputed,analysis_csv,0.0,word_dropout_50pct_and_punctuation_remove,ok
vi-zh-2022-test-0126,一是抓紧实施重点项目，为10月底开工建设绿色下龙、东朝高尔夫球场、万宁港等项目创造有利条件。,"Thứ nhất quyết liệt triển khai thi công các dự án trọng điểm, và tạo mọi điều kiện thuận lợi nhất để triển khai cụ thể cuối tháng 10 khởi công dự án Hạ Long Xanh, sân golf ở Đông Triều, dự án cảng Vạn Ninh.","Thứ nhất quyết liệt triển khai thi công các dự án trọng điểm, và tạo mọi điều kiện thuận lợi nhất để triển khai cụ thể cuối tháng 10 khởi công dự án Hạ Long Xanh, sân golf ở Đông Triều, dự án cảng Vạn Ninh.",0,rule_based,deterministic-rule-baseline-precomputed,analysis_csv,0.0,identity,ok
vi-zh-2022-test-0126,一是抓紧实施重点项目，为10月底开工建设绿色下龙、东朝高尔夫球场、万宁港等项目创造有利条件。,"Thứ nhất quyết liệt triển khai thi công các dự án trọng điểm, và tạo mọi điều kiện thuận lợi nhất để triển khai cụ thể cuối tháng 10 khởi công dự án Hạ Long Xanh, sân golf ở Đông Triều, dự án cảng Vạn Ninh.","Thu nhất quyết liệt triển khai thi công các dự án trọng điểm, và tạo mọi điều kiện thuận lợi nhất để triển khai cụ thể cuối tháng 10 khởi công dự án Hạ Long Xanh, sân golf ở Đông Triều, dự án cảng Vạn Ninh.",1,rule_based,deterministic-rule-baseline-precomputed,analysis_csv,0.0,remove_one_tone,ok
vi-zh-2022-test-0126,一是抓紧实施重点项目，为10月底开工建设绿色下龙、东朝高尔夫球场、万宁港等项目创造有利条件。,"Thứ nhất quyết liệt triển khai thi công các dự án trọng điểm, và tạo mọi điều kiện thuận lợi nhất để triển khai cụ thể cuối tháng 10 khởi công dự án Hạ Long Xanh, sân golf ở Đông Triều, dự án cảng Vạn Ninh.","Thu nhat quyet liet trien khai thi cong cac du an trong điem, va tao moi đieu kien thuan loi nhat đe trien cu the cuoi thang 10 khoi cong du an Ha Long Xanh, san golf o Đong Trieu, du an cang Van Ninh.",2,rule_based,deterministic-rule-baseline-precomputed,analysis_csv,0.0,remove_tones_and_drop_one_word,ok
vi-zh-2022-test-0126,一是抓紧实施重点项目，为10月底开工建设绿色下龙、东朝高尔夫球场、万宁港等项目创造有利条件。,"Thứ nhất quyết liệt triển khai thi công các dự án trọng điểm, và tạo mọi điều kiện thuận lợi nhất để triển khai cụ thể cuối tháng 10 khởi công dự án Hạ Long Xanh, sân golf ở Đông Triều, dự án cảng Vạn Ninh.","nhất quyết liệt triển khai thi công các dự án trọng điểm, tạo mọi điều kiện thuận lợi nhất để cụ thể cuối 10 khởi dự Hạ Long Xanh, sân golf ở Đông Triều, dự án cảng Vạn Ninh.",3,rule_based,deterministic-rule-baseline-precomputed,analysis_csv,0.0,word_dropout_15pct,ok
vi-zh-2022-test-0126,一是抓紧实施重点项目，为10月底开工建设绿色下龙、东朝高尔夫球场、万宁港等项目创造有利条件。,"Thứ nhất quyết liệt triển khai thi công các dự án trọng điểm, và tạo mọi điều kiện thuận lợi nhất để triển khai cụ thể cuối tháng 10 khởi công dự án Hạ Long Xanh, sân golf ở Đông Triều, dự án cảng Vạn Ninh.","Thứ liệt nhất triển thi công các án trọng điểm, và tạo mọi điều lợi để triển thể cuối tháng 10 khởi Long Xanh, sân golf ở Đông Triều, án cảng Ninh.",4,rule_based,deterministic-rule-baseline-precomputed,analysis_csv,0.0,word_dropout_30pct_and_swap,ok
vi-zh-2022-test-0126,一是抓紧实施重点项目，为10月底开工建设绿色下龙、东朝高尔夫球场、万宁港等项目创造有利条件。,"Thứ nhất quyết liệt triển khai thi công các dự án trọng điểm, và tạo mọi điều kiện thuận lợi nhất để triển khai cụ thể cuối tháng 10 khởi công dự án Hạ Long Xanh, sân golf ở Đông Triều, dự án cảng Vạn Ninh.",Thứ quyết thi công dự mọi thuận nhất để triển khai cuối 10 khởi dự án Long golf ở Triều dự án Ninh,5,rule_based,deterministic-rule-baseline-precomputed,analysis_csv,0.0,word_dropout_50pct_and_punctuation_remove,ok
vi-zh-2022-test-0127,范明政强调，政府和国会努力陪伴企业，本着“想真、说真、做实、有效、人民和企业真正受益”的精神，“不要说不，不要说难，不要说了不做”，早日恢复，发展经济社会。,"Phạm Minh Chính nhấn mạnh, Chính phủ và Quốc hội cố gắng đồng hành cùng doanh nghiệp một cách thực sự, trên tinh thần “nghĩ thật, nói thật, làm thật, hiệu quả thật, nhân dân và doanh nghiệp được thụ hưởng thật”, “không nói không, không nói khó, không nói có mà không làm” khi giải quyết các kiến nghị, khó khăn, sớm khôi phục, phát triển kinh tế - xã hội.","Phạm Minh Chính nhấn mạnh, Chính phủ và Quốc hội cố gắng đồng hành cùng doanh nghiệp một cách thực sự, trên tinh thần “nghĩ thật, nói thật, làm thật, hiệu quả thật, nhân dân và doanh nghiệp được thụ hưởng thật”, “không nói không, không nói khó, không nói có mà không làm” khi giải quyết các kiến nghị, khó khăn, sớm khôi phục, phát triển kinh tế - xã hội.",0,rule_based,deterministic-rule-baseline-precomputed,analysis_csv,0.0,identity,ok
vi-zh-2022-test-0127,范明政强调，政府和国会努力陪伴企业，本着“想真、说真、做实、有效、人民和企业真正受益”的精神，“不要说不，不要说难，不要说了不做”，早日恢复，发展经济社会。,"Phạm Minh Chính nhấn mạnh, Chính phủ và Quốc hội cố gắng đồng hành cùng doanh nghiệp một cách thực sự, trên tinh thần “nghĩ thật, nói thật, làm thật, hiệu quả thật, nhân dân và doanh nghiệp được thụ hưởng thật”, “không nói không, không nói khó, không nói có mà không làm” khi giải quyết các kiến nghị, khó khăn, sớm khôi phục, phát triển kinh tế - xã hội.","Pham Minh Chính nhấn mạnh, Chính phủ và Quốc hội cố gắng đồng hành cùng doanh nghiệp một cách thực sự, trên tinh thần “nghĩ thật, nói thật, làm thật, hiệu quả thật, nhân dân và doanh nghiệp được thụ hưởng thật”, “không nói không, không nói khó, không nói có mà không làm” khi giải quyết các kiến nghị, khó khăn, sớm khôi phục, phát triển kinh tế - xã hội.",1,rule_based,deterministic-rule-baseline-precomputed,analysis_csv,0.0,remove_one_tone,ok
vi-zh-2022-test-0127,范明政强调，政府和国会努力陪伴企业，本着“想真、说真、做实、有效、人民和企业真正受益”的精神，“不要说不，不要说难，不要说了不做”，早日恢复，发展经济社会。,"Phạm Minh Chính nhấn mạnh, Chính phủ và Quốc hội cố gắng đồng hành cùng doanh nghiệp một cách thực sự, trên tinh thần “nghĩ thật, nói thật, làm thật, hiệu quả thật, nhân dân và doanh nghiệp được thụ hưởng thật”, “không nói không, không nói khó, không nói có mà không làm” khi giải quyết các kiến nghị, khó khăn, sớm khôi phục, phát triển kinh tế - xã hội.","Pham Minh Chinh nhan manh, Chinh phu va Quoc hoi co gang đong hanh cung doanh nghiep mot cach thuc su, tren tinh than “nghi that, noi that, lam that, hieu qua that, nhan dan va nghiep đuoc thu huong that”, “khong noi khong, khong noi kho, khong noi co ma khong lam” khi giai quyet cac kien nghi, kho khan, som khoi phuc, phat trien kinh te - xa hoi.",2,rule_based,deterministic-rule-baseline-precomputed,analysis_csv,0.0,remove_tones_and_drop_one_word,ok
vi-zh-2022-test-0127,范明政强调，政府和国会努力陪伴企业，本着“想真、说真、做实、有效、人民和企业真正受益”的精神，“不要说不，不要说难，不要说了不做”，早日恢复，发展经济社会。,"Phạm Minh Chính nhấn mạnh, Chính phủ và Quốc hội cố gắng đồng hành cùng doanh nghiệp một cách thực sự, trên tinh thần “nghĩ thật, nói thật, làm thật, hiệu quả thật, nhân dân và doanh nghiệp được thụ hưởng thật”, “không nói không, không nói khó, không nói có mà không làm” khi giải quyết các kiến nghị, khó khăn, sớm khôi phục, phát triển kinh tế - xã hội.","Phạm Chính nhấn mạnh, phủ và Quốc hội cố đồng hành cùng doanh một cách thực sự, trên tinh thần “nghĩ thật, nói thật, làm thật, hiệu quả thật, nhân dân và doanh được “không không, không nói khó, không nói có mà không làm” khi giải quyết các nghị, khó khăn, sớm khôi phục, phát triển kinh - xã hội.",3,rule_based,deterministic-rule-baseline-precomputed,analysis_csv,0.0,word_dropout_15pct,ok
vi-zh-2022-test-0127,范明政强调，政府和国会努力陪伴企业，本着“想真、说真、做实、有效、人民和企业真正受益”的精神，“不要说不，不要说难，不要说了不做”，早日恢复，发展经济社会。,"Phạm Minh Chính nhấn mạnh, Chính phủ và Quốc hội cố gắng đồng hành cùng doanh nghiệp một cách thực sự, trên tinh thần “nghĩ thật, nói thật, làm thật, hiệu quả thật, nhân dân và doanh nghiệp được thụ hưởng thật”, “không nói không, không nói khó, không nói có mà không làm” khi giải quyết các kiến nghị, khó khăn, sớm khôi phục, phát triển kinh tế - xã hội.","Phạm mạnh, Chính phủ và hội cố đồng cùng doanh một thực sự, trên “nghĩ thật, thật, làm thật, quả thật, doanh nghiệp thụ hưởng thật”, “không nói không, nói khó, không nói mà không làm” khi giải các kiến nghị, khăn, sớm khôi phát triển tế - xã hội.",4,rule_based,deterministic-rule-baseline-precomputed,analysis_csv,0.0,word_dropout_30pct_and_swap,ok
vi-zh-2022-test-0127,范明政强调，政府和国会努力陪伴企业，本着“想真、说真、做实、有效、人民和企业真正受益”的精神，“不要说不，不要说难，不要说了不做”，早日恢复，发展经济社会。,"Phạm Minh Chính nhấn mạnh, Chính phủ và Quốc hội cố gắng đồng hành cùng doanh nghiệp một cách thực sự, trên tinh thần “nghĩ thật, nói thật, làm thật, hiệu quả thật, nhân dân và doanh nghiệp được thụ hưởng thật”, “không nói không, không nói khó, không nói có mà không làm” khi giải quyết các kiến nghị, khó khăn, sớm khôi phục, phát triển kinh tế - xã hội.",Phạm Minh nhấn Chính và Quốc hành cách sự trên thần thật làm thật hiệu dân và doanh được hưởng thật” “không nói không nói khó không mà không quyết các khó khôi phát - xã,5,rule_based,deterministic-rule-baseline-precomputed,analysis_csv,0.0,word_dropout_50pct_and_punctuation_remove,ok
vi-zh-2022-test-0128,对古巴的访问打开了越古两国合作关系新发展篇章，在任何困难都不能阻挡的互相信任、兄弟般团结情谊基础上实现“共赢”目标。,"Với Cuba, chuyến thăm mở ra một giai đoạn hợp tác phát triển mới giữa hai nước, hướng tới mục tiêu “cùng thắng” dựa trên cơ sở niềm tin sâu sắc, tình đoàn kết, anh em gắn bó bền chặt, không khó khăn nào ngăn cản được.","Với Cuba, chuyến thăm mở ra một giai đoạn hợp tác phát triển mới giữa hai nước, hướng tới mục tiêu “cùng thắng” dựa trên cơ sở niềm tin sâu sắc, tình đoàn kết, anh em gắn bó bền chặt, không khó khăn nào ngăn cản được.",0,rule_based,deterministic-rule-baseline-precomputed,analysis_csv,0.0,identity,ok
vi-zh-2022-test-0128,对古巴的访问打开了越古两国合作关系新发展篇章，在任何困难都不能阻挡的互相信任、兄弟般团结情谊基础上实现“共赢”目标。,"Với Cuba, chuyến thăm mở ra một giai đoạn hợp tác phát triển mới giữa hai nước, hướng tới mục tiêu “cùng thắng” dựa trên cơ sở niềm tin sâu sắc, tình đoàn kết, anh em gắn bó bền chặt, không khó khăn nào ngăn cản được.","Voi Cuba, chuyến thăm mở ra một giai đoạn hợp tác phát triển mới giữa hai nước, hướng tới mục tiêu “cùng thắng” dựa trên cơ sở niềm tin sâu sắc, tình đoàn kết, anh em gắn bó bền chặt, không khó khăn nào ngăn cản được.",1,rule_based,deterministic-rule-baseline-precomputed,analysis_csv,0.0,remove_one_tone,ok
vi-zh-2022-test-0128,对古巴的访问打开了越古两国合作关系新发展篇章，在任何困难都不能阻挡的互相信任、兄弟般团结情谊基础上实现“共赢”目标。,"Với Cuba, chuyến thăm mở ra một giai đoạn hợp tác phát triển mới giữa hai nước, hướng tới mục tiêu “cùng thắng” dựa trên cơ sở niềm tin sâu sắc, tình đoàn kết, anh em gắn bó bền chặt, không khó khăn nào ngăn cản được.","Voi Cuba, chuyen tham mo ra mot giai đoan hop tac phat trien moi giua hai nuoc, huong toi muc tieu “cung thang” tren co so niem tin sau sac, tinh đoan ket, anh em gan bo ben chat, khong kho khan nao ngan can đuoc.",2,rule_based,deterministic-rule-baseline-precomputed,analysis_csv,0.0,remove_tones_and_drop_one_word,ok
vi-zh-2022-test-0128,对古巴的访问打开了越古两国合作关系新发展篇章，在任何困难都不能阻挡的互相信任、兄弟般团结情谊基础上实现“共赢”目标。,"Với Cuba, chuyến thăm mở ra một giai đoạn hợp tác phát triển mới giữa hai nước, hướng tới mục tiêu “cùng thắng” dựa trên cơ sở niềm tin sâu sắc, tình đoàn kết, anh em gắn bó bền chặt, không khó khăn nào ngăn cản được.","Với chuyến thăm mở một giai đoạn hợp tác triển mới giữa hai nước, hướng tới mục tiêu thắng” dựa trên sở niềm tin sâu sắc, tình đoàn kết, anh em gắn bó bền khó khăn nào ngăn cản được.",3,rule_based,deterministic-rule-baseline-precomputed,analysis_csv,0.0,word_dropout_15pct,ok
vi-zh-2022-test-0128,对古巴的访问打开了越古两国合作关系新发展篇章，在任何困难都不能阻挡的互相信任、兄弟般团结情谊基础上实现“共赢”目标。,"Với Cuba, chuyến thăm mở ra một giai đoạn hợp tác phát triển mới giữa hai nước, hướng tới mục tiêu “cùng thắng” dựa trên cơ sở niềm tin sâu sắc, tình đoàn kết, anh em gắn bó bền chặt, không khó khăn nào ngăn cản được.","Với thăm Cuba, mở ra một đoạn hợp giữa hai hướng tiêu “cùng thắng” dựa trên cơ niềm tin sâu sắc, tình đoàn kết, anh gắn bó chặt, không khăn nào ngăn được.",4,rule_based,deterministic-rule-baseline-precomputed,analysis_csv,0.0,word_dropout_30pct_and_swap,ok
vi-zh-2022-test-0128,对古巴的访问打开了越古两国合作关系新发展篇章，在任何困难都不能阻挡的互相信任、兄弟般团结情谊基础上实现“共赢”目标。,"Với Cuba, chuyến thăm mở ra một giai đoạn hợp tác phát triển mới giữa hai nước, hướng tới mục tiêu “cùng thắng” dựa trên cơ sở niềm tin sâu sắc, tình đoàn kết, anh em gắn bó bền chặt, không khó khăn nào ngăn cản được.",chuyến thăm mở ra hợp phát triển hai nước hướng trên sở niềm tin sâu sắc tình đoàn gắn bó bền khăn nào cản,5,rule_based,deterministic-rule-baseline-precomputed,analysis_csv,0.0,word_dropout_50pct_and_punctuation_remove,ok
vi-zh-2022-test-0129,阮春福是在越南与古巴两党、两国成功举行各自党代会，国家进入新发展阶段的背景下对古巴进行正式访问的。,"Chuyến thăm chính thức Cuba của Chủ tịch nước Nguyễn Xuân Phúc diễn ra trong bối cảnh Việt Nam và Cuba bước sang giai đoạn phát triển mới sau khi hai Đảng, hai nhà nước tổ chức thành công Đại hội Đảng.","Chuyến thăm chính thức Cuba của Chủ tịch nước Nguyễn Xuân Phúc diễn ra trong bối cảnh Việt Nam và Cuba bước sang giai đoạn phát triển mới sau khi hai Đảng, hai nhà nước tổ chức thành công Đại hội Đảng.",0,rule_based,deterministic-rule-baseline-precomputed,analysis_csv,0.0,identity,ok
vi-zh-2022-test-0129,阮春福是在越南与古巴两党、两国成功举行各自党代会，国家进入新发展阶段的背景下对古巴进行正式访问的。,"Chuyến thăm chính thức Cuba của Chủ tịch nước Nguyễn Xuân Phúc diễn ra trong bối cảnh Việt Nam và Cuba bước sang giai đoạn phát triển mới sau khi hai Đảng, hai nhà nước tổ chức thành công Đại hội Đảng.","Chuyen thăm chính thức Cuba của Chủ tịch nước Nguyễn Xuân Phúc diễn ra trong bối cảnh Việt Nam và Cuba bước sang giai đoạn phát triển mới sau khi hai Đảng, hai nhà nước tổ chức thành công Đại hội Đảng.",1,rule_based,deterministic-rule-baseline-precomputed,analysis_csv,0.0,remove_one_tone,ok
vi-zh-2022-test-0129,阮春福是在越南与古巴两党、两国成功举行各自党代会，国家进入新发展阶段的背景下对古巴进行正式访问的。,"Chuyến thăm chính thức Cuba của Chủ tịch nước Nguyễn Xuân Phúc diễn ra trong bối cảnh Việt Nam và Cuba bước sang giai đoạn phát triển mới sau khi hai Đảng, hai nhà nước tổ chức thành công Đại hội Đảng.","Chuyen tham chinh thuc Cuba cua Chu tich nuoc Nguyen Xuan Phuc dien ra trong boi canh Viet Nam va Cuba sang giai đoan phat trien moi sau khi hai Đang, hai nha nuoc to chuc thanh cong Đai hoi Đang.",2,rule_based,deterministic-rule-baseline-precomputed,analysis_csv,0.0,remove_tones_and_drop_one_word,ok
vi-zh-2022-test-0129,阮春福是在越南与古巴两党、两国成功举行各自党代会，国家进入新发展阶段的背景下对古巴进行正式访问的。,"Chuyến thăm chính thức Cuba của Chủ tịch nước Nguyễn Xuân Phúc diễn ra trong bối cảnh Việt Nam và Cuba bước sang giai đoạn phát triển mới sau khi hai Đảng, hai nhà nước tổ chức thành công Đại hội Đảng.","Chuyến thăm chính thức Cuba của Chủ tịch Xuân Phúc diễn ra trong bối Việt Nam và Cuba bước sang giai đoạn phát mới sau khi hai Đảng, hai tổ chức thành công Đại hội Đảng.",3,rule_based,deterministic-rule-baseline-precomputed,analysis_csv,0.0,word_dropout_15pct,ok
vi-zh-2022-test-0129,阮春福是在越南与古巴两党、两国成功举行各自党代会，国家进入新发展阶段的背景下对古巴进行正式访问的。,"Chuyến thăm chính thức Cuba của Chủ tịch nước Nguyễn Xuân Phúc diễn ra trong bối cảnh Việt Nam và Cuba bước sang giai đoạn phát triển mới sau khi hai Đảng, hai nhà nước tổ chức thành công Đại hội Đảng.","thăm Cuba thức của nước Nguyễn Phúc diễn trong bối cảnh Việt Nam và bước sang giai đoạn phát sau khi hai Đảng, hai nhà chức thành Đại hội",4,rule_based,deterministic-rule-baseline-precomputed,analysis_csv,0.0,word_dropout_30pct_and_swap,ok
vi-zh-2022-test-0129,阮春福是在越南与古巴两党、两国成功举行各自党代会，国家进入新发展阶段的背景下对古巴进行正式访问的。,"Chuyến thăm chính thức Cuba của Chủ tịch nước Nguyễn Xuân Phúc diễn ra trong bối cảnh Việt Nam và Cuba bước sang giai đoạn phát triển mới sau khi hai Đảng, hai nhà nước tổ chức thành công Đại hội Đảng.",Chuyến thăm thức Chủ tịch nước Nguyễn Xuân Phúc ra trong bối Việt và Cuba đoạn sau hai Đảng chức Đảng,5,rule_based,deterministic-rule-baseline-precomputed,analysis_csv,0.0,word_dropout_50pct_and_punctuation_remove,ok
vi-zh-2022-test-0130,越南自疫情爆发以来也向古巴人民捐赠了2.3万吨大米，而此访期间捐赠6千吨，以及医用物资、电脑、玉米种子等其他物资。,"Việt Nam cũng tặng nhân dân Cuba 23.000 tấn gạo từ khi dịch COVID-19 bùng phát, riêng trong chuyến thăm này tặng 6.000 tấn gạo cùng một số thiết bị, vật tư y tế, giống ngô lai, máy tính.","Việt Nam cũng tặng nhân dân Cuba 23.000 tấn gạo từ khi dịch COVID-19 bùng phát, riêng trong chuyến thăm này tặng 6.000 tấn gạo cùng một số thiết bị, vật tư y tế, giống ngô lai, máy tính.",0,rule_based,deterministic-rule-baseline-precomputed,analysis_csv,0.0,identity,ok
vi-zh-2022-test-0130,越南自疫情爆发以来也向古巴人民捐赠了2.3万吨大米，而此访期间捐赠6千吨，以及医用物资、电脑、玉米种子等其他物资。,"Việt Nam cũng tặng nhân dân Cuba 23.000 tấn gạo từ khi dịch COVID-19 bùng phát, riêng trong chuyến thăm này tặng 6.000 tấn gạo cùng một số thiết bị, vật tư y tế, giống ngô lai, máy tính.","Viet Nam cũng tặng nhân dân Cuba 23.000 tấn gạo từ khi dịch COVID-19 bùng phát, riêng trong chuyến thăm này tặng 6.000 tấn gạo cùng một số thiết bị, vật tư y tế, giống ngô lai, máy tính.",1,rule_based,deterministic-rule-baseline-precomputed,analysis_csv,0.0,remove_one_tone,ok
vi-zh-2022-test-0130,越南自疫情爆发以来也向古巴人民捐赠了2.3万吨大米，而此访期间捐赠6千吨，以及医用物资、电脑、玉米种子等其他物资。,"Việt Nam cũng tặng nhân dân Cuba 23.000 tấn gạo từ khi dịch COVID-19 bùng phát, riêng trong chuyến thăm này tặng 6.000 tấn gạo cùng một số thiết bị, vật tư y tế, giống ngô lai, máy tính.","Viet Nam cung tang nhan dan Cuba 23.000 tan gao tu khi dich COVID-19 bung phat, rieng trong chuyen nay tang 6.000 tan gao cung mot so thiet bi, vat tu y te, giong ngo lai, may tinh.",2,rule_based,deterministic-rule-baseline-precomputed,analysis_csv,0.0,remove_tones_and_drop_one_word,ok
vi-zh-2022-test-0130,越南自疫情爆发以来也向古巴人民捐赠了2.3万吨大米，而此访期间捐赠6千吨，以及医用物资、电脑、玉米种子等其他物资。,"Việt Nam cũng tặng nhân dân Cuba 23.000 tấn gạo từ khi dịch COVID-19 bùng phát, riêng trong chuyến thăm này tặng 6.000 tấn gạo cùng một số thiết bị, vật tư y tế, giống ngô lai, máy tính.","Nam tặng nhân dân Cuba 23.000 tấn gạo từ dịch COVID-19 bùng phát, riêng trong chuyến thăm này tặng 6.000 tấn gạo một số thiết vật tư y tế, giống lai, máy tính.",3,rule_based,deterministic-rule-baseline-precomputed,analysis_csv,0.0,word_dropout_15pct,ok
vi-zh-2022-test-0130,越南自疫情爆发以来也向古巴人民捐赠了2.3万吨大米，而此访期间捐赠6千吨，以及医用物资、电脑、玉米种子等其他物资。,"Việt Nam cũng tặng nhân dân Cuba 23.000 tấn gạo từ khi dịch COVID-19 bùng phát, riêng trong chuyến thăm này tặng 6.000 tấn gạo cùng một số thiết bị, vật tư y tế, giống ngô lai, máy tính.","Việt tặng Nam dân Cuba 23.000 tấn gạo từ khi COVID-19 bùng phát, trong chuyến thăm này tặng gạo cùng thiết bị, vật y giống lai, máy",4,rule_based,deterministic-rule-baseline-precomputed,analysis_csv,0.0,word_dropout_30pct_and_swap,ok
vi-zh-2022-test-0130,越南自疫情爆发以来也向古巴人民捐赠了2.3万吨大米，而此访期间捐赠6千吨，以及医用物资、电脑、玉米种子等其他物资。,"Việt Nam cũng tặng nhân dân Cuba 23.000 tấn gạo từ khi dịch COVID-19 bùng phát, riêng trong chuyến thăm này tặng 6.000 tấn gạo cùng một số thiết bị, vật tư y tế, giống ngô lai, máy tính.",cũng tặng tấn khi dịch COVID-19 trong thăm tặng 6000 tấn cùng một số tư y tế giống lai tính,5,rule_based,deterministic-rule-baseline-precomputed,analysis_csv,0.0,word_dropout_50pct_and_punctuation_remove,ok
vi-zh-2022-test-0131,越南外交部部长裴青山在评价越南为解决全球性挑战所做出的贡献时表示：“阮春福在联合国大会上的发言聚焦国际社会共同关心的问题，同时根据越南自身的经验提出了多项解决措施，越南也对此作出承诺。,"Đánh giá về những đóng góp quan trọng của Việt Nam giải quyết các thách thức toàn cầu đó, Bộ trưởng Bộ Ngoại giao Bùi Thanh Sơn, cho rằng: Phát biểu của Chủ tịch nước tại Đại hội đồng LHQ tập trung vào mối quan tâm chung của cộng đồng quốc tế và từ kinh nghiệm của Việt Nam đã đưa ra nhiều giải pháp và cam kết.","Đánh giá về những đóng góp quan trọng của Việt Nam giải quyết các thách thức toàn cầu đó, Bộ trưởng Bộ Ngoại giao Bùi Thanh Sơn, cho rằng: Phát biểu của Chủ tịch nước tại Đại hội đồng LHQ tập trung vào mối quan tâm chung của cộng đồng quốc tế và từ kinh nghiệm của Việt Nam đã đưa ra nhiều giải pháp và cam kết.",0,rule_based,deterministic-rule-baseline-precomputed,analysis_csv,0.0,identity,ok
vi-zh-2022-test-0131,越南外交部部长裴青山在评价越南为解决全球性挑战所做出的贡献时表示：“阮春福在联合国大会上的发言聚焦国际社会共同关心的问题，同时根据越南自身的经验提出了多项解决措施，越南也对此作出承诺。,"Đánh giá về những đóng góp quan trọng của Việt Nam giải quyết các thách thức toàn cầu đó, Bộ trưởng Bộ Ngoại giao Bùi Thanh Sơn, cho rằng: Phát biểu của Chủ tịch nước tại Đại hội đồng LHQ tập trung vào mối quan tâm chung của cộng đồng quốc tế và từ kinh nghiệm của Việt Nam đã đưa ra nhiều giải pháp và cam kết.","Đanh giá về những đóng góp quan trọng của Việt Nam giải quyết các thách thức toàn cầu đó, Bộ trưởng Bộ Ngoại giao Bùi Thanh Sơn, cho rằng: Phát biểu của Chủ tịch nước tại Đại hội đồng LHQ tập trung vào mối quan tâm chung của cộng đồng quốc tế và từ kinh nghiệm của Việt Nam đã đưa ra nhiều giải pháp và cam kết.",1,rule_based,deterministic-rule-baseline-precomputed,analysis_csv,0.0,remove_one_tone,ok
vi-zh-2022-test-0131,越南外交部部长裴青山在评价越南为解决全球性挑战所做出的贡献时表示：“阮春福在联合国大会上的发言聚焦国际社会共同关心的问题，同时根据越南自身的经验提出了多项解决措施，越南也对此作出承诺。,"Đánh giá về những đóng góp quan trọng của Việt Nam giải quyết các thách thức toàn cầu đó, Bộ trưởng Bộ Ngoại giao Bùi Thanh Sơn, cho rằng: Phát biểu của Chủ tịch nước tại Đại hội đồng LHQ tập trung vào mối quan tâm chung của cộng đồng quốc tế và từ kinh nghiệm của Việt Nam đã đưa ra nhiều giải pháp và cam kết.","Đanh gia ve nhung đong gop quan trong cua Viet Nam giai quyet cac thach thuc toan cau đo, Bo truong Bo Ngoai giao Bui Thanh Son, cho rang: Phat bieu cua Chu tich tai Đai hoi đong LHQ tap trung vao moi quan tam chung cua cong đong quoc te va tu kinh nghiem cua Viet Nam đa đua ra nhieu giai phap va cam ket.",2,rule_based,deterministic-rule-baseline-precomputed,analysis_csv,0.0,remove_tones_and_drop_one_word,ok
vi-zh-2022-test-0131,越南外交部部长裴青山在评价越南为解决全球性挑战所做出的贡献时表示：“阮春福在联合国大会上的发言聚焦国际社会共同关心的问题，同时根据越南自身的经验提出了多项解决措施，越南也对此作出承诺。,"Đánh giá về những đóng góp quan trọng của Việt Nam giải quyết các thách thức toàn cầu đó, Bộ trưởng Bộ Ngoại giao Bùi Thanh Sơn, cho rằng: Phát biểu của Chủ tịch nước tại Đại hội đồng LHQ tập trung vào mối quan tâm chung của cộng đồng quốc tế và từ kinh nghiệm của Việt Nam đã đưa ra nhiều giải pháp và cam kết.","Đánh giá về những góp quan trọng của Nam giải quyết các thách toàn cầu đó, Bộ trưởng Bộ Ngoại giao Bùi Thanh cho rằng: Phát biểu của tịch tại Đại hội đồng LHQ tập trung vào mối quan tâm chung của cộng đồng quốc tế từ kinh nghiệm Việt đã đưa ra nhiều giải pháp và kết.",3,rule_based,deterministic-rule-baseline-precomputed,analysis_csv,0.0,word_dropout_15pct,ok
vi-zh-2022-test-0131,越南外交部部长裴青山在评价越南为解决全球性挑战所做出的贡献时表示：“阮春福在联合国大会上的发言聚焦国际社会共同关心的问题，同时根据越南自身的经验提出了多项解决措施，越南也对此作出承诺。,"Đánh giá về những đóng góp quan trọng của Việt Nam giải quyết các thách thức toàn cầu đó, Bộ trưởng Bộ Ngoại giao Bùi Thanh Sơn, cho rằng: Phát biểu của Chủ tịch nước tại Đại hội đồng LHQ tập trung vào mối quan tâm chung của cộng đồng quốc tế và từ kinh nghiệm của Việt Nam đã đưa ra nhiều giải pháp và cam kết.","về góp đóng quan trọng Nam giải các thách cầu đó, Bộ Bộ Ngoại giao Bùi Thanh Sơn, cho rằng: Phát của Chủ tại Đại hội đồng tập trung vào quan tâm chung của tế và từ kinh nghiệm của Việt đưa ra giải pháp và cam kết.",4,rule_based,deterministic-rule-baseline-precomputed,analysis_csv,0.0,word_dropout_30pct_and_swap,ok
vi-zh-2022-test-0131,越南外交部部长裴青山在评价越南为解决全球性挑战所做出的贡献时表示：“阮春福在联合国大会上的发言聚焦国际社会共同关心的问题，同时根据越南自身的经验提出了多项解决措施，越南也对此作出承诺。,"Đánh giá về những đóng góp quan trọng của Việt Nam giải quyết các thách thức toàn cầu đó, Bộ trưởng Bộ Ngoại giao Bùi Thanh Sơn, cho rằng: Phát biểu của Chủ tịch nước tại Đại hội đồng LHQ tập trung vào mối quan tâm chung của cộng đồng quốc tế và từ kinh nghiệm của Việt Nam đã đưa ra nhiều giải pháp và cam kết.",giá góp quan trọng Nam giải thách thức toàn cầu đó Bùi Thanh cho rằng Phát biểu Chủ tịch tại vào mối quan đồng từ kinh của Việt đã đưa ra giải và kết,5,rule_based,deterministic-rule-baseline-precomputed,analysis_csv,0.0,word_dropout_50pct_and_punctuation_remove,ok
vi-zh-2022-test-0132,除了多边外交，阮春福一行还在越南与各国双边关系发展方面留下深刻烙印，其中“疫苗外交”的成果是值得一提的。,"Bên cạnh những dấu ấn tại các hoạt động đa phương, chuyến đi lần này của Chủ tịch nước Nguyễn Xuân Phúc còn để lại dấu ấn đậm nét về thúc đẩy quan hệ song phương, trong đó có thành công của ngoại giao vaccine.","Bên cạnh những dấu ấn tại các hoạt động đa phương, chuyến đi lần này của Chủ tịch nước Nguyễn Xuân Phúc còn để lại dấu ấn đậm nét về thúc đẩy quan hệ song phương, trong đó có thành công của ngoại giao vaccine.",0,rule_based,deterministic-rule-baseline-precomputed,analysis_csv,0.0,identity,ok
vi-zh-2022-test-0132,除了多边外交，阮春福一行还在越南与各国双边关系发展方面留下深刻烙印，其中“疫苗外交”的成果是值得一提的。,"Bên cạnh những dấu ấn tại các hoạt động đa phương, chuyến đi lần này của Chủ tịch nước Nguyễn Xuân Phúc còn để lại dấu ấn đậm nét về thúc đẩy quan hệ song phương, trong đó có thành công của ngoại giao vaccine.","Ben cạnh những dấu ấn tại các hoạt động đa phương, chuyến đi lần này của Chủ tịch nước Nguyễn Xuân Phúc còn để lại dấu ấn đậm nét về thúc đẩy quan hệ song phương, trong đó có thành công của ngoại giao vaccine.",1,rule_based,deterministic-rule-baseline-precomputed,analysis_csv,0.0,remove_one_tone,ok
vi-zh-2022-test-0132,除了多边外交，阮春福一行还在越南与各国双边关系发展方面留下深刻烙印，其中“疫苗外交”的成果是值得一提的。,"Bên cạnh những dấu ấn tại các hoạt động đa phương, chuyến đi lần này của Chủ tịch nước Nguyễn Xuân Phúc còn để lại dấu ấn đậm nét về thúc đẩy quan hệ song phương, trong đó có thành công của ngoại giao vaccine.","Ben canh nhung dau an tai cac hoat đong đa phuong, chuyen đi lan nay cua Chu tich nuoc Nguyen Xuan Phuc đe lai dau an đam net ve thuc đay quan he song phuong, trong đo co thanh cong cua ngoai giao vaccine.",2,rule_based,deterministic-rule-baseline-precomputed,analysis_csv,0.0,remove_tones_and_drop_one_word,ok
vi-zh-2022-test-0132,除了多边外交，阮春福一行还在越南与各国双边关系发展方面留下深刻烙印，其中“疫苗外交”的成果是值得一提的。,"Bên cạnh những dấu ấn tại các hoạt động đa phương, chuyến đi lần này của Chủ tịch nước Nguyễn Xuân Phúc còn để lại dấu ấn đậm nét về thúc đẩy quan hệ song phương, trong đó có thành công của ngoại giao vaccine.","những dấu tại các hoạt động đa phương, chuyến đi lần này của tịch nước Nguyễn Phúc còn để lại dấu ấn đậm nét về đẩy quan hệ song phương, đó có thành công của ngoại giao vaccine.",3,rule_based,deterministic-rule-baseline-precomputed,analysis_csv,0.0,word_dropout_15pct,ok
vi-zh-2022-test-0132,除了多边外交，阮春福一行还在越南与各国双边关系发展方面留下深刻烙印，其中“疫苗外交”的成果是值得一提的。,"Bên cạnh những dấu ấn tại các hoạt động đa phương, chuyến đi lần này của Chủ tịch nước Nguyễn Xuân Phúc còn để lại dấu ấn đậm nét về thúc đẩy quan hệ song phương, trong đó có thành công của ngoại giao vaccine.","Bên dấu những tại hoạt động chuyến đi này của Chủ tịch nước Phúc còn lại ấn đậm nét về thúc quan hệ song phương, đó thành công của giao vaccine.",4,rule_based,deterministic-rule-baseline-precomputed,analysis_csv,0.0,word_dropout_30pct_and_swap,ok
vi-zh-2022-test-0132,除了多边外交，阮春福一行还在越南与各国双边关系发展方面留下深刻烙印，其中“疫苗外交”的成果是值得一提的。,"Bên cạnh những dấu ấn tại các hoạt động đa phương, chuyến đi lần này của Chủ tịch nước Nguyễn Xuân Phúc còn để lại dấu ấn đậm nét về thúc đẩy quan hệ song phương, trong đó có thành công của ngoại giao vaccine.",dấu ấn tại hoạt phương đi này của Chủ nước Nguyễn Xuân để dấu nét đẩy hệ có thành công của ngoại,5,rule_based,deterministic-rule-baseline-precomputed,analysis_csv,0.0,word_dropout_50pct_and_punctuation_remove,ok
vi-zh-2022-test-0133,越南正逐步迈向与新冠病毒安全共处的目标。,Việt Nam đang dần từng bước hướng tới mục tiêu sống chung an toàn với COVID-19.,Việt Nam đang dần từng bước hướng tới mục tiêu sống chung an toàn với COVID-19.,0,rule_based,deterministic-rule-baseline-precomputed,analysis_csv,0.0,identity,ok
vi-zh-2022-test-0133,越南正逐步迈向与新冠病毒安全共处的目标。,Việt Nam đang dần từng bước hướng tới mục tiêu sống chung an toàn với COVID-19.,Viet Nam đang dần từng bước hướng tới mục tiêu sống chung an toàn với COVID-19.,1,rule_based,deterministic-rule-baseline-precomputed,analysis_csv,0.0,remove_one_tone,ok
vi-zh-2022-test-0133,越南正逐步迈向与新冠病毒安全共处的目标。,Việt Nam đang dần từng bước hướng tới mục tiêu sống chung an toàn với COVID-19.,Viet Nam đang dan tung buoc huong toi tieu song chung an toan voi COVID-19.,2,rule_based,deterministic-rule-baseline-precomputed,analysis_csv,0.0,remove_tones_and_drop_one_word,ok
vi-zh-2022-test-0133,越南正逐步迈向与新冠病毒安全共处的目标。,Việt Nam đang dần từng bước hướng tới mục tiêu sống chung an toàn với COVID-19.,Việt Nam đang dần từng bước tới mục sống chung an toàn với COVID-19.,3,rule_based,deterministic-rule-baseline-precomputed,analysis_csv,0.0,word_dropout_15pct,ok
vi-zh-2022-test-0133,越南正逐步迈向与新冠病毒安全共处的目标。,Việt Nam đang dần từng bước hướng tới mục tiêu sống chung an toàn với COVID-19.,Việt đang Nam từng hướng tới mục tiêu chung toàn với,4,rule_based,deterministic-rule-baseline-precomputed,analysis_csv,0.0,word_dropout_30pct_and_swap,ok
vi-zh-2022-test-0133,越南正逐步迈向与新冠病毒安全共处的目标。,Việt Nam đang dần từng bước hướng tới mục tiêu sống chung an toàn với COVID-19.,Việt Nam từng mục tiêu sống với COVID-19,5,rule_based,deterministic-rule-baseline-precomputed,analysis_csv,0.0,word_dropout_50pct_and_punctuation_remove,ok
vi-zh-2022-test-0134,这是必然的趋势，因为实际表明不可能完全消灭新冠肺炎疫情。,"Điều này là tất yếu, bởi thực tế, không thể khống chế tuyệt đối dịch COVID-19.","Điều này là tất yếu, bởi thực tế, không thể khống chế tuyệt đối dịch COVID-19.",0,rule_based,deterministic-rule-baseline-precomputed,analysis_csv,0.0,identity,ok
vi-zh-2022-test-0134,这是必然的趋势，因为实际表明不可能完全消灭新冠肺炎疫情。,"Điều này là tất yếu, bởi thực tế, không thể khống chế tuyệt đối dịch COVID-19.","Đieu này là tất yếu, bởi thực tế, không thể khống chế tuyệt đối dịch COVID-19.",1,rule_based,deterministic-rule-baseline-precomputed,analysis_csv,0.0,remove_one_tone,ok
vi-zh-2022-test-0134,这是必然的趋势，因为实际表明不可能完全消灭新冠肺炎疫情。,"Điều này là tất yếu, bởi thực tế, không thể khống chế tuyệt đối dịch COVID-19.","Đieu nay la tat yeu, boi thuc te, the khong che tuyet đoi dich COVID-19.",2,rule_based,deterministic-rule-baseline-precomputed,analysis_csv,0.0,remove_tones_and_drop_one_word,ok
vi-zh-2022-test-0134,这是必然的趋势，因为实际表明不可能完全消灭新冠肺炎疫情。,"Điều này là tất yếu, bởi thực tế, không thể khống chế tuyệt đối dịch COVID-19.","Điều này là tất yếu, thực tế, không thể chế tuyệt đối dịch COVID-19.",3,rule_based,deterministic-rule-baseline-precomputed,analysis_csv,0.0,word_dropout_15pct,ok
vi-zh-2022-test-0134,这是必然的趋势，因为实际表明不可能完全消灭新冠肺炎疫情。,"Điều này là tất yếu, bởi thực tế, không thể khống chế tuyệt đối dịch COVID-19.","Điều yếu, này tế, không thể khống chế đối dịch COVID-19.",4,rule_based,deterministic-rule-baseline-precomputed,analysis_csv,0.0,word_dropout_30pct_and_swap,ok
vi-zh-2022-test-0134,这是必然的趋势，因为实际表明不可能完全消灭新冠肺炎疫情。,"Điều này là tất yếu, bởi thực tế, không thể khống chế tuyệt đối dịch COVID-19.",Điều tất yếu bởi chế tuyệt đối COVID-19,5,rule_based,deterministic-rule-baseline-precomputed,analysis_csv,0.0,word_dropout_50pct_and_punctuation_remove,ok
vi-zh-2022-test-0135,因此，越南的防疫措施仍是5K原则加疫苗和技术。,"Do vậy, cách tiếp cận của Việt Nam vẫn theo phương châm 5K, vaccine và công nghệ.","Do vậy, cách tiếp cận của Việt Nam vẫn theo phương châm 5K, vaccine và công nghệ.",0,rule_based,deterministic-rule-baseline-precomputed,analysis_csv,0.0,identity,ok
vi-zh-2022-test-0135,因此，越南的防疫措施仍是5K原则加疫苗和技术。,"Do vậy, cách tiếp cận của Việt Nam vẫn theo phương châm 5K, vaccine và công nghệ.","Do vay, cách tiếp cận của Việt Nam vẫn theo phương châm 5K, vaccine và công nghệ.",1,rule_based,deterministic-rule-baseline-precomputed,analysis_csv,0.0,remove_one_tone,ok
vi-zh-2022-test-0135,因此，越南的防疫措施仍是5K原则加疫苗和技术。,"Do vậy, cách tiếp cận của Việt Nam vẫn theo phương châm 5K, vaccine và công nghệ.","Do vay, cach tiep can cua Viet Nam theo phuong cham 5K, vaccine va cong nghe.",2,rule_based,deterministic-rule-baseline-precomputed,analysis_csv,0.0,remove_tones_and_drop_one_word,ok
vi-zh-2022-test-0135,因此，越南的防疫措施仍是5K原则加疫苗和技术。,"Do vậy, cách tiếp cận của Việt Nam vẫn theo phương châm 5K, vaccine và công nghệ.","Do vậy, cách cận Việt Nam vẫn theo phương châm 5K, vaccine và nghệ.",3,rule_based,deterministic-rule-baseline-precomputed,analysis_csv,0.0,word_dropout_15pct,ok
vi-zh-2022-test-0135,因此，越南的防疫措施仍是5K原则加疫苗和技术。,"Do vậy, cách tiếp cận của Việt Nam vẫn theo phương châm 5K, vaccine và công nghệ.","vậy, cận tiếp của Nam vẫn phương 5K, vaccine và công nghệ.",4,rule_based,deterministic-rule-baseline-precomputed,analysis_csv,0.0,word_dropout_30pct_and_swap,ok
vi-zh-2022-test-0135,因此，越南的防疫措施仍是5K原则加疫苗和技术。,"Do vậy, cách tiếp cận của Việt Nam vẫn theo phương châm 5K, vaccine và công nghệ.",vậy tiếp cận của châm 5K và nghệ,5,rule_based,deterministic-rule-baseline-precomputed,analysis_csv,0.0,word_dropout_50pct_and_punctuation_remove,ok
vi-zh-2022-test-0136,此外，在新常态下逐步放松生产经营活动，为形成安全教学、安全出行和安全生产等安全共处模式而进行积极调整。,"Cùng với đó, dần nới lỏng các hoạt động sản xuất, kinh doanh theo trạng thái bình thường mới, có những điều chỉnh tích cực để hình thành các mô hình chung sống an toàn, như giáo dục an toàn, đi lại an toàn, sản xuất an toàn…","Cùng với đó, dần nới lỏng các hoạt động sản xuất, kinh doanh theo trạng thái bình thường mới, có những điều chỉnh tích cực để hình thành các mô hình chung sống an toàn, như giáo dục an toàn, đi lại an toàn, sản xuất an toàn…",0,rule_based,deterministic-rule-baseline-precomputed,analysis_csv,0.0,identity,ok
vi-zh-2022-test-0136,此外，在新常态下逐步放松生产经营活动，为形成安全教学、安全出行和安全生产等安全共处模式而进行积极调整。,"Cùng với đó, dần nới lỏng các hoạt động sản xuất, kinh doanh theo trạng thái bình thường mới, có những điều chỉnh tích cực để hình thành các mô hình chung sống an toàn, như giáo dục an toàn, đi lại an toàn, sản xuất an toàn…","Cung với đó, dần nới lỏng các hoạt động sản xuất, kinh doanh theo trạng thái bình thường mới, có những điều chỉnh tích cực để hình thành các mô hình chung sống an toàn, như giáo dục an toàn, đi lại an toàn, sản xuất an toàn…",1,rule_based,deterministic-rule-baseline-precomputed,analysis_csv,0.0,remove_one_tone,ok
vi-zh-2022-test-0136,此外，在新常态下逐步放松生产经营活动，为形成安全教学、安全出行和安全生产等安全共处模式而进行积极调整。,"Cùng với đó, dần nới lỏng các hoạt động sản xuất, kinh doanh theo trạng thái bình thường mới, có những điều chỉnh tích cực để hình thành các mô hình chung sống an toàn, như giáo dục an toàn, đi lại an toàn, sản xuất an toàn…","Cung voi đo, dan noi long cac hoat đong san xuat, kinh doanh theo trang thai binh thuong moi, co nhung đieu chinh tich đe hinh thanh cac mo hinh chung song an toan, nhu giao duc an toan, đi lai an toan, san xuat an toan…",2,rule_based,deterministic-rule-baseline-precomputed,analysis_csv,0.0,remove_tones_and_drop_one_word,ok
vi-zh-2022-test-0136,此外，在新常态下逐步放松生产经营活动，为形成安全教学、安全出行和安全生产等安全共处模式而进行积极调整。,"Cùng với đó, dần nới lỏng các hoạt động sản xuất, kinh doanh theo trạng thái bình thường mới, có những điều chỉnh tích cực để hình thành các mô hình chung sống an toàn, như giáo dục an toàn, đi lại an toàn, sản xuất an toàn…","với dần nới các động sản xuất, kinh doanh theo trạng thái bình thường mới, có những điều chỉnh tích cực để hình thành các mô hình chung sống an dục an toàn, đi lại an toàn, sản xuất an toàn…",3,rule_based,deterministic-rule-baseline-precomputed,analysis_csv,0.0,word_dropout_15pct,ok
vi-zh-2022-test-0136,此外，在新常态下逐步放松生产经营活动，为形成安全教学、安全出行和安全生产等安全共处模式而进行积极调整。,"Cùng với đó, dần nới lỏng các hoạt động sản xuất, kinh doanh theo trạng thái bình thường mới, có những điều chỉnh tích cực để hình thành các mô hình chung sống an toàn, như giáo dục an toàn, đi lại an toàn, sản xuất an toàn…","Cùng dần đó, nới lỏng hoạt xuất, theo trạng bình thường mới, những điều chỉnh tích cực hình các mô chung sống an toàn, như giáo toàn, đi lại an toàn, sản xuất an",4,rule_based,deterministic-rule-baseline-precomputed,analysis_csv,0.0,word_dropout_30pct_and_swap,ok
vi-zh-2022-test-0136,此外，在新常态下逐步放松生产经营活动，为形成安全教学、安全出行和安全生产等安全共处模式而进行积极调整。,"Cùng với đó, dần nới lỏng các hoạt động sản xuất, kinh doanh theo trạng thái bình thường mới, có những điều chỉnh tích cực để hình thành các mô hình chung sống an toàn, như giáo dục an toàn, đi lại an toàn, sản xuất an toàn…",Cùng với đó nới lỏng các trạng mới có những chỉnh tích cực thành các mô an dục an lại an sản xuất an,5,rule_based,deterministic-rule-baseline-precomputed,analysis_csv,0.0,word_dropout_50pct_and_punctuation_remove,ok
vi-zh-2022-test-0137,发挥农业优势，越南工贸部也正主动采取措施协助各地加强农产品在国内市场的销售。,"Xác định nông nghiệp là thế mạnh, Bộ công thương cũng đang chủ động triển khai các giải pháp hỗ trợ các địa phương đẩy mạnh tiêu thụ sản phẩm nông nghiệp tại thị trường trong nước.","Xác định nông nghiệp là thế mạnh, Bộ công thương cũng đang chủ động triển khai các giải pháp hỗ trợ các địa phương đẩy mạnh tiêu thụ sản phẩm nông nghiệp tại thị trường trong nước.",0,rule_based,deterministic-rule-baseline-precomputed,analysis_csv,0.0,identity,ok
vi-zh-2022-test-0137,发挥农业优势，越南工贸部也正主动采取措施协助各地加强农产品在国内市场的销售。,"Xác định nông nghiệp là thế mạnh, Bộ công thương cũng đang chủ động triển khai các giải pháp hỗ trợ các địa phương đẩy mạnh tiêu thụ sản phẩm nông nghiệp tại thị trường trong nước.","Xac định nông nghiệp là thế mạnh, Bộ công thương cũng đang chủ động triển khai các giải pháp hỗ trợ các địa phương đẩy mạnh tiêu thụ sản phẩm nông nghiệp tại thị trường trong nước.",1,rule_based,deterministic-rule-baseline-precomputed,analysis_csv,0.0,remove_one_tone,ok
vi-zh-2022-test-0137,发挥农业优势，越南工贸部也正主动采取措施协助各地加强农产品在国内市场的销售。,"Xác định nông nghiệp là thế mạnh, Bộ công thương cũng đang chủ động triển khai các giải pháp hỗ trợ các địa phương đẩy mạnh tiêu thụ sản phẩm nông nghiệp tại thị trường trong nước.","Xac đinh nong nghiep la the manh, Bo cong thuong cung đang chu đong trien khai cac giai ho tro cac đia phuong đay manh tieu thu san pham nong nghiep tai thi truong trong nuoc.",2,rule_based,deterministic-rule-baseline-precomputed,analysis_csv,0.0,remove_tones_and_drop_one_word,ok
vi-zh-2022-test-0137,发挥农业优势，越南工贸部也正主动采取措施协助各地加强农产品在国内市场的销售。,"Xác định nông nghiệp là thế mạnh, Bộ công thương cũng đang chủ động triển khai các giải pháp hỗ trợ các địa phương đẩy mạnh tiêu thụ sản phẩm nông nghiệp tại thị trường trong nước.","Xác định nông nghiệp là mạnh, công thương cũng đang chủ triển các pháp hỗ trợ các địa đẩy mạnh tiêu thụ sản phẩm nông nghiệp tại thị trường trong nước.",3,rule_based,deterministic-rule-baseline-precomputed,analysis_csv,0.0,word_dropout_15pct,ok
vi-zh-2022-test-0137,发挥农业优势，越南工贸部也正主动采取措施协助各地加强农产品在国内市场的销售。,"Xác định nông nghiệp là thế mạnh, Bộ công thương cũng đang chủ động triển khai các giải pháp hỗ trợ các địa phương đẩy mạnh tiêu thụ sản phẩm nông nghiệp tại thị trường trong nước.","Xác nông định thế mạnh, Bộ cũng đang chủ động triển các giải pháp hỗ trợ địa mạnh tiêu thụ sản phẩm nông nghiệp tại trường",4,rule_based,deterministic-rule-baseline-precomputed,analysis_csv,0.0,word_dropout_30pct_and_swap,ok
vi-zh-2022-test-0137,发挥农业优势，越南工贸部也正主动采取措施协助各地加强农产品在国内市场的销售。,"Xác định nông nghiệp là thế mạnh, Bộ công thương cũng đang chủ động triển khai các giải pháp hỗ trợ các địa phương đẩy mạnh tiêu thụ sản phẩm nông nghiệp tại thị trường trong nước.",Xác là mạnh triển khai giải pháp hỗ trợ các phương mạnh thụ sản phẩm tại trong nước,5,rule_based,deterministic-rule-baseline-precomputed,analysis_csv,0.0,word_dropout_50pct_and_punctuation_remove,ok
vi-zh-2022-test-0138,据亚洲开发银行（ADB）9月22日发布的报告，该组织仍对越南中长期增长前景给予乐观评估。,"Theo báo cáo của Ngân hàng phát triển Châu Á (ADB) công bố ngày 22/9, tổ chức này vẫn đưa ra những đánh giá lạc quan về triển vọng tăng trưởng của Việt Nam trong trung và dài hạn.","Theo báo cáo của Ngân hàng phát triển Châu Á (ADB) công bố ngày 22/9, tổ chức này vẫn đưa ra những đánh giá lạc quan về triển vọng tăng trưởng của Việt Nam trong trung và dài hạn.",0,rule_based,deterministic-rule-baseline-precomputed,analysis_csv,0.0,identity,ok
vi-zh-2022-test-0138,据亚洲开发银行（ADB）9月22日发布的报告，该组织仍对越南中长期增长前景给予乐观评估。,"Theo báo cáo của Ngân hàng phát triển Châu Á (ADB) công bố ngày 22/9, tổ chức này vẫn đưa ra những đánh giá lạc quan về triển vọng tăng trưởng của Việt Nam trong trung và dài hạn.","Theo bao cáo của Ngân hàng phát triển Châu Á (ADB) công bố ngày 22/9, tổ chức này vẫn đưa ra những đánh giá lạc quan về triển vọng tăng trưởng của Việt Nam trong trung và dài hạn.",1,rule_based,deterministic-rule-baseline-precomputed,analysis_csv,0.0,remove_one_tone,ok
vi-zh-2022-test-0138,据亚洲开发银行（ADB）9月22日发布的报告，该组织仍对越南中长期增长前景给予乐观评估。,"Theo báo cáo của Ngân hàng phát triển Châu Á (ADB) công bố ngày 22/9, tổ chức này vẫn đưa ra những đánh giá lạc quan về triển vọng tăng trưởng của Việt Nam trong trung và dài hạn.","Theo bao cao cua Ngan hang phat trien Chau A (ADB) cong bo ngay 22/9, to chuc nay van ra nhung đanh gia lac quan ve trien vong tang truong cua Viet Nam trong trung va dai han.",2,rule_based,deterministic-rule-baseline-precomputed,analysis_csv,0.0,remove_tones_and_drop_one_word,ok
vi-zh-2022-test-0138,据亚洲开发银行（ADB）9月22日发布的报告，该组织仍对越南中长期增长前景给予乐观评估。,"Theo báo cáo của Ngân hàng phát triển Châu Á (ADB) công bố ngày 22/9, tổ chức này vẫn đưa ra những đánh giá lạc quan về triển vọng tăng trưởng của Việt Nam trong trung và dài hạn.","Theo báo cáo hàng phát triển công bố ngày 22/9, tổ chức này vẫn đưa ra đánh giá lạc quan về triển vọng tăng trưởng của Việt Nam trong trung và dài hạn.",3,rule_based,deterministic-rule-baseline-precomputed,analysis_csv,0.0,word_dropout_15pct,ok
vi-zh-2022-test-0138,据亚洲开发银行（ADB）9月22日发布的报告，该组织仍对越南中长期增长前景给予乐观评估。,"Theo báo cáo của Ngân hàng phát triển Châu Á (ADB) công bố ngày 22/9, tổ chức này vẫn đưa ra những đánh giá lạc quan về triển vọng tăng trưởng của Việt Nam trong trung và dài hạn.",Theo của cáo Ngân hàng triển Châu (ADB) công bố ngày tổ chức này vẫn đưa ra những giá lạc triển vọng của Nam trong trung dài,4,rule_based,deterministic-rule-baseline-precomputed,analysis_csv,0.0,word_dropout_30pct_and_swap,ok
vi-zh-2022-test-0138,据亚洲开发银行（ADB）9月22日发布的报告，该组织仍对越南中长期增长前景给予乐观评估。,"Theo báo cáo của Ngân hàng phát triển Châu Á (ADB) công bố ngày 22/9, tổ chức này vẫn đưa ra những đánh giá lạc quan về triển vọng tăng trưởng của Việt Nam trong trung và dài hạn.",Theo phát triển Châu Á công bố ngày này vẫn đưa ra đánh lạc quan trưởng của Nam dài hạn,5,rule_based,deterministic-rule-baseline-precomputed,analysis_csv,0.0,word_dropout_50pct_and_punctuation_remove,ok
vi-zh-2022-test-0139,自2019年以来，越南实施了一项总体计划，以落实越南在联合国人权理事会普遍定期审议机制（UPR）第三轮审议周期中采纳的13项建议。,"Kể từ năm 2019 đến nay, Việt Nam đã triển khai kế hoạch tổng thể triển khai thực hiện 13 khuyến nghị Việt Nam chấp thuận theo cơ chế rà soát định kỳ phổ quát về quyền con người chu kỳ III của Hội đồng Nhân quyền Liên hợp quốc (UPR).","Kể từ năm 2019 đến nay, Việt Nam đã triển khai kế hoạch tổng thể triển khai thực hiện 13 khuyến nghị Việt Nam chấp thuận theo cơ chế rà soát định kỳ phổ quát về quyền con người chu kỳ III của Hội đồng Nhân quyền Liên hợp quốc (UPR).",0,rule_based,deterministic-rule-baseline-precomputed,analysis_csv,0.0,identity,ok
vi-zh-2022-test-0139,自2019年以来，越南实施了一项总体计划，以落实越南在联合国人权理事会普遍定期审议机制（UPR）第三轮审议周期中采纳的13项建议。,"Kể từ năm 2019 đến nay, Việt Nam đã triển khai kế hoạch tổng thể triển khai thực hiện 13 khuyến nghị Việt Nam chấp thuận theo cơ chế rà soát định kỳ phổ quát về quyền con người chu kỳ III của Hội đồng Nhân quyền Liên hợp quốc (UPR).","Ke từ năm 2019 đến nay, Việt Nam đã triển khai kế hoạch tổng thể triển khai thực hiện 13 khuyến nghị Việt Nam chấp thuận theo cơ chế rà soát định kỳ phổ quát về quyền con người chu kỳ III của Hội đồng Nhân quyền Liên hợp quốc (UPR).",1,rule_based,deterministic-rule-baseline-precomputed,analysis_csv,0.0,remove_one_tone,ok
vi-zh-2022-test-0139,自2019年以来，越南实施了一项总体计划，以落实越南在联合国人权理事会普遍定期审议机制（UPR）第三轮审议周期中采纳的13项建议。,"Kể từ năm 2019 đến nay, Việt Nam đã triển khai kế hoạch tổng thể triển khai thực hiện 13 khuyến nghị Việt Nam chấp thuận theo cơ chế rà soát định kỳ phổ quát về quyền con người chu kỳ III của Hội đồng Nhân quyền Liên hợp quốc (UPR).","Ke tu nam 2019 đen nay, Viet Nam đa trien khai ke hoach tong the trien khai thuc hien 13 khuyen nghi Viet Nam chap theo co che ra soat đinh ky pho quat ve quyen con nguoi chu ky III cua Hoi đong Nhan quyen Lien hop quoc (UPR).",2,rule_based,deterministic-rule-baseline-precomputed,analysis_csv,0.0,remove_tones_and_drop_one_word,ok
vi-zh-2022-test-0139,自2019年以来，越南实施了一项总体计划，以落实越南在联合国人权理事会普遍定期审议机制（UPR）第三轮审议周期中采纳的13项建议。,"Kể từ năm 2019 đến nay, Việt Nam đã triển khai kế hoạch tổng thể triển khai thực hiện 13 khuyến nghị Việt Nam chấp thuận theo cơ chế rà soát định kỳ phổ quát về quyền con người chu kỳ III của Hội đồng Nhân quyền Liên hợp quốc (UPR).","Kể năm 2019 đến nay, Nam đã khai kế hoạch tổng triển khai thực hiện 13 khuyến nghị Việt thuận theo cơ chế rà định kỳ phổ quát về quyền con người chu kỳ III của Hội đồng Nhân quyền Liên quốc (UPR).",3,rule_based,deterministic-rule-baseline-precomputed,analysis_csv,0.0,word_dropout_15pct,ok
vi-zh-2022-test-0139,自2019年以来，越南实施了一项总体计划，以落实越南在联合国人权理事会普遍定期审议机制（UPR）第三轮审议周期中采纳的13项建议。,"Kể từ năm 2019 đến nay, Việt Nam đã triển khai kế hoạch tổng thể triển khai thực hiện 13 khuyến nghị Việt Nam chấp thuận theo cơ chế rà soát định kỳ phổ quát về quyền con người chu kỳ III của Hội đồng Nhân quyền Liên hợp quốc (UPR).","Kể 2019 từ đến nay, Nam triển kế hoạch tổng triển khai thực hiện 13 khuyến Việt chấp thuận cơ chế rà soát định kỳ quát về con người chu của Hội đồng Nhân quyền quốc",4,rule_based,deterministic-rule-baseline-precomputed,analysis_csv,0.0,word_dropout_30pct_and_swap,ok
vi-zh-2022-test-0139,自2019年以来，越南实施了一项总体计划，以落实越南在联合国人权理事会普遍定期审议机制（UPR）第三轮审议周期中采纳的13项建议。,"Kể từ năm 2019 đến nay, Việt Nam đã triển khai kế hoạch tổng thể triển khai thực hiện 13 khuyến nghị Việt Nam chấp thuận theo cơ chế rà soát định kỳ phổ quát về quyền con người chu kỳ III của Hội đồng Nhân quyền Liên hợp quốc (UPR).",Kể năm đến Việt Nam hoạch thể hiện nghị Việt chấp thuận theo chế soát về quyền chu của Hội đồng quyền Liên hợp quốc (UPR),5,rule_based,deterministic-rule-baseline-precomputed,analysis_csv,0.0,word_dropout_50pct_and_punctuation_remove,ok
vi-zh-2022-test-0140,目前，全国54个少数民族当中有51个享有学生和大学生职业培训优先政策，以为祖国家乡的共同发展事业服务。,"Hiện đã có 51/54 dân tộc thiểu số có học sinh, sinh viên được ưu tiên đào tạo về chuyên môn nghiệp vụ để phục vụ sự nghiệp xây dựng và phát triển quê hương.","Hiện đã có 51/54 dân tộc thiểu số có học sinh, sinh viên được ưu tiên đào tạo về chuyên môn nghiệp vụ để phục vụ sự nghiệp xây dựng và phát triển quê hương.",0,rule_based,deterministic-rule-baseline-precomputed,analysis_csv,0.0,identity,ok
vi-zh-2022-test-0140,目前，全国54个少数民族当中有51个享有学生和大学生职业培训优先政策，以为祖国家乡的共同发展事业服务。,"Hiện đã có 51/54 dân tộc thiểu số có học sinh, sinh viên được ưu tiên đào tạo về chuyên môn nghiệp vụ để phục vụ sự nghiệp xây dựng và phát triển quê hương.","Hien đã có 51/54 dân tộc thiểu số có học sinh, sinh viên được ưu tiên đào tạo về chuyên môn nghiệp vụ để phục vụ sự nghiệp xây dựng và phát triển quê hương.",1,rule_based,deterministic-rule-baseline-precomputed,analysis_csv,0.0,remove_one_tone,ok
vi-zh-2022-test-0140,目前，全国54个少数民族当中有51个享有学生和大学生职业培训优先政策，以为祖国家乡的共同发展事业服务。,"Hiện đã có 51/54 dân tộc thiểu số có học sinh, sinh viên được ưu tiên đào tạo về chuyên môn nghiệp vụ để phục vụ sự nghiệp xây dựng và phát triển quê hương.","Hien đa co 51/54 dan toc thieu so co hoc sinh, sinh vien đuoc uu tien đao ve chuyen mon nghiep vu đe phuc vu su nghiep xay dung va phat trien que huong.",2,rule_based,deterministic-rule-baseline-precomputed,analysis_csv,0.0,remove_tones_and_drop_one_word,ok
vi-zh-2022-test-0140,目前，全国54个少数民族当中有51个享有学生和大学生职业培训优先政策，以为祖国家乡的共同发展事业服务。,"Hiện đã có 51/54 dân tộc thiểu số có học sinh, sinh viên được ưu tiên đào tạo về chuyên môn nghiệp vụ để phục vụ sự nghiệp xây dựng và phát triển quê hương.",Hiện có dân tộc thiểu số có học sinh viên được ưu tiên đào tạo về chuyên môn nghiệp để vụ sự nghiệp xây dựng và phát triển quê hương.,3,rule_based,deterministic-rule-baseline-precomputed,analysis_csv,0.0,word_dropout_15pct,ok
vi-zh-2022-test-0140,目前，全国54个少数民族当中有51个享有学生和大学生职业培训优先政策，以为祖国家乡的共同发展事业服务。,"Hiện đã có 51/54 dân tộc thiểu số có học sinh, sinh viên được ưu tiên đào tạo về chuyên môn nghiệp vụ để phục vụ sự nghiệp xây dựng và phát triển quê hương.","Hiện có đã 51/54 thiểu học sinh, sinh viên ưu tiên tạo về chuyên nghiệp để vụ sự xây dựng và phát triển hương.",4,rule_based,deterministic-rule-baseline-precomputed,analysis_csv,0.0,word_dropout_30pct_and_swap,ok
vi-zh-2022-test-0140,目前，全国54个少数民族当中有51个享有学生和大学生职业培训优先政策，以为祖国家乡的共同发展事业服务。,"Hiện đã có 51/54 dân tộc thiểu số có học sinh, sinh viên được ưu tiên đào tạo về chuyên môn nghiệp vụ để phục vụ sự nghiệp xây dựng và phát triển quê hương.",đã tộc số học sinh sinh ưu tiên tạo về vụ để vụ sự nghiệp dựng và hương,5,rule_based,deterministic-rule-baseline-precomputed,analysis_csv,0.0,word_dropout_50pct_and_punctuation_remove,ok
vi-zh-2022-test-0141,我现在每天都要工作12个小时,Bây giờ mỗi ngày mẹ đều phải làm việc 12 tiếng.,Bây giờ mỗi ngày mẹ đều phải làm việc 12 tiếng.,0,rule_based,deterministic-rule-baseline-precomputed,analysis_csv,0.0,identity,ok
vi-zh-2022-test-0141,我现在每天都要工作12个小时,Bây giờ mỗi ngày mẹ đều phải làm việc 12 tiếng.,Bay giờ mỗi ngày mẹ đều phải làm việc 12 tiếng.,1,rule_based,deterministic-rule-baseline-precomputed,analysis_csv,0.0,remove_one_tone,ok
vi-zh-2022-test-0141,我现在每天都要工作12个小时,Bây giờ mỗi ngày mẹ đều phải làm việc 12 tiếng.,Bay gio moi ngay me phai lam viec 12 tieng.,2,rule_based,deterministic-rule-baseline-precomputed,analysis_csv,0.0,remove_tones_and_drop_one_word,ok
vi-zh-2022-test-0141,我现在每天都要工作12个小时,Bây giờ mỗi ngày mẹ đều phải làm việc 12 tiếng.,Bây ngày mẹ đều phải làm việc 12 tiếng.,3,rule_based,deterministic-rule-baseline-precomputed,analysis_csv,0.0,word_dropout_15pct,ok
vi-zh-2022-test-0141,我现在每天都要工作12个小时,Bây giờ mỗi ngày mẹ đều phải làm việc 12 tiếng.,Bây mỗi giờ mẹ đều phải làm tiếng.,4,rule_based,deterministic-rule-baseline-precomputed,analysis_csv,0.0,word_dropout_30pct_and_swap,ok
vi-zh-2022-test-0141,我现在每天都要工作12个小时,Bây giờ mỗi ngày mẹ đều phải làm việc 12 tiếng.,Bây ngày mẹ đều việc tiếng,5,rule_based,deterministic-rule-baseline-precomputed,analysis_csv,0.0,word_dropout_50pct_and_punctuation_remove,ok
vi-zh-2022-test-0142,我觉得我最喜欢吃重庆的火锅，因为特别辣,"Tôi thấy tôi thích ăn lẩu Trùng Khánh nhất, bởi vì nó cực kỳ cay.","Tôi thấy tôi thích ăn lẩu Trùng Khánh nhất, bởi vì nó cực kỳ cay.",0,rule_based,deterministic-rule-baseline-precomputed,analysis_csv,0.0,identity,ok
vi-zh-2022-test-0142,我觉得我最喜欢吃重庆的火锅，因为特别辣,"Tôi thấy tôi thích ăn lẩu Trùng Khánh nhất, bởi vì nó cực kỳ cay.","Toi thấy tôi thích ăn lẩu Trùng Khánh nhất, bởi vì nó cực kỳ cay.",1,rule_based,deterministic-rule-baseline-precomputed,analysis_csv,0.0,remove_one_tone,ok
vi-zh-2022-test-0142,我觉得我最喜欢吃重庆的火锅，因为特别辣,"Tôi thấy tôi thích ăn lẩu Trùng Khánh nhất, bởi vì nó cực kỳ cay.","Toi thay toi thich an lau Trung nhat, boi vi no cuc ky cay.",2,rule_based,deterministic-rule-baseline-precomputed,analysis_csv,0.0,remove_tones_and_drop_one_word,ok
vi-zh-2022-test-0142,我觉得我最喜欢吃重庆的火锅，因为特别辣,"Tôi thấy tôi thích ăn lẩu Trùng Khánh nhất, bởi vì nó cực kỳ cay.",Tôi thấy tôi thích lẩu Trùng Khánh bởi vì nó cực kỳ cay.,3,rule_based,deterministic-rule-baseline-precomputed,analysis_csv,0.0,word_dropout_15pct,ok
vi-zh-2022-test-0142,我觉得我最喜欢吃重庆的火锅，因为特别辣,"Tôi thấy tôi thích ăn lẩu Trùng Khánh nhất, bởi vì nó cực kỳ cay.",Tôi tôi thấy thích ăn bởi nó cực kỳ cay.,4,rule_based,deterministic-rule-baseline-precomputed,analysis_csv,0.0,word_dropout_30pct_and_swap,ok
vi-zh-2022-test-0142,我觉得我最喜欢吃重庆的火锅，因为特别辣,"Tôi thấy tôi thích ăn lẩu Trùng Khánh nhất, bởi vì nó cực kỳ cay.",thấy tôi ăn Khánh nhất bởi nó kỳ,5,rule_based,deterministic-rule-baseline-precomputed,analysis_csv,0.0,word_dropout_50pct_and_punctuation_remove,ok
vi-zh-2022-test-0143,迄今，广播和电视覆盖了95%的少数民族乡坊。,"Đến nay, 95% số xã vùng dân tộc thiểu số được phủ sóng phát thanh truyền hình.","Đến nay, 95% số xã vùng dân tộc thiểu số được phủ sóng phát thanh truyền hình.",0,rule_based,deterministic-rule-baseline-precomputed,analysis_csv,0.0,identity,ok
vi-zh-2022-test-0143,迄今，广播和电视覆盖了95%的少数民族乡坊。,"Đến nay, 95% số xã vùng dân tộc thiểu số được phủ sóng phát thanh truyền hình.","Đen nay, 95% số xã vùng dân tộc thiểu số được phủ sóng phát thanh truyền hình.",1,rule_based,deterministic-rule-baseline-precomputed,analysis_csv,0.0,remove_one_tone,ok
vi-zh-2022-test-0143,迄今，广播和电视覆盖了95%的少数民族乡坊。,"Đến nay, 95% số xã vùng dân tộc thiểu số được phủ sóng phát thanh truyền hình.","Đen nay, 95% so xa vung dan toc so đuoc phu song phat thanh truyen hinh.",2,rule_based,deterministic-rule-baseline-precomputed,analysis_csv,0.0,remove_tones_and_drop_one_word,ok
vi-zh-2022-test-0143,迄今，广播和电视覆盖了95%的少数民族乡坊。,"Đến nay, 95% số xã vùng dân tộc thiểu số được phủ sóng phát thanh truyền hình.","Đến nay, 95% số xã vùng dân tộc thiểu số được phát thanh truyền",3,rule_based,deterministic-rule-baseline-precomputed,analysis_csv,0.0,word_dropout_15pct,ok
vi-zh-2022-test-0143,迄今，广播和电视覆盖了95%的少数民族乡坊。,"Đến nay, 95% số xã vùng dân tộc thiểu số được phủ sóng phát thanh truyền hình.","Đến 95% nay, vùng dân tộc thiểu số sóng phát truyền hình.",4,rule_based,deterministic-rule-baseline-precomputed,analysis_csv,0.0,word_dropout_30pct_and_swap,ok
vi-zh-2022-test-0143,迄今，广播和电视覆盖了95%的少数民族乡坊。,"Đến nay, 95% số xã vùng dân tộc thiểu số được phủ sóng phát thanh truyền hình.",95% số vùng tộc phủ sóng phát truyền,5,rule_based,deterministic-rule-baseline-precomputed,analysis_csv,0.0,word_dropout_50pct_and_punctuation_remove,ok
vi-zh-2022-test-0144,1.6万个乡级文化邮局得到建设，确保信息畅通无阻，满足少数民族同胞多样化的信息需求。,"16.000 điểm bưu điện văn hóa xã đã được xây dựng, đảm bảo thông tin liên lạc thông suốt, đáp ứng nhu cầu thông tin liên lạc đa dạng của người dân.","16.000 điểm bưu điện văn hóa xã đã được xây dựng, đảm bảo thông tin liên lạc thông suốt, đáp ứng nhu cầu thông tin liên lạc đa dạng của người dân.",0,rule_based,deterministic-rule-baseline-precomputed,analysis_csv,0.0,identity,ok
vi-zh-2022-test-0144,1.6万个乡级文化邮局得到建设，确保信息畅通无阻，满足少数民族同胞多样化的信息需求。,"16.000 điểm bưu điện văn hóa xã đã được xây dựng, đảm bảo thông tin liên lạc thông suốt, đáp ứng nhu cầu thông tin liên lạc đa dạng của người dân.","16.000 điem bưu điện văn hóa xã đã được xây dựng, đảm bảo thông tin liên lạc thông suốt, đáp ứng nhu cầu thông tin liên lạc đa dạng của người dân.",1,rule_based,deterministic-rule-baseline-precomputed,analysis_csv,0.0,remove_one_tone,ok
vi-zh-2022-test-0144,1.6万个乡级文化邮局得到建设，确保信息畅通无阻，满足少数民族同胞多样化的信息需求。,"16.000 điểm bưu điện văn hóa xã đã được xây dựng, đảm bảo thông tin liên lạc thông suốt, đáp ứng nhu cầu thông tin liên lạc đa dạng của người dân.","16.000 điem buu đien van hoa xa đa đuoc xay dung, đam bao thong tin lien thong suot, đap ung nhu cau thong tin lien lac đa dang cua nguoi dan.",2,rule_based,deterministic-rule-baseline-precomputed,analysis_csv,0.0,remove_tones_and_drop_one_word,ok
vi-zh-2022-test-0144,1.6万个乡级文化邮局得到建设，确保信息畅通无阻，满足少数民族同胞多样化的信息需求。,"16.000 điểm bưu điện văn hóa xã đã được xây dựng, đảm bảo thông tin liên lạc thông suốt, đáp ứng nhu cầu thông tin liên lạc đa dạng của người dân.","16.000 điểm điện văn xã đã được xây dựng, đảm bảo tin liên lạc thông suốt, đáp ứng nhu cầu thông liên lạc đa dạng người dân.",3,rule_based,deterministic-rule-baseline-precomputed,analysis_csv,0.0,word_dropout_15pct,ok
vi-zh-2022-test-0144,1.6万个乡级文化邮局得到建设，确保信息畅通无阻，满足少数民族同胞多样化的信息需求。,"16.000 điểm bưu điện văn hóa xã đã được xây dựng, đảm bảo thông tin liên lạc thông suốt, đáp ứng nhu cầu thông tin liên lạc đa dạng của người dân.","16.000 bưu điểm văn hóa xã đã dựng, đảm bảo liên lạc thông ứng nhu cầu tin lạc đa dạng của dân.",4,rule_based,deterministic-rule-baseline-precomputed,analysis_csv,0.0,word_dropout_30pct_and_swap,ok
vi-zh-2022-test-0144,1.6万个乡级文化邮局得到建设，确保信息畅通无阻，满足少数民族同胞多样化的信息需求。,"16.000 điểm bưu điện văn hóa xã đã được xây dựng, đảm bảo thông tin liên lạc thông suốt, đáp ứng nhu cầu thông tin liên lạc đa dạng của người dân.",điểm điện xây đảm bảo thông liên suốt đáp ứng cầu tin liên dạng của người,5,rule_based,deterministic-rule-baseline-precomputed,analysis_csv,0.0,word_dropout_50pct_and_punctuation_remove,ok
vi-zh-2022-test-0145,在美国、英国和澳大利亚9月16日宣布创建“澳英美联盟”（AUKUS）后，美国与包括法国在内欧洲各国的多年盟友关系正面临风波。,"Quan hệ đồng minh lâu năm giữa Mỹ và các nước châu Âu, đứng đầu là Pháp, đang đối mặt với thách thức mới, sau sự kiện ba nước Mỹ, Anh và Australia công bố thỏa thuận thành lập liên minh mang tên AUKUS hôm 16/9.","Quan hệ đồng minh lâu năm giữa Mỹ và các nước châu Âu, đứng đầu là Pháp, đang đối mặt với thách thức mới, sau sự kiện ba nước Mỹ, Anh và Australia công bố thỏa thuận thành lập liên minh mang tên AUKUS hôm 16/9.",0,rule_based,deterministic-rule-baseline-precomputed,analysis_csv,0.0,identity,ok
vi-zh-2022-test-0145,在美国、英国和澳大利亚9月16日宣布创建“澳英美联盟”（AUKUS）后，美国与包括法国在内欧洲各国的多年盟友关系正面临风波。,"Quan hệ đồng minh lâu năm giữa Mỹ và các nước châu Âu, đứng đầu là Pháp, đang đối mặt với thách thức mới, sau sự kiện ba nước Mỹ, Anh và Australia công bố thỏa thuận thành lập liên minh mang tên AUKUS hôm 16/9.","Quan he đồng minh lâu năm giữa Mỹ và các nước châu Âu, đứng đầu là Pháp, đang đối mặt với thách thức mới, sau sự kiện ba nước Mỹ, Anh và Australia công bố thỏa thuận thành lập liên minh mang tên AUKUS hôm 16/9.",1,rule_based,deterministic-rule-baseline-precomputed,analysis_csv,0.0,remove_one_tone,ok
vi-zh-2022-test-0145,在美国、英国和澳大利亚9月16日宣布创建“澳英美联盟”（AUKUS）后，美国与包括法国在内欧洲各国的多年盟友关系正面临风波。,"Quan hệ đồng minh lâu năm giữa Mỹ và các nước châu Âu, đứng đầu là Pháp, đang đối mặt với thách thức mới, sau sự kiện ba nước Mỹ, Anh và Australia công bố thỏa thuận thành lập liên minh mang tên AUKUS hôm 16/9.","Quan he đong minh lau nam giua My va cac nuoc chau Au, đung đau la Phap, đang đoi mat voi thach thuc sau su kien ba nuoc My, Anh va Australia cong bo thoa thuan thanh lap lien minh mang ten AUKUS hom 16/9.",2,rule_based,deterministic-rule-baseline-precomputed,analysis_csv,0.0,remove_tones_and_drop_one_word,ok
vi-zh-2022-test-0145,在美国、英国和澳大利亚9月16日宣布创建“澳英美联盟”（AUKUS）后，美国与包括法国在内欧洲各国的多年盟友关系正面临风波。,"Quan hệ đồng minh lâu năm giữa Mỹ và các nước châu Âu, đứng đầu là Pháp, đang đối mặt với thách thức mới, sau sự kiện ba nước Mỹ, Anh và Australia công bố thỏa thuận thành lập liên minh mang tên AUKUS hôm 16/9.","Quan hệ đồng minh lâu năm giữa và các nước châu Âu, đứng đầu là đang mặt với thách thức mới, sự kiện nước Mỹ, Anh và công bố thỏa thuận thành lập liên minh tên AUKUS hôm 16/9.",3,rule_based,deterministic-rule-baseline-precomputed,analysis_csv,0.0,word_dropout_15pct,ok
vi-zh-2022-test-0145,在美国、英国和澳大利亚9月16日宣布创建“澳英美联盟”（AUKUS）后，美国与包括法国在内欧洲各国的多年盟友关系正面临风波。,"Quan hệ đồng minh lâu năm giữa Mỹ và các nước châu Âu, đứng đầu là Pháp, đang đối mặt với thách thức mới, sau sự kiện ba nước Mỹ, Anh và Australia công bố thỏa thuận thành lập liên minh mang tên AUKUS hôm 16/9.","Quan đồng hệ minh năm Mỹ và các châu Pháp, đang với thách mới, sau sự kiện ba Anh và Australia công thỏa thành lập liên minh mang tên AUKUS hôm 16/9.",4,rule_based,deterministic-rule-baseline-precomputed,analysis_csv,0.0,word_dropout_30pct_and_swap,ok
vi-zh-2022-test-0145,在美国、英国和澳大利亚9月16日宣布创建“澳英美联盟”（AUKUS）后，美国与包括法国在内欧洲各国的多年盟友关系正面临风波。,"Quan hệ đồng minh lâu năm giữa Mỹ và các nước châu Âu, đứng đầu là Pháp, đang đối mặt với thách thức mới, sau sự kiện ba nước Mỹ, Anh và Australia công bố thỏa thuận thành lập liên minh mang tên AUKUS hôm 16/9.",năm giữa và châu đầu đang mặt với thách mới sự ba nước Mỹ Australia công bố thỏa thuận minh AUKUS hôm 16/9,5,rule_based,deterministic-rule-baseline-precomputed,analysis_csv,0.0,word_dropout_50pct_and_punctuation_remove,ok
vi-zh-2022-test-0146,过去期间，法国多次采取强硬手段。,"Trong quá khứ, Pháp đã không ít lần có phản ứng cứng rắn.","Trong quá khứ, Pháp đã không ít lần có phản ứng cứng rắn.",0,rule_based,deterministic-rule-baseline-precomputed,analysis_csv,0.0,identity,ok
vi-zh-2022-test-0146,过去期间，法国多次采取强硬手段。,"Trong quá khứ, Pháp đã không ít lần có phản ứng cứng rắn.","Trong qua khứ, Pháp đã không ít lần có phản ứng cứng rắn.",1,rule_based,deterministic-rule-baseline-precomputed,analysis_csv,0.0,remove_one_tone,ok
vi-zh-2022-test-0146,过去期间，法国多次采取强硬手段。,"Trong quá khứ, Pháp đã không ít lần có phản ứng cứng rắn.","Trong qua khu, Phap đa khong lan co phan ung cung ran.",2,rule_based,deterministic-rule-baseline-precomputed,analysis_csv,0.0,remove_tones_and_drop_one_word,ok
vi-zh-2022-test-0146,过去期间，法国多次采取强硬手段。,"Trong quá khứ, Pháp đã không ít lần có phản ứng cứng rắn.","Trong khứ, Pháp không ít lần có phản ứng cứng rắn.",3,rule_based,deterministic-rule-baseline-precomputed,analysis_csv,0.0,word_dropout_15pct,ok
vi-zh-2022-test-0146,过去期间，法国多次采取强硬手段。,"Trong quá khứ, Pháp đã không ít lần có phản ứng cứng rắn.","quá Pháp khứ, đã không ít lần phản cứng",4,rule_based,deterministic-rule-baseline-precomputed,analysis_csv,0.0,word_dropout_30pct_and_swap,ok
vi-zh-2022-test-0146,过去期间，法国多次采取强硬手段。,"Trong quá khứ, Pháp đã không ít lần có phản ứng cứng rắn.",khứ đã lần có phản rắn,5,rule_based,deterministic-rule-baseline-precomputed,analysis_csv,0.0,word_dropout_50pct_and_punctuation_remove,ok
vi-zh-2022-test-0147,2020年，法国退出北约“海上卫队”监视行动，以表达对盟友土耳其的不满。,"Năm 2020, Pháp cũng đã rút khỏi một chiến dịch giám sát hàng hải của NATO, vì mâu thuẫn với một nước thành viên khác trong khối là Thổ Nhĩ Kỳ.","Năm 2020, Pháp cũng đã rút khỏi một chiến dịch giám sát hàng hải của NATO, vì mâu thuẫn với một nước thành viên khác trong khối là Thổ Nhĩ Kỳ.",0,rule_based,deterministic-rule-baseline-precomputed,analysis_csv,0.0,identity,ok
vi-zh-2022-test-0147,2020年，法国退出北约“海上卫队”监视行动，以表达对盟友土耳其的不满。,"Năm 2020, Pháp cũng đã rút khỏi một chiến dịch giám sát hàng hải của NATO, vì mâu thuẫn với một nước thành viên khác trong khối là Thổ Nhĩ Kỳ.","Nam 2020, Pháp cũng đã rút khỏi một chiến dịch giám sát hàng hải của NATO, vì mâu thuẫn với một nước thành viên khác trong khối là Thổ Nhĩ Kỳ.",1,rule_based,deterministic-rule-baseline-precomputed,analysis_csv,0.0,remove_one_tone,ok
vi-zh-2022-test-0147,2020年，法国退出北约“海上卫队”监视行动，以表达对盟友土耳其的不满。,"Năm 2020, Pháp cũng đã rút khỏi một chiến dịch giám sát hàng hải của NATO, vì mâu thuẫn với một nước thành viên khác trong khối là Thổ Nhĩ Kỳ.","Nam 2020, Phap cung đa rut khoi mot chien dich giam sat hang hai cua vi mau thuan voi mot nuoc thanh vien khac trong khoi la Tho Nhi Ky.",2,rule_based,deterministic-rule-baseline-precomputed,analysis_csv,0.0,remove_tones_and_drop_one_word,ok
vi-zh-2022-test-0147,2020年，法国退出北约“海上卫队”监视行动，以表达对盟友土耳其的不满。,"Năm 2020, Pháp cũng đã rút khỏi một chiến dịch giám sát hàng hải của NATO, vì mâu thuẫn với một nước thành viên khác trong khối là Thổ Nhĩ Kỳ.","Pháp cũng đã rút một chiến dịch giám sát hàng hải của NATO, vì mâu thuẫn với một nước viên khác trong khối là Thổ Kỳ.",3,rule_based,deterministic-rule-baseline-precomputed,analysis_csv,0.0,word_dropout_15pct,ok
vi-zh-2022-test-0147,2020年，法国退出北约“海上卫队”监视行动，以表达对盟友土耳其的不满。,"Năm 2020, Pháp cũng đã rút khỏi một chiến dịch giám sát hàng hải của NATO, vì mâu thuẫn với một nước thành viên khác trong khối là Thổ Nhĩ Kỳ.",Năm rút đã khỏi một chiến dịch sát hàng hải của vì mâu thuẫn nước thành viên khác trong Thổ Nhĩ Kỳ.,4,rule_based,deterministic-rule-baseline-precomputed,analysis_csv,0.0,word_dropout_30pct_and_swap,ok
vi-zh-2022-test-0147,2020年，法国退出北约“海上卫队”监视行动，以表达对盟友土耳其的不满。,"Năm 2020, Pháp cũng đã rút khỏi một chiến dịch giám sát hàng hải của NATO, vì mâu thuẫn với một nước thành viên khác trong khối là Thổ Nhĩ Kỳ.",Pháp cũng đã chiến sát hàng hải của mâu thuẫn với thành trong khối Nhĩ Kỳ,5,rule_based,deterministic-rule-baseline-precomputed,analysis_csv,0.0,word_dropout_50pct_and_punctuation_remove,ok
vi-zh-2022-test-0148,为平息愤怒，美国国务卿布林肯16日表示，法国是美国在印度洋-太平洋地区的“重要伙伴”，美国会继续同法国密切合作。,"Để xoa dịu tình hình, Ngoại trưởng Mỹ Antony Blinken hôm 16/9 khẳng định Pháp vẫn là một ""đối tác quan trọng"" trong chiến lược của Washington ở châu Á, đồng thời nhấn mạnh rằng không có bất kỳ mối chia rẽ nào ngăn cách lợi ích của các đối tác với Mỹ ở Đại Tây Dương và Ấn Độ Dương.","Để xoa dịu tình hình, Ngoại trưởng Mỹ Antony Blinken hôm 16/9 khẳng định Pháp vẫn là một ""đối tác quan trọng"" trong chiến lược của Washington ở châu Á, đồng thời nhấn mạnh rằng không có bất kỳ mối chia rẽ nào ngăn cách lợi ích của các đối tác với Mỹ ở Đại Tây Dương và Ấn Độ Dương.",0,rule_based,deterministic-rule-baseline-precomputed,analysis_csv,0.0,identity,ok
vi-zh-2022-test-0148,为平息愤怒，美国国务卿布林肯16日表示，法国是美国在印度洋-太平洋地区的“重要伙伴”，美国会继续同法国密切合作。,"Để xoa dịu tình hình, Ngoại trưởng Mỹ Antony Blinken hôm 16/9 khẳng định Pháp vẫn là một ""đối tác quan trọng"" trong chiến lược của Washington ở châu Á, đồng thời nhấn mạnh rằng không có bất kỳ mối chia rẽ nào ngăn cách lợi ích của các đối tác với Mỹ ở Đại Tây Dương và Ấn Độ Dương.","Đe xoa dịu tình hình, Ngoại trưởng Mỹ Antony Blinken hôm 16/9 khẳng định Pháp vẫn là một ""đối tác quan trọng"" trong chiến lược của Washington ở châu Á, đồng thời nhấn mạnh rằng không có bất kỳ mối chia rẽ nào ngăn cách lợi ích của các đối tác với Mỹ ở Đại Tây Dương và Ấn Độ Dương.",1,rule_based,deterministic-rule-baseline-precomputed,analysis_csv,0.0,remove_one_tone,ok
vi-zh-2022-test-0148,为平息愤怒，美国国务卿布林肯16日表示，法国是美国在印度洋-太平洋地区的“重要伙伴”，美国会继续同法国密切合作。,"Để xoa dịu tình hình, Ngoại trưởng Mỹ Antony Blinken hôm 16/9 khẳng định Pháp vẫn là một ""đối tác quan trọng"" trong chiến lược của Washington ở châu Á, đồng thời nhấn mạnh rằng không có bất kỳ mối chia rẽ nào ngăn cách lợi ích của các đối tác với Mỹ ở Đại Tây Dương và Ấn Độ Dương.","Đe xoa diu tinh hinh, Ngoai truong My Antony Blinken hom 16/9 khang đinh Phap van la mot ""đoi tac quan trong"" trong chien luoc cua Washington o chau A, thoi nhan manh rang khong co bat ky moi chia re nao ngan cach loi ich cua cac đoi tac voi My o Đai Tay Duong va An Đo Duong.",2,rule_based,deterministic-rule-baseline-precomputed,analysis_csv,0.0,remove_tones_and_drop_one_word,ok
vi-zh-2022-test-0148,为平息愤怒，美国国务卿布林肯16日表示，法国是美国在印度洋-太平洋地区的“重要伙伴”，美国会继续同法国密切合作。,"Để xoa dịu tình hình, Ngoại trưởng Mỹ Antony Blinken hôm 16/9 khẳng định Pháp vẫn là một ""đối tác quan trọng"" trong chiến lược của Washington ở châu Á, đồng thời nhấn mạnh rằng không có bất kỳ mối chia rẽ nào ngăn cách lợi ích của các đối tác với Mỹ ở Đại Tây Dương và Ấn Độ Dương.","xoa dịu tình hình, Antony Blinken hôm 16/9 khẳng định Pháp là một ""đối tác quan trọng"" trong chiến lược của Washington ở châu Á, thời nhấn mạnh rằng không bất kỳ mối chia rẽ nào ngăn cách lợi của các đối với Mỹ ở Đại Tây Dương và Ấn Độ Dương.",3,rule_based,deterministic-rule-baseline-precomputed,analysis_csv,0.0,word_dropout_15pct,ok
vi-zh-2022-test-0148,为平息愤怒，美国国务卿布林肯16日表示，法国是美国在印度洋-太平洋地区的“重要伙伴”，美国会继续同法国密切合作。,"Để xoa dịu tình hình, Ngoại trưởng Mỹ Antony Blinken hôm 16/9 khẳng định Pháp vẫn là một ""đối tác quan trọng"" trong chiến lược của Washington ở châu Á, đồng thời nhấn mạnh rằng không có bất kỳ mối chia rẽ nào ngăn cách lợi ích của các đối tác với Mỹ ở Đại Tây Dương và Ấn Độ Dương.","dịu Ngoại hình, trưởng Mỹ Antony Blinken hôm khẳng định Pháp vẫn là trong chiến lược Washington ở châu Á, nhấn rằng có bất kỳ chia rẽ nào ngăn cách lợi ích của các đối tác với Mỹ ở Đại Tây Dương và",4,rule_based,deterministic-rule-baseline-precomputed,analysis_csv,0.0,word_dropout_30pct_and_swap,ok
vi-zh-2022-test-0148,为平息愤怒，美国国务卿布林肯16日表示，法国是美国在印度洋-太平洋地区的“重要伙伴”，美国会继续同法国密切合作。,"Để xoa dịu tình hình, Ngoại trưởng Mỹ Antony Blinken hôm 16/9 khẳng định Pháp vẫn là một ""đối tác quan trọng"" trong chiến lược của Washington ở châu Á, đồng thời nhấn mạnh rằng không có bất kỳ mối chia rẽ nào ngăn cách lợi ích của các đối tác với Mỹ ở Đại Tây Dương và Ấn Độ Dương.","dịu tình hình Ngoại trưởng Blinken khẳng định vẫn tác quan trọng"" của ở nhấn không có kỳ mối rẽ nào ngăn lợi ích của với Đại Dương và Độ",5,rule_based,deterministic-rule-baseline-precomputed,analysis_csv,0.0,word_dropout_50pct_and_punctuation_remove,ok
vi-zh-2022-test-0149,作为2020年1月和2021年4月联合国安理会轮值主席，越南成功举办了多场活动，如联合国宪章公开讨论会、东盟-联合国合作关系会议。,"Đặc biệt trên cương vị Chủ tịch HĐBA tháng 1/2020 và tháng 4/2021, Việt Nam đã tổ chức thành công các sự kiện điểm nhấn, như phiên thảo luận mở về Hiến chương LHQ, Phiên họp về quan hệ hợp tác ASEAN-LHQ (lần đầu tiên trong lịch sử tại HĐBA).","Đặc biệt trên cương vị Chủ tịch HĐBA tháng 1/2020 và tháng 4/2021, Việt Nam đã tổ chức thành công các sự kiện điểm nhấn, như phiên thảo luận mở về Hiến chương LHQ, Phiên họp về quan hệ hợp tác ASEAN-LHQ (lần đầu tiên trong lịch sử tại HĐBA).",0,rule_based,deterministic-rule-baseline-precomputed,analysis_csv,0.0,identity,ok
vi-zh-2022-test-0149,作为2020年1月和2021年4月联合国安理会轮值主席，越南成功举办了多场活动，如联合国宪章公开讨论会、东盟-联合国合作关系会议。,"Đặc biệt trên cương vị Chủ tịch HĐBA tháng 1/2020 và tháng 4/2021, Việt Nam đã tổ chức thành công các sự kiện điểm nhấn, như phiên thảo luận mở về Hiến chương LHQ, Phiên họp về quan hệ hợp tác ASEAN-LHQ (lần đầu tiên trong lịch sử tại HĐBA).","Đac biệt trên cương vị Chủ tịch HĐBA tháng 1/2020 và tháng 4/2021, Việt Nam đã tổ chức thành công các sự kiện điểm nhấn, như phiên thảo luận mở về Hiến chương LHQ, Phiên họp về quan hệ hợp tác ASEAN-LHQ (lần đầu tiên trong lịch sử tại HĐBA).",1,rule_based,deterministic-rule-baseline-precomputed,analysis_csv,0.0,remove_one_tone,ok
vi-zh-2022-test-0149,作为2020年1月和2021年4月联合国安理会轮值主席，越南成功举办了多场活动，如联合国宪章公开讨论会、东盟-联合国合作关系会议。,"Đặc biệt trên cương vị Chủ tịch HĐBA tháng 1/2020 và tháng 4/2021, Việt Nam đã tổ chức thành công các sự kiện điểm nhấn, như phiên thảo luận mở về Hiến chương LHQ, Phiên họp về quan hệ hợp tác ASEAN-LHQ (lần đầu tiên trong lịch sử tại HĐBA).","Đac biet tren cuong vi Chu tich HĐBA thang 1/2020 va thang 4/2021, Viet Nam đa to chuc thanh cong cac su kien điem nhan, phien thao luan mo ve Hien chuong LHQ, Phien hop ve quan he hop tac ASEAN-LHQ (lan đau tien trong lich su tai HĐBA).",2,rule_based,deterministic-rule-baseline-precomputed,analysis_csv,0.0,remove_tones_and_drop_one_word,ok
vi-zh-2022-test-0149,作为2020年1月和2021年4月联合国安理会轮值主席，越南成功举办了多场活动，如联合国宪章公开讨论会、东盟-联合国合作关系会议。,"Đặc biệt trên cương vị Chủ tịch HĐBA tháng 1/2020 và tháng 4/2021, Việt Nam đã tổ chức thành công các sự kiện điểm nhấn, như phiên thảo luận mở về Hiến chương LHQ, Phiên họp về quan hệ hợp tác ASEAN-LHQ (lần đầu tiên trong lịch sử tại HĐBA).","biệt trên cương vị Chủ tịch HĐBA tháng 1/2020 và tháng 4/2021, Việt Nam đã tổ chức công các kiện điểm nhấn, như phiên thảo luận mở về Hiến chương Phiên họp quan hệ hợp ASEAN-LHQ (lần đầu lịch sử tại HĐBA).",3,rule_based,deterministic-rule-baseline-precomputed,analysis_csv,0.0,word_dropout_15pct,ok
vi-zh-2022-test-0149,作为2020年1月和2021年4月联合国安理会轮值主席，越南成功举办了多场活动，如联合国宪章公开讨论会、东盟-联合国合作关系会议。,"Đặc biệt trên cương vị Chủ tịch HĐBA tháng 1/2020 và tháng 4/2021, Việt Nam đã tổ chức thành công các sự kiện điểm nhấn, như phiên thảo luận mở về Hiến chương LHQ, Phiên họp về quan hệ hợp tác ASEAN-LHQ (lần đầu tiên trong lịch sử tại HĐBA).","Đặc trên biệt cương vị Chủ HĐBA 1/2020 và 4/2021, Việt đã tổ chức công các sự kiện như thảo luận mở về chương Phiên về quan hệ hợp ASEAN-LHQ đầu trong lịch sử tại",4,rule_based,deterministic-rule-baseline-precomputed,analysis_csv,0.0,word_dropout_30pct_and_swap,ok
vi-zh-2022-test-0149,作为2020年1月和2021年4月联合国安理会轮值主席，越南成功举办了多场活动，如联合国宪章公开讨论会、东盟-联合国合作关系会议。,"Đặc biệt trên cương vị Chủ tịch HĐBA tháng 1/2020 và tháng 4/2021, Việt Nam đã tổ chức thành công các sự kiện điểm nhấn, như phiên thảo luận mở về Hiến chương LHQ, Phiên họp về quan hệ hợp tác ASEAN-LHQ (lần đầu tiên trong lịch sử tại HĐBA).",biệt trên Chủ tịch tháng 1/2020 tháng Việt chức thành công các kiện thảo chương họp hệ ASEAN-LHQ (lần đầu trong lịch sử tại HĐBA),5,rule_based,deterministic-rule-baseline-precomputed,analysis_csv,0.0,word_dropout_50pct_and_punctuation_remove,ok
vi-zh-2022-test-0150,他老人家去世52年后，越南人民和国际友人仍对他怀有敬意。,"52 năm kể từ ngày Người đi xa, người dân Việt Nam và bạn bè quốc tế vẫn nhắc đến Người với lòng tôn kính, trân trọng.","52 năm kể từ ngày Người đi xa, người dân Việt Nam và bạn bè quốc tế vẫn nhắc đến Người với lòng tôn kính, trân trọng.",0,rule_based,deterministic-rule-baseline-precomputed,analysis_csv,0.0,identity,ok
vi-zh-2022-test-0150,他老人家去世52年后，越南人民和国际友人仍对他怀有敬意。,"52 năm kể từ ngày Người đi xa, người dân Việt Nam và bạn bè quốc tế vẫn nhắc đến Người với lòng tôn kính, trân trọng.","52 nam kể từ ngày Người đi xa, người dân Việt Nam và bạn bè quốc tế vẫn nhắc đến Người với lòng tôn kính, trân trọng.",1,rule_based,deterministic-rule-baseline-precomputed,analysis_csv,0.0,remove_one_tone,ok
vi-zh-2022-test-0150,他老人家去世52年后，越南人民和国际友人仍对他怀有敬意。,"52 năm kể từ ngày Người đi xa, người dân Việt Nam và bạn bè quốc tế vẫn nhắc đến Người với lòng tôn kính, trân trọng.","52 nam ke tu ngay Nguoi đi xa, nguoi dan Viet Nam va be quoc te van nhac đen Nguoi voi long ton kinh, tran trong.",2,rule_based,deterministic-rule-baseline-precomputed,analysis_csv,0.0,remove_tones_and_drop_one_word,ok
vi-zh-2022-test-0150,他老人家去世52年后，越南人民和国际友人仍对他怀有敬意。,"52 năm kể từ ngày Người đi xa, người dân Việt Nam và bạn bè quốc tế vẫn nhắc đến Người với lòng tôn kính, trân trọng.","52 năm kể từ Người đi người dân Việt Nam và bạn bè quốc tế nhắc đến Người với lòng tôn kính, trân",3,rule_based,deterministic-rule-baseline-precomputed,analysis_csv,0.0,word_dropout_15pct,ok
vi-zh-2022-test-0150,他老人家去世52年后，越南人民和国际友人仍对他怀有敬意。,"52 năm kể từ ngày Người đi xa, người dân Việt Nam và bạn bè quốc tế vẫn nhắc đến Người với lòng tôn kính, trân trọng.","52 kể năm ngày đi người dân Việt bạn bè quốc tế vẫn đến Người lòng kính, trân trọng.",4,rule_based,deterministic-rule-baseline-precomputed,analysis_csv,0.0,word_dropout_30pct_and_swap,ok
vi-zh-2022-test-0150,他老人家去世52年后，越南人民和国际友人仍对他怀有敬意。,"52 năm kể từ ngày Người đi xa, người dân Việt Nam và bạn bè quốc tế vẫn nhắc đến Người với lòng tôn kính, trân trọng.",52 năm từ ngày Người đi bè quốc tế vẫn nhắc đến trân trọng,5,rule_based,deterministic-rule-baseline-precomputed,analysis_csv,0.0,word_dropout_50pct_and_punctuation_remove,ok
vi-zh-2022-test-0151,胡志明主席给越南人民留下了宝贵的精神遗产,Chủ tịch Hồ Chí Minh đã để lại cho dân tộc Việt Nam một di sản tinh thần vô cùng quý báu,Chủ tịch Hồ Chí Minh đã để lại cho dân tộc Việt Nam một di sản tinh thần vô cùng quý báu,0,rule_based,deterministic-rule-baseline-precomputed,analysis_csv,0.0,identity,ok
vi-zh-2022-test-0151,胡志明主席给越南人民留下了宝贵的精神遗产,Chủ tịch Hồ Chí Minh đã để lại cho dân tộc Việt Nam một di sản tinh thần vô cùng quý báu,Chu tịch Hồ Chí Minh đã để lại cho dân tộc Việt Nam một di sản tinh thần vô cùng quý báu,1,rule_based,deterministic-rule-baseline-precomputed,analysis_csv,0.0,remove_one_tone,ok
vi-zh-2022-test-0151,胡志明主席给越南人民留下了宝贵的精神遗产,Chủ tịch Hồ Chí Minh đã để lại cho dân tộc Việt Nam một di sản tinh thần vô cùng quý báu,Chu tich Ho Chi Minh đa đe lai cho dan toc Nam mot di san tinh than vo cung quy bau,2,rule_based,deterministic-rule-baseline-precomputed,analysis_csv,0.0,remove_tones_and_drop_one_word,ok
vi-zh-2022-test-0151,胡志明主席给越南人民留下了宝贵的精神遗产,Chủ tịch Hồ Chí Minh đã để lại cho dân tộc Việt Nam một di sản tinh thần vô cùng quý báu,Chủ tịch Hồ Minh đã để lại cho dân tộc Việt Nam một di sản tinh thần vô quý,3,rule_based,deterministic-rule-baseline-precomputed,analysis_csv,0.0,word_dropout_15pct,ok
vi-zh-2022-test-0151,胡志明主席给越南人民留下了宝贵的精神遗产,Chủ tịch Hồ Chí Minh đã để lại cho dân tộc Việt Nam một di sản tinh thần vô cùng quý báu,Chủ Chí tịch Minh đã để lại dân Nam một sản tinh thần quý báu,4,rule_based,deterministic-rule-baseline-precomputed,analysis_csv,0.0,word_dropout_30pct_and_swap,ok
vi-zh-2022-test-0151,胡志明主席给越南人民留下了宝贵的精神遗产,Chủ tịch Hồ Chí Minh đã để lại cho dân tộc Việt Nam một di sản tinh thần vô cùng quý báu,tịch Chí Minh để cho di sản vô cùng quý báu,5,rule_based,deterministic-rule-baseline-precomputed,analysis_csv,0.0,word_dropout_50pct_and_punctuation_remove,ok
vi-zh-2022-test-0152,在越南，有关胡志明主席道德榜样的文章、研究项目、观点和论述很多。,"Tại Việt Nam đã có nhiều bài viết, công trình nghiên cứu, ý kiến đánh giá, phân tích về tấm gương đạo đức Hồ Chủ tịch.","Tại Việt Nam đã có nhiều bài viết, công trình nghiên cứu, ý kiến đánh giá, phân tích về tấm gương đạo đức Hồ Chủ tịch.",0,rule_based,deterministic-rule-baseline-precomputed,analysis_csv,0.0,identity,ok
vi-zh-2022-test-0152,在越南，有关胡志明主席道德榜样的文章、研究项目、观点和论述很多。,"Tại Việt Nam đã có nhiều bài viết, công trình nghiên cứu, ý kiến đánh giá, phân tích về tấm gương đạo đức Hồ Chủ tịch.","Tai Việt Nam đã có nhiều bài viết, công trình nghiên cứu, ý kiến đánh giá, phân tích về tấm gương đạo đức Hồ Chủ tịch.",1,rule_based,deterministic-rule-baseline-precomputed,analysis_csv,0.0,remove_one_tone,ok
vi-zh-2022-test-0152,在越南，有关胡志明主席道德榜样的文章、研究项目、观点和论述很多。,"Tại Việt Nam đã có nhiều bài viết, công trình nghiên cứu, ý kiến đánh giá, phân tích về tấm gương đạo đức Hồ Chủ tịch.","Tai Viet Nam đa co nhieu bai viet, cong trinh nghien cuu, y đanh gia, phan tich ve tam guong đao đuc Ho Chu tich.",2,rule_based,deterministic-rule-baseline-precomputed,analysis_csv,0.0,remove_tones_and_drop_one_word,ok
vi-zh-2022-test-0152,在越南，有关胡志明主席道德榜样的文章、研究项目、观点和论述很多。,"Tại Việt Nam đã có nhiều bài viết, công trình nghiên cứu, ý kiến đánh giá, phân tích về tấm gương đạo đức Hồ Chủ tịch.","Tại Việt Nam đã có nhiều bài công trình nghiên ý kiến đánh giá, tích về tấm gương đức Hồ Chủ tịch.",3,rule_based,deterministic-rule-baseline-precomputed,analysis_csv,0.0,word_dropout_15pct,ok
vi-zh-2022-test-0152,在越南，有关胡志明主席道德榜样的文章、研究项目、观点和论述很多。,"Tại Việt Nam đã có nhiều bài viết, công trình nghiên cứu, ý kiến đánh giá, phân tích về tấm gương đạo đức Hồ Chủ tịch.","Tại Nam Việt đã bài viết, công trình đánh giá, phân tích về tấm gương đức Hồ tịch.",4,rule_based,deterministic-rule-baseline-precomputed,analysis_csv,0.0,word_dropout_30pct_and_swap,ok
vi-zh-2022-test-0152,在越南，有关胡志明主席道德榜样的文章、研究项目、观点和论述很多。,"Tại Việt Nam đã có nhiều bài viết, công trình nghiên cứu, ý kiến đánh giá, phân tích về tấm gương đạo đức Hồ Chủ tịch.",Tại đã công trình cứu ý giá phân đạo đức Hồ Chủ tịch,5,rule_based,deterministic-rule-baseline-precomputed,analysis_csv,0.0,word_dropout_50pct_and_punctuation_remove,ok
vi-zh-2022-test-0153,阮富仲说：“他老人家是越南爱国主义和革命英雄主义的最美化身，是民族和时代光辉灿烂的道德、智慧、气魄和良心的结晶。,"Nguyễn Phú Trọng nói: “Người là biểu tượng cao đẹp nhất của chủ nghĩa yêu nước và chủ nghĩa anh hùng cách mạng Việt Nam; kết tinh rạng ngời của đạo đức, trí tuệ, khí phách, lương tri của dân tộc và thời đại.","Nguyễn Phú Trọng nói: “Người là biểu tượng cao đẹp nhất của chủ nghĩa yêu nước và chủ nghĩa anh hùng cách mạng Việt Nam; kết tinh rạng ngời của đạo đức, trí tuệ, khí phách, lương tri của dân tộc và thời đại.",0,rule_based,deterministic-rule-baseline-precomputed,analysis_csv,0.0,identity,ok
vi-zh-2022-test-0153,阮富仲说：“他老人家是越南爱国主义和革命英雄主义的最美化身，是民族和时代光辉灿烂的道德、智慧、气魄和良心的结晶。,"Nguyễn Phú Trọng nói: “Người là biểu tượng cao đẹp nhất của chủ nghĩa yêu nước và chủ nghĩa anh hùng cách mạng Việt Nam; kết tinh rạng ngời của đạo đức, trí tuệ, khí phách, lương tri của dân tộc và thời đại.","Nguyen Phú Trọng nói: “Người là biểu tượng cao đẹp nhất của chủ nghĩa yêu nước và chủ nghĩa anh hùng cách mạng Việt Nam; kết tinh rạng ngời của đạo đức, trí tuệ, khí phách, lương tri của dân tộc và thời đại.",1,rule_based,deterministic-rule-baseline-precomputed,analysis_csv,0.0,remove_one_tone,ok
vi-zh-2022-test-0153,阮富仲说：“他老人家是越南爱国主义和革命英雄主义的最美化身，是民族和时代光辉灿烂的道德、智慧、气魄和良心的结晶。,"Nguyễn Phú Trọng nói: “Người là biểu tượng cao đẹp nhất của chủ nghĩa yêu nước và chủ nghĩa anh hùng cách mạng Việt Nam; kết tinh rạng ngời của đạo đức, trí tuệ, khí phách, lương tri của dân tộc và thời đại.","Nguyen Phu Trong noi: “Nguoi la bieu tuong cao đep nhat cua chu nghia yeu nuoc va chu nghia anh hung cach Viet Nam; ket tinh rang ngoi cua đao đuc, tri tue, khi phach, luong tri cua dan toc va thoi đai.",2,rule_based,deterministic-rule-baseline-precomputed,analysis_csv,0.0,remove_tones_and_drop_one_word,ok
vi-zh-2022-test-0153,阮富仲说：“他老人家是越南爱国主义和革命英雄主义的最美化身，是民族和时代光辉灿烂的道德、智慧、气魄和良心的结晶。,"Nguyễn Phú Trọng nói: “Người là biểu tượng cao đẹp nhất của chủ nghĩa yêu nước và chủ nghĩa anh hùng cách mạng Việt Nam; kết tinh rạng ngời của đạo đức, trí tuệ, khí phách, lương tri của dân tộc và thời đại.","Nguyễn Phú Trọng nói: biểu tượng cao nhất của chủ yêu nước chủ nghĩa anh hùng cách mạng Việt Nam; kết tinh rạng của đạo đức, trí tuệ, khí phách, lương tri của tộc và thời đại.",3,rule_based,deterministic-rule-baseline-precomputed,analysis_csv,0.0,word_dropout_15pct,ok
vi-zh-2022-test-0153,阮富仲说：“他老人家是越南爱国主义和革命英雄主义的最美化身，是民族和时代光辉灿烂的道德、智慧、气魄和良心的结晶。,"Nguyễn Phú Trọng nói: “Người là biểu tượng cao đẹp nhất của chủ nghĩa yêu nước và chủ nghĩa anh hùng cách mạng Việt Nam; kết tinh rạng ngời của đạo đức, trí tuệ, khí phách, lương tri của dân tộc và thời đại.","Nguyễn “Người Phú là biểu tượng nhất chủ nước và chủ nghĩa anh cách mạng Việt Nam; kết ngời đạo trí tuệ, khí phách, lương tri của tộc và thời đại.",4,rule_based,deterministic-rule-baseline-precomputed,analysis_csv,0.0,word_dropout_30pct_and_swap,ok
vi-zh-2022-test-0153,阮富仲说：“他老人家是越南爱国主义和革命英雄主义的最美化身，是民族和时代光辉灿烂的道德、智慧、气魄和良心的结晶。,"Nguyễn Phú Trọng nói: “Người là biểu tượng cao đẹp nhất của chủ nghĩa yêu nước và chủ nghĩa anh hùng cách mạng Việt Nam; kết tinh rạng ngời của đạo đức, trí tuệ, khí phách, lương tri của dân tộc và thời đại.",Nguyễn Phú Trọng nói biểu tượng đẹp nhất chủ nghĩa yêu chủ hùng mạng Nam ngời tuệ lương của dân tộc và,5,rule_based,deterministic-rule-baseline-precomputed,analysis_csv,0.0,word_dropout_50pct_and_punctuation_remove,ok
vi-zh-2022-test-0154,他老人家把一生不断献给了祖国、同胞，献给解放民族、阶级、社会和开放人类事业。,"Trọn cả cuộc đời, Người đã cống hiến không ngừng, không nghỉ, tất thảy đều hiến dâng cho Tổ quốc, đồng bào, cho sự nghiệp giải phóng dân tộc, giải phóng giai cấp, giải phóng xã hội và giải phóng con người.","Trọn cả cuộc đời, Người đã cống hiến không ngừng, không nghỉ, tất thảy đều hiến dâng cho Tổ quốc, đồng bào, cho sự nghiệp giải phóng dân tộc, giải phóng giai cấp, giải phóng xã hội và giải phóng con người.",0,rule_based,deterministic-rule-baseline-precomputed,analysis_csv,0.0,identity,ok
vi-zh-2022-test-0154,他老人家把一生不断献给了祖国、同胞，献给解放民族、阶级、社会和开放人类事业。,"Trọn cả cuộc đời, Người đã cống hiến không ngừng, không nghỉ, tất thảy đều hiến dâng cho Tổ quốc, đồng bào, cho sự nghiệp giải phóng dân tộc, giải phóng giai cấp, giải phóng xã hội và giải phóng con người.","Tron cả cuộc đời, Người đã cống hiến không ngừng, không nghỉ, tất thảy đều hiến dâng cho Tổ quốc, đồng bào, cho sự nghiệp giải phóng dân tộc, giải phóng giai cấp, giải phóng xã hội và giải phóng con người.",1,rule_based,deterministic-rule-baseline-precomputed,analysis_csv,0.0,remove_one_tone,ok
vi-zh-2022-test-0154,他老人家把一生不断献给了祖国、同胞，献给解放民族、阶级、社会和开放人类事业。,"Trọn cả cuộc đời, Người đã cống hiến không ngừng, không nghỉ, tất thảy đều hiến dâng cho Tổ quốc, đồng bào, cho sự nghiệp giải phóng dân tộc, giải phóng giai cấp, giải phóng xã hội và giải phóng con người.","Tron ca cuoc đoi, Nguoi đa cong hien khong ngung, khong nghi, tat thay đeu hien dang cho To quoc, đong cho su nghiep giai phong dan toc, giai phong giai cap, giai phong xa hoi va giai phong con nguoi.",2,rule_based,deterministic-rule-baseline-precomputed,analysis_csv,0.0,remove_tones_and_drop_one_word,ok
vi-zh-2022-test-0154,他老人家把一生不断献给了祖国、同胞，献给解放民族、阶级、社会和开放人类事业。,"Trọn cả cuộc đời, Người đã cống hiến không ngừng, không nghỉ, tất thảy đều hiến dâng cho Tổ quốc, đồng bào, cho sự nghiệp giải phóng dân tộc, giải phóng giai cấp, giải phóng xã hội và giải phóng con người.","Trọn Người đã cống hiến không nghỉ, tất thảy đều hiến dâng cho Tổ quốc, đồng bào, cho sự nghiệp giải phóng dân tộc, phóng giai cấp, giải phóng xã hội và giải phóng con người.",3,rule_based,deterministic-rule-baseline-precomputed,analysis_csv,0.0,word_dropout_15pct,ok
vi-zh-2022-test-0154,他老人家把一生不断献给了祖国、同胞，献给解放民族、阶级、社会和开放人类事业。,"Trọn cả cuộc đời, Người đã cống hiến không ngừng, không nghỉ, tất thảy đều hiến dâng cho Tổ quốc, đồng bào, cho sự nghiệp giải phóng dân tộc, giải phóng giai cấp, giải phóng xã hội và giải phóng con người.","Trọn cuộc cả đời, Người cống hiến ngừng, không nghỉ, tất thảy đều hiến cho đồng cho sự giải tộc, giải phóng cấp, phóng xã và giải phóng con",4,rule_based,deterministic-rule-baseline-precomputed,analysis_csv,0.0,word_dropout_30pct_and_swap,ok
vi-zh-2022-test-0154,他老人家把一生不断献给了祖国、同胞，献给解放民族、阶级、社会和开放人类事业。,"Trọn cả cuộc đời, Người đã cống hiến không ngừng, không nghỉ, tất thảy đều hiến dâng cho Tổ quốc, đồng bào, cho sự nghiệp giải phóng dân tộc, giải phóng giai cấp, giải phóng xã hội và giải phóng con người.",Trọn cả Người cống hiến hiến cho Tổ đồng cho sự phóng tộc giải phóng cấp phóng xã và con người,5,rule_based,deterministic-rule-baseline-precomputed,analysis_csv,0.0,word_dropout_50pct_and_punctuation_remove,ok
vi-zh-2022-test-0155,因此胡志明主席生前就被载入史册，并成为传奇。,Một vĩ nhân đã đi vào lịch sử và trở thành huyên thoại ngay từ khi Người còn sống”.,Một vĩ nhân đã đi vào lịch sử và trở thành huyên thoại ngay từ khi Người còn sống”.,0,rule_based,deterministic-rule-baseline-precomputed,analysis_csv,0.0,identity,ok
vi-zh-2022-test-0155,因此胡志明主席生前就被载入史册，并成为传奇。,Một vĩ nhân đã đi vào lịch sử và trở thành huyên thoại ngay từ khi Người còn sống”.,Mot vĩ nhân đã đi vào lịch sử và trở thành huyên thoại ngay từ khi Người còn sống”.,1,rule_based,deterministic-rule-baseline-precomputed,analysis_csv,0.0,remove_one_tone,ok
vi-zh-2022-test-0155,因此胡志明主席生前就被载入史册，并成为传奇。,Một vĩ nhân đã đi vào lịch sử và trở thành huyên thoại ngay từ khi Người còn sống”.,Mot vi nhan đa đi vao lich su va thanh huyen thoai ngay tu khi Nguoi con song”.,2,rule_based,deterministic-rule-baseline-precomputed,analysis_csv,0.0,remove_tones_and_drop_one_word,ok
vi-zh-2022-test-0155,因此胡志明主席生前就被载入史册，并成为传奇。,Một vĩ nhân đã đi vào lịch sử và trở thành huyên thoại ngay từ khi Người còn sống”.,Một vĩ nhân đã đi lịch sử và trở thành huyên thoại ngay khi Người còn,3,rule_based,deterministic-rule-baseline-precomputed,analysis_csv,0.0,word_dropout_15pct,ok
vi-zh-2022-test-0155,因此胡志明主席生前就被载入史册，并成为传奇。,Một vĩ nhân đã đi vào lịch sử và trở thành huyên thoại ngay từ khi Người còn sống”.,Một đã nhân đi vào sử trở thành huyên thoại ngay Người còn,4,rule_based,deterministic-rule-baseline-precomputed,analysis_csv,0.0,word_dropout_30pct_and_swap,ok
vi-zh-2022-test-0155,因此胡志明主席生前就被载入史册，并成为传奇。,Một vĩ nhân đã đi vào lịch sử và trở thành huyên thoại ngay từ khi Người còn sống”.,Một đã lịch sử thành thoại ngay khi còn sống”,5,rule_based,deterministic-rule-baseline-precomputed,analysis_csv,0.0,word_dropout_50pct_and_punctuation_remove,ok
vi-zh-2022-test-0156,"因此，除了在地方运动中发挥表率作用外，我还为建设更美好的家做出一切努力，为建设更加繁荣的家乡做出贡献。""","Vì vậy bên cạnh việc vận động, tiên phong trong các phong trào của địa phương, tôi cố gắng hết sức mình để xây dựng cuộc sống gia đình ngày một tốt hơn, chung tay góp sức xây dựng quê hương ngày thêm khởi sắc”.","Vì vậy bên cạnh việc vận động, tiên phong trong các phong trào của địa phương, tôi cố gắng hết sức mình để xây dựng cuộc sống gia đình ngày một tốt hơn, chung tay góp sức xây dựng quê hương ngày thêm khởi sắc”.",0,rule_based,deterministic-rule-baseline-precomputed,analysis_csv,0.0,identity,ok
vi-zh-2022-test-0156,"因此，除了在地方运动中发挥表率作用外，我还为建设更美好的家做出一切努力，为建设更加繁荣的家乡做出贡献。""","Vì vậy bên cạnh việc vận động, tiên phong trong các phong trào của địa phương, tôi cố gắng hết sức mình để xây dựng cuộc sống gia đình ngày một tốt hơn, chung tay góp sức xây dựng quê hương ngày thêm khởi sắc”.","Vi vậy bên cạnh việc vận động, tiên phong trong các phong trào của địa phương, tôi cố gắng hết sức mình để xây dựng cuộc sống gia đình ngày một tốt hơn, chung tay góp sức xây dựng quê hương ngày thêm khởi sắc”.",1,rule_based,deterministic-rule-baseline-precomputed,analysis_csv,0.0,remove_one_tone,ok
vi-zh-2022-test-0156,"因此，除了在地方运动中发挥表率作用外，我还为建设更美好的家做出一切努力，为建设更加繁荣的家乡做出贡献。""","Vì vậy bên cạnh việc vận động, tiên phong trong các phong trào của địa phương, tôi cố gắng hết sức mình để xây dựng cuộc sống gia đình ngày một tốt hơn, chung tay góp sức xây dựng quê hương ngày thêm khởi sắc”.","Vi vay ben canh viec van đong, tien phong trong cac phong trao cua đia phuong, toi co gang het suc minh xay dung cuoc song gia đinh ngay mot tot hon, chung tay gop suc xay dung que huong ngay them khoi sac”.",2,rule_based,deterministic-rule-baseline-precomputed,analysis_csv,0.0,remove_tones_and_drop_one_word,ok
vi-zh-2022-test-0156,"因此，除了在地方运动中发挥表率作用外，我还为建设更美好的家做出一切努力，为建设更加繁荣的家乡做出贡献。""","Vì vậy bên cạnh việc vận động, tiên phong trong các phong trào của địa phương, tôi cố gắng hết sức mình để xây dựng cuộc sống gia đình ngày một tốt hơn, chung tay góp sức xây dựng quê hương ngày thêm khởi sắc”.","Vì vậy bên cạnh việc vận động, tiên phong trong các trào của địa phương, cố gắng sức để cuộc sống gia đình ngày một tốt hơn, chung tay góp sức xây dựng quê hương ngày khởi sắc”.",3,rule_based,deterministic-rule-baseline-precomputed,analysis_csv,0.0,word_dropout_15pct,ok
vi-zh-2022-test-0156,"因此，除了在地方运动中发挥表率作用外，我还为建设更美好的家做出一切努力，为建设更加繁荣的家乡做出贡献。""","Vì vậy bên cạnh việc vận động, tiên phong trong các phong trào của địa phương, tôi cố gắng hết sức mình để xây dựng cuộc sống gia đình ngày một tốt hơn, chung tay góp sức xây dựng quê hương ngày thêm khởi sắc”.","vậy cạnh bên việc động, tiên các trào của địa phương, tôi hết sức để dựng cuộc sống gia đình ngày một tốt hơn, tay góp quê hương ngày thêm sắc”.",4,rule_based,deterministic-rule-baseline-precomputed,analysis_csv,0.0,word_dropout_30pct_and_swap,ok
vi-zh-2022-test-0156,"因此，除了在地方运动中发挥表率作用外，我还为建设更美好的家做出一切努力，为建设更加繁荣的家乡做出贡献。""","Vì vậy bên cạnh việc vận động, tiên phong trong các phong trào của địa phương, tôi cố gắng hết sức mình để xây dựng cuộc sống gia đình ngày một tốt hơn, chung tay góp sức xây dựng quê hương ngày thêm khởi sắc”.",vậy bên cạnh vận động phong phong của phương tôi cố gắng để xây cuộc một tốt sức dựng quê ngày thêm,5,rule_based,deterministic-rule-baseline-precomputed,analysis_csv,0.0,word_dropout_50pct_and_punctuation_remove,ok
vi-zh-2022-test-0157,胡志明市平正县安富西乡三村农民协会分会会长黎氏立多年来积极组织村民建设混凝土道路、升级电网和生活用水系统。,"Tại xã An Phú Tây, huyện Bình Chánh (Thành phố HCM), nhiều năm qua, bà Lê Thị Lập, Chi hội trưởng Chi hội Nông dân ấp 3, đã tích cực tổ chức cho người dân trong thôn làm đường bê tông, nâng cấp lưới điện và hệ thống nước sinh hoạt trong nhiều năm qua.","Tại xã An Phú Tây, huyện Bình Chánh (Thành phố HCM), nhiều năm qua, bà Lê Thị Lập, Chi hội trưởng Chi hội Nông dân ấp 3, đã tích cực tổ chức cho người dân trong thôn làm đường bê tông, nâng cấp lưới điện và hệ thống nước sinh hoạt trong nhiều năm qua.",0,rule_based,deterministic-rule-baseline-precomputed,analysis_csv,0.0,identity,ok
vi-zh-2022-test-0157,胡志明市平正县安富西乡三村农民协会分会会长黎氏立多年来积极组织村民建设混凝土道路、升级电网和生活用水系统。,"Tại xã An Phú Tây, huyện Bình Chánh (Thành phố HCM), nhiều năm qua, bà Lê Thị Lập, Chi hội trưởng Chi hội Nông dân ấp 3, đã tích cực tổ chức cho người dân trong thôn làm đường bê tông, nâng cấp lưới điện và hệ thống nước sinh hoạt trong nhiều năm qua.","Tai xã An Phú Tây, huyện Bình Chánh (Thành phố HCM), nhiều năm qua, bà Lê Thị Lập, Chi hội trưởng Chi hội Nông dân ấp 3, đã tích cực tổ chức cho người dân trong thôn làm đường bê tông, nâng cấp lưới điện và hệ thống nước sinh hoạt trong nhiều năm qua.",1,rule_based,deterministic-rule-baseline-precomputed,analysis_csv,0.0,remove_one_tone,ok
vi-zh-2022-test-0157,胡志明市平正县安富西乡三村农民协会分会会长黎氏立多年来积极组织村民建设混凝土道路、升级电网和生活用水系统。,"Tại xã An Phú Tây, huyện Bình Chánh (Thành phố HCM), nhiều năm qua, bà Lê Thị Lập, Chi hội trưởng Chi hội Nông dân ấp 3, đã tích cực tổ chức cho người dân trong thôn làm đường bê tông, nâng cấp lưới điện và hệ thống nước sinh hoạt trong nhiều năm qua.","Tai xa An Phu Tay, huyen Binh Chanh (Thanh pho HCM), nhieu nam qua, ba Le Thi Lap, Chi hoi truong Chi hoi Nong dan ap 3, tich cuc to chuc cho nguoi dan trong thon lam đuong be tong, nang cap luoi đien va he thong nuoc sinh hoat trong nhieu nam qua.",2,rule_based,deterministic-rule-baseline-precomputed,analysis_csv,0.0,remove_tones_and_drop_one_word,ok
vi-zh-2022-test-0157,胡志明市平正县安富西乡三村农民协会分会会长黎氏立多年来积极组织村民建设混凝土道路、升级电网和生活用水系统。,"Tại xã An Phú Tây, huyện Bình Chánh (Thành phố HCM), nhiều năm qua, bà Lê Thị Lập, Chi hội trưởng Chi hội Nông dân ấp 3, đã tích cực tổ chức cho người dân trong thôn làm đường bê tông, nâng cấp lưới điện và hệ thống nước sinh hoạt trong nhiều năm qua.","Tại xã An Phú Tây, Bình Chánh (Thành HCM), năm qua, bà Lê Thị Lập, Chi hội trưởng Chi hội Nông dân ấp 3, đã tích tổ chức cho người thôn làm đường bê tông, nâng cấp lưới điện hệ thống nước sinh hoạt trong nhiều qua.",3,rule_based,deterministic-rule-baseline-precomputed,analysis_csv,0.0,word_dropout_15pct,ok
vi-zh-2022-test-0157,胡志明市平正县安富西乡三村农民协会分会会长黎氏立多年来积极组织村民建设混凝土道路、升级电网和生活用水系统。,"Tại xã An Phú Tây, huyện Bình Chánh (Thành phố HCM), nhiều năm qua, bà Lê Thị Lập, Chi hội trưởng Chi hội Nông dân ấp 3, đã tích cực tổ chức cho người dân trong thôn làm đường bê tông, nâng cấp lưới điện và hệ thống nước sinh hoạt trong nhiều năm qua.","Tại An xã Phú huyện Bình Chánh (Thành phố năm qua, bà Lê Thị hội hội Nông dân ấp tích chức cho người trong đường bê tông, nâng cấp lưới và hệ thống sinh trong nhiều năm qua.",4,rule_based,deterministic-rule-baseline-precomputed,analysis_csv,0.0,word_dropout_30pct_and_swap,ok
vi-zh-2022-test-0157,胡志明市平正县安富西乡三村农民协会分会会长黎氏立多年来积极组织村民建设混凝土道路、升级电网和生活用水系统。,"Tại xã An Phú Tây, huyện Bình Chánh (Thành phố HCM), nhiều năm qua, bà Lê Thị Lập, Chi hội trưởng Chi hội Nông dân ấp 3, đã tích cực tổ chức cho người dân trong thôn làm đường bê tông, nâng cấp lưới điện và hệ thống nước sinh hoạt trong nhiều năm qua.",Tây huyện Bình Chánh (Thành phố HCM) năm qua bà Chi trưởng Chi hội ấp 3 đã tích cực tổ người thôn làm tông điện hệ sinh năm,5,rule_based,deterministic-rule-baseline-precomputed,analysis_csv,0.0,word_dropout_50pct_and_punctuation_remove,ok
vi-zh-2022-test-0158,他老人家最特别的地方是朴素和真诚。,"Nét đặc biệt ở Người là sự khiêm tốn, giản dị, chân thành.","Nét đặc biệt ở Người là sự khiêm tốn, giản dị, chân thành.",0,rule_based,deterministic-rule-baseline-precomputed,analysis_csv,0.0,identity,ok
vi-zh-2022-test-0158,他老人家最特别的地方是朴素和真诚。,"Nét đặc biệt ở Người là sự khiêm tốn, giản dị, chân thành.","Net đặc biệt ở Người là sự khiêm tốn, giản dị, chân thành.",1,rule_based,deterministic-rule-baseline-precomputed,analysis_csv,0.0,remove_one_tone,ok
vi-zh-2022-test-0158,他老人家最特别的地方是朴素和真诚。,"Nét đặc biệt ở Người là sự khiêm tốn, giản dị, chân thành.","Net đac biet o Nguoi la khiem ton, gian di, chan thanh.",2,rule_based,deterministic-rule-baseline-precomputed,analysis_csv,0.0,remove_tones_and_drop_one_word,ok
vi-zh-2022-test-0158,他老人家最特别的地方是朴素和真诚。,"Nét đặc biệt ở Người là sự khiêm tốn, giản dị, chân thành.",Nét đặc biệt ở Người là sự khiêm giản chân thành.,3,rule_based,deterministic-rule-baseline-precomputed,analysis_csv,0.0,word_dropout_15pct,ok
vi-zh-2022-test-0158,他老人家最特别的地方是朴素和真诚。,"Nét đặc biệt ở Người là sự khiêm tốn, giản dị, chân thành.","Nét biệt đặc ở sự tốn, giản dị, thành.",4,rule_based,deterministic-rule-baseline-precomputed,analysis_csv,0.0,word_dropout_30pct_and_swap,ok
vi-zh-2022-test-0158,他老人家最特别的地方是朴素和真诚。,"Nét đặc biệt ở Người là sự khiêm tốn, giản dị, chân thành.",đặc sự khiêm tốn giản chân,5,rule_based,deterministic-rule-baseline-precomputed,analysis_csv,0.0,word_dropout_50pct_and_punctuation_remove,ok
vi-zh-2022-test-0159,今天，越南进入符合进步时代趋势的新阶段。,"Ngày nay, Việt Nam đã bước sang vận hội mới, phù hợp với xu thế tiến lên của thời đại.","Ngày nay, Việt Nam đã bước sang vận hội mới, phù hợp với xu thế tiến lên của thời đại.",0,rule_based,deterministic-rule-baseline-precomputed,analysis_csv,0.0,identity,ok
vi-zh-2022-test-0159,今天，越南进入符合进步时代趋势的新阶段。,"Ngày nay, Việt Nam đã bước sang vận hội mới, phù hợp với xu thế tiến lên của thời đại.","Ngay nay, Việt Nam đã bước sang vận hội mới, phù hợp với xu thế tiến lên của thời đại.",1,rule_based,deterministic-rule-baseline-precomputed,analysis_csv,0.0,remove_one_tone,ok
vi-zh-2022-test-0159,今天，越南进入符合进步时代趋势的新阶段。,"Ngày nay, Việt Nam đã bước sang vận hội mới, phù hợp với xu thế tiến lên của thời đại.","Ngay nay, Viet Nam đa buoc sang van hoi moi, hop voi xu the tien len cua thoi đai.",2,rule_based,deterministic-rule-baseline-precomputed,analysis_csv,0.0,remove_tones_and_drop_one_word,ok
vi-zh-2022-test-0159,今天，越南进入符合进步时代趋势的新阶段。,"Ngày nay, Việt Nam đã bước sang vận hội mới, phù hợp với xu thế tiến lên của thời đại.","Ngày nay, Việt Nam đã bước sang vận hội mới, với xu thế tiến của thời đại.",3,rule_based,deterministic-rule-baseline-precomputed,analysis_csv,0.0,word_dropout_15pct,ok
vi-zh-2022-test-0159,今天，越南进入符合进步时代趋势的新阶段。,"Ngày nay, Việt Nam đã bước sang vận hội mới, phù hợp với xu thế tiến lên của thời đại.","nay, Nam Việt hội mới, hợp với xu thế tiến lên của thời đại.",4,rule_based,deterministic-rule-baseline-precomputed,analysis_csv,0.0,word_dropout_30pct_and_swap,ok
vi-zh-2022-test-0159,今天，越南进入符合进步时代趋势的新阶段。,"Ngày nay, Việt Nam đã bước sang vận hội mới, phù hợp với xu thế tiến lên của thời đại.",Ngày Việt Nam đã bước vận mới xu thế thời,5,rule_based,deterministic-rule-baseline-precomputed,analysis_csv,0.0,word_dropout_50pct_and_punctuation_remove,ok
vi-zh-2022-test-0160,除了向全世界宣告一个独立自由的越南已经诞生的特殊意义外，《独立宣言》还具有重大的历史和实践价值，体现了胡志明主席超越时代的智慧和视野。,"Bên cạnh ý nghĩa đặc biệt là tuyên bố với thế giới về sự ra đời của một nước Việt Nam độc lập và tự do, Tuyên ngôn độc lập còn mang những giá trị lịch sử và thực tiễn to lớn, thể hiện trí tuệ và tầm nhìn vượt thời đại của Chủ tịch Hồ Chí Minh.","Bên cạnh ý nghĩa đặc biệt là tuyên bố với thế giới về sự ra đời của một nước Việt Nam độc lập và tự do, Tuyên ngôn độc lập còn mang những giá trị lịch sử và thực tiễn to lớn, thể hiện trí tuệ và tầm nhìn vượt thời đại của Chủ tịch Hồ Chí Minh.",0,rule_based,deterministic-rule-baseline-precomputed,analysis_csv,0.0,identity,ok
vi-zh-2022-test-0160,除了向全世界宣告一个独立自由的越南已经诞生的特殊意义外，《独立宣言》还具有重大的历史和实践价值，体现了胡志明主席超越时代的智慧和视野。,"Bên cạnh ý nghĩa đặc biệt là tuyên bố với thế giới về sự ra đời của một nước Việt Nam độc lập và tự do, Tuyên ngôn độc lập còn mang những giá trị lịch sử và thực tiễn to lớn, thể hiện trí tuệ và tầm nhìn vượt thời đại của Chủ tịch Hồ Chí Minh.","Ben cạnh ý nghĩa đặc biệt là tuyên bố với thế giới về sự ra đời của một nước Việt Nam độc lập và tự do, Tuyên ngôn độc lập còn mang những giá trị lịch sử và thực tiễn to lớn, thể hiện trí tuệ và tầm nhìn vượt thời đại của Chủ tịch Hồ Chí Minh.",1,rule_based,deterministic-rule-baseline-precomputed,analysis_csv,0.0,remove_one_tone,ok
vi-zh-2022-test-0160,除了向全世界宣告一个独立自由的越南已经诞生的特殊意义外，《独立宣言》还具有重大的历史和实践价值，体现了胡志明主席超越时代的智慧和视野。,"Bên cạnh ý nghĩa đặc biệt là tuyên bố với thế giới về sự ra đời của một nước Việt Nam độc lập và tự do, Tuyên ngôn độc lập còn mang những giá trị lịch sử và thực tiễn to lớn, thể hiện trí tuệ và tầm nhìn vượt thời đại của Chủ tịch Hồ Chí Minh.","Ben canh y nghia đac biet la tuyen bo voi the gioi ve su ra đoi cua mot nuoc Viet Nam đoc lap va tu do, Tuyen ngon đoc con mang nhung gia tri lich su va thuc tien to lon, the hien tri tue va tam nhin vuot thoi đai cua Chu tich Ho Chi Minh.",2,rule_based,deterministic-rule-baseline-precomputed,analysis_csv,0.0,remove_tones_and_drop_one_word,ok
vi-zh-2022-test-0160,除了向全世界宣告一个独立自由的越南已经诞生的特殊意义外，《独立宣言》还具有重大的历史和实践价值，体现了胡志明主席超越时代的智慧和视野。,"Bên cạnh ý nghĩa đặc biệt là tuyên bố với thế giới về sự ra đời của một nước Việt Nam độc lập và tự do, Tuyên ngôn độc lập còn mang những giá trị lịch sử và thực tiễn to lớn, thể hiện trí tuệ và tầm nhìn vượt thời đại của Chủ tịch Hồ Chí Minh.","Bên cạnh ý nghĩa đặc biệt là tuyên bố với giới về ra đời một nước Việt Nam độc lập và do, ngôn độc lập còn mang những giá trị lịch sử và thực tiễn to lớn, hiện trí tuệ và tầm nhìn vượt Chủ tịch Hồ Chí Minh.",3,rule_based,deterministic-rule-baseline-precomputed,analysis_csv,0.0,word_dropout_15pct,ok
vi-zh-2022-test-0160,除了向全世界宣告一个独立自由的越南已经诞生的特殊意义外，《独立宣言》还具有重大的历史和实践价值，体现了胡志明主席超越时代的智慧和视野。,"Bên cạnh ý nghĩa đặc biệt là tuyên bố với thế giới về sự ra đời của một nước Việt Nam độc lập và tự do, Tuyên ngôn độc lập còn mang những giá trị lịch sử và thực tiễn to lớn, thể hiện trí tuệ và tầm nhìn vượt thời đại của Chủ tịch Hồ Chí Minh.","Bên đặc nghĩa biệt là tuyên bố thế giới về ra đời của một Việt độc lập và Tuyên ngôn độc mang những giá lịch sử và thực to lớn, tuệ tầm nhìn vượt thời đại của Chủ tịch Hồ Minh.",4,rule_based,deterministic-rule-baseline-precomputed,analysis_csv,0.0,word_dropout_30pct_and_swap,ok
vi-zh-2022-test-0160,除了向全世界宣告一个独立自由的越南已经诞生的特殊意义外，《独立宣言》还具有重大的历史和实践价值，体现了胡志明主席超越时代的智慧和视野。,"Bên cạnh ý nghĩa đặc biệt là tuyên bố với thế giới về sự ra đời của một nước Việt Nam độc lập và tự do, Tuyên ngôn độc lập còn mang những giá trị lịch sử và thực tiễn to lớn, thể hiện trí tuệ và tầm nhìn vượt thời đại của Chủ tịch Hồ Chí Minh.",cạnh nghĩa đặc biệt bố với thế giới về ra một Nam lập và tự do lập mang những trị sử thực thể hiện trí tầm tịch Hồ Chí,5,rule_based,deterministic-rule-baseline-precomputed,analysis_csv,0.0,word_dropout_50pct_and_punctuation_remove,ok
vi-zh-2022-test-0161,胡志明主席在《独立宣言》的开头强调：“一切人皆生而平等。,"Mở đầu Tuyên ngôn độc lập, Chủ tịch Hồ Chí Minh khẳng định: ""Tất cả mọi người đều sinh ra có quyền bình đẳng.","Mở đầu Tuyên ngôn độc lập, Chủ tịch Hồ Chí Minh khẳng định: ""Tất cả mọi người đều sinh ra có quyền bình đẳng.",0,rule_based,deterministic-rule-baseline-precomputed,analysis_csv,0.0,identity,ok
vi-zh-2022-test-0161,胡志明主席在《独立宣言》的开头强调：“一切人皆生而平等。,"Mở đầu Tuyên ngôn độc lập, Chủ tịch Hồ Chí Minh khẳng định: ""Tất cả mọi người đều sinh ra có quyền bình đẳng.","Mo đầu Tuyên ngôn độc lập, Chủ tịch Hồ Chí Minh khẳng định: ""Tất cả mọi người đều sinh ra có quyền bình đẳng.",1,rule_based,deterministic-rule-baseline-precomputed,analysis_csv,0.0,remove_one_tone,ok
vi-zh-2022-test-0161,胡志明主席在《独立宣言》的开头强调：“一切人皆生而平等。,"Mở đầu Tuyên ngôn độc lập, Chủ tịch Hồ Chí Minh khẳng định: ""Tất cả mọi người đều sinh ra có quyền bình đẳng.","Mo đau Tuyen ngon đoc lap, Chu tich Ho Chi Minh khang ""Tat ca moi nguoi đeu sinh ra co quyen binh đang.",2,rule_based,deterministic-rule-baseline-precomputed,analysis_csv,0.0,remove_tones_and_drop_one_word,ok
vi-zh-2022-test-0161,胡志明主席在《独立宣言》的开头强调：“一切人皆生而平等。,"Mở đầu Tuyên ngôn độc lập, Chủ tịch Hồ Chí Minh khẳng định: ""Tất cả mọi người đều sinh ra có quyền bình đẳng.","Mở Tuyên ngôn độc lập, tịch Hồ Chí Minh khẳng định: ""Tất mọi người đều sinh ra có quyền bình",3,rule_based,deterministic-rule-baseline-precomputed,analysis_csv,0.0,word_dropout_15pct,ok
vi-zh-2022-test-0161,胡志明主席在《独立宣言》的开头强调：“一切人皆生而平等。,"Mở đầu Tuyên ngôn độc lập, Chủ tịch Hồ Chí Minh khẳng định: ""Tất cả mọi người đều sinh ra có quyền bình đẳng.","Mở Tuyên đầu độc lập, tịch Hồ Minh khẳng người đều sinh ra có quyền bình đẳng.",4,rule_based,deterministic-rule-baseline-precomputed,analysis_csv,0.0,word_dropout_30pct_and_swap,ok
vi-zh-2022-test-0161,胡志明主席在《独立宣言》的开头强调：“一切人皆生而平等。,"Mở đầu Tuyên ngôn độc lập, Chủ tịch Hồ Chí Minh khẳng định: ""Tất cả mọi người đều sinh ra có quyền bình đẳng.","đầu Chủ Hồ Minh khẳng ""Tất cả người đều sinh ra đẳng",5,rule_based,deterministic-rule-baseline-precomputed,analysis_csv,0.0,word_dropout_50pct_and_punctuation_remove,ok
vi-zh-2022-test-0162,他们应享有天赋的不可侵犯的权利，这是1776年7月4日公布的《美国独立宣言》中的不朽名句，从广义上说，这句话的意思是全世界的各个民族生来就是平等的，无论哪一个民族都有求生存、享受安乐与自由的权利。,"tạo hóa cho họ những quyền không ai có thể xâm phạm được; trong những quyền ấy, có quyền được sống, quyền tự do và quyền mưu cầu hạnh phúc. Lời bất hủ ấy ở trong bản Tuyên ngôn độc lập 4/7/1776 của nước Mỹ.","tạo hóa cho họ những quyền không ai có thể xâm phạm được; trong những quyền ấy, có quyền được sống, quyền tự do và quyền mưu cầu hạnh phúc. Lời bất hủ ấy ở trong bản Tuyên ngôn độc lập 4/7/1776 của nước Mỹ.",0,rule_based,deterministic-rule-baseline-precomputed,analysis_csv,0.0,identity,ok
vi-zh-2022-test-0162,他们应享有天赋的不可侵犯的权利，这是1776年7月4日公布的《美国独立宣言》中的不朽名句，从广义上说，这句话的意思是全世界的各个民族生来就是平等的，无论哪一个民族都有求生存、享受安乐与自由的权利。,"tạo hóa cho họ những quyền không ai có thể xâm phạm được; trong những quyền ấy, có quyền được sống, quyền tự do và quyền mưu cầu hạnh phúc. Lời bất hủ ấy ở trong bản Tuyên ngôn độc lập 4/7/1776 của nước Mỹ.","tao hóa cho họ những quyền không ai có thể xâm phạm được; trong những quyền ấy, có quyền được sống, quyền tự do và quyền mưu cầu hạnh phúc. Lời bất hủ ấy ở trong bản Tuyên ngôn độc lập 4/7/1776 của nước Mỹ.",1,rule_based,deterministic-rule-baseline-precomputed,analysis_csv,0.0,remove_one_tone,ok
vi-zh-2022-test-0162,他们应享有天赋的不可侵犯的权利，这是1776年7月4日公布的《美国独立宣言》中的不朽名句，从广义上说，这句话的意思是全世界的各个民族生来就是平等的，无论哪一个民族都有求生存、享受安乐与自由的权利。,"tạo hóa cho họ những quyền không ai có thể xâm phạm được; trong những quyền ấy, có quyền được sống, quyền tự do và quyền mưu cầu hạnh phúc. Lời bất hủ ấy ở trong bản Tuyên ngôn độc lập 4/7/1776 của nước Mỹ.","tao hoa cho ho nhung quyen khong ai co the xam pham đuoc; trong nhung quyen ay, co quyen đuoc song, quyen do va quyen muu cau hanh phuc. Loi bat hu ay o trong ban Tuyen ngon đoc lap 4/7/1776 cua nuoc My.",2,rule_based,deterministic-rule-baseline-precomputed,analysis_csv,0.0,remove_tones_and_drop_one_word,ok
vi-zh-2022-test-0162,他们应享有天赋的不可侵犯的权利，这是1776年7月4日公布的《美国独立宣言》中的不朽名句，从广义上说，这句话的意思是全世界的各个民族生来就是平等的，无论哪一个民族都有求生存、享受安乐与自由的权利。,"tạo hóa cho họ những quyền không ai có thể xâm phạm được; trong những quyền ấy, có quyền được sống, quyền tự do và quyền mưu cầu hạnh phúc. Lời bất hủ ấy ở trong bản Tuyên ngôn độc lập 4/7/1776 của nước Mỹ.","hóa cho họ những quyền không ai thể xâm phạm được; những quyền ấy, có quyền được sống, quyền tự do và cầu hạnh phúc. Lời bất hủ ấy ở trong ngôn độc lập 4/7/1776 của nước Mỹ.",3,rule_based,deterministic-rule-baseline-precomputed,analysis_csv,0.0,word_dropout_15pct,ok
vi-zh-2022-test-0162,他们应享有天赋的不可侵犯的权利，这是1776年7月4日公布的《美国独立宣言》中的不朽名句，从广义上说，这句话的意思是全世界的各个民族生来就是平等的，无论哪一个民族都有求生存、享受安乐与自由的权利。,"tạo hóa cho họ những quyền không ai có thể xâm phạm được; trong những quyền ấy, có quyền được sống, quyền tự do và quyền mưu cầu hạnh phúc. Lời bất hủ ấy ở trong bản Tuyên ngôn độc lập 4/7/1776 của nước Mỹ.","họ không những ai có thể phạm được; ấy, có được quyền tự và quyền mưu hạnh phúc. Lời hủ ấy ở bản Tuyên ngôn độc lập 4/7/1776 của nước Mỹ.",4,rule_based,deterministic-rule-baseline-precomputed,analysis_csv,0.0,word_dropout_30pct_and_swap,ok
vi-zh-2022-test-0162,他们应享有天赋的不可侵犯的权利，这是1776年7月4日公布的《美国独立宣言》中的不朽名句，从广义上说，这句话的意思是全世界的各个民族生来就是平等的，无论哪一个民族都有求生存、享受安乐与自由的权利。,"tạo hóa cho họ những quyền không ai có thể xâm phạm được; trong những quyền ấy, có quyền được sống, quyền tự do và quyền mưu cầu hạnh phúc. Lời bất hủ ấy ở trong bản Tuyên ngôn độc lập 4/7/1776 của nước Mỹ.",hóa cho những quyền không thể xâm phạm trong những quyền quyền sống do mưu cầu ở trong bản ngôn 4/7/1776 của,5,rule_based,deterministic-rule-baseline-precomputed,analysis_csv,0.0,word_dropout_50pct_and_punctuation_remove,ok
vi-zh-2022-test-0163,胡志明主席援引世界第一强国——美国《独立宣言》中的人权内容作为其论点的基础，使之成为民族权利观。,"Chủ tịch Hồ Chí Minh trích dẫn nội dung về quyền con người trong Tuyên ngôn độc lập của cường quốc số một thế giới là Mỹ, để làm căn cứ cho lập luận của mình, phát triển thành quan điểm về quyền dân tộc.","Chủ tịch Hồ Chí Minh trích dẫn nội dung về quyền con người trong Tuyên ngôn độc lập của cường quốc số một thế giới là Mỹ, để làm căn cứ cho lập luận của mình, phát triển thành quan điểm về quyền dân tộc.",0,rule_based,deterministic-rule-baseline-precomputed,analysis_csv,0.0,identity,ok
vi-zh-2022-test-0163,胡志明主席援引世界第一强国——美国《独立宣言》中的人权内容作为其论点的基础，使之成为民族权利观。,"Chủ tịch Hồ Chí Minh trích dẫn nội dung về quyền con người trong Tuyên ngôn độc lập của cường quốc số một thế giới là Mỹ, để làm căn cứ cho lập luận của mình, phát triển thành quan điểm về quyền dân tộc.","Chu tịch Hồ Chí Minh trích dẫn nội dung về quyền con người trong Tuyên ngôn độc lập của cường quốc số một thế giới là Mỹ, để làm căn cứ cho lập luận của mình, phát triển thành quan điểm về quyền dân tộc.",1,rule_based,deterministic-rule-baseline-precomputed,analysis_csv,0.0,remove_one_tone,ok
vi-zh-2022-test-0163,胡志明主席援引世界第一强国——美国《独立宣言》中的人权内容作为其论点的基础，使之成为民族权利观。,"Chủ tịch Hồ Chí Minh trích dẫn nội dung về quyền con người trong Tuyên ngôn độc lập của cường quốc số một thế giới là Mỹ, để làm căn cứ cho lập luận của mình, phát triển thành quan điểm về quyền dân tộc.","Chu tich Ho Chi Minh trich dan noi dung ve quyen con nguoi trong Tuyen ngon đoc lap cua cuong quoc so the gioi la My, đe lam can cu cho lap luan cua minh, phat trien thanh quan điem ve quyen dan toc.",2,rule_based,deterministic-rule-baseline-precomputed,analysis_csv,0.0,remove_tones_and_drop_one_word,ok
vi-zh-2022-test-0163,胡志明主席援引世界第一强国——美国《独立宣言》中的人权内容作为其论点的基础，使之成为民族权利观。,"Chủ tịch Hồ Chí Minh trích dẫn nội dung về quyền con người trong Tuyên ngôn độc lập của cường quốc số một thế giới là Mỹ, để làm căn cứ cho lập luận của mình, phát triển thành quan điểm về quyền dân tộc.","Chủ Hồ Chí Minh trích dẫn nội dung về con người Tuyên độc lập của cường số một thế giới là Mỹ, để làm căn cứ lập luận của phát triển thành quan điểm về quyền dân tộc.",3,rule_based,deterministic-rule-baseline-precomputed,analysis_csv,0.0,word_dropout_15pct,ok
vi-zh-2022-test-0163,胡志明主席援引世界第一强国——美国《独立宣言》中的人权内容作为其论点的基础，使之成为民族权利观。,"Chủ tịch Hồ Chí Minh trích dẫn nội dung về quyền con người trong Tuyên ngôn độc lập của cường quốc số một thế giới là Mỹ, để làm căn cứ cho lập luận của mình, phát triển thành quan điểm về quyền dân tộc.","Chủ Hồ tịch Chí Minh trích dẫn nội về quyền con trong Tuyên ngôn của cường quốc thế giới Mỹ, để làm luận của mình, phát thành quan điểm về quyền",4,rule_based,deterministic-rule-baseline-precomputed,analysis_csv,0.0,word_dropout_30pct_and_swap,ok
vi-zh-2022-test-0163,胡志明主席援引世界第一强国——美国《独立宣言》中的人权内容作为其论点的基础，使之成为民族权利观。,"Chủ tịch Hồ Chí Minh trích dẫn nội dung về quyền con người trong Tuyên ngôn độc lập của cường quốc số một thế giới là Mỹ, để làm căn cứ cho lập luận của mình, phát triển thành quan điểm về quyền dân tộc.",Chủ tịch Hồ Minh nội dung quyền trong Tuyên của quốc giới là căn cứ cho của mình thành quan về tộc,5,rule_based,deterministic-rule-baseline-precomputed,analysis_csv,0.0,word_dropout_50pct_and_punctuation_remove,ok
vi-zh-2022-test-0164,这就是《独立宣言》的亮点。”,"Đây là điểm nổi bật của bản ""Tuyên ngôn độc lập""","Đây là điểm nổi bật của bản ""Tuyên ngôn độc lập""",0,rule_based,deterministic-rule-baseline-precomputed,analysis_csv,0.0,identity,ok
vi-zh-2022-test-0164,这就是《独立宣言》的亮点。”,"Đây là điểm nổi bật của bản ""Tuyên ngôn độc lập""","Đay là điểm nổi bật của bản ""Tuyên ngôn độc lập""",1,rule_based,deterministic-rule-baseline-precomputed,analysis_csv,0.0,remove_one_tone,ok
vi-zh-2022-test-0164,这就是《独立宣言》的亮点。”,"Đây là điểm nổi bật của bản ""Tuyên ngôn độc lập""","Đay la điem noi bat ban ""Tuyen ngon đoc lap""",2,rule_based,deterministic-rule-baseline-precomputed,analysis_csv,0.0,remove_tones_and_drop_one_word,ok
vi-zh-2022-test-0164,这就是《独立宣言》的亮点。”,"Đây là điểm nổi bật của bản ""Tuyên ngôn độc lập""","Đây là điểm bật của bản ""Tuyên ngôn độc",3,rule_based,deterministic-rule-baseline-precomputed,analysis_csv,0.0,word_dropout_15pct,ok
vi-zh-2022-test-0164,这就是《独立宣言》的亮点。”,"Đây là điểm nổi bật của bản ""Tuyên ngôn độc lập""","Đây điểm là của bản ""Tuyên độc lập""",4,rule_based,deterministic-rule-baseline-precomputed,analysis_csv,0.0,word_dropout_30pct_and_swap,ok
vi-zh-2022-test-0164,这就是《独立宣言》的亮点。”,"Đây là điểm nổi bật của bản ""Tuyên ngôn độc lập""","Đây điểm nổi của độc lập""",5,rule_based,deterministic-rule-baseline-precomputed,analysis_csv,0.0,word_dropout_50pct_and_punctuation_remove,ok
vi-zh-2022-test-0165,几十年来，世界和地区在国防、安全、经济、政治、外交、文化等各个领域的格局发生了巨大变化。,"Trong những thập niên qua, cục diện khu vực và toàn thế giới có nhiều biến động lớn, diễn ra trên hầu hết các lĩnh vực quốc phòng, an ninh, kinh tế, chính trị, ngoại giao, văn hóa….","Trong những thập niên qua, cục diện khu vực và toàn thế giới có nhiều biến động lớn, diễn ra trên hầu hết các lĩnh vực quốc phòng, an ninh, kinh tế, chính trị, ngoại giao, văn hóa….",0,rule_based,deterministic-rule-baseline-precomputed,analysis_csv,0.0,identity,ok
vi-zh-2022-test-0165,几十年来，世界和地区在国防、安全、经济、政治、外交、文化等各个领域的格局发生了巨大变化。,"Trong những thập niên qua, cục diện khu vực và toàn thế giới có nhiều biến động lớn, diễn ra trên hầu hết các lĩnh vực quốc phòng, an ninh, kinh tế, chính trị, ngoại giao, văn hóa….","Trong nhung thập niên qua, cục diện khu vực và toàn thế giới có nhiều biến động lớn, diễn ra trên hầu hết các lĩnh vực quốc phòng, an ninh, kinh tế, chính trị, ngoại giao, văn hóa….",1,rule_based,deterministic-rule-baseline-precomputed,analysis_csv,0.0,remove_one_tone,ok
vi-zh-2022-test-0165,几十年来，世界和地区在国防、安全、经济、政治、外交、文化等各个领域的格局发生了巨大变化。,"Trong những thập niên qua, cục diện khu vực và toàn thế giới có nhiều biến động lớn, diễn ra trên hầu hết các lĩnh vực quốc phòng, an ninh, kinh tế, chính trị, ngoại giao, văn hóa….","Trong nhung thap nien qua, cuc dien khu vuc va toan the gioi co nhieu bien đong lon, dien tren hau het cac linh vuc quoc phong, an ninh, kinh te, chinh tri, ngoai giao, van hoa….",2,rule_based,deterministic-rule-baseline-precomputed,analysis_csv,0.0,remove_tones_and_drop_one_word,ok
vi-zh-2022-test-0165,几十年来，世界和地区在国防、安全、经济、政治、外交、文化等各个领域的格局发生了巨大变化。,"Trong những thập niên qua, cục diện khu vực và toàn thế giới có nhiều biến động lớn, diễn ra trên hầu hết các lĩnh vực quốc phòng, an ninh, kinh tế, chính trị, ngoại giao, văn hóa….","Trong những thập niên qua, cục diện và toàn thế giới có nhiều biến động lớn, diễn ra trên hầu các lĩnh vực quốc phòng, an kinh tế, chính trị, ngoại giao,",3,rule_based,deterministic-rule-baseline-precomputed,analysis_csv,0.0,word_dropout_15pct,ok
vi-zh-2022-test-0165,几十年来，世界和地区在国防、安全、经济、政治、外交、文化等各个领域的格局发生了巨大变化。,"Trong những thập niên qua, cục diện khu vực và toàn thế giới có nhiều biến động lớn, diễn ra trên hầu hết các lĩnh vực quốc phòng, an ninh, kinh tế, chính trị, ngoại giao, văn hóa….","những niên thập cục diện khu vực và thế có nhiều biến động ra trên hầu hết vực quốc phòng, ninh, kinh chính trị, giao, văn hóa….",4,rule_based,deterministic-rule-baseline-precomputed,analysis_csv,0.0,word_dropout_30pct_and_swap,ok
vi-zh-2022-test-0165,几十年来，世界和地区在国防、安全、经济、政治、外交、文化等各个领域的格局发生了巨大变化。,"Trong những thập niên qua, cục diện khu vực và toàn thế giới có nhiều biến động lớn, diễn ra trên hầu hết các lĩnh vực quốc phòng, an ninh, kinh tế, chính trị, ngoại giao, văn hóa….",thập niên qua cục vực và toàn giới có động ra trên lĩnh vực quốc kinh tế chính văn,5,rule_based,deterministic-rule-baseline-precomputed,analysis_csv,0.0,word_dropout_50pct_and_punctuation_remove,ok
vi-zh-2022-test-0166,这体现了胡志明主席的现实眼光和宽广的历史视野。,Điều này thể hiện tầm nhìn thực tế và tầm nhìn lịch sử rộng lớn của Chủ tịch Hồ Chí Minh,Điều này thể hiện tầm nhìn thực tế và tầm nhìn lịch sử rộng lớn của Chủ tịch Hồ Chí Minh,0,rule_based,deterministic-rule-baseline-precomputed,analysis_csv,0.0,identity,ok
vi-zh-2022-test-0166,这体现了胡志明主席的现实眼光和宽广的历史视野。,Điều này thể hiện tầm nhìn thực tế và tầm nhìn lịch sử rộng lớn của Chủ tịch Hồ Chí Minh,Đieu này thể hiện tầm nhìn thực tế và tầm nhìn lịch sử rộng lớn của Chủ tịch Hồ Chí Minh,1,rule_based,deterministic-rule-baseline-precomputed,analysis_csv,0.0,remove_one_tone,ok
vi-zh-2022-test-0166,这体现了胡志明主席的现实眼光和宽广的历史视野。,Điều này thể hiện tầm nhìn thực tế và tầm nhìn lịch sử rộng lớn của Chủ tịch Hồ Chí Minh,Đieu nay the hien tam nhin thuc te va tam lich su rong lon cua Chu tich Ho Chi Minh,2,rule_based,deterministic-rule-baseline-precomputed,analysis_csv,0.0,remove_tones_and_drop_one_word,ok
vi-zh-2022-test-0166,这体现了胡志明主席的现实眼光和宽广的历史视野。,Điều này thể hiện tầm nhìn thực tế và tầm nhìn lịch sử rộng lớn của Chủ tịch Hồ Chí Minh,Điều này thể tầm nhìn thực tế và tầm nhìn lịch sử lớn của Chủ Hồ Chí Minh,3,rule_based,deterministic-rule-baseline-precomputed,analysis_csv,0.0,word_dropout_15pct,ok
vi-zh-2022-test-0166,这体现了胡志明主席的现实眼光和宽广的历史视野。,Điều này thể hiện tầm nhìn thực tế và tầm nhìn lịch sử rộng lớn của Chủ tịch Hồ Chí Minh,Điều thể này hiện tầm nhìn và tầm lịch sử lớn của tịch Hồ Chí,4,rule_based,deterministic-rule-baseline-precomputed,analysis_csv,0.0,word_dropout_30pct_and_swap,ok
vi-zh-2022-test-0166,这体现了胡志明主席的现实眼光和宽广的历史视野。,Điều này thể hiện tầm nhìn thực tế và tầm nhìn lịch sử rộng lớn của Chủ tịch Hồ Chí Minh,Điều tầm thực tế và tầm rộng của Chí Minh,5,rule_based,deterministic-rule-baseline-precomputed,analysis_csv,0.0,word_dropout_50pct_and_punctuation_remove,ok
vi-zh-2022-test-0167,无论如何也要捍卫国家的独立和自由。”,"Bằng bất cứ giá nào cũng phải giữ cho được độc lập, tự do của đất nước”.","Bằng bất cứ giá nào cũng phải giữ cho được độc lập, tự do của đất nước”.",0,rule_based,deterministic-rule-baseline-precomputed,analysis_csv,0.0,identity,ok
vi-zh-2022-test-0167,无论如何也要捍卫国家的独立和自由。”,"Bằng bất cứ giá nào cũng phải giữ cho được độc lập, tự do của đất nước”.","Bang bất cứ giá nào cũng phải giữ cho được độc lập, tự do của đất nước”.",1,rule_based,deterministic-rule-baseline-precomputed,analysis_csv,0.0,remove_one_tone,ok
vi-zh-2022-test-0167,无论如何也要捍卫国家的独立和自由。”,"Bằng bất cứ giá nào cũng phải giữ cho được độc lập, tự do của đất nước”.","Bang bat cu gia nao cung phai giu đuoc đoc lap, tu do cua đat nuoc”.",2,rule_based,deterministic-rule-baseline-precomputed,analysis_csv,0.0,remove_tones_and_drop_one_word,ok
vi-zh-2022-test-0167,无论如何也要捍卫国家的独立和自由。”,"Bằng bất cứ giá nào cũng phải giữ cho được độc lập, tự do của đất nước”.","Bằng bất cứ nào phải cho được độc lập, tự do của đất nước”.",3,rule_based,deterministic-rule-baseline-precomputed,analysis_csv,0.0,word_dropout_15pct,ok
vi-zh-2022-test-0167,无论如何也要捍卫国家的独立和自由。”,"Bằng bất cứ giá nào cũng phải giữ cho được độc lập, tự do của đất nước”.",Bằng cứ bất giá nào phải cho được do của đất nước”.,4,rule_based,deterministic-rule-baseline-precomputed,analysis_csv,0.0,word_dropout_30pct_and_swap,ok
vi-zh-2022-test-0167,无论如何也要捍卫国家的独立和自由。”,"Bằng bất cứ giá nào cũng phải giữ cho được độc lập, tự do của đất nước”.",giá nào phải giữ cho độc lập nước”,5,rule_based,deterministic-rule-baseline-precomputed,analysis_csv,0.0,word_dropout_50pct_and_punctuation_remove,ok
vi-zh-2022-test-0168,反映客观真理，激发渴望，追随进步社会的共同理想，这是包容性的理想，也是1945年9月2日的《独立宣言》至今仍保持原有价值和生命力的最大源泉。,"Phản ánh sự thật khách quan, khơi dậy khát vọng và đáp ứng lý tưởng chung của xã hội tiến bộ, đó chính là lý tưởng bao trùm nhất, là nguồn năng lượng vô tận để Tuyên ngôn độc lập 2/9/1945 cho đến hôm nay vẫn còn nguyên sức sống và vẹn nguyên giá trị.","Phản ánh sự thật khách quan, khơi dậy khát vọng và đáp ứng lý tưởng chung của xã hội tiến bộ, đó chính là lý tưởng bao trùm nhất, là nguồn năng lượng vô tận để Tuyên ngôn độc lập 2/9/1945 cho đến hôm nay vẫn còn nguyên sức sống và vẹn nguyên giá trị.",0,rule_based,deterministic-rule-baseline-precomputed,analysis_csv,0.0,identity,ok
vi-zh-2022-test-0168,反映客观真理，激发渴望，追随进步社会的共同理想，这是包容性的理想，也是1945年9月2日的《独立宣言》至今仍保持原有价值和生命力的最大源泉。,"Phản ánh sự thật khách quan, khơi dậy khát vọng và đáp ứng lý tưởng chung của xã hội tiến bộ, đó chính là lý tưởng bao trùm nhất, là nguồn năng lượng vô tận để Tuyên ngôn độc lập 2/9/1945 cho đến hôm nay vẫn còn nguyên sức sống và vẹn nguyên giá trị.","Phan ánh sự thật khách quan, khơi dậy khát vọng và đáp ứng lý tưởng chung của xã hội tiến bộ, đó chính là lý tưởng bao trùm nhất, là nguồn năng lượng vô tận để Tuyên ngôn độc lập 2/9/1945 cho đến hôm nay vẫn còn nguyên sức sống và vẹn nguyên giá trị.",1,rule_based,deterministic-rule-baseline-precomputed,analysis_csv,0.0,remove_one_tone,ok
vi-zh-2022-test-0168,反映客观真理，激发渴望，追随进步社会的共同理想，这是包容性的理想，也是1945年9月2日的《独立宣言》至今仍保持原有价值和生命力的最大源泉。,"Phản ánh sự thật khách quan, khơi dậy khát vọng và đáp ứng lý tưởng chung của xã hội tiến bộ, đó chính là lý tưởng bao trùm nhất, là nguồn năng lượng vô tận để Tuyên ngôn độc lập 2/9/1945 cho đến hôm nay vẫn còn nguyên sức sống và vẹn nguyên giá trị.","Phan anh su that khach quan, khoi day khat vong va đap ung ly tuong chung cua xa hoi tien bo, đo chinh la ly tuong bao nhat, la nguon nang luong vo tan đe Tuyen ngon đoc lap 2/9/1945 cho đen hom nay van con nguyen suc song va ven nguyen gia tri.",2,rule_based,deterministic-rule-baseline-precomputed,analysis_csv,0.0,remove_tones_and_drop_one_word,ok
vi-zh-2022-test-0168,反映客观真理，激发渴望，追随进步社会的共同理想，这是包容性的理想，也是1945年9月2日的《独立宣言》至今仍保持原有价值和生命力的最大源泉。,"Phản ánh sự thật khách quan, khơi dậy khát vọng và đáp ứng lý tưởng chung của xã hội tiến bộ, đó chính là lý tưởng bao trùm nhất, là nguồn năng lượng vô tận để Tuyên ngôn độc lập 2/9/1945 cho đến hôm nay vẫn còn nguyên sức sống và vẹn nguyên giá trị.","Phản ánh sự thật khách khơi khát vọng và đáp ứng lý tưởng của xã hội tiến bộ, đó chính lý tưởng bao trùm là nguồn năng lượng vô tận để Tuyên ngôn độc lập cho hôm nay vẫn còn nguyên sống và vẹn nguyên giá trị.",3,rule_based,deterministic-rule-baseline-precomputed,analysis_csv,0.0,word_dropout_15pct,ok
vi-zh-2022-test-0168,反映客观真理，激发渴望，追随进步社会的共同理想，这是包容性的理想，也是1945年9月2日的《独立宣言》至今仍保持原有价值和生命力的最大源泉。,"Phản ánh sự thật khách quan, khơi dậy khát vọng và đáp ứng lý tưởng chung của xã hội tiến bộ, đó chính là lý tưởng bao trùm nhất, là nguồn năng lượng vô tận để Tuyên ngôn độc lập 2/9/1945 cho đến hôm nay vẫn còn nguyên sức sống và vẹn nguyên giá trị.","Phản sự ánh thật quan, khơi vọng và lý tưởng chung của xã hội tiến bộ, đó chính là tưởng bao nhất, nguồn vô tận để Tuyên ngôn cho đến hôm nay vẫn còn nguyên sống vẹn giá",4,rule_based,deterministic-rule-baseline-precomputed,analysis_csv,0.0,word_dropout_30pct_and_swap,ok
vi-zh-2022-test-0168,反映客观真理，激发渴望，追随进步社会的共同理想，这是包容性的理想，也是1945年9月2日的《独立宣言》至今仍保持原有价值和生命力的最大源泉。,"Phản ánh sự thật khách quan, khơi dậy khát vọng và đáp ứng lý tưởng chung của xã hội tiến bộ, đó chính là lý tưởng bao trùm nhất, là nguồn năng lượng vô tận để Tuyên ngôn độc lập 2/9/1945 cho đến hôm nay vẫn còn nguyên sức sống và vẹn nguyên giá trị.",ánh sự quan khơi dậy vọng đáp lý chung của hội tiến bộ đó lý trùm nhất là lượng vô tận độc 2/9/1945 cho đến hôm và trị,5,rule_based,deterministic-rule-baseline-precomputed,analysis_csv,0.0,word_dropout_50pct_and_punctuation_remove,ok
vi-zh-2022-test-0169,上述举措再次彰显越南民族相亲相爱传统，巩固民族大团结精神。,"Những điều này đã một lần nữa tô thắm truyền thống nhân ái, thương người như thể thương thân và củng cố thêm tinh thần đại đoàn kết của dân tộc Việt Nam.","Những điều này đã một lần nữa tô thắm truyền thống nhân ái, thương người như thể thương thân và củng cố thêm tinh thần đại đoàn kết của dân tộc Việt Nam.",0,rule_based,deterministic-rule-baseline-precomputed,analysis_csv,0.0,identity,ok
vi-zh-2022-test-0169,上述举措再次彰显越南民族相亲相爱传统，巩固民族大团结精神。,"Những điều này đã một lần nữa tô thắm truyền thống nhân ái, thương người như thể thương thân và củng cố thêm tinh thần đại đoàn kết của dân tộc Việt Nam.","Nhung điều này đã một lần nữa tô thắm truyền thống nhân ái, thương người như thể thương thân và củng cố thêm tinh thần đại đoàn kết của dân tộc Việt Nam.",1,rule_based,deterministic-rule-baseline-precomputed,analysis_csv,0.0,remove_one_tone,ok
vi-zh-2022-test-0169,上述举措再次彰显越南民族相亲相爱传统，巩固民族大团结精神。,"Những điều này đã một lần nữa tô thắm truyền thống nhân ái, thương người như thể thương thân và củng cố thêm tinh thần đại đoàn kết của dân tộc Việt Nam.","Nhung đieu nay đa mot lan nua to tham truyen thong nhan ai, thuong nguoi nhu thuong than va cung co them tinh than đai đoan ket cua dan toc Viet Nam.",2,rule_based,deterministic-rule-baseline-precomputed,analysis_csv,0.0,remove_tones_and_drop_one_word,ok
vi-zh-2022-test-0169,上述举措再次彰显越南民族相亲相爱传统，巩固民族大团结精神。,"Những điều này đã một lần nữa tô thắm truyền thống nhân ái, thương người như thể thương thân và củng cố thêm tinh thần đại đoàn kết của dân tộc Việt Nam.","Những điều này lần nữa tô thắm truyền thống ái, thương người thể thương thân và củng thêm tinh thần đại đoàn kết của dân tộc Việt Nam.",3,rule_based,deterministic-rule-baseline-precomputed,analysis_csv,0.0,word_dropout_15pct,ok
vi-zh-2022-test-0169,上述举措再次彰显越南民族相亲相爱传统，巩固民族大团结精神。,"Những điều này đã một lần nữa tô thắm truyền thống nhân ái, thương người như thể thương thân và củng cố thêm tinh thần đại đoàn kết của dân tộc Việt Nam.","Những này điều đã lần nữa tô thắm truyền ái, thương người như thương và cố tinh đoàn kết của tộc Việt Nam.",4,rule_based,deterministic-rule-baseline-precomputed,analysis_csv,0.0,word_dropout_30pct_and_swap,ok
vi-zh-2022-test-0169,上述举措再次彰显越南民族相亲相爱传统，巩固民族大团结精神。,"Những điều này đã một lần nữa tô thắm truyền thống nhân ái, thương người như thể thương thân và củng cố thêm tinh thần đại đoàn kết của dân tộc Việt Nam.",Những đã một thắm nhân ái thương người như thương thân thêm kết của dân Việt,5,rule_based,deterministic-rule-baseline-precomputed,analysis_csv,0.0,word_dropout_50pct_and_punctuation_remove,ok
vi-zh-2022-test-0170,面对上述现实，一些人却在网络空间非人道的加以歪曲抹黑。,"Trước thực tế nêu trên, trên không gian mạng, nhiều người đã cố tình bôi bẩn bức tranh đẹp ấy bằng những luận điệu xuyên tạc phi nhân tính.","Trước thực tế nêu trên, trên không gian mạng, nhiều người đã cố tình bôi bẩn bức tranh đẹp ấy bằng những luận điệu xuyên tạc phi nhân tính.",0,rule_based,deterministic-rule-baseline-precomputed,analysis_csv,0.0,identity,ok
vi-zh-2022-test-0170,面对上述现实，一些人却在网络空间非人道的加以歪曲抹黑。,"Trước thực tế nêu trên, trên không gian mạng, nhiều người đã cố tình bôi bẩn bức tranh đẹp ấy bằng những luận điệu xuyên tạc phi nhân tính.","Truoc thực tế nêu trên, trên không gian mạng, nhiều người đã cố tình bôi bẩn bức tranh đẹp ấy bằng những luận điệu xuyên tạc phi nhân tính.",1,rule_based,deterministic-rule-baseline-precomputed,analysis_csv,0.0,remove_one_tone,ok
vi-zh-2022-test-0170,面对上述现实，一些人却在网络空间非人道的加以歪曲抹黑。,"Trước thực tế nêu trên, trên không gian mạng, nhiều người đã cố tình bôi bẩn bức tranh đẹp ấy bằng những luận điệu xuyên tạc phi nhân tính.","Truoc thuc te neu tren, tren khong gian mang, nhieu nguoi đa co tinh ban buc tranh đep ay bang nhung luan đieu xuyen tac phi nhan tinh.",2,rule_based,deterministic-rule-baseline-precomputed,analysis_csv,0.0,remove_tones_and_drop_one_word,ok
vi-zh-2022-test-0170,面对上述现实，一些人却在网络空间非人道的加以歪曲抹黑。,"Trước thực tế nêu trên, trên không gian mạng, nhiều người đã cố tình bôi bẩn bức tranh đẹp ấy bằng những luận điệu xuyên tạc phi nhân tính.","Trước thực tế nêu trên, không gian mạng, nhiều người đã cố tình bẩn tranh ấy bằng những luận điệu xuyên tạc phi nhân tính.",3,rule_based,deterministic-rule-baseline-precomputed,analysis_csv,0.0,word_dropout_15pct,ok
vi-zh-2022-test-0170,面对上述现实，一些人却在网络空间非人道的加以歪曲抹黑。,"Trước thực tế nêu trên, trên không gian mạng, nhiều người đã cố tình bôi bẩn bức tranh đẹp ấy bằng những luận điệu xuyên tạc phi nhân tính.","Trước nêu tế trên không gian mạng, đã cố tình bôi bẩn bức đẹp bằng những luận điệu xuyên nhân",4,rule_based,deterministic-rule-baseline-precomputed,analysis_csv,0.0,word_dropout_30pct_and_swap,ok
vi-zh-2022-test-0170,面对上述现实，一些人却在网络空间非人道的加以歪曲抹黑。,"Trước thực tế nêu trên, trên không gian mạng, nhiều người đã cố tình bôi bẩn bức tranh đẹp ấy bằng những luận điệu xuyên tạc phi nhân tính.",tế nêu trên trên không gian mạng nhiều người tình những luận tạc nhân,5,rule_based,deterministic-rule-baseline-precomputed,analysis_csv,0.0,word_dropout_50pct_and_punctuation_remove,ok
vi-zh-2022-test-0171,此外，在胡志明市及南部各省疫情严峻，政府决定在上述地方实施更严格社交距离措施的背景下，自由亚洲电台、法国国际广播电台、英国广播公司等却发文抨击越南防疫措施，认为这是错误、反科学的做法。,"Hơn thế nữa, trước diễn biến phức tạp của dịch COVID-19 tại các tỉnh phía Nam, đặc biệt là tại thành phố Hồ Chí Minh, khi Chính phủ quyết định việc thực hiện giãn cách ở mức độ cao hơn ở các địa phương này, thì một số trang mạng như: RFA, RFI, BBC và hệ thống truyền thông hải ngoại, phản động đã đăng các bài viết phê phán cách thức, biện pháp phòng, chống dịch của Việt Nam, cho rằng đó là “biện pháp sai lầm, phi khoa học”.","Hơn thế nữa, trước diễn biến phức tạp của dịch COVID-19 tại các tỉnh phía Nam, đặc biệt là tại thành phố Hồ Chí Minh, khi Chính phủ quyết định việc thực hiện giãn cách ở mức độ cao hơn ở các địa phương này, thì một số trang mạng như: RFA, RFI, BBC và hệ thống truyền thông hải ngoại, phản động đã đăng các bài viết phê phán cách thức, biện pháp phòng, chống dịch của Việt Nam, cho rằng đó là “biện pháp sai lầm, phi khoa học”.",0,rule_based,deterministic-rule-baseline-precomputed,analysis_csv,0.0,identity,ok
vi-zh-2022-test-0171,此外，在胡志明市及南部各省疫情严峻，政府决定在上述地方实施更严格社交距离措施的背景下，自由亚洲电台、法国国际广播电台、英国广播公司等却发文抨击越南防疫措施，认为这是错误、反科学的做法。,"Hơn thế nữa, trước diễn biến phức tạp của dịch COVID-19 tại các tỉnh phía Nam, đặc biệt là tại thành phố Hồ Chí Minh, khi Chính phủ quyết định việc thực hiện giãn cách ở mức độ cao hơn ở các địa phương này, thì một số trang mạng như: RFA, RFI, BBC và hệ thống truyền thông hải ngoại, phản động đã đăng các bài viết phê phán cách thức, biện pháp phòng, chống dịch của Việt Nam, cho rằng đó là “biện pháp sai lầm, phi khoa học”.","Hon thế nữa, trước diễn biến phức tạp của dịch COVID-19 tại các tỉnh phía Nam, đặc biệt là tại thành phố Hồ Chí Minh, khi Chính phủ quyết định việc thực hiện giãn cách ở mức độ cao hơn ở các địa phương này, thì một số trang mạng như: RFA, RFI, BBC và hệ thống truyền thông hải ngoại, phản động đã đăng các bài viết phê phán cách thức, biện pháp phòng, chống dịch của Việt Nam, cho rằng đó là “biện pháp sai lầm, phi khoa học”.",1,rule_based,deterministic-rule-baseline-precomputed,analysis_csv,0.0,remove_one_tone,ok
vi-zh-2022-test-0171,此外，在胡志明市及南部各省疫情严峻，政府决定在上述地方实施更严格社交距离措施的背景下，自由亚洲电台、法国国际广播电台、英国广播公司等却发文抨击越南防疫措施，认为这是错误、反科学的做法。,"Hơn thế nữa, trước diễn biến phức tạp của dịch COVID-19 tại các tỉnh phía Nam, đặc biệt là tại thành phố Hồ Chí Minh, khi Chính phủ quyết định việc thực hiện giãn cách ở mức độ cao hơn ở các địa phương này, thì một số trang mạng như: RFA, RFI, BBC và hệ thống truyền thông hải ngoại, phản động đã đăng các bài viết phê phán cách thức, biện pháp phòng, chống dịch của Việt Nam, cho rằng đó là “biện pháp sai lầm, phi khoa học”.","Hon the nua, truoc dien bien phuc tap cua dich COVID-19 tai cac tinh phia Nam, đac biet la tai thanh pho Ho Chi Minh, khi Chinh phu quyet đinh viec thuc hien gian cach o muc đo cao hon o cac đia phuong nay, mot so trang mang nhu: RFA, RFI, BBC va he thong truyen thong hai ngoai, phan đong đa đang cac bai viet phe phan cach thuc, bien phap phong, chong dich cua Viet Nam, cho rang đo la “bien phap sai lam, phi khoa hoc”.",2,rule_based,deterministic-rule-baseline-precomputed,analysis_csv,0.0,remove_tones_and_drop_one_word,ok
vi-zh-2022-test-0171,此外，在胡志明市及南部各省疫情严峻，政府决定在上述地方实施更严格社交距离措施的背景下，自由亚洲电台、法国国际广播电台、英国广播公司等却发文抨击越南防疫措施，认为这是错误、反科学的做法。,"Hơn thế nữa, trước diễn biến phức tạp của dịch COVID-19 tại các tỉnh phía Nam, đặc biệt là tại thành phố Hồ Chí Minh, khi Chính phủ quyết định việc thực hiện giãn cách ở mức độ cao hơn ở các địa phương này, thì một số trang mạng như: RFA, RFI, BBC và hệ thống truyền thông hải ngoại, phản động đã đăng các bài viết phê phán cách thức, biện pháp phòng, chống dịch của Việt Nam, cho rằng đó là “biện pháp sai lầm, phi khoa học”.","Hơn thế nữa, trước diễn biến phức tạp của COVID-19 các tỉnh phía Nam, đặc biệt là tại thành Hồ Chí Minh, khi Chính phủ quyết định thực hiện giãn cách ở mức độ ở các địa phương này, một số trang RFA, RFI, BBC và thống hải ngoại, phản động đã đăng các bài viết phê phán cách thức, biện pháp phòng, chống dịch của Nam, cho đó là “biện pháp sai lầm, phi khoa học”.",3,rule_based,deterministic-rule-baseline-precomputed,analysis_csv,0.0,word_dropout_15pct,ok
vi-zh-2022-test-0171,此外，在胡志明市及南部各省疫情严峻，政府决定在上述地方实施更严格社交距离措施的背景下，自由亚洲电台、法国国际广播电台、英国广播公司等却发文抨击越南防疫措施，认为这是错误、反科学的做法。,"Hơn thế nữa, trước diễn biến phức tạp của dịch COVID-19 tại các tỉnh phía Nam, đặc biệt là tại thành phố Hồ Chí Minh, khi Chính phủ quyết định việc thực hiện giãn cách ở mức độ cao hơn ở các địa phương này, thì một số trang mạng như: RFA, RFI, BBC và hệ thống truyền thông hải ngoại, phản động đã đăng các bài viết phê phán cách thức, biện pháp phòng, chống dịch của Việt Nam, cho rằng đó là “biện pháp sai lầm, phi khoa học”.","Hơn trước nữa, phức của dịch COVID-19 tại các Nam, là tại thành phố Chí Minh, khi Chính phủ định việc thực hiện cách mức độ cao ở các địa phương thì số như: RFA, BBC và hệ truyền thông hải ngoại, phản động đăng các bài cách biện pháp phòng, của Việt Nam, cho rằng đó là “biện sai lầm, phi khoa học”.",4,rule_based,deterministic-rule-baseline-precomputed,analysis_csv,0.0,word_dropout_30pct_and_swap,ok
vi-zh-2022-test-0171,此外，在胡志明市及南部各省疫情严峻，政府决定在上述地方实施更严格社交距离措施的背景下，自由亚洲电台、法国国际广播电台、英国广播公司等却发文抨击越南防疫措施，认为这是错误、反科学的做法。,"Hơn thế nữa, trước diễn biến phức tạp của dịch COVID-19 tại các tỉnh phía Nam, đặc biệt là tại thành phố Hồ Chí Minh, khi Chính phủ quyết định việc thực hiện giãn cách ở mức độ cao hơn ở các địa phương này, thì một số trang mạng như: RFA, RFI, BBC và hệ thống truyền thông hải ngoại, phản động đã đăng các bài viết phê phán cách thức, biện pháp phòng, chống dịch của Việt Nam, cho rằng đó là “biện pháp sai lầm, phi khoa học”.",nữa diễn phức tạp của tại tỉnh đặc biệt là Chí Minh khi Chính định việc thực hiện độ cao địa này thì mạng RFI BBC thống hải ngoại phản đã đăng các bài viết phê biện pháp chống dịch của Việt đó pháp sai lầm,5,rule_based,deterministic-rule-baseline-precomputed,analysis_csv,0.0,word_dropout_50pct_and_punctuation_remove,ok
vi-zh-2022-test-0172,敌对势力也就疫苗接种问题宣称“政府的疫苗战略是在骗人”。,"Nói về vấn đề tiêm phòng vaccine ngừa COVID-19, các đối tượng thù địch dùng những giọng điệu lạc lõng rêu rao rằng ""chính quyền lừa dối dân trong chiến lược vaccine"".","Nói về vấn đề tiêm phòng vaccine ngừa COVID-19, các đối tượng thù địch dùng những giọng điệu lạc lõng rêu rao rằng ""chính quyền lừa dối dân trong chiến lược vaccine"".",0,rule_based,deterministic-rule-baseline-precomputed,analysis_csv,0.0,identity,ok
vi-zh-2022-test-0172,敌对势力也就疫苗接种问题宣称“政府的疫苗战略是在骗人”。,"Nói về vấn đề tiêm phòng vaccine ngừa COVID-19, các đối tượng thù địch dùng những giọng điệu lạc lõng rêu rao rằng ""chính quyền lừa dối dân trong chiến lược vaccine"".","Noi về vấn đề tiêm phòng vaccine ngừa COVID-19, các đối tượng thù địch dùng những giọng điệu lạc lõng rêu rao rằng ""chính quyền lừa dối dân trong chiến lược vaccine"".",1,rule_based,deterministic-rule-baseline-precomputed,analysis_csv,0.0,remove_one_tone,ok
vi-zh-2022-test-0172,敌对势力也就疫苗接种问题宣称“政府的疫苗战略是在骗人”。,"Nói về vấn đề tiêm phòng vaccine ngừa COVID-19, các đối tượng thù địch dùng những giọng điệu lạc lõng rêu rao rằng ""chính quyền lừa dối dân trong chiến lược vaccine"".","Noi ve van đe tiem phong vaccine ngua COVID-19, cac đoi tuong thu đich dung nhung đieu lac long reu rao rang ""chinh quyen lua doi dan trong chien luoc vaccine"".",2,rule_based,deterministic-rule-baseline-precomputed,analysis_csv,0.0,remove_tones_and_drop_one_word,ok
vi-zh-2022-test-0172,敌对势力也就疫苗接种问题宣称“政府的疫苗战略是在骗人”。,"Nói về vấn đề tiêm phòng vaccine ngừa COVID-19, các đối tượng thù địch dùng những giọng điệu lạc lõng rêu rao rằng ""chính quyền lừa dối dân trong chiến lược vaccine"".","Nói về vấn đề tiêm phòng vaccine ngừa COVID-19, các đối thù địch dùng giọng điệu lạc lõng rêu rằng ""chính quyền dân trong chiến lược vaccine"".",3,rule_based,deterministic-rule-baseline-precomputed,analysis_csv,0.0,word_dropout_15pct,ok
vi-zh-2022-test-0172,敌对势力也就疫苗接种问题宣称“政府的疫苗战略是在骗人”。,"Nói về vấn đề tiêm phòng vaccine ngừa COVID-19, các đối tượng thù địch dùng những giọng điệu lạc lõng rêu rao rằng ""chính quyền lừa dối dân trong chiến lược vaccine"".","về phòng đề vaccine ngừa các đối tượng dùng những giọng điệu lạc lõng rêu rao rằng quyền lừa dối trong vaccine"".",4,rule_based,deterministic-rule-baseline-precomputed,analysis_csv,0.0,word_dropout_30pct_and_swap,ok
vi-zh-2022-test-0172,敌对势力也就疫苗接种问题宣称“政府的疫苗战略是在骗人”。,"Nói về vấn đề tiêm phòng vaccine ngừa COVID-19, các đối tượng thù địch dùng những giọng điệu lạc lõng rêu rao rằng ""chính quyền lừa dối dân trong chiến lược vaccine"".","về đề tiêm các đối địch dùng những giọng lõng rao rằng ""chính quyền trong chiến",5,rule_based,deterministic-rule-baseline-precomputed,analysis_csv,0.0,word_dropout_50pct_and_punctuation_remove,ok
vi-zh-2022-test-0173,防疫岂容抹黑-第二张照片,"Đập tan mọi luận điệu xuyên tạc công cuộc phòng, chống dịch COVID-19","Đập tan mọi luận điệu xuyên tạc công cuộc phòng, chống dịch COVID-19",0,rule_based,deterministic-rule-baseline-precomputed,analysis_csv,0.0,identity,ok
vi-zh-2022-test-0173,防疫岂容抹黑-第二张照片,"Đập tan mọi luận điệu xuyên tạc công cuộc phòng, chống dịch COVID-19","Đap tan mọi luận điệu xuyên tạc công cuộc phòng, chống dịch COVID-19",1,rule_based,deterministic-rule-baseline-precomputed,analysis_csv,0.0,remove_one_tone,ok
vi-zh-2022-test-0173,防疫岂容抹黑-第二张照片,"Đập tan mọi luận điệu xuyên tạc công cuộc phòng, chống dịch COVID-19","Đap tan moi luan đieu xuyen cong cuoc phong, chong dich COVID-19",2,rule_based,deterministic-rule-baseline-precomputed,analysis_csv,0.0,remove_tones_and_drop_one_word,ok
vi-zh-2022-test-0173,防疫岂容抹黑-第二张照片,"Đập tan mọi luận điệu xuyên tạc công cuộc phòng, chống dịch COVID-19","Đập tan mọi điệu xuyên tạc cuộc phòng, chống dịch COVID-19",3,rule_based,deterministic-rule-baseline-precomputed,analysis_csv,0.0,word_dropout_15pct,ok
vi-zh-2022-test-0173,防疫岂容抹黑-第二张照片,"Đập tan mọi luận điệu xuyên tạc công cuộc phòng, chống dịch COVID-19","Đập tạc xuyên công cuộc phòng, chống dịch COVID-19",4,rule_based,deterministic-rule-baseline-precomputed,analysis_csv,0.0,word_dropout_30pct_and_swap,ok
vi-zh-2022-test-0173,防疫岂容抹黑-第二张照片,"Đập tan mọi luận điệu xuyên tạc công cuộc phòng, chống dịch COVID-19",luận điệu tạc công dịch COVID-19,5,rule_based,deterministic-rule-baseline-precomputed,analysis_csv,0.0,word_dropout_50pct_and_punctuation_remove,ok
vi-zh-2022-test-0174,遵循5K原则，严格实施社交距离措施，努力推进全民接种是各国控制疫情的主要做法。,"Việc tiếp tục triển khai thông điệp 5K, áp dụng giãn cách xã hội nghiêm ngặt cùng với nỗ lực tiêm phòng vaccine cho toàn dân hiện vẫn là giải pháp chủ đạo để ngăn chặn sự lây lan bệnh ở mọi quốc gia trên thế giới.","Việc tiếp tục triển khai thông điệp 5K, áp dụng giãn cách xã hội nghiêm ngặt cùng với nỗ lực tiêm phòng vaccine cho toàn dân hiện vẫn là giải pháp chủ đạo để ngăn chặn sự lây lan bệnh ở mọi quốc gia trên thế giới.",0,rule_based,deterministic-rule-baseline-precomputed,analysis_csv,0.0,identity,ok
vi-zh-2022-test-0174,遵循5K原则，严格实施社交距离措施，努力推进全民接种是各国控制疫情的主要做法。,"Việc tiếp tục triển khai thông điệp 5K, áp dụng giãn cách xã hội nghiêm ngặt cùng với nỗ lực tiêm phòng vaccine cho toàn dân hiện vẫn là giải pháp chủ đạo để ngăn chặn sự lây lan bệnh ở mọi quốc gia trên thế giới.","Viec tiếp tục triển khai thông điệp 5K, áp dụng giãn cách xã hội nghiêm ngặt cùng với nỗ lực tiêm phòng vaccine cho toàn dân hiện vẫn là giải pháp chủ đạo để ngăn chặn sự lây lan bệnh ở mọi quốc gia trên thế giới.",1,rule_based,deterministic-rule-baseline-precomputed,analysis_csv,0.0,remove_one_tone,ok
vi-zh-2022-test-0174,遵循5K原则，严格实施社交距离措施，努力推进全民接种是各国控制疫情的主要做法。,"Việc tiếp tục triển khai thông điệp 5K, áp dụng giãn cách xã hội nghiêm ngặt cùng với nỗ lực tiêm phòng vaccine cho toàn dân hiện vẫn là giải pháp chủ đạo để ngăn chặn sự lây lan bệnh ở mọi quốc gia trên thế giới.","Viec tiep tuc trien khai thong điep 5K, ap dung gian cach xa hoi nghiem ngat cung voi no luc tiem phong vaccine toan dan hien van la giai phap chu đao đe ngan chan su lay lan benh o moi quoc gia tren the gioi.",2,rule_based,deterministic-rule-baseline-precomputed,analysis_csv,0.0,remove_tones_and_drop_one_word,ok
vi-zh-2022-test-0174,遵循5K原则，严格实施社交距离措施，努力推进全民接种是各国控制疫情的主要做法。,"Việc tiếp tục triển khai thông điệp 5K, áp dụng giãn cách xã hội nghiêm ngặt cùng với nỗ lực tiêm phòng vaccine cho toàn dân hiện vẫn là giải pháp chủ đạo để ngăn chặn sự lây lan bệnh ở mọi quốc gia trên thế giới.",Việc tiếp tục triển khai thông điệp áp dụng giãn cách xã hội nghiêm ngặt cùng với nỗ lực phòng vaccine cho vẫn là pháp chủ đạo để ngăn chặn sự lây lan bệnh ở mọi quốc gia trên giới.,3,rule_based,deterministic-rule-baseline-precomputed,analysis_csv,0.0,word_dropout_15pct,ok
vi-zh-2022-test-0174,遵循5K原则，严格实施社交距离措施，努力推进全民接种是各国控制疫情的主要做法。,"Việc tiếp tục triển khai thông điệp 5K, áp dụng giãn cách xã hội nghiêm ngặt cùng với nỗ lực tiêm phòng vaccine cho toàn dân hiện vẫn là giải pháp chủ đạo để ngăn chặn sự lây lan bệnh ở mọi quốc gia trên thế giới.",Việc tục tiếp điệp dụng giãn xã hội nghiêm ngặt cùng với nỗ tiêm phòng vaccine cho toàn dân hiện vẫn là giải pháp chủ để chặn sự lan bệnh mọi quốc thế,4,rule_based,deterministic-rule-baseline-precomputed,analysis_csv,0.0,word_dropout_30pct_and_swap,ok
vi-zh-2022-test-0174,遵循5K原则，严格实施社交距离措施，努力推进全民接种是各国控制疫情的主要做法。,"Việc tiếp tục triển khai thông điệp 5K, áp dụng giãn cách xã hội nghiêm ngặt cùng với nỗ lực tiêm phòng vaccine cho toàn dân hiện vẫn là giải pháp chủ đạo để ngăn chặn sự lây lan bệnh ở mọi quốc gia trên thế giới.",tục khai thông 5K cách hội nghiêm ngặt cùng với phòng vaccine toàn dân vẫn là chủ chặn lan mọi quốc gia trên giới,5,rule_based,deterministic-rule-baseline-precomputed,analysis_csv,0.0,word_dropout_50pct_and_punctuation_remove,ok
vi-zh-2022-test-0175,不难看出，敌对势力抛出歪曲、错误论调就是为了否定越南防疫成果。,"Không khó để nhận thấy những luận điệu xuyên tạc, sai trái của các thế lực thù địch nhằm phủ nhận kết quả phòng chống dịch của Việt Nam.","Không khó để nhận thấy những luận điệu xuyên tạc, sai trái của các thế lực thù địch nhằm phủ nhận kết quả phòng chống dịch của Việt Nam.",0,rule_based,deterministic-rule-baseline-precomputed,analysis_csv,0.0,identity,ok
vi-zh-2022-test-0175,不难看出，敌对势力抛出歪曲、错误论调就是为了否定越南防疫成果。,"Không khó để nhận thấy những luận điệu xuyên tạc, sai trái của các thế lực thù địch nhằm phủ nhận kết quả phòng chống dịch của Việt Nam.","Khong khó để nhận thấy những luận điệu xuyên tạc, sai trái của các thế lực thù địch nhằm phủ nhận kết quả phòng chống dịch của Việt Nam.",1,rule_based,deterministic-rule-baseline-precomputed,analysis_csv,0.0,remove_one_tone,ok
vi-zh-2022-test-0175,不难看出，敌对势力抛出歪曲、错误论调就是为了否定越南防疫成果。,"Không khó để nhận thấy những luận điệu xuyên tạc, sai trái của các thế lực thù địch nhằm phủ nhận kết quả phòng chống dịch của Việt Nam.","Khong kho đe nhan thay nhung luan đieu xuyen tac, sai trai cua cac luc thu đich nham phu nhan ket qua phong chong dich cua Viet Nam.",2,rule_based,deterministic-rule-baseline-precomputed,analysis_csv,0.0,remove_tones_and_drop_one_word,ok
vi-zh-2022-test-0175,不难看出，敌对势力抛出歪曲、错误论调就是为了否定越南防疫成果。,"Không khó để nhận thấy những luận điệu xuyên tạc, sai trái của các thế lực thù địch nhằm phủ nhận kết quả phòng chống dịch của Việt Nam.","Không để nhận thấy những luận điệu xuyên tạc, sai trái của các thế lực thù nhằm phủ kết phòng chống dịch của Việt Nam.",3,rule_based,deterministic-rule-baseline-precomputed,analysis_csv,0.0,word_dropout_15pct,ok
vi-zh-2022-test-0175,不难看出，敌对势力抛出歪曲、错误论调就是为了否定越南防疫成果。,"Không khó để nhận thấy những luận điệu xuyên tạc, sai trái của các thế lực thù địch nhằm phủ nhận kết quả phòng chống dịch của Việt Nam.",khó nhận để thấy luận điệu xuyên sai trái các thế lực địch nhằm quả phòng chống dịch của Nam.,4,rule_based,deterministic-rule-baseline-precomputed,analysis_csv,0.0,word_dropout_30pct_and_swap,ok
vi-zh-2022-test-0175,不难看出，敌对势力抛出歪曲、错误论调就是为了否定越南防疫成果。,"Không khó để nhận thấy những luận điệu xuyên tạc, sai trái của các thế lực thù địch nhằm phủ nhận kết quả phòng chống dịch của Việt Nam.",Không khó để nhận điệu tạc thế lực nhằm phủ quả chống dịch của,5,rule_based,deterministic-rule-baseline-precomputed,analysis_csv,0.0,word_dropout_50pct_and_punctuation_remove,ok
vi-zh-2022-test-0176,全党、全民和全军的团结与决心将是越南战胜疫情的有力武器。,"Sức mạnh đoàn kết, quyết tâm của toàn Đảng, toàn dân, toàn quân Việt Nam sẽ tiếp tục là vũ khí hiệu quả để Việt Nam thắng trong trận chiến phòng chống COVID-19 này.","Sức mạnh đoàn kết, quyết tâm của toàn Đảng, toàn dân, toàn quân Việt Nam sẽ tiếp tục là vũ khí hiệu quả để Việt Nam thắng trong trận chiến phòng chống COVID-19 này.",0,rule_based,deterministic-rule-baseline-precomputed,analysis_csv,0.0,identity,ok
vi-zh-2022-test-0176,全党、全民和全军的团结与决心将是越南战胜疫情的有力武器。,"Sức mạnh đoàn kết, quyết tâm của toàn Đảng, toàn dân, toàn quân Việt Nam sẽ tiếp tục là vũ khí hiệu quả để Việt Nam thắng trong trận chiến phòng chống COVID-19 này.","Suc mạnh đoàn kết, quyết tâm của toàn Đảng, toàn dân, toàn quân Việt Nam sẽ tiếp tục là vũ khí hiệu quả để Việt Nam thắng trong trận chiến phòng chống COVID-19 này.",1,rule_based,deterministic-rule-baseline-precomputed,analysis_csv,0.0,remove_one_tone,ok
vi-zh-2022-test-0176,全党、全民和全军的团结与决心将是越南战胜疫情的有力武器。,"Sức mạnh đoàn kết, quyết tâm của toàn Đảng, toàn dân, toàn quân Việt Nam sẽ tiếp tục là vũ khí hiệu quả để Việt Nam thắng trong trận chiến phòng chống COVID-19 này.","Suc manh đoan ket, quyet tam cua toan Đang, toan dan, toan quan Viet Nam se tiep la vu khi hieu qua đe Viet Nam thang trong tran chien phong chong COVID-19 nay.",2,rule_based,deterministic-rule-baseline-precomputed,analysis_csv,0.0,remove_tones_and_drop_one_word,ok
vi-zh-2022-test-0176,全党、全民和全军的团结与决心将是越南战胜疫情的有力武器。,"Sức mạnh đoàn kết, quyết tâm của toàn Đảng, toàn dân, toàn quân Việt Nam sẽ tiếp tục là vũ khí hiệu quả để Việt Nam thắng trong trận chiến phòng chống COVID-19 này.","Sức mạnh đoàn kết, quyết tâm của toàn Đảng, dân, toàn quân Nam sẽ tục là vũ khí quả Việt Nam thắng trong trận chiến phòng chống COVID-19 này.",3,rule_based,deterministic-rule-baseline-precomputed,analysis_csv,0.0,word_dropout_15pct,ok
vi-zh-2022-test-0176,全党、全民和全军的团结与决心将是越南战胜疫情的有力武器。,"Sức mạnh đoàn kết, quyết tâm của toàn Đảng, toàn dân, toàn quân Việt Nam sẽ tiếp tục là vũ khí hiệu quả để Việt Nam thắng trong trận chiến phòng chống COVID-19 này.","Sức đoàn mạnh kết, tâm của toàn Đảng, toàn dân, quân Việt Nam sẽ là khí quả để Việt Nam trong trận chống COVID-19",4,rule_based,deterministic-rule-baseline-precomputed,analysis_csv,0.0,word_dropout_30pct_and_swap,ok
vi-zh-2022-test-0176,全党、全民和全军的团结与决心将是越南战胜疫情的有力武器。,"Sức mạnh đoàn kết, quyết tâm của toàn Đảng, toàn dân, toàn quân Việt Nam sẽ tiếp tục là vũ khí hiệu quả để Việt Nam thắng trong trận chiến phòng chống COVID-19 này.",Sức kết của dân quân tiếp tục vũ khí hiệu quả Việt thắng trong trận chống này,5,rule_based,deterministic-rule-baseline-precomputed,analysis_csv,0.0,word_dropout_50pct_and_punctuation_remove,ok
vi-zh-2022-test-0177,美国中央司令部司令肯尼思·麦肯齐发表声明表示，撤离行动的最后一架C-17军用运输机于美国东部时间30日15时29分（阿富汗当地时间30日23时59分）从喀布尔国际机场起飞。,Tư lệnh Bộ Chỉ huy Trung tâm Hoa Kỳ Kenneth McKenzie đã ra một tuyên bố cho biết chiếc máy bay vận tải quân sự C-17 cuối cùng được rút khỏi Kabul đã khởi hành từ Kabul lúc 15:29 Giờ miền Đông Hoa Kỳ vào ngày 30 (23:59 giờ địa phương Afghanistan vào ngày 30) ra sân bay quốc tế.,Tư lệnh Bộ Chỉ huy Trung tâm Hoa Kỳ Kenneth McKenzie đã ra một tuyên bố cho biết chiếc máy bay vận tải quân sự C-17 cuối cùng được rút khỏi Kabul đã khởi hành từ Kabul lúc 15:29 Giờ miền Đông Hoa Kỳ vào ngày 30 (23:59 giờ địa phương Afghanistan vào ngày 30) ra sân bay quốc tế.,0,rule_based,deterministic-rule-baseline-precomputed,analysis_csv,0.0,identity,ok
vi-zh-2022-test-0177,美国中央司令部司令肯尼思·麦肯齐发表声明表示，撤离行动的最后一架C-17军用运输机于美国东部时间30日15时29分（阿富汗当地时间30日23时59分）从喀布尔国际机场起飞。,Tư lệnh Bộ Chỉ huy Trung tâm Hoa Kỳ Kenneth McKenzie đã ra một tuyên bố cho biết chiếc máy bay vận tải quân sự C-17 cuối cùng được rút khỏi Kabul đã khởi hành từ Kabul lúc 15:29 Giờ miền Đông Hoa Kỳ vào ngày 30 (23:59 giờ địa phương Afghanistan vào ngày 30) ra sân bay quốc tế.,Tu lệnh Bộ Chỉ huy Trung tâm Hoa Kỳ Kenneth McKenzie đã ra một tuyên bố cho biết chiếc máy bay vận tải quân sự C-17 cuối cùng được rút khỏi Kabul đã khởi hành từ Kabul lúc 15:29 Giờ miền Đông Hoa Kỳ vào ngày 30 (23:59 giờ địa phương Afghanistan vào ngày 30) ra sân bay quốc tế.,1,rule_based,deterministic-rule-baseline-precomputed,analysis_csv,0.0,remove_one_tone,ok
vi-zh-2022-test-0177,美国中央司令部司令肯尼思·麦肯齐发表声明表示，撤离行动的最后一架C-17军用运输机于美国东部时间30日15时29分（阿富汗当地时间30日23时59分）从喀布尔国际机场起飞。,Tư lệnh Bộ Chỉ huy Trung tâm Hoa Kỳ Kenneth McKenzie đã ra một tuyên bố cho biết chiếc máy bay vận tải quân sự C-17 cuối cùng được rút khỏi Kabul đã khởi hành từ Kabul lúc 15:29 Giờ miền Đông Hoa Kỳ vào ngày 30 (23:59 giờ địa phương Afghanistan vào ngày 30) ra sân bay quốc tế.,Tu lenh Bo Chi huy Trung tam Hoa Ky Kenneth McKenzie đa ra mot tuyen bo cho biet chiec may bay van tai quan su C-17 cuoi cung đuoc rut Kabul đa khoi hanh tu Kabul luc 15:29 Gio mien Đong Hoa Ky vao ngay 30 (23:59 gio đia phuong Afghanistan vao ngay 30) ra san bay quoc te.,2,rule_based,deterministic-rule-baseline-precomputed,analysis_csv,0.0,remove_tones_and_drop_one_word,ok
vi-zh-2022-test-0177,美国中央司令部司令肯尼思·麦肯齐发表声明表示，撤离行动的最后一架C-17军用运输机于美国东部时间30日15时29分（阿富汗当地时间30日23时59分）从喀布尔国际机场起飞。,Tư lệnh Bộ Chỉ huy Trung tâm Hoa Kỳ Kenneth McKenzie đã ra một tuyên bố cho biết chiếc máy bay vận tải quân sự C-17 cuối cùng được rút khỏi Kabul đã khởi hành từ Kabul lúc 15:29 Giờ miền Đông Hoa Kỳ vào ngày 30 (23:59 giờ địa phương Afghanistan vào ngày 30) ra sân bay quốc tế.,Tư lệnh Bộ huy tâm Hoa Kỳ Kenneth McKenzie đã ra một tuyên bố cho biết chiếc máy vận quân sự C-17 cuối cùng được khỏi Kabul đã khởi hành từ Giờ miền Đông Hoa Kỳ ngày 30 (23:59 giờ địa phương Afghanistan vào ngày 30) ra sân bay quốc tế.,3,rule_based,deterministic-rule-baseline-precomputed,analysis_csv,0.0,word_dropout_15pct,ok
vi-zh-2022-test-0177,美国中央司令部司令肯尼思·麦肯齐发表声明表示，撤离行动的最后一架C-17军用运输机于美国东部时间30日15时29分（阿富汗当地时间30日23时59分）从喀布尔国际机场起飞。,Tư lệnh Bộ Chỉ huy Trung tâm Hoa Kỳ Kenneth McKenzie đã ra một tuyên bố cho biết chiếc máy bay vận tải quân sự C-17 cuối cùng được rút khỏi Kabul đã khởi hành từ Kabul lúc 15:29 Giờ miền Đông Hoa Kỳ vào ngày 30 (23:59 giờ địa phương Afghanistan vào ngày 30) ra sân bay quốc tế.,Tư Bộ lệnh Chỉ huy Trung tâm Hoa Kỳ đã ra một cho biết chiếc bay vận tải quân sự C-17 cuối cùng được rút đã hành từ 15:29 Giờ miền Hoa Kỳ vào ngày giờ địa ngày 30) ra quốc tế.,4,rule_based,deterministic-rule-baseline-precomputed,analysis_csv,0.0,word_dropout_30pct_and_swap,ok
vi-zh-2022-test-0177,美国中央司令部司令肯尼思·麦肯齐发表声明表示，撤离行动的最后一架C-17军用运输机于美国东部时间30日15时29分（阿富汗当地时间30日23时59分）从喀布尔国际机场起飞。,Tư lệnh Bộ Chỉ huy Trung tâm Hoa Kỳ Kenneth McKenzie đã ra một tuyên bố cho biết chiếc máy bay vận tải quân sự C-17 cuối cùng được rút khỏi Kabul đã khởi hành từ Kabul lúc 15:29 Giờ miền Đông Hoa Kỳ vào ngày 30 (23:59 giờ địa phương Afghanistan vào ngày 30) ra sân bay quốc tế.,lệnh huy tâm Kỳ McKenzie ra tuyên bố cho chiếc bay tải quân sự C-17 cuối cùng rút khởi hành miền Hoa ngày giờ phương vào 30) bay quốc tế,5,rule_based,deterministic-rule-baseline-precomputed,analysis_csv,0.0,word_dropout_50pct_and_punctuation_remove,ok
vi-zh-2022-test-0178,共有约12.3万名美国人、阿富汗人和第三国公民从喀布尔国际机场撤离阿富汗，成为美国几十年来最大规模的空运行动。,"Tổng cộng có khoảng 123000 người Mỹ, người Afghanistan và công dân nước thứ 3 đã được đưa ra khỏi Afghanistan từ sân bay quốc tế Kabul, trở thành chiến dịch sơ tán qua đường hàng không lớn nhất mà Mỹ thực hiện trong nhiều thập niên qua.","Tổng cộng có khoảng 123000 người Mỹ, người Afghanistan và công dân nước thứ 3 đã được đưa ra khỏi Afghanistan từ sân bay quốc tế Kabul, trở thành chiến dịch sơ tán qua đường hàng không lớn nhất mà Mỹ thực hiện trong nhiều thập niên qua.",0,rule_based,deterministic-rule-baseline-precomputed,analysis_csv,0.0,identity,ok
vi-zh-2022-test-0178,共有约12.3万名美国人、阿富汗人和第三国公民从喀布尔国际机场撤离阿富汗，成为美国几十年来最大规模的空运行动。,"Tổng cộng có khoảng 123000 người Mỹ, người Afghanistan và công dân nước thứ 3 đã được đưa ra khỏi Afghanistan từ sân bay quốc tế Kabul, trở thành chiến dịch sơ tán qua đường hàng không lớn nhất mà Mỹ thực hiện trong nhiều thập niên qua.","Tong cộng có khoảng 123000 người Mỹ, người Afghanistan và công dân nước thứ 3 đã được đưa ra khỏi Afghanistan từ sân bay quốc tế Kabul, trở thành chiến dịch sơ tán qua đường hàng không lớn nhất mà Mỹ thực hiện trong nhiều thập niên qua.",1,rule_based,deterministic-rule-baseline-precomputed,analysis_csv,0.0,remove_one_tone,ok
vi-zh-2022-test-0178,共有约12.3万名美国人、阿富汗人和第三国公民从喀布尔国际机场撤离阿富汗，成为美国几十年来最大规模的空运行动。,"Tổng cộng có khoảng 123000 người Mỹ, người Afghanistan và công dân nước thứ 3 đã được đưa ra khỏi Afghanistan từ sân bay quốc tế Kabul, trở thành chiến dịch sơ tán qua đường hàng không lớn nhất mà Mỹ thực hiện trong nhiều thập niên qua.","Tong cong co khoang 123000 nguoi My, nguoi Afghanistan va cong dan nuoc thu 3 đa đuoc đua ra khoi Afghanistan tu san bay te Kabul, tro thanh chien dich so tan qua đuong hang khong lon nhat ma My thuc hien trong nhieu thap nien qua.",2,rule_based,deterministic-rule-baseline-precomputed,analysis_csv,0.0,remove_tones_and_drop_one_word,ok
vi-zh-2022-test-0178,共有约12.3万名美国人、阿富汗人和第三国公民从喀布尔国际机场撤离阿富汗，成为美国几十年来最大规模的空运行动。,"Tổng cộng có khoảng 123000 người Mỹ, người Afghanistan và công dân nước thứ 3 đã được đưa ra khỏi Afghanistan từ sân bay quốc tế Kabul, trở thành chiến dịch sơ tán qua đường hàng không lớn nhất mà Mỹ thực hiện trong nhiều thập niên qua.","Tổng cộng có người Mỹ, người Afghanistan công dân nước thứ 3 được đưa ra khỏi từ sân bay quốc tế Kabul, thành chiến dịch sơ tán qua đường hàng không lớn nhất mà Mỹ thực hiện trong nhiều niên qua.",3,rule_based,deterministic-rule-baseline-precomputed,analysis_csv,0.0,word_dropout_15pct,ok
vi-zh-2022-test-0178,共有约12.3万名美国人、阿富汗人和第三国公民从喀布尔国际机场撤离阿富汗，成为美国几十年来最大规模的空运行动。,"Tổng cộng có khoảng 123000 người Mỹ, người Afghanistan và công dân nước thứ 3 đã được đưa ra khỏi Afghanistan từ sân bay quốc tế Kabul, trở thành chiến dịch sơ tán qua đường hàng không lớn nhất mà Mỹ thực hiện trong nhiều thập niên qua.","cộng 123000 khoảng người Mỹ, Afghanistan và công dân nước thứ 3 đã được Afghanistan từ sân quốc tế Kabul, trở thành chiến sơ tán qua đường không nhất thực trong thập niên qua.",4,rule_based,deterministic-rule-baseline-precomputed,analysis_csv,0.0,word_dropout_30pct_and_swap,ok
vi-zh-2022-test-0178,共有约12.3万名美国人、阿富汗人和第三国公民从喀布尔国际机场撤离阿富汗，成为美国几十年来最大规模的空运行动。,"Tổng cộng có khoảng 123000 người Mỹ, người Afghanistan và công dân nước thứ 3 đã được đưa ra khỏi Afghanistan từ sân bay quốc tế Kabul, trở thành chiến dịch sơ tán qua đường hàng không lớn nhất mà Mỹ thực hiện trong nhiều thập niên qua.",Tổng cộng khoảng Afghanistan và dân nước thứ 3 đã được đưa sân bay chiến sơ tán đường nhất mà nhiều thập niên qua,5,rule_based,deterministic-rule-baseline-precomputed,analysis_csv,0.0,word_dropout_50pct_and_punctuation_remove,ok
vi-zh-2022-test-0179,在完成撤军之前，美军销毁、封存或丢弃了大批军事装备和武器。,"Trước khi hoàn tất việc rút quân, quân đội Mỹ đã buộc phải phá hủy, vô hiệu hóa hoặc bỏ lại nhiều trang thiết bị quân sự và vũ khí.","Trước khi hoàn tất việc rút quân, quân đội Mỹ đã buộc phải phá hủy, vô hiệu hóa hoặc bỏ lại nhiều trang thiết bị quân sự và vũ khí.",0,rule_based,deterministic-rule-baseline-precomputed,analysis_csv,0.0,identity,ok
vi-zh-2022-test-0179,在完成撤军之前，美军销毁、封存或丢弃了大批军事装备和武器。,"Trước khi hoàn tất việc rút quân, quân đội Mỹ đã buộc phải phá hủy, vô hiệu hóa hoặc bỏ lại nhiều trang thiết bị quân sự và vũ khí.","Truoc khi hoàn tất việc rút quân, quân đội Mỹ đã buộc phải phá hủy, vô hiệu hóa hoặc bỏ lại nhiều trang thiết bị quân sự và vũ khí.",1,rule_based,deterministic-rule-baseline-precomputed,analysis_csv,0.0,remove_one_tone,ok
vi-zh-2022-test-0179,在完成撤军之前，美军销毁、封存或丢弃了大批军事装备和武器。,"Trước khi hoàn tất việc rút quân, quân đội Mỹ đã buộc phải phá hủy, vô hiệu hóa hoặc bỏ lại nhiều trang thiết bị quân sự và vũ khí.","Truoc khi hoan tat viec rut quan, quan đoi My đa buoc phai pha huy, hieu hoa hoac bo lai nhieu trang thiet bi quan su va vu khi.",2,rule_based,deterministic-rule-baseline-precomputed,analysis_csv,0.0,remove_tones_and_drop_one_word,ok
vi-zh-2022-test-0179,在完成撤军之前，美军销毁、封存或丢弃了大批军事装备和武器。,"Trước khi hoàn tất việc rút quân, quân đội Mỹ đã buộc phải phá hủy, vô hiệu hóa hoặc bỏ lại nhiều trang thiết bị quân sự và vũ khí.","Trước khi hoàn tất việc rút quân, quân đội Mỹ đã buộc phải phá hủy, hiệu hóa bỏ lại nhiều trang thiết quân và vũ khí.",3,rule_based,deterministic-rule-baseline-precomputed,analysis_csv,0.0,word_dropout_15pct,ok
vi-zh-2022-test-0179,在完成撤军之前，美军销毁、封存或丢弃了大批军事装备和武器。,"Trước khi hoàn tất việc rút quân, quân đội Mỹ đã buộc phải phá hủy, vô hiệu hóa hoặc bỏ lại nhiều trang thiết bị quân sự và vũ khí.","Trước việc tất rút quân, quân đội đã buộc hủy, hóa hoặc bỏ nhiều trang thiết bị quân sự vũ khí.",4,rule_based,deterministic-rule-baseline-precomputed,analysis_csv,0.0,word_dropout_30pct_and_swap,ok
vi-zh-2022-test-0179,在完成撤军之前，美军销毁、封存或丢弃了大批军事装备和武器。,"Trước khi hoàn tất việc rút quân, quân đội Mỹ đã buộc phải phá hủy, vô hiệu hóa hoặc bỏ lại nhiều trang thiết bị quân sự và vũ khí.",khi rút đã buộc phải hủy vô hóa hoặc bỏ lại quân sự và vũ,5,rule_based,deterministic-rule-baseline-precomputed,analysis_csv,0.0,word_dropout_50pct_and_punctuation_remove,ok
vi-zh-2022-test-0180,同时，布林肯要求塔利班履行维护往来自由、确保妇女和少数民族权利的承诺，并防止阿富汗成为恐怖分子基地。,"Cùng với đó, Ngoại trưởng Mỹ yêu cầu Taliban bảo đảm cam kết duy trì tự do đi lại, bảo đảm quyền cho phụ nữ và các dân tộc thiểu số, cũng như ngăn Afghanistan trở thành căn cứ khủng bố.","Cùng với đó, Ngoại trưởng Mỹ yêu cầu Taliban bảo đảm cam kết duy trì tự do đi lại, bảo đảm quyền cho phụ nữ và các dân tộc thiểu số, cũng như ngăn Afghanistan trở thành căn cứ khủng bố.",0,rule_based,deterministic-rule-baseline-precomputed,analysis_csv,0.0,identity,ok
vi-zh-2022-test-0180,同时，布林肯要求塔利班履行维护往来自由、确保妇女和少数民族权利的承诺，并防止阿富汗成为恐怖分子基地。,"Cùng với đó, Ngoại trưởng Mỹ yêu cầu Taliban bảo đảm cam kết duy trì tự do đi lại, bảo đảm quyền cho phụ nữ và các dân tộc thiểu số, cũng như ngăn Afghanistan trở thành căn cứ khủng bố.","Cung với đó, Ngoại trưởng Mỹ yêu cầu Taliban bảo đảm cam kết duy trì tự do đi lại, bảo đảm quyền cho phụ nữ và các dân tộc thiểu số, cũng như ngăn Afghanistan trở thành căn cứ khủng bố.",1,rule_based,deterministic-rule-baseline-precomputed,analysis_csv,0.0,remove_one_tone,ok
vi-zh-2022-test-0180,同时，布林肯要求塔利班履行维护往来自由、确保妇女和少数民族权利的承诺，并防止阿富汗成为恐怖分子基地。,"Cùng với đó, Ngoại trưởng Mỹ yêu cầu Taliban bảo đảm cam kết duy trì tự do đi lại, bảo đảm quyền cho phụ nữ và các dân tộc thiểu số, cũng như ngăn Afghanistan trở thành căn cứ khủng bố.","Cung voi đo, Ngoai truong My yeu cau Taliban bao đam cam ket duy tri tu do đi lai, bao quyen cho phu nu va cac dan toc thieu so, cung nhu ngan Afghanistan tro thanh can cu khung bo.",2,rule_based,deterministic-rule-baseline-precomputed,analysis_csv,0.0,remove_tones_and_drop_one_word,ok
vi-zh-2022-test-0180,同时，布林肯要求塔利班履行维护往来自由、确保妇女和少数民族权利的承诺，并防止阿富汗成为恐怖分子基地。,"Cùng với đó, Ngoại trưởng Mỹ yêu cầu Taliban bảo đảm cam kết duy trì tự do đi lại, bảo đảm quyền cho phụ nữ và các dân tộc thiểu số, cũng như ngăn Afghanistan trở thành căn cứ khủng bố.","Cùng với đó, Ngoại trưởng Mỹ yêu cầu Taliban bảo đảm cam kết duy trì tự do đi quyền cho phụ nữ và dân thiểu số, cũng như Afghanistan trở thành căn cứ khủng bố.",3,rule_based,deterministic-rule-baseline-precomputed,analysis_csv,0.0,word_dropout_15pct,ok
vi-zh-2022-test-0180,同时，布林肯要求塔利班履行维护往来自由、确保妇女和少数民族权利的承诺，并防止阿富汗成为恐怖分子基地。,"Cùng với đó, Ngoại trưởng Mỹ yêu cầu Taliban bảo đảm cam kết duy trì tự do đi lại, bảo đảm quyền cho phụ nữ và các dân tộc thiểu số, cũng như ngăn Afghanistan trở thành căn cứ khủng bố.","Cùng đó, với Ngoại Mỹ yêu Taliban đảm cam do đi bảo quyền cho phụ nữ và các dân thiểu số, cũng ngăn Afghanistan trở căn cứ khủng bố.",4,rule_based,deterministic-rule-baseline-precomputed,analysis_csv,0.0,word_dropout_30pct_and_swap,ok
vi-zh-2022-test-0180,同时，布林肯要求塔利班履行维护往来自由、确保妇女和少数民族权利的承诺，并防止阿富汗成为恐怖分子基地。,"Cùng với đó, Ngoại trưởng Mỹ yêu cầu Taliban bảo đảm cam kết duy trì tự do đi lại, bảo đảm quyền cho phụ nữ và các dân tộc thiểu số, cũng như ngăn Afghanistan trở thành căn cứ khủng bố.",Cùng đó Mỹ yêu cầu tự đi quyền cho phụ và các tộc ngăn Afghanistan trở thành căn cứ bố,5,rule_based,deterministic-rule-baseline-precomputed,analysis_csv,0.0,word_dropout_50pct_and_punctuation_remove,ok
vi-zh-2022-test-0181,越南政府总理、新冠肺炎疫情防控工作国家指导委员会主任范明政8月29日主持委员会与20个省市共209个郡县、1060个乡坊镇关于防疫工作的视频会议。,"Ngày 29/08, Thủ tướng Chính phủ Việt Nam kiêm Trưởng ban Chỉ đạo quốc gia phòng, chống dịch COVID-19 Phạm Minh Chính chủ trì Hội nghị trực tuyến với 20 tỉnh, thành phố trực thuộc trực ung ương, 209 quận huyện, thị xã và 1060 xã phường, thị trấn về công tác phòng, chống dịch.","Ngày 29/08, Thủ tướng Chính phủ Việt Nam kiêm Trưởng ban Chỉ đạo quốc gia phòng, chống dịch COVID-19 Phạm Minh Chính chủ trì Hội nghị trực tuyến với 20 tỉnh, thành phố trực thuộc trực ung ương, 209 quận huyện, thị xã và 1060 xã phường, thị trấn về công tác phòng, chống dịch.",0,rule_based,deterministic-rule-baseline-precomputed,analysis_csv,0.0,identity,ok
vi-zh-2022-test-0181,越南政府总理、新冠肺炎疫情防控工作国家指导委员会主任范明政8月29日主持委员会与20个省市共209个郡县、1060个乡坊镇关于防疫工作的视频会议。,"Ngày 29/08, Thủ tướng Chính phủ Việt Nam kiêm Trưởng ban Chỉ đạo quốc gia phòng, chống dịch COVID-19 Phạm Minh Chính chủ trì Hội nghị trực tuyến với 20 tỉnh, thành phố trực thuộc trực ung ương, 209 quận huyện, thị xã và 1060 xã phường, thị trấn về công tác phòng, chống dịch.","Ngay 29/08, Thủ tướng Chính phủ Việt Nam kiêm Trưởng ban Chỉ đạo quốc gia phòng, chống dịch COVID-19 Phạm Minh Chính chủ trì Hội nghị trực tuyến với 20 tỉnh, thành phố trực thuộc trực ung ương, 209 quận huyện, thị xã và 1060 xã phường, thị trấn về công tác phòng, chống dịch.",1,rule_based,deterministic-rule-baseline-precomputed,analysis_csv,0.0,remove_one_tone,ok
vi-zh-2022-test-0181,越南政府总理、新冠肺炎疫情防控工作国家指导委员会主任范明政8月29日主持委员会与20个省市共209个郡县、1060个乡坊镇关于防疫工作的视频会议。,"Ngày 29/08, Thủ tướng Chính phủ Việt Nam kiêm Trưởng ban Chỉ đạo quốc gia phòng, chống dịch COVID-19 Phạm Minh Chính chủ trì Hội nghị trực tuyến với 20 tỉnh, thành phố trực thuộc trực ung ương, 209 quận huyện, thị xã và 1060 xã phường, thị trấn về công tác phòng, chống dịch.","Ngay 29/08, Thu tuong Chinh phu Viet Nam kiem Truong ban Chi đao quoc gia phong, chong dich COVID-19 Pham Minh Chinh chu tri Hoi nghi truc voi 20 tinh, thanh pho truc thuoc truc ung uong, 209 quan huyen, thi xa va 1060 xa phuong, thi tran ve cong tac phong, chong dich.",2,rule_based,deterministic-rule-baseline-precomputed,analysis_csv,0.0,remove_tones_and_drop_one_word,ok
vi-zh-2022-test-0181,越南政府总理、新冠肺炎疫情防控工作国家指导委员会主任范明政8月29日主持委员会与20个省市共209个郡县、1060个乡坊镇关于防疫工作的视频会议。,"Ngày 29/08, Thủ tướng Chính phủ Việt Nam kiêm Trưởng ban Chỉ đạo quốc gia phòng, chống dịch COVID-19 Phạm Minh Chính chủ trì Hội nghị trực tuyến với 20 tỉnh, thành phố trực thuộc trực ung ương, 209 quận huyện, thị xã và 1060 xã phường, thị trấn về công tác phòng, chống dịch.","Ngày 29/08, Thủ tướng Chính phủ Việt Nam kiêm ban Chỉ đạo quốc gia chống dịch Phạm Minh Chính chủ trì Hội trực tuyến với 20 tỉnh, trực thuộc trực ung ương, 209 huyện, thị và 1060 xã phường, thị trấn về công tác phòng, chống dịch.",3,rule_based,deterministic-rule-baseline-precomputed,analysis_csv,0.0,word_dropout_15pct,ok
vi-zh-2022-test-0181,越南政府总理、新冠肺炎疫情防控工作国家指导委员会主任范明政8月29日主持委员会与20个省市共209个郡县、1060个乡坊镇关于防疫工作的视频会议。,"Ngày 29/08, Thủ tướng Chính phủ Việt Nam kiêm Trưởng ban Chỉ đạo quốc gia phòng, chống dịch COVID-19 Phạm Minh Chính chủ trì Hội nghị trực tuyến với 20 tỉnh, thành phố trực thuộc trực ung ương, 209 quận huyện, thị xã và 1060 xã phường, thị trấn về công tác phòng, chống dịch.","Ngày Thủ 29/08, tướng Chính phủ Việt Nam Trưởng Chỉ gia phòng, dịch COVID-19 chủ trì nghị trực với 20 thành trực ung ương, 209 quận huyện, thị và xã phường, thị trấn về công tác phòng, dịch.",4,rule_based,deterministic-rule-baseline-precomputed,analysis_csv,0.0,word_dropout_30pct_and_swap,ok
vi-zh-2022-test-0181,越南政府总理、新冠肺炎疫情防控工作国家指导委员会主任范明政8月29日主持委员会与20个省市共209个郡县、1060个乡坊镇关于防疫工作的视频会议。,"Ngày 29/08, Thủ tướng Chính phủ Việt Nam kiêm Trưởng ban Chỉ đạo quốc gia phòng, chống dịch COVID-19 Phạm Minh Chính chủ trì Hội nghị trực tuyến với 20 tỉnh, thành phố trực thuộc trực ung ương, 209 quận huyện, thị xã và 1060 xã phường, thị trấn về công tác phòng, chống dịch.",Thủ Chính phủ kiêm Trưởng đạo gia phòng Phạm trì nghị trực tuyến 20 trực ung ương 209 huyện xã 1060 xã thị trấn về công tác chống,5,rule_based,deterministic-rule-baseline-precomputed,analysis_csv,0.0,word_dropout_50pct_and_punctuation_remove,ok
vi-zh-2022-test-0182,会议展现了越南上下一心抗击疫情的决心。,"Hội nghị đã cho thấy sự đồng lòng, quyết tâm sớm đạt mục tiêu kiềm chế dịch bệnh của Việt Nam.","Hội nghị đã cho thấy sự đồng lòng, quyết tâm sớm đạt mục tiêu kiềm chế dịch bệnh của Việt Nam.",0,rule_based,deterministic-rule-baseline-precomputed,analysis_csv,0.0,identity,ok
vi-zh-2022-test-0182,会议展现了越南上下一心抗击疫情的决心。,"Hội nghị đã cho thấy sự đồng lòng, quyết tâm sớm đạt mục tiêu kiềm chế dịch bệnh của Việt Nam.","Hoi nghị đã cho thấy sự đồng lòng, quyết tâm sớm đạt mục tiêu kiềm chế dịch bệnh của Việt Nam.",1,rule_based,deterministic-rule-baseline-precomputed,analysis_csv,0.0,remove_one_tone,ok
vi-zh-2022-test-0182,会议展现了越南上下一心抗击疫情的决心。,"Hội nghị đã cho thấy sự đồng lòng, quyết tâm sớm đạt mục tiêu kiềm chế dịch bệnh của Việt Nam.","Hoi nghi đa cho thay su đong long, quyet tam đat muc tieu kiem che dich benh cua Viet Nam.",2,rule_based,deterministic-rule-baseline-precomputed,analysis_csv,0.0,remove_tones_and_drop_one_word,ok
vi-zh-2022-test-0182,会议展现了越南上下一心抗击疫情的决心。,"Hội nghị đã cho thấy sự đồng lòng, quyết tâm sớm đạt mục tiêu kiềm chế dịch bệnh của Việt Nam.","Hội nghị đã cho thấy đồng lòng, quyết đạt mục tiêu kiềm chế dịch bệnh của Việt Nam.",3,rule_based,deterministic-rule-baseline-precomputed,analysis_csv,0.0,word_dropout_15pct,ok
vi-zh-2022-test-0182,会议展现了越南上下一心抗击疫情的决心。,"Hội nghị đã cho thấy sự đồng lòng, quyết tâm sớm đạt mục tiêu kiềm chế dịch bệnh của Việt Nam.","nghị thấy đã đồng lòng, tâm sớm mục tiêu kiềm chế dịch của Việt Nam.",4,rule_based,deterministic-rule-baseline-precomputed,analysis_csv,0.0,word_dropout_30pct_and_swap,ok
vi-zh-2022-test-0182,会议展现了越南上下一心抗击疫情的决心。,"Hội nghị đã cho thấy sự đồng lòng, quyết tâm sớm đạt mục tiêu kiềm chế dịch bệnh của Việt Nam.",cho thấy lòng quyết tâm sớm tiêu dịch bệnh Nam,5,rule_based,deterministic-rule-baseline-precomputed,analysis_csv,0.0,word_dropout_50pct_and_punctuation_remove,ok
vi-zh-2022-test-0183,20个省市共209个郡县、1060个乡坊镇的领导人共同出席的这次视频会议是在政府总理范明政对南部一些省市防疫工作进行视察、检查并作出指导后召开的。,"Hội nghị trực tuyến với 20 tỉnh, thành phố trực thuộc trực ung ương, 209 quận huyện, thị xã và 1.060 xã phường, thị trấn về công tác phòng, chống dịch diễn ra sau chuyến đi thị sát, kiểm tra, chỉ đạo công tác phòng chống dịch COVID – 19 của Thủ tướng Phạm Minh Chính tại một số tỉnh, thành phía Nam.","Hội nghị trực tuyến với 20 tỉnh, thành phố trực thuộc trực ung ương, 209 quận huyện, thị xã và 1.060 xã phường, thị trấn về công tác phòng, chống dịch diễn ra sau chuyến đi thị sát, kiểm tra, chỉ đạo công tác phòng chống dịch COVID – 19 của Thủ tướng Phạm Minh Chính tại một số tỉnh, thành phía Nam.",0,rule_based,deterministic-rule-baseline-precomputed,analysis_csv,0.0,identity,ok
vi-zh-2022-test-0183,20个省市共209个郡县、1060个乡坊镇的领导人共同出席的这次视频会议是在政府总理范明政对南部一些省市防疫工作进行视察、检查并作出指导后召开的。,"Hội nghị trực tuyến với 20 tỉnh, thành phố trực thuộc trực ung ương, 209 quận huyện, thị xã và 1.060 xã phường, thị trấn về công tác phòng, chống dịch diễn ra sau chuyến đi thị sát, kiểm tra, chỉ đạo công tác phòng chống dịch COVID – 19 của Thủ tướng Phạm Minh Chính tại một số tỉnh, thành phía Nam.","Hoi nghị trực tuyến với 20 tỉnh, thành phố trực thuộc trực ung ương, 209 quận huyện, thị xã và 1.060 xã phường, thị trấn về công tác phòng, chống dịch diễn ra sau chuyến đi thị sát, kiểm tra, chỉ đạo công tác phòng chống dịch COVID – 19 của Thủ tướng Phạm Minh Chính tại một số tỉnh, thành phía Nam.",1,rule_based,deterministic-rule-baseline-precomputed,analysis_csv,0.0,remove_one_tone,ok
vi-zh-2022-test-0183,20个省市共209个郡县、1060个乡坊镇的领导人共同出席的这次视频会议是在政府总理范明政对南部一些省市防疫工作进行视察、检查并作出指导后召开的。,"Hội nghị trực tuyến với 20 tỉnh, thành phố trực thuộc trực ung ương, 209 quận huyện, thị xã và 1.060 xã phường, thị trấn về công tác phòng, chống dịch diễn ra sau chuyến đi thị sát, kiểm tra, chỉ đạo công tác phòng chống dịch COVID – 19 của Thủ tướng Phạm Minh Chính tại một số tỉnh, thành phía Nam.","Hoi nghi truc tuyen voi 20 tinh, thanh pho truc thuoc truc ung uong, 209 quan huyen, thi xa va 1.060 xa phuong, thi tran ve cong tac phong, chong dich ra sau chuyen đi thi sat, kiem tra, chi đao cong tac phong chong dich COVID – 19 cua Thu tuong Pham Minh Chinh tai mot so tinh, thanh phia Nam.",2,rule_based,deterministic-rule-baseline-precomputed,analysis_csv,0.0,remove_tones_and_drop_one_word,ok
vi-zh-2022-test-0183,20个省市共209个郡县、1060个乡坊镇的领导人共同出席的这次视频会议是在政府总理范明政对南部一些省市防疫工作进行视察、检查并作出指导后召开的。,"Hội nghị trực tuyến với 20 tỉnh, thành phố trực thuộc trực ung ương, 209 quận huyện, thị xã và 1.060 xã phường, thị trấn về công tác phòng, chống dịch diễn ra sau chuyến đi thị sát, kiểm tra, chỉ đạo công tác phòng chống dịch COVID – 19 của Thủ tướng Phạm Minh Chính tại một số tỉnh, thành phía Nam.","nghị trực với 20 tỉnh, thành phố trực thuộc ung ương, 209 huyện, xã và 1.060 xã thị trấn về công tác phòng, chống dịch diễn ra sau thị sát, kiểm tra, chỉ đạo công tác phòng chống dịch COVID – 19 của Thủ tướng Phạm Minh Chính tại một số tỉnh, thành Nam.",3,rule_based,deterministic-rule-baseline-precomputed,analysis_csv,0.0,word_dropout_15pct,ok
vi-zh-2022-test-0183,20个省市共209个郡县、1060个乡坊镇的领导人共同出席的这次视频会议是在政府总理范明政对南部一些省市防疫工作进行视察、检查并作出指导后召开的。,"Hội nghị trực tuyến với 20 tỉnh, thành phố trực thuộc trực ung ương, 209 quận huyện, thị xã và 1.060 xã phường, thị trấn về công tác phòng, chống dịch diễn ra sau chuyến đi thị sát, kiểm tra, chỉ đạo công tác phòng chống dịch COVID – 19 của Thủ tướng Phạm Minh Chính tại một số tỉnh, thành phía Nam.","Hội trực nghị tuyến với thành phố thuộc trực ương, 209 quận huyện, thị xã và 1.060 xã phường, về tác diễn ra sau chuyến đi kiểm tra, chỉ đạo công tác phòng chống dịch COVID 19 của Thủ tướng một số tỉnh, thành",4,rule_based,deterministic-rule-baseline-precomputed,analysis_csv,0.0,word_dropout_30pct_and_swap,ok
vi-zh-2022-test-0183,20个省市共209个郡县、1060个乡坊镇的领导人共同出席的这次视频会议是在政府总理范明政对南部一些省市防疫工作进行视察、检查并作出指导后召开的。,"Hội nghị trực tuyến với 20 tỉnh, thành phố trực thuộc trực ung ương, 209 quận huyện, thị xã và 1.060 xã phường, thị trấn về công tác phòng, chống dịch diễn ra sau chuyến đi thị sát, kiểm tra, chỉ đạo công tác phòng chống dịch COVID – 19 của Thủ tướng Phạm Minh Chính tại một số tỉnh, thành phía Nam.",Hội nghị phố thuộc trực ung huyện và 1060 phường trấn công tác phòng dịch diễn ra chuyến tra chỉ công tác chống dịch COVID 19 của tướng Minh tại thành Nam,5,rule_based,deterministic-rule-baseline-precomputed,analysis_csv,0.0,word_dropout_50pct_and_punctuation_remove,ok
vi-zh-2022-test-0184,岘港市医生、护士启程前往胡志明市，帮助其防控疫情自4月27日，第四波疫情爆发以来，越南新增近42万例确诊病例，其中50%已经治愈出院，不过也有1万0370名患者死亡。,"Các bác sĩ, y tá Đà Nẵng đã lên đường đến TP.HCM để hỗ trợ công tác phòng chống dịch, kể từ khi đợt dịch thứ 4 bùng phát vào ngày 27/4, Việt Nam đã có thêm gần 420.000 trường hợp được xác nhận, trong đó 50% đã được chữa khỏi và xuất viện. , nhưng cũng có 10.000.370 bệnh nhân tử vong.","Các bác sĩ, y tá Đà Nẵng đã lên đường đến TP.HCM để hỗ trợ công tác phòng chống dịch, kể từ khi đợt dịch thứ 4 bùng phát vào ngày 27/4, Việt Nam đã có thêm gần 420.000 trường hợp được xác nhận, trong đó 50% đã được chữa khỏi và xuất viện. , nhưng cũng có 10.000.370 bệnh nhân tử vong.",0,rule_based,deterministic-rule-baseline-precomputed,analysis_csv,0.0,identity,ok
vi-zh-2022-test-0184,岘港市医生、护士启程前往胡志明市，帮助其防控疫情自4月27日，第四波疫情爆发以来，越南新增近42万例确诊病例，其中50%已经治愈出院，不过也有1万0370名患者死亡。,"Các bác sĩ, y tá Đà Nẵng đã lên đường đến TP.HCM để hỗ trợ công tác phòng chống dịch, kể từ khi đợt dịch thứ 4 bùng phát vào ngày 27/4, Việt Nam đã có thêm gần 420.000 trường hợp được xác nhận, trong đó 50% đã được chữa khỏi và xuất viện. , nhưng cũng có 10.000.370 bệnh nhân tử vong.","Cac bác sĩ, y tá Đà Nẵng đã lên đường đến TP.HCM để hỗ trợ công tác phòng chống dịch, kể từ khi đợt dịch thứ 4 bùng phát vào ngày 27/4, Việt Nam đã có thêm gần 420.000 trường hợp được xác nhận, trong đó 50% đã được chữa khỏi và xuất viện. , nhưng cũng có 10.000.370 bệnh nhân tử vong.",1,rule_based,deterministic-rule-baseline-precomputed,analysis_csv,0.0,remove_one_tone,ok
vi-zh-2022-test-0184,岘港市医生、护士启程前往胡志明市，帮助其防控疫情自4月27日，第四波疫情爆发以来，越南新增近42万例确诊病例，其中50%已经治愈出院，不过也有1万0370名患者死亡。,"Các bác sĩ, y tá Đà Nẵng đã lên đường đến TP.HCM để hỗ trợ công tác phòng chống dịch, kể từ khi đợt dịch thứ 4 bùng phát vào ngày 27/4, Việt Nam đã có thêm gần 420.000 trường hợp được xác nhận, trong đó 50% đã được chữa khỏi và xuất viện. , nhưng cũng có 10.000.370 bệnh nhân tử vong.","Cac bac si, y ta Đa Nang đa len đuong đen TP.HCM đe ho tro cong tac phong chong dich, ke tu khi đot dich thu 4 bung phat vao ngay Viet Nam đa co them gan 420.000 truong hop đuoc xac nhan, trong đo 50% đa đuoc chua khoi va xuat vien. , nhung cung co 10.000.370 benh nhan tu vong.",2,rule_based,deterministic-rule-baseline-precomputed,analysis_csv,0.0,remove_tones_and_drop_one_word,ok
vi-zh-2022-test-0184,岘港市医生、护士启程前往胡志明市，帮助其防控疫情自4月27日，第四波疫情爆发以来，越南新增近42万例确诊病例，其中50%已经治愈出院，不过也有1万0370名患者死亡。,"Các bác sĩ, y tá Đà Nẵng đã lên đường đến TP.HCM để hỗ trợ công tác phòng chống dịch, kể từ khi đợt dịch thứ 4 bùng phát vào ngày 27/4, Việt Nam đã có thêm gần 420.000 trường hợp được xác nhận, trong đó 50% đã được chữa khỏi và xuất viện. , nhưng cũng có 10.000.370 bệnh nhân tử vong.","Các bác sĩ, y tá Đà Nẵng đã lên đường đến TP.HCM hỗ trợ công tác phòng chống dịch, kể từ khi thứ 4 bùng ngày 27/4, Việt Nam đã có gần 420.000 trường hợp được xác nhận, trong đó 50% đã chữa khỏi và xuất , cũng có 10.000.370 bệnh nhân tử vong.",3,rule_based,deterministic-rule-baseline-precomputed,analysis_csv,0.0,word_dropout_15pct,ok
vi-zh-2022-test-0184,岘港市医生、护士启程前往胡志明市，帮助其防控疫情自4月27日，第四波疫情爆发以来，越南新增近42万例确诊病例，其中50%已经治愈出院，不过也有1万0370名患者死亡。,"Các bác sĩ, y tá Đà Nẵng đã lên đường đến TP.HCM để hỗ trợ công tác phòng chống dịch, kể từ khi đợt dịch thứ 4 bùng phát vào ngày 27/4, Việt Nam đã có thêm gần 420.000 trường hợp được xác nhận, trong đó 50% đã được chữa khỏi và xuất viện. , nhưng cũng có 10.000.370 bệnh nhân tử vong.","Các sĩ, bác đã lên đường đến TP.HCM để công tác dịch, kể khi dịch 4 bùng phát vào ngày 27/4, Việt Nam đã gần 420.000 trường hợp được xác nhận, đó 50% đã được chữa khỏi xuất , cũng có nhân tử vong.",4,rule_based,deterministic-rule-baseline-precomputed,analysis_csv,0.0,word_dropout_30pct_and_swap,ok
vi-zh-2022-test-0184,岘港市医生、护士启程前往胡志明市，帮助其防控疫情自4月27日，第四波疫情爆发以来，越南新增近42万例确诊病例，其中50%已经治愈出院，不过也有1万0370名患者死亡。,"Các bác sĩ, y tá Đà Nẵng đã lên đường đến TP.HCM để hỗ trợ công tác phòng chống dịch, kể từ khi đợt dịch thứ 4 bùng phát vào ngày 27/4, Việt Nam đã có thêm gần 420.000 trường hợp được xác nhận, trong đó 50% đã được chữa khỏi và xuất viện. , nhưng cũng có 10.000.370 bệnh nhân tử vong.",bác đã lên đến hỗ trợ phòng chống dịch kể khi dịch 4 vào Nam đã thêm trường được nhận 50% được chữa xuất viện  nhưng cũng có bệnh tử vong,5,rule_based,deterministic-rule-baseline-precomputed,analysis_csv,0.0,word_dropout_50pct_and_punctuation_remove,ok
vi-zh-2022-test-0185,意识到确保社会民生是重要工作，各部门、各地方协调配合，确保粮食、食品、生活必需品供应，让居民安心执行社交距离规定。,"Xác định công tác đảm bảo an sinh xã hội là trọng yếu, các Bộ, ngành, địa phương đã tích cực phối hợp, đảm bảo cung ứng hàng hóa thiết yếu, lương thực, thực phẩm cho người dân để yên tâm thực hiện giãn cách.","Xác định công tác đảm bảo an sinh xã hội là trọng yếu, các Bộ, ngành, địa phương đã tích cực phối hợp, đảm bảo cung ứng hàng hóa thiết yếu, lương thực, thực phẩm cho người dân để yên tâm thực hiện giãn cách.",0,rule_based,deterministic-rule-baseline-precomputed,analysis_csv,0.0,identity,ok
vi-zh-2022-test-0185,意识到确保社会民生是重要工作，各部门、各地方协调配合，确保粮食、食品、生活必需品供应，让居民安心执行社交距离规定。,"Xác định công tác đảm bảo an sinh xã hội là trọng yếu, các Bộ, ngành, địa phương đã tích cực phối hợp, đảm bảo cung ứng hàng hóa thiết yếu, lương thực, thực phẩm cho người dân để yên tâm thực hiện giãn cách.","Xac định công tác đảm bảo an sinh xã hội là trọng yếu, các Bộ, ngành, địa phương đã tích cực phối hợp, đảm bảo cung ứng hàng hóa thiết yếu, lương thực, thực phẩm cho người dân để yên tâm thực hiện giãn cách.",1,rule_based,deterministic-rule-baseline-precomputed,analysis_csv,0.0,remove_one_tone,ok
vi-zh-2022-test-0185,意识到确保社会民生是重要工作，各部门、各地方协调配合，确保粮食、食品、生活必需品供应，让居民安心执行社交距离规定。,"Xác định công tác đảm bảo an sinh xã hội là trọng yếu, các Bộ, ngành, địa phương đã tích cực phối hợp, đảm bảo cung ứng hàng hóa thiết yếu, lương thực, thực phẩm cho người dân để yên tâm thực hiện giãn cách.","Xac đinh cong tac đam bao an sinh xa hoi la trong yeu, cac Bo, nganh, đia phuong đa tich cuc phoi đam bao cung ung hang hoa thiet yeu, luong thuc, thuc pham cho nguoi dan đe yen tam thuc hien gian cach.",2,rule_based,deterministic-rule-baseline-precomputed,analysis_csv,0.0,remove_tones_and_drop_one_word,ok
vi-zh-2022-test-0185,意识到确保社会民生是重要工作，各部门、各地方协调配合，确保粮食、食品、生活必需品供应，让居民安心执行社交距离规定。,"Xác định công tác đảm bảo an sinh xã hội là trọng yếu, các Bộ, ngành, địa phương đã tích cực phối hợp, đảm bảo cung ứng hàng hóa thiết yếu, lương thực, thực phẩm cho người dân để yên tâm thực hiện giãn cách.","Xác định tác đảm bảo sinh xã hội là trọng yếu, Bộ, ngành, địa đã tích phối hợp, đảm bảo cung ứng hàng hóa thiết yếu, lương thực, thực phẩm cho người dân để yên tâm thực cách.",3,rule_based,deterministic-rule-baseline-precomputed,analysis_csv,0.0,word_dropout_15pct,ok
vi-zh-2022-test-0185,意识到确保社会民生是重要工作，各部门、各地方协调配合，确保粮食、食品、生活必需品供应，让居民安心执行社交距离规定。,"Xác định công tác đảm bảo an sinh xã hội là trọng yếu, các Bộ, ngành, địa phương đã tích cực phối hợp, đảm bảo cung ứng hàng hóa thiết yếu, lương thực, thực phẩm cho người dân để yên tâm thực hiện giãn cách.","Xác tác định bảo xã trọng yếu, các Bộ, phương đã tích cực phối đảm bảo cung ứng hàng thiết yếu, thực, thực cho người yên tâm thực hiện giãn cách.",4,rule_based,deterministic-rule-baseline-precomputed,analysis_csv,0.0,word_dropout_30pct_and_swap,ok
vi-zh-2022-test-0185,意识到确保社会民生是重要工作，各部门、各地方协调配合，确保粮食、食品、生活必需品供应，让居民安心执行社交距离规定。,"Xác định công tác đảm bảo an sinh xã hội là trọng yếu, các Bộ, ngành, địa phương đã tích cực phối hợp, đảm bảo cung ứng hàng hóa thiết yếu, lương thực, thực phẩm cho người dân để yên tâm thực hiện giãn cách.",công đảm bảo sinh xã là trọng Bộ phương cực cung ứng yếu thực thực phẩm dân để yên hiện giãn cách,5,rule_based,deterministic-rule-baseline-precomputed,analysis_csv,0.0,word_dropout_50pct_and_punctuation_remove,ok
vi-zh-2022-test-0186,公安力量帮助胡志明市居民购买粮食食品越南政府总理范明政在会上发表讲话时强调，既然决定牺牲经济利益，实施社交距离措施，就要成功控制疫情，要尽可能早和有效击退疫情。,"Phát biểu tại hội nghị, người đứng đầu Chính phủ nhấn mạnh tinh thần chung: Việt Nam đã hy sinh về kinh tế - xã hội để thực hiện giãn cách thì phải đạt kết quả chống dịch thành công, phải ngăn chặn, đẩy lùi được dịch bệnh sớm, nhanh, hiệu quả.","Phát biểu tại hội nghị, người đứng đầu Chính phủ nhấn mạnh tinh thần chung: Việt Nam đã hy sinh về kinh tế - xã hội để thực hiện giãn cách thì phải đạt kết quả chống dịch thành công, phải ngăn chặn, đẩy lùi được dịch bệnh sớm, nhanh, hiệu quả.",0,rule_based,deterministic-rule-baseline-precomputed,analysis_csv,0.0,identity,ok
vi-zh-2022-test-0186,公安力量帮助胡志明市居民购买粮食食品越南政府总理范明政在会上发表讲话时强调，既然决定牺牲经济利益，实施社交距离措施，就要成功控制疫情，要尽可能早和有效击退疫情。,"Phát biểu tại hội nghị, người đứng đầu Chính phủ nhấn mạnh tinh thần chung: Việt Nam đã hy sinh về kinh tế - xã hội để thực hiện giãn cách thì phải đạt kết quả chống dịch thành công, phải ngăn chặn, đẩy lùi được dịch bệnh sớm, nhanh, hiệu quả.","Phat biểu tại hội nghị, người đứng đầu Chính phủ nhấn mạnh tinh thần chung: Việt Nam đã hy sinh về kinh tế - xã hội để thực hiện giãn cách thì phải đạt kết quả chống dịch thành công, phải ngăn chặn, đẩy lùi được dịch bệnh sớm, nhanh, hiệu quả.",1,rule_based,deterministic-rule-baseline-precomputed,analysis_csv,0.0,remove_one_tone,ok
vi-zh-2022-test-0186,公安力量帮助胡志明市居民购买粮食食品越南政府总理范明政在会上发表讲话时强调，既然决定牺牲经济利益，实施社交距离措施，就要成功控制疫情，要尽可能早和有效击退疫情。,"Phát biểu tại hội nghị, người đứng đầu Chính phủ nhấn mạnh tinh thần chung: Việt Nam đã hy sinh về kinh tế - xã hội để thực hiện giãn cách thì phải đạt kết quả chống dịch thành công, phải ngăn chặn, đẩy lùi được dịch bệnh sớm, nhanh, hiệu quả.","Phat bieu tai hoi nghi, nguoi đung đau Chinh phu nhan manh tinh than chung: Viet Nam đa hy sinh ve kinh te - xa hoi thuc hien gian cach thi phai đat ket qua chong dich thanh cong, phai ngan chan, đay lui đuoc dich benh som, nhanh, hieu qua.",2,rule_based,deterministic-rule-baseline-precomputed,analysis_csv,0.0,remove_tones_and_drop_one_word,ok
vi-zh-2022-test-0186,公安力量帮助胡志明市居民购买粮食食品越南政府总理范明政在会上发表讲话时强调，既然决定牺牲经济利益，实施社交距离措施，就要成功控制疫情，要尽可能早和有效击退疫情。,"Phát biểu tại hội nghị, người đứng đầu Chính phủ nhấn mạnh tinh thần chung: Việt Nam đã hy sinh về kinh tế - xã hội để thực hiện giãn cách thì phải đạt kết quả chống dịch thành công, phải ngăn chặn, đẩy lùi được dịch bệnh sớm, nhanh, hiệu quả.","Phát biểu tại hội người đầu Chính nhấn mạnh tinh thần chung: Nam đã hy sinh về kinh tế - xã hội để thực hiện giãn phải đạt kết chống dịch thành công, phải ngăn chặn, đẩy lùi dịch bệnh sớm, nhanh, hiệu quả.",3,rule_based,deterministic-rule-baseline-precomputed,analysis_csv,0.0,word_dropout_15pct,ok
vi-zh-2022-test-0186,公安力量帮助胡志明市居民购买粮食食品越南政府总理范明政在会上发表讲话时强调，既然决定牺牲经济利益，实施社交距离措施，就要成功控制疫情，要尽可能早和有效击退疫情。,"Phát biểu tại hội nghị, người đứng đầu Chính phủ nhấn mạnh tinh thần chung: Việt Nam đã hy sinh về kinh tế - xã hội để thực hiện giãn cách thì phải đạt kết quả chống dịch thành công, phải ngăn chặn, đẩy lùi được dịch bệnh sớm, nhanh, hiệu quả.","tại người nghị, đầu Chính nhấn tinh thần chung: đã sinh về tế - xã hội để thực hiện giãn phải chống dịch thành công, ngăn chặn, đẩy lùi được dịch bệnh sớm, nhanh, hiệu quả.",4,rule_based,deterministic-rule-baseline-precomputed,analysis_csv,0.0,word_dropout_30pct_and_swap,ok
vi-zh-2022-test-0186,公安力量帮助胡志明市居民购买粮食食品越南政府总理范明政在会上发表讲话时强调，既然决定牺牲经济利益，实施社交距离措施，就要成功控制疫情，要尽可能早和有效击退疫情。,"Phát biểu tại hội nghị, người đứng đầu Chính phủ nhấn mạnh tinh thần chung: Việt Nam đã hy sinh về kinh tế - xã hội để thực hiện giãn cách thì phải đạt kết quả chống dịch thành công, phải ngăn chặn, đẩy lùi được dịch bệnh sớm, nhanh, hiệu quả.",Phát tại nghị người đứng đầu phủ mạnh thần chung Việt Nam đã hy về để cách đạt quả dịch phải đẩy lùi dịch bệnh hiệu,5,rule_based,deterministic-rule-baseline-precomputed,analysis_csv,0.0,word_dropout_50pct_and_punctuation_remove,ok
vi-zh-2022-test-0187,本着上述精神，范明政指出，社交距离是阻止疫情蔓延的重要措施，要认真、严格实施。,"Trên cơ sở đó, Thủ tướng Phạm Minh Chính chỉ ra, giãn cách xã hội là biện pháp chống lây lan dịch bệnh nên phải thực hiện thật nghiêm, thật chặt chẽ, kiểm soát có hiệu quả.","Trên cơ sở đó, Thủ tướng Phạm Minh Chính chỉ ra, giãn cách xã hội là biện pháp chống lây lan dịch bệnh nên phải thực hiện thật nghiêm, thật chặt chẽ, kiểm soát có hiệu quả.",0,rule_based,deterministic-rule-baseline-precomputed,analysis_csv,0.0,identity,ok
vi-zh-2022-test-0187,本着上述精神，范明政指出，社交距离是阻止疫情蔓延的重要措施，要认真、严格实施。,"Trên cơ sở đó, Thủ tướng Phạm Minh Chính chỉ ra, giãn cách xã hội là biện pháp chống lây lan dịch bệnh nên phải thực hiện thật nghiêm, thật chặt chẽ, kiểm soát có hiệu quả.","Tren cơ sở đó, Thủ tướng Phạm Minh Chính chỉ ra, giãn cách xã hội là biện pháp chống lây lan dịch bệnh nên phải thực hiện thật nghiêm, thật chặt chẽ, kiểm soát có hiệu quả.",1,rule_based,deterministic-rule-baseline-precomputed,analysis_csv,0.0,remove_one_tone,ok
vi-zh-2022-test-0187,本着上述精神，范明政指出，社交距离是阻止疫情蔓延的重要措施，要认真、严格实施。,"Trên cơ sở đó, Thủ tướng Phạm Minh Chính chỉ ra, giãn cách xã hội là biện pháp chống lây lan dịch bệnh nên phải thực hiện thật nghiêm, thật chặt chẽ, kiểm soát có hiệu quả.","Tren co so đo, Thu tuong Pham Minh Chinh chi ra, gian cach xa hoi la bien phap lay lan dich benh nen phai thuc hien that nghiem, that chat che, kiem soat co hieu qua.",2,rule_based,deterministic-rule-baseline-precomputed,analysis_csv,0.0,remove_tones_and_drop_one_word,ok
vi-zh-2022-test-0187,本着上述精神，范明政指出，社交距离是阻止疫情蔓延的重要措施，要认真、严格实施。,"Trên cơ sở đó, Thủ tướng Phạm Minh Chính chỉ ra, giãn cách xã hội là biện pháp chống lây lan dịch bệnh nên phải thực hiện thật nghiêm, thật chặt chẽ, kiểm soát có hiệu quả.","cơ sở đó, Thủ tướng Phạm Minh Chính chỉ ra, giãn cách xã hội là biện pháp lây lan dịch bệnh nên thực hiện thật nghiêm, thật soát có hiệu quả.",3,rule_based,deterministic-rule-baseline-precomputed,analysis_csv,0.0,word_dropout_15pct,ok
vi-zh-2022-test-0187,本着上述精神，范明政指出，社交距离是阻止疫情蔓延的重要措施，要认真、严格实施。,"Trên cơ sở đó, Thủ tướng Phạm Minh Chính chỉ ra, giãn cách xã hội là biện pháp chống lây lan dịch bệnh nên phải thực hiện thật nghiêm, thật chặt chẽ, kiểm soát có hiệu quả.","Trên sở cơ đó, Thủ tướng Minh Chính chỉ ra, giãn xã hội là pháp lây lan dịch bệnh thực hiện thật thật chặt soát hiệu",4,rule_based,deterministic-rule-baseline-precomputed,analysis_csv,0.0,word_dropout_30pct_and_swap,ok
vi-zh-2022-test-0187,本着上述精神，范明政指出，社交距离是阻止疫情蔓延的重要措施，要认真、严格实施。,"Trên cơ sở đó, Thủ tướng Phạm Minh Chính chỉ ra, giãn cách xã hội là biện pháp chống lây lan dịch bệnh nên phải thực hiện thật nghiêm, thật chặt chẽ, kiểm soát có hiệu quả.",sở đó Minh Chính giãn xã là biện lây dịch thực hiện thật nghiêm thật chặt kiểm soát,5,rule_based,deterministic-rule-baseline-precomputed,analysis_csv,0.0,word_dropout_50pct_and_punctuation_remove,ok
vi-zh-2022-test-0188,在实施社交距离期间，要同时神速进行病毒检测和疫苗接种，并确保这项工作的科学性、有效性和全面性。,"Trong thời gian thực hiện giãn cách xã hội phải thực hiện thần tốc xét nghiệm, tiêm vaccine một cách khoa học, hiệu quả và toàn diện.","Trong thời gian thực hiện giãn cách xã hội phải thực hiện thần tốc xét nghiệm, tiêm vaccine một cách khoa học, hiệu quả và toàn diện.",0,rule_based,deterministic-rule-baseline-precomputed,analysis_csv,0.0,identity,ok
vi-zh-2022-test-0188,在实施社交距离期间，要同时神速进行病毒检测和疫苗接种，并确保这项工作的科学性、有效性和全面性。,"Trong thời gian thực hiện giãn cách xã hội phải thực hiện thần tốc xét nghiệm, tiêm vaccine một cách khoa học, hiệu quả và toàn diện.","Trong thoi gian thực hiện giãn cách xã hội phải thực hiện thần tốc xét nghiệm, tiêm vaccine một cách khoa học, hiệu quả và toàn diện.",1,rule_based,deterministic-rule-baseline-precomputed,analysis_csv,0.0,remove_one_tone,ok
vi-zh-2022-test-0188,在实施社交距离期间，要同时神速进行病毒检测和疫苗接种，并确保这项工作的科学性、有效性和全面性。,"Trong thời gian thực hiện giãn cách xã hội phải thực hiện thần tốc xét nghiệm, tiêm vaccine một cách khoa học, hiệu quả và toàn diện.","Trong thoi gian thuc hien gian cach xa hoi phai thuc hien than xet nghiem, tiem vaccine mot cach khoa hoc, hieu qua va toan dien.",2,rule_based,deterministic-rule-baseline-precomputed,analysis_csv,0.0,remove_tones_and_drop_one_word,ok
vi-zh-2022-test-0188,在实施社交距离期间，要同时神速进行病毒检测和疫苗接种，并确保这项工作的科学性、有效性和全面性。,"Trong thời gian thực hiện giãn cách xã hội phải thực hiện thần tốc xét nghiệm, tiêm vaccine một cách khoa học, hiệu quả và toàn diện.","Trong thời gian thực hiện giãn cách xã hội phải hiện thần tốc xét nghiệm, tiêm vaccine cách khoa học, hiệu và toàn",3,rule_based,deterministic-rule-baseline-precomputed,analysis_csv,0.0,word_dropout_15pct,ok
vi-zh-2022-test-0188,在实施社交距离期间，要同时神速进行病毒检测和疫苗接种，并确保这项工作的科学性、有效性和全面性。,"Trong thời gian thực hiện giãn cách xã hội phải thực hiện thần tốc xét nghiệm, tiêm vaccine một cách khoa học, hiệu quả và toàn diện.","Trong hiện thời cách xã hội phải thực hiện tốc xét nghiệm, tiêm vaccine một khoa học, và toàn",4,rule_based,deterministic-rule-baseline-precomputed,analysis_csv,0.0,word_dropout_30pct_and_swap,ok
vi-zh-2022-test-0188,在实施社交距离期间，要同时神速进行病毒检测和疫苗接种，并确保这项工作的科学性、有效性和全面性。,"Trong thời gian thực hiện giãn cách xã hội phải thực hiện thần tốc xét nghiệm, tiêm vaccine một cách khoa học, hiệu quả và toàn diện.",Trong thời gian thực giãn xã hội hiện tốc tiêm cách học quả toàn,5,rule_based,deterministic-rule-baseline-precomputed,analysis_csv,0.0,word_dropout_50pct_and_punctuation_remove,ok
vi-zh-2022-test-0189,同时确保人民最早、最便利、在基层获得医疗服务，尽可能早的发现确诊病例并尽可能快的进行隔离和治疗，实施就地治疗措施，缓解上级医疗机构超负荷，把传统和现代医学相结合，减少重症病例、死亡病例。,"Đồng thời đảm bảo cho người dân được tiếp cận y tế từ sớm, từ xa, từ cơ sở, nhằm phát hiện sớm, cách ly nhanh, điều trị tích cực ngay tại cơ sở, không để quá tải tuyến trên; điều trị tích cực, kết hợp y học cổ truyền và y học hiện đại để giảm ca bệnh nặng, ca tử vong do COVID-19.","Đồng thời đảm bảo cho người dân được tiếp cận y tế từ sớm, từ xa, từ cơ sở, nhằm phát hiện sớm, cách ly nhanh, điều trị tích cực ngay tại cơ sở, không để quá tải tuyến trên; điều trị tích cực, kết hợp y học cổ truyền và y học hiện đại để giảm ca bệnh nặng, ca tử vong do COVID-19.",0,rule_based,deterministic-rule-baseline-precomputed,analysis_csv,0.0,identity,ok
vi-zh-2022-test-0189,同时确保人民最早、最便利、在基层获得医疗服务，尽可能早的发现确诊病例并尽可能快的进行隔离和治疗，实施就地治疗措施，缓解上级医疗机构超负荷，把传统和现代医学相结合，减少重症病例、死亡病例。,"Đồng thời đảm bảo cho người dân được tiếp cận y tế từ sớm, từ xa, từ cơ sở, nhằm phát hiện sớm, cách ly nhanh, điều trị tích cực ngay tại cơ sở, không để quá tải tuyến trên; điều trị tích cực, kết hợp y học cổ truyền và y học hiện đại để giảm ca bệnh nặng, ca tử vong do COVID-19.","Đong thời đảm bảo cho người dân được tiếp cận y tế từ sớm, từ xa, từ cơ sở, nhằm phát hiện sớm, cách ly nhanh, điều trị tích cực ngay tại cơ sở, không để quá tải tuyến trên; điều trị tích cực, kết hợp y học cổ truyền và y học hiện đại để giảm ca bệnh nặng, ca tử vong do COVID-19.",1,rule_based,deterministic-rule-baseline-precomputed,analysis_csv,0.0,remove_one_tone,ok
vi-zh-2022-test-0189,同时确保人民最早、最便利、在基层获得医疗服务，尽可能早的发现确诊病例并尽可能快的进行隔离和治疗，实施就地治疗措施，缓解上级医疗机构超负荷，把传统和现代医学相结合，减少重症病例、死亡病例。,"Đồng thời đảm bảo cho người dân được tiếp cận y tế từ sớm, từ xa, từ cơ sở, nhằm phát hiện sớm, cách ly nhanh, điều trị tích cực ngay tại cơ sở, không để quá tải tuyến trên; điều trị tích cực, kết hợp y học cổ truyền và y học hiện đại để giảm ca bệnh nặng, ca tử vong do COVID-19.","Đong thoi đam bao cho nguoi dan đuoc tiep can y te tu som, tu xa, tu co so, nham phat hien som, cach ly nhanh, đieu tri tich cuc ngay tai so, khong đe qua tai tuyen tren; đieu tri tich cuc, ket hop y hoc co truyen va y hoc hien đai đe giam ca benh nang, ca tu vong do COVID-19.",2,rule_based,deterministic-rule-baseline-precomputed,analysis_csv,0.0,remove_tones_and_drop_one_word,ok
vi-zh-2022-test-0189,同时确保人民最早、最便利、在基层获得医疗服务，尽可能早的发现确诊病例并尽可能快的进行隔离和治疗，实施就地治疗措施，缓解上级医疗机构超负荷，把传统和现代医学相结合，减少重症病例、死亡病例。,"Đồng thời đảm bảo cho người dân được tiếp cận y tế từ sớm, từ xa, từ cơ sở, nhằm phát hiện sớm, cách ly nhanh, điều trị tích cực ngay tại cơ sở, không để quá tải tuyến trên; điều trị tích cực, kết hợp y học cổ truyền và y học hiện đại để giảm ca bệnh nặng, ca tử vong do COVID-19.","Đồng thời đảm bảo cho người dân được cận tế từ sớm, từ xa, từ cơ sở, nhằm hiện sớm, cách ly điều trị tích cực ngay tại cơ sở, không để quá tải tuyến trên; điều trị tích cực, kết hợp truyền và y học đại để giảm ca bệnh nặng, vong do COVID-19.",3,rule_based,deterministic-rule-baseline-precomputed,analysis_csv,0.0,word_dropout_15pct,ok
vi-zh-2022-test-0189,同时确保人民最早、最便利、在基层获得医疗服务，尽可能早的发现确诊病例并尽可能快的进行隔离和治疗，实施就地治疗措施，缓解上级医疗机构超负荷，把传统和现代医学相结合，减少重症病例、死亡病例。,"Đồng thời đảm bảo cho người dân được tiếp cận y tế từ sớm, từ xa, từ cơ sở, nhằm phát hiện sớm, cách ly nhanh, điều trị tích cực ngay tại cơ sở, không để quá tải tuyến trên; điều trị tích cực, kết hợp y học cổ truyền và y học hiện đại để giảm ca bệnh nặng, ca tử vong do COVID-19.","Đồng bảo thời cho người dân được tiếp y tế sớm, xa, từ cơ sở, phát cách ly nhanh, trị tích cực ngay cơ sở, không để quá tải tuyến điều trị tích cực, kết cổ và y học hiện đại để giảm ca ca do",4,rule_based,deterministic-rule-baseline-precomputed,analysis_csv,0.0,word_dropout_30pct_and_swap,ok
vi-zh-2022-test-0189,同时确保人民最早、最便利、在基层获得医疗服务，尽可能早的发现确诊病例并尽可能快的进行隔离和治疗，实施就地治疗措施，缓解上级医疗机构超负荷，把传统和现代医学相结合，减少重症病例、死亡病例。,"Đồng thời đảm bảo cho người dân được tiếp cận y tế từ sớm, từ xa, từ cơ sở, nhằm phát hiện sớm, cách ly nhanh, điều trị tích cực ngay tại cơ sở, không để quá tải tuyến trên; điều trị tích cực, kết hợp y học cổ truyền và y học hiện đại để giảm ca bệnh nặng, ca tử vong do COVID-19.",bảo người dân tiếp cận y sớm từ nhằm sớm cách ly nhanh tích cơ để quá tải trị tích kết hợp y học cổ y để ca tử vong do COVID-19,5,rule_based,deterministic-rule-baseline-precomputed,analysis_csv,0.0,word_dropout_50pct_and_punctuation_remove,ok
vi-zh-2022-test-0190,与此同时，要主动了解人民心声、愿望，及时鼓励人民、照顾人民精神生活。,"Bên cạnh đó, chủ động nắm bắt tâm tư, tình cảm, nguyện vọng của nhân dân, động viên, chăm sóc đời sống tinh thần cho nhân dân.","Bên cạnh đó, chủ động nắm bắt tâm tư, tình cảm, nguyện vọng của nhân dân, động viên, chăm sóc đời sống tinh thần cho nhân dân.",0,rule_based,deterministic-rule-baseline-precomputed,analysis_csv,0.0,identity,ok
vi-zh-2022-test-0190,与此同时，要主动了解人民心声、愿望，及时鼓励人民、照顾人民精神生活。,"Bên cạnh đó, chủ động nắm bắt tâm tư, tình cảm, nguyện vọng của nhân dân, động viên, chăm sóc đời sống tinh thần cho nhân dân.","Ben cạnh đó, chủ động nắm bắt tâm tư, tình cảm, nguyện vọng của nhân dân, động viên, chăm sóc đời sống tinh thần cho nhân dân.",1,rule_based,deterministic-rule-baseline-precomputed,analysis_csv,0.0,remove_one_tone,ok
vi-zh-2022-test-0190,与此同时，要主动了解人民心声、愿望，及时鼓励人民、照顾人民精神生活。,"Bên cạnh đó, chủ động nắm bắt tâm tư, tình cảm, nguyện vọng của nhân dân, động viên, chăm sóc đời sống tinh thần cho nhân dân.","Ben canh đo, chu đong nam bat tam tu, tinh cam, nguyen vong nhan dan, đong vien, cham soc đoi song tinh than cho nhan dan.",2,rule_based,deterministic-rule-baseline-precomputed,analysis_csv,0.0,remove_tones_and_drop_one_word,ok
vi-zh-2022-test-0190,与此同时，要主动了解人民心声、愿望，及时鼓励人民、照顾人民精神生活。,"Bên cạnh đó, chủ động nắm bắt tâm tư, tình cảm, nguyện vọng của nhân dân, động viên, chăm sóc đời sống tinh thần cho nhân dân.","Bên cạnh đó, chủ động nắm bắt tâm tư, tình nguyện của dân, động viên, sóc đời sống tinh thần cho nhân dân.",3,rule_based,deterministic-rule-baseline-precomputed,analysis_csv,0.0,word_dropout_15pct,ok
vi-zh-2022-test-0190,与此同时，要主动了解人民心声、愿望，及时鼓励人民、照顾人民精神生活。,"Bên cạnh đó, chủ động nắm bắt tâm tư, tình cảm, nguyện vọng của nhân dân, động viên, chăm sóc đời sống tinh thần cho nhân dân.","đó, nắm động tâm tư, tình cảm, nguyện vọng của nhân dân, động chăm đời sống tinh thần nhân",4,rule_based,deterministic-rule-baseline-precomputed,analysis_csv,0.0,word_dropout_30pct_and_swap,ok
vi-zh-2022-test-0190,与此同时，要主动了解人民心声、愿望，及时鼓励人民、照顾人民精神生活。,"Bên cạnh đó, chủ động nắm bắt tâm tư, tình cảm, nguyện vọng của nhân dân, động viên, chăm sóc đời sống tinh thần cho nhân dân.",Bên cạnh nắm tâm tình của dân động viên sóc sống tinh cho nhân,5,rule_based,deterministic-rule-baseline-precomputed,analysis_csv,0.0,word_dropout_50pct_and_punctuation_remove,ok
vi-zh-2022-test-0191,从中央到地方有了统一的意志，各级、各部门有了贴近实际、统一的领导、指导，将帮助越南逐步控制疫情。,"Việc thống nhất ý chí từ Trung ương đến địa phương, sự chỉ đạo xuyên suốt, sát sao của các cấp có thẩm quyền sẽ từng bước giúp Việt Nam kiểm soát được dịch bệnh.","Việc thống nhất ý chí từ Trung ương đến địa phương, sự chỉ đạo xuyên suốt, sát sao của các cấp có thẩm quyền sẽ từng bước giúp Việt Nam kiểm soát được dịch bệnh.",0,rule_based,deterministic-rule-baseline-precomputed,analysis_csv,0.0,identity,ok
vi-zh-2022-test-0191,从中央到地方有了统一的意志，各级、各部门有了贴近实际、统一的领导、指导，将帮助越南逐步控制疫情。,"Việc thống nhất ý chí từ Trung ương đến địa phương, sự chỉ đạo xuyên suốt, sát sao của các cấp có thẩm quyền sẽ từng bước giúp Việt Nam kiểm soát được dịch bệnh.","Viec thống nhất ý chí từ Trung ương đến địa phương, sự chỉ đạo xuyên suốt, sát sao của các cấp có thẩm quyền sẽ từng bước giúp Việt Nam kiểm soát được dịch bệnh.",1,rule_based,deterministic-rule-baseline-precomputed,analysis_csv,0.0,remove_one_tone,ok
vi-zh-2022-test-0191,从中央到地方有了统一的意志，各级、各部门有了贴近实际、统一的领导、指导，将帮助越南逐步控制疫情。,"Việc thống nhất ý chí từ Trung ương đến địa phương, sự chỉ đạo xuyên suốt, sát sao của các cấp có thẩm quyền sẽ từng bước giúp Việt Nam kiểm soát được dịch bệnh.","Viec thong nhat y chi tu Trung uong đen đia phuong, su chi đao xuyen suot, sat cua cac cap co tham quyen se tung buoc giup Viet Nam kiem soat đuoc dich benh.",2,rule_based,deterministic-rule-baseline-precomputed,analysis_csv,0.0,remove_tones_and_drop_one_word,ok
vi-zh-2022-test-0191,从中央到地方有了统一的意志，各级、各部门有了贴近实际、统一的领导、指导，将帮助越南逐步控制疫情。,"Việc thống nhất ý chí từ Trung ương đến địa phương, sự chỉ đạo xuyên suốt, sát sao của các cấp có thẩm quyền sẽ từng bước giúp Việt Nam kiểm soát được dịch bệnh.","Việc thống nhất chí từ Trung đến địa sự chỉ đạo xuyên suốt, sát của các cấp có thẩm quyền sẽ từng bước giúp Việt Nam soát được dịch bệnh.",3,rule_based,deterministic-rule-baseline-precomputed,analysis_csv,0.0,word_dropout_15pct,ok
vi-zh-2022-test-0191,从中央到地方有了统一的意志，各级、各部门有了贴近实际、统一的领导、指导，将帮助越南逐步控制疫情。,"Việc thống nhất ý chí từ Trung ương đến địa phương, sự chỉ đạo xuyên suốt, sát sao của các cấp có thẩm quyền sẽ từng bước giúp Việt Nam kiểm soát được dịch bệnh.","Việc nhất thống chí từ ương phương, sự chỉ đạo suốt, sát sao các cấp có thẩm quyền từng bước Nam kiểm soát được",4,rule_based,deterministic-rule-baseline-precomputed,analysis_csv,0.0,word_dropout_30pct_and_swap,ok
vi-zh-2022-test-0191,从中央到地方有了统一的意志，各级、各部门有了贴近实际、统一的领导、指导，将帮助越南逐步控制疫情。,"Việc thống nhất ý chí từ Trung ương đến địa phương, sự chỉ đạo xuyên suốt, sát sao của các cấp có thẩm quyền sẽ từng bước giúp Việt Nam kiểm soát được dịch bệnh.",thống nhất ý chí từ địa sao của thẩm quyền sẽ từng bước giúp kiểm soát được dịch,5,rule_based,deterministic-rule-baseline-precomputed,analysis_csv,0.0,word_dropout_50pct_and_punctuation_remove,ok
vi-zh-2022-test-0192,美国总统拜登在这起袭击事件发生仅几小时后发表声明指出，将对犯罪者采取适当还击措施，他同时强调将继续按计划于8月31日把所有美军从阿富汗撤离。,"Trong tuyên bố đưa ra chỉ ít giờ sau vụ tấn công, Tổng thống Mỹ Joe Biden nêu rõ sẽ có hành động đáp trả thích đáng với thủ phạm gây ra tội ác, đồng thời khẳng định sẽ tiếp tục thực hiện kế hoạch sơ tán và rút lực lượng Mỹ theo hạn chót là ngày 31/8.","Trong tuyên bố đưa ra chỉ ít giờ sau vụ tấn công, Tổng thống Mỹ Joe Biden nêu rõ sẽ có hành động đáp trả thích đáng với thủ phạm gây ra tội ác, đồng thời khẳng định sẽ tiếp tục thực hiện kế hoạch sơ tán và rút lực lượng Mỹ theo hạn chót là ngày 31/8.",0,rule_based,deterministic-rule-baseline-precomputed,analysis_csv,0.0,identity,ok
vi-zh-2022-test-0192,美国总统拜登在这起袭击事件发生仅几小时后发表声明指出，将对犯罪者采取适当还击措施，他同时强调将继续按计划于8月31日把所有美军从阿富汗撤离。,"Trong tuyên bố đưa ra chỉ ít giờ sau vụ tấn công, Tổng thống Mỹ Joe Biden nêu rõ sẽ có hành động đáp trả thích đáng với thủ phạm gây ra tội ác, đồng thời khẳng định sẽ tiếp tục thực hiện kế hoạch sơ tán và rút lực lượng Mỹ theo hạn chót là ngày 31/8.","Trong tuyen bố đưa ra chỉ ít giờ sau vụ tấn công, Tổng thống Mỹ Joe Biden nêu rõ sẽ có hành động đáp trả thích đáng với thủ phạm gây ra tội ác, đồng thời khẳng định sẽ tiếp tục thực hiện kế hoạch sơ tán và rút lực lượng Mỹ theo hạn chót là ngày 31/8.",1,rule_based,deterministic-rule-baseline-precomputed,analysis_csv,0.0,remove_one_tone,ok
vi-zh-2022-test-0192,美国总统拜登在这起袭击事件发生仅几小时后发表声明指出，将对犯罪者采取适当还击措施，他同时强调将继续按计划于8月31日把所有美军从阿富汗撤离。,"Trong tuyên bố đưa ra chỉ ít giờ sau vụ tấn công, Tổng thống Mỹ Joe Biden nêu rõ sẽ có hành động đáp trả thích đáng với thủ phạm gây ra tội ác, đồng thời khẳng định sẽ tiếp tục thực hiện kế hoạch sơ tán và rút lực lượng Mỹ theo hạn chót là ngày 31/8.","Trong tuyen bo đua ra chi it gio sau vu tan cong, Tong thong My Joe Biden neu ro se co hanh đong đap tra thich đang voi thu gay ra toi ac, đong thoi khang đinh se tiep tuc thuc hien ke hoach so tan va rut luc luong My theo han chot la ngay 31/8.",2,rule_based,deterministic-rule-baseline-precomputed,analysis_csv,0.0,remove_tones_and_drop_one_word,ok
vi-zh-2022-test-0192,美国总统拜登在这起袭击事件发生仅几小时后发表声明指出，将对犯罪者采取适当还击措施，他同时强调将继续按计划于8月31日把所有美军从阿富汗撤离。,"Trong tuyên bố đưa ra chỉ ít giờ sau vụ tấn công, Tổng thống Mỹ Joe Biden nêu rõ sẽ có hành động đáp trả thích đáng với thủ phạm gây ra tội ác, đồng thời khẳng định sẽ tiếp tục thực hiện kế hoạch sơ tán và rút lực lượng Mỹ theo hạn chót là ngày 31/8.","Trong bố đưa ra chỉ giờ sau vụ tấn công, Tổng thống Mỹ Joe Biden nêu hành động đáp trả đáng với phạm gây ra tội ác, đồng thời khẳng định sẽ tiếp tục thực hiện kế hoạch sơ tán và rút lực lượng Mỹ theo chót ngày 31/8.",3,rule_based,deterministic-rule-baseline-precomputed,analysis_csv,0.0,word_dropout_15pct,ok
vi-zh-2022-test-0192,美国总统拜登在这起袭击事件发生仅几小时后发表声明指出，将对犯罪者采取适当还击措施，他同时强调将继续按计划于8月31日把所有美军从阿富汗撤离。,"Trong tuyên bố đưa ra chỉ ít giờ sau vụ tấn công, Tổng thống Mỹ Joe Biden nêu rõ sẽ có hành động đáp trả thích đáng với thủ phạm gây ra tội ác, đồng thời khẳng định sẽ tiếp tục thực hiện kế hoạch sơ tán và rút lực lượng Mỹ theo hạn chót là ngày 31/8.","Trong bố tuyên đưa ra chỉ ít giờ vụ tấn công, thống Joe Biden nêu rõ sẽ có hành động đáp đáng với gây đồng thời khẳng định sẽ tục thực hiện hoạch tán và rút lực lượng hạn là 31/8.",4,rule_based,deterministic-rule-baseline-precomputed,analysis_csv,0.0,word_dropout_30pct_and_swap,ok
vi-zh-2022-test-0192,美国总统拜登在这起袭击事件发生仅几小时后发表声明指出，将对犯罪者采取适当还击措施，他同时强调将继续按计划于8月31日把所有美军从阿富汗撤离。,"Trong tuyên bố đưa ra chỉ ít giờ sau vụ tấn công, Tổng thống Mỹ Joe Biden nêu rõ sẽ có hành động đáp trả thích đáng với thủ phạm gây ra tội ác, đồng thời khẳng định sẽ tiếp tục thực hiện kế hoạch sơ tán và rút lực lượng Mỹ theo hạn chót là ngày 31/8.",Trong tuyên đưa chỉ ít giờ vụ Tổng Joe Biden nêu rõ sẽ hành đáp đáng với gây thời tục thực sơ rút lực theo hạn chót là 31/8,5,rule_based,deterministic-rule-baseline-precomputed,analysis_csv,0.0,word_dropout_50pct_and_punctuation_remove,ok
vi-zh-2022-test-0193,与此同时，塔利班也未显示会对美国撤军计划让步的迹象。,"Cùng lúc đó, Taliban chưa đưa ra bất kỳ dấu hiệu nào cho thấy lực lượng này sẽ nhượng bộ đối với kế hoạch rút quân của Mỹ.","Cùng lúc đó, Taliban chưa đưa ra bất kỳ dấu hiệu nào cho thấy lực lượng này sẽ nhượng bộ đối với kế hoạch rút quân của Mỹ.",0,rule_based,deterministic-rule-baseline-precomputed,analysis_csv,0.0,identity,ok
vi-zh-2022-test-0193,与此同时，塔利班也未显示会对美国撤军计划让步的迹象。,"Cùng lúc đó, Taliban chưa đưa ra bất kỳ dấu hiệu nào cho thấy lực lượng này sẽ nhượng bộ đối với kế hoạch rút quân của Mỹ.","Cung lúc đó, Taliban chưa đưa ra bất kỳ dấu hiệu nào cho thấy lực lượng này sẽ nhượng bộ đối với kế hoạch rút quân của Mỹ.",1,rule_based,deterministic-rule-baseline-precomputed,analysis_csv,0.0,remove_one_tone,ok
vi-zh-2022-test-0193,与此同时，塔利班也未显示会对美国撤军计划让步的迹象。,"Cùng lúc đó, Taliban chưa đưa ra bất kỳ dấu hiệu nào cho thấy lực lượng này sẽ nhượng bộ đối với kế hoạch rút quân của Mỹ.","Cung luc đo, Taliban chua đua ra bat ky dau hieu nao cho thay luong nay se nhuong bo đoi voi ke hoach rut quan cua My.",2,rule_based,deterministic-rule-baseline-precomputed,analysis_csv,0.0,remove_tones_and_drop_one_word,ok
vi-zh-2022-test-0193,与此同时，塔利班也未显示会对美国撤军计划让步的迹象。,"Cùng lúc đó, Taliban chưa đưa ra bất kỳ dấu hiệu nào cho thấy lực lượng này sẽ nhượng bộ đối với kế hoạch rút quân của Mỹ.","Cùng lúc đó, Taliban chưa đưa ra kỳ dấu nào cho thấy lượng này nhượng bộ đối với kế hoạch rút quân của Mỹ.",3,rule_based,deterministic-rule-baseline-precomputed,analysis_csv,0.0,word_dropout_15pct,ok
vi-zh-2022-test-0193,与此同时，塔利班也未显示会对美国撤军计划让步的迹象。,"Cùng lúc đó, Taliban chưa đưa ra bất kỳ dấu hiệu nào cho thấy lực lượng này sẽ nhượng bộ đối với kế hoạch rút quân của Mỹ.","Cùng đó, lúc Taliban chưa ra kỳ dấu hiệu nào cho thấy lượng sẽ nhượng với kế hoạch rút Mỹ.",4,rule_based,deterministic-rule-baseline-precomputed,analysis_csv,0.0,word_dropout_30pct_and_swap,ok
vi-zh-2022-test-0193,与此同时，塔利班也未显示会对美国撤军计划让步的迹象。,"Cùng lúc đó, Taliban chưa đưa ra bất kỳ dấu hiệu nào cho thấy lực lượng này sẽ nhượng bộ đối với kế hoạch rút quân của Mỹ.",Cùng lúc Taliban chưa bất hiệu nào này bộ hoạch rút quân của Mỹ,5,rule_based,deterministic-rule-baseline-precomputed,analysis_csv,0.0,word_dropout_50pct_and_punctuation_remove,ok
vi-zh-2022-test-0194,塔利班发言人穆贾希德（ZabihullahMujahid）表示，如果在8月31日的最后期限之后哈米德卡尔扎伊机场仍有撤离外国人的行动发生，将被视为违反协议。,"Hôm 24/8, Phát ngôn viên Taliban Zabihullah Mujahid nêu rõ: chiến dịch sơ tán người nước ngoài tại sân bay Hamid Karzai sẽ được xem là vi phạm thỏa thuận, nếu tiếp diễn sau hạn chót là ngày 31/8.","Hôm 24/8, Phát ngôn viên Taliban Zabihullah Mujahid nêu rõ: chiến dịch sơ tán người nước ngoài tại sân bay Hamid Karzai sẽ được xem là vi phạm thỏa thuận, nếu tiếp diễn sau hạn chót là ngày 31/8.",0,rule_based,deterministic-rule-baseline-precomputed,analysis_csv,0.0,identity,ok
vi-zh-2022-test-0194,塔利班发言人穆贾希德（ZabihullahMujahid）表示，如果在8月31日的最后期限之后哈米德卡尔扎伊机场仍有撤离外国人的行动发生，将被视为违反协议。,"Hôm 24/8, Phát ngôn viên Taliban Zabihullah Mujahid nêu rõ: chiến dịch sơ tán người nước ngoài tại sân bay Hamid Karzai sẽ được xem là vi phạm thỏa thuận, nếu tiếp diễn sau hạn chót là ngày 31/8.","Hom 24/8, Phát ngôn viên Taliban Zabihullah Mujahid nêu rõ: chiến dịch sơ tán người nước ngoài tại sân bay Hamid Karzai sẽ được xem là vi phạm thỏa thuận, nếu tiếp diễn sau hạn chót là ngày 31/8.",1,rule_based,deterministic-rule-baseline-precomputed,analysis_csv,0.0,remove_one_tone,ok
vi-zh-2022-test-0194,塔利班发言人穆贾希德（ZabihullahMujahid）表示，如果在8月31日的最后期限之后哈米德卡尔扎伊机场仍有撤离外国人的行动发生，将被视为违反协议。,"Hôm 24/8, Phát ngôn viên Taliban Zabihullah Mujahid nêu rõ: chiến dịch sơ tán người nước ngoài tại sân bay Hamid Karzai sẽ được xem là vi phạm thỏa thuận, nếu tiếp diễn sau hạn chót là ngày 31/8.","Hom 24/8, Phat ngon vien Taliban Zabihullah Mujahid neu ro: chien dich so tan nguoi nuoc ngoai tai san Hamid Karzai se đuoc xem la vi pham thoa thuan, neu tiep dien sau han chot la ngay 31/8.",2,rule_based,deterministic-rule-baseline-precomputed,analysis_csv,0.0,remove_tones_and_drop_one_word,ok
vi-zh-2022-test-0194,塔利班发言人穆贾希德（ZabihullahMujahid）表示，如果在8月31日的最后期限之后哈米德卡尔扎伊机场仍有撤离外国人的行动发生，将被视为违反协议。,"Hôm 24/8, Phát ngôn viên Taliban Zabihullah Mujahid nêu rõ: chiến dịch sơ tán người nước ngoài tại sân bay Hamid Karzai sẽ được xem là vi phạm thỏa thuận, nếu tiếp diễn sau hạn chót là ngày 31/8.","Hôm 24/8, Phát ngôn viên Taliban Zabihullah Mujahid nêu rõ: dịch sơ tán nước ngoài tại Karzai sẽ được xem là vi phạm thuận, nếu tiếp diễn sau hạn chót là ngày 31/8.",3,rule_based,deterministic-rule-baseline-precomputed,analysis_csv,0.0,word_dropout_15pct,ok
vi-zh-2022-test-0194,塔利班发言人穆贾希德（ZabihullahMujahid）表示，如果在8月31日的最后期限之后哈米德卡尔扎伊机场仍有撤离外国人的行动发生，将被视为违反协议。,"Hôm 24/8, Phát ngôn viên Taliban Zabihullah Mujahid nêu rõ: chiến dịch sơ tán người nước ngoài tại sân bay Hamid Karzai sẽ được xem là vi phạm thỏa thuận, nếu tiếp diễn sau hạn chót là ngày 31/8.","Hôm ngôn Phát Taliban Zabihullah Mujahid nêu rõ: dịch tán người ngoài tại bay Hamid Karzai sẽ được xem thỏa thuận, tiếp sau chót là ngày 31/8.",4,rule_based,deterministic-rule-baseline-precomputed,analysis_csv,0.0,word_dropout_30pct_and_swap,ok
vi-zh-2022-test-0194,塔利班发言人穆贾希德（ZabihullahMujahid）表示，如果在8月31日的最后期限之后哈米德卡尔扎伊机场仍有撤离外国人的行动发生，将被视为违反协议。,"Hôm 24/8, Phát ngôn viên Taliban Zabihullah Mujahid nêu rõ: chiến dịch sơ tán người nước ngoài tại sân bay Hamid Karzai sẽ được xem là vi phạm thỏa thuận, nếu tiếp diễn sau hạn chót là ngày 31/8.",Hôm viên Taliban Zabihullah Mujahid chiến dịch nước ngoài tại bay Hamid sẽ được vi nếu diễn hạn chót là,5,rule_based,deterministic-rule-baseline-precomputed,analysis_csv,0.0,word_dropout_50pct_and_punctuation_remove,ok
vi-zh-2022-test-0195,战争和人道主义危机的风险,Chiến sự và nguy cơ khủng hoảng nhân đạo,Chiến sự và nguy cơ khủng hoảng nhân đạo,0,rule_based,deterministic-rule-baseline-precomputed,analysis_csv,0.0,identity,ok
vi-zh-2022-test-0195,战争和人道主义危机的风险,Chiến sự và nguy cơ khủng hoảng nhân đạo,Chien sự và nguy cơ khủng hoảng nhân đạo,1,rule_based,deterministic-rule-baseline-precomputed,analysis_csv,0.0,remove_one_tone,ok
vi-zh-2022-test-0195,战争和人道主义危机的风险,Chiến sự và nguy cơ khủng hoảng nhân đạo,Chien su va nguy khung hoang nhan đao,2,rule_based,deterministic-rule-baseline-precomputed,analysis_csv,0.0,remove_tones_and_drop_one_word,ok
vi-zh-2022-test-0195,战争和人道主义危机的风险,Chiến sự và nguy cơ khủng hoảng nhân đạo,Chiến sự và cơ khủng hoảng nhân đạo,3,rule_based,deterministic-rule-baseline-precomputed,analysis_csv,0.0,word_dropout_15pct,ok
vi-zh-2022-test-0195,战争和人道主义危机的风险,Chiến sự và nguy cơ khủng hoảng nhân đạo,Chiến và sự khủng nhân đạo,4,rule_based,deterministic-rule-baseline-precomputed,analysis_csv,0.0,word_dropout_30pct_and_swap,ok
vi-zh-2022-test-0195,战争和人道主义危机的风险,Chiến sự và nguy cơ khủng hoảng nhân đạo,Chiến nguy cơ khủng,5,rule_based,deterministic-rule-baseline-precomputed,analysis_csv,0.0,word_dropout_50pct_and_punctuation_remove,ok
vi-zh-2022-test-0196,联合国称，近1800万名阿富汗人（占该国总人口一半）需要获得人道主义援助。,"Theo Liên hợp quốc, gần 18 triệu người (gần một nửa dân số Afghanistan) đang cần hỗ trợ nhân đạo.","Theo Liên hợp quốc, gần 18 triệu người (gần một nửa dân số Afghanistan) đang cần hỗ trợ nhân đạo.",0,rule_based,deterministic-rule-baseline-precomputed,analysis_csv,0.0,identity,ok
vi-zh-2022-test-0196,联合国称，近1800万名阿富汗人（占该国总人口一半）需要获得人道主义援助。,"Theo Liên hợp quốc, gần 18 triệu người (gần một nửa dân số Afghanistan) đang cần hỗ trợ nhân đạo.","Theo Lien hợp quốc, gần 18 triệu người (gần một nửa dân số Afghanistan) đang cần hỗ trợ nhân đạo.",1,rule_based,deterministic-rule-baseline-precomputed,analysis_csv,0.0,remove_one_tone,ok
vi-zh-2022-test-0196,联合国称，近1800万名阿富汗人（占该国总人口一半）需要获得人道主义援助。,"Theo Liên hợp quốc, gần 18 triệu người (gần một nửa dân số Afghanistan) đang cần hỗ trợ nhân đạo.","Theo Lien hop quoc, gan 18 trieu nguoi (gan mot dan so Afghanistan) đang can ho tro nhan đao.",2,rule_based,deterministic-rule-baseline-precomputed,analysis_csv,0.0,remove_tones_and_drop_one_word,ok
vi-zh-2022-test-0196,联合国称，近1800万名阿富汗人（占该国总人口一半）需要获得人道主义援助。,"Theo Liên hợp quốc, gần 18 triệu người (gần một nửa dân số Afghanistan) đang cần hỗ trợ nhân đạo.","Theo Liên hợp quốc, gần 18 triệu người (gần một nửa dân Afghanistan) đang cần hỗ trợ",3,rule_based,deterministic-rule-baseline-precomputed,analysis_csv,0.0,word_dropout_15pct,ok
vi-zh-2022-test-0196,联合国称，近1800万名阿富汗人（占该国总人口一半）需要获得人道主义援助。,"Theo Liên hợp quốc, gần 18 triệu người (gần một nửa dân số Afghanistan) đang cần hỗ trợ nhân đạo.","Theo hợp Liên quốc, gần (gần một nửa dân số cần hỗ trợ nhân",4,rule_based,deterministic-rule-baseline-precomputed,analysis_csv,0.0,word_dropout_30pct_and_swap,ok
vi-zh-2022-test-0196,联合国称，近1800万名阿富汗人（占该国总人口一半）需要获得人道主义援助。,"Theo Liên hợp quốc, gần 18 triệu người (gần một nửa dân số Afghanistan) đang cần hỗ trợ nhân đạo.",Liên hợp gần một nửa Afghanistan) đang hỗ trợ đạo,5,rule_based,deterministic-rule-baseline-precomputed,analysis_csv,0.0,word_dropout_50pct_and_punctuation_remove,ok
vi-zh-2022-test-0197,此外，长期内战也对地区其它国家造成影响，主要是难民问题。,"Hơn thế, giao tranh kéo dài còn có nguy cơ lôi kéo hoặc ảnh hưởng tới các quốc gia trong khu vực, chủ yếu liên quan đến vấn đề người tỵ nạn.","Hơn thế, giao tranh kéo dài còn có nguy cơ lôi kéo hoặc ảnh hưởng tới các quốc gia trong khu vực, chủ yếu liên quan đến vấn đề người tỵ nạn.",0,rule_based,deterministic-rule-baseline-precomputed,analysis_csv,0.0,identity,ok
vi-zh-2022-test-0197,此外，长期内战也对地区其它国家造成影响，主要是难民问题。,"Hơn thế, giao tranh kéo dài còn có nguy cơ lôi kéo hoặc ảnh hưởng tới các quốc gia trong khu vực, chủ yếu liên quan đến vấn đề người tỵ nạn.","Hon thế, giao tranh kéo dài còn có nguy cơ lôi kéo hoặc ảnh hưởng tới các quốc gia trong khu vực, chủ yếu liên quan đến vấn đề người tỵ nạn.",1,rule_based,deterministic-rule-baseline-precomputed,analysis_csv,0.0,remove_one_tone,ok
vi-zh-2022-test-0197,此外，长期内战也对地区其它国家造成影响，主要是难民问题。,"Hơn thế, giao tranh kéo dài còn có nguy cơ lôi kéo hoặc ảnh hưởng tới các quốc gia trong khu vực, chủ yếu liên quan đến vấn đề người tỵ nạn.","Hon the, giao tranh keo dai con co nguy co loi keo hoac anh huong toi quoc gia trong khu vuc, chu yeu lien quan đen van đe nguoi ty nan.",2,rule_based,deterministic-rule-baseline-precomputed,analysis_csv,0.0,remove_tones_and_drop_one_word,ok
vi-zh-2022-test-0197,此外，长期内战也对地区其它国家造成影响，主要是难民问题。,"Hơn thế, giao tranh kéo dài còn có nguy cơ lôi kéo hoặc ảnh hưởng tới các quốc gia trong khu vực, chủ yếu liên quan đến vấn đề người tỵ nạn.","Hơn thế, tranh kéo dài còn nguy cơ hoặc ảnh hưởng tới các quốc gia trong khu vực, chủ yếu liên quan vấn đề người tỵ nạn.",3,rule_based,deterministic-rule-baseline-precomputed,analysis_csv,0.0,word_dropout_15pct,ok
vi-zh-2022-test-0197,此外，长期内战也对地区其它国家造成影响，主要是难民问题。,"Hơn thế, giao tranh kéo dài còn có nguy cơ lôi kéo hoặc ảnh hưởng tới các quốc gia trong khu vực, chủ yếu liên quan đến vấn đề người tỵ nạn.","Hơn giao thế, tranh kéo dài còn nguy cơ lôi kéo ảnh hưởng các gia trong khu chủ yếu liên vấn người",4,rule_based,deterministic-rule-baseline-precomputed,analysis_csv,0.0,word_dropout_30pct_and_swap,ok
vi-zh-2022-test-0197,此外，长期内战也对地区其它国家造成影响，主要是难民问题。,"Hơn thế, giao tranh kéo dài còn có nguy cơ lôi kéo hoặc ảnh hưởng tới các quốc gia trong khu vực, chủ yếu liên quan đến vấn đề người tỵ nạn.",giao tranh kéo còn có nguy lôi kéo hoặc hưởng gia khu chủ yếu quan đến,5,rule_based,deterministic-rule-baseline-precomputed,analysis_csv,0.0,word_dropout_50pct_and_punctuation_remove,ok
vi-zh-2022-test-0198,面对这种情况，世界许多国家和组织接连呼吁为阿富汗寻求政治解决措施。,"Trước thực tế này, nhiều quốc gia và tổ chức liên tiếp kêu gọi tìm kiếm giải pháp chính trị cho Afghanistan.","Trước thực tế này, nhiều quốc gia và tổ chức liên tiếp kêu gọi tìm kiếm giải pháp chính trị cho Afghanistan.",0,rule_based,deterministic-rule-baseline-precomputed,analysis_csv,0.0,identity,ok
vi-zh-2022-test-0198,面对这种情况，世界许多国家和组织接连呼吁为阿富汗寻求政治解决措施。,"Trước thực tế này, nhiều quốc gia và tổ chức liên tiếp kêu gọi tìm kiếm giải pháp chính trị cho Afghanistan.","Truoc thực tế này, nhiều quốc gia và tổ chức liên tiếp kêu gọi tìm kiếm giải pháp chính trị cho Afghanistan.",1,rule_based,deterministic-rule-baseline-precomputed,analysis_csv,0.0,remove_one_tone,ok
vi-zh-2022-test-0198,面对这种情况，世界许多国家和组织接连呼吁为阿富汗寻求政治解决措施。,"Trước thực tế này, nhiều quốc gia và tổ chức liên tiếp kêu gọi tìm kiếm giải pháp chính trị cho Afghanistan.","Truoc thuc te nay, nhieu quoc gia va to chuc lien keu goi tim kiem giai phap chinh tri cho Afghanistan.",2,rule_based,deterministic-rule-baseline-precomputed,analysis_csv,0.0,remove_tones_and_drop_one_word,ok
vi-zh-2022-test-0198,面对这种情况，世界许多国家和组织接连呼吁为阿富汗寻求政治解决措施。,"Trước thực tế này, nhiều quốc gia và tổ chức liên tiếp kêu gọi tìm kiếm giải pháp chính trị cho Afghanistan.","Trước thực này, nhiều quốc gia và chức liên kêu gọi tìm kiếm giải pháp chính trị cho Afghanistan.",3,rule_based,deterministic-rule-baseline-precomputed,analysis_csv,0.0,word_dropout_15pct,ok
vi-zh-2022-test-0198,面对这种情况，世界许多国家和组织接连呼吁为阿富汗寻求政治解决措施。,"Trước thực tế này, nhiều quốc gia và tổ chức liên tiếp kêu gọi tìm kiếm giải pháp chính trị cho Afghanistan.","thực này, tế nhiều quốc liên tiếp kêu gọi tìm kiếm giải chính trị Afghanistan.",4,rule_based,deterministic-rule-baseline-precomputed,analysis_csv,0.0,word_dropout_30pct_and_swap,ok
vi-zh-2022-test-0198,面对这种情况，世界许多国家和组织接连呼吁为阿富汗寻求政治解决措施。,"Trước thực tế này, nhiều quốc gia và tổ chức liên tiếp kêu gọi tìm kiếm giải pháp chính trị cho Afghanistan.",Trước tế này nhiều chức liên tiếp tìm kiếm pháp Afghanistan,5,rule_based,deterministic-rule-baseline-precomputed,analysis_csv,0.0,word_dropout_50pct_and_punctuation_remove,ok
vi-zh-2022-test-0199,落实政府总理范明政关于加强胡志明市及南部各省新冠肺炎疫情防控力量的指示，自2021年8月20日起，来自全国各地的大批干部、军队指战员、公安力量、医务人员纷纷支援南方各省防疫。,"Thực hiện Chỉ thị của Thủ tướng Chính phủ Phạm Minh Chính về tăng cường các lực lượng tham gia phòng, chống dịch Covid-19 trên địa bàn Thành phố Hồ Chí Minh và các tỉnh phía Nam, từ ngày 20/8/2021, nhiều lượt cán bộ, chiến sỹ quân đội, công an, đội ngũ y, bác sỹ ở mọi miền Tổ quốc đã gấp rút chi viện cho các tỉnh phía Nam.","Thực hiện Chỉ thị của Thủ tướng Chính phủ Phạm Minh Chính về tăng cường các lực lượng tham gia phòng, chống dịch Covid-19 trên địa bàn Thành phố Hồ Chí Minh và các tỉnh phía Nam, từ ngày 20/8/2021, nhiều lượt cán bộ, chiến sỹ quân đội, công an, đội ngũ y, bác sỹ ở mọi miền Tổ quốc đã gấp rút chi viện cho các tỉnh phía Nam.",0,rule_based,deterministic-rule-baseline-precomputed,analysis_csv,0.0,identity,ok
vi-zh-2022-test-0199,落实政府总理范明政关于加强胡志明市及南部各省新冠肺炎疫情防控力量的指示，自2021年8月20日起，来自全国各地的大批干部、军队指战员、公安力量、医务人员纷纷支援南方各省防疫。,"Thực hiện Chỉ thị của Thủ tướng Chính phủ Phạm Minh Chính về tăng cường các lực lượng tham gia phòng, chống dịch Covid-19 trên địa bàn Thành phố Hồ Chí Minh và các tỉnh phía Nam, từ ngày 20/8/2021, nhiều lượt cán bộ, chiến sỹ quân đội, công an, đội ngũ y, bác sỹ ở mọi miền Tổ quốc đã gấp rút chi viện cho các tỉnh phía Nam.","Thuc hiện Chỉ thị của Thủ tướng Chính phủ Phạm Minh Chính về tăng cường các lực lượng tham gia phòng, chống dịch Covid-19 trên địa bàn Thành phố Hồ Chí Minh và các tỉnh phía Nam, từ ngày 20/8/2021, nhiều lượt cán bộ, chiến sỹ quân đội, công an, đội ngũ y, bác sỹ ở mọi miền Tổ quốc đã gấp rút chi viện cho các tỉnh phía Nam.",1,rule_based,deterministic-rule-baseline-precomputed,analysis_csv,0.0,remove_one_tone,ok
vi-zh-2022-test-0199,落实政府总理范明政关于加强胡志明市及南部各省新冠肺炎疫情防控力量的指示，自2021年8月20日起，来自全国各地的大批干部、军队指战员、公安力量、医务人员纷纷支援南方各省防疫。,"Thực hiện Chỉ thị của Thủ tướng Chính phủ Phạm Minh Chính về tăng cường các lực lượng tham gia phòng, chống dịch Covid-19 trên địa bàn Thành phố Hồ Chí Minh và các tỉnh phía Nam, từ ngày 20/8/2021, nhiều lượt cán bộ, chiến sỹ quân đội, công an, đội ngũ y, bác sỹ ở mọi miền Tổ quốc đã gấp rút chi viện cho các tỉnh phía Nam.","Thuc hien Chi thi cua Thu tuong Chinh phu Pham Minh Chinh ve tang cuong cac luc luong tham gia phong, chong dich Covid-19 tren đia ban Thanh pho Ho Chi Minh va cac tinh Nam, tu ngay 20/8/2021, nhieu luot can bo, chien sy quan đoi, cong an, đoi ngu y, bac sy o moi mien To quoc đa gap rut chi vien cho cac tinh phia Nam.",2,rule_based,deterministic-rule-baseline-precomputed,analysis_csv,0.0,remove_tones_and_drop_one_word,ok
vi-zh-2022-test-0199,落实政府总理范明政关于加强胡志明市及南部各省新冠肺炎疫情防控力量的指示，自2021年8月20日起，来自全国各地的大批干部、军队指战员、公安力量、医务人员纷纷支援南方各省防疫。,"Thực hiện Chỉ thị của Thủ tướng Chính phủ Phạm Minh Chính về tăng cường các lực lượng tham gia phòng, chống dịch Covid-19 trên địa bàn Thành phố Hồ Chí Minh và các tỉnh phía Nam, từ ngày 20/8/2021, nhiều lượt cán bộ, chiến sỹ quân đội, công an, đội ngũ y, bác sỹ ở mọi miền Tổ quốc đã gấp rút chi viện cho các tỉnh phía Nam.","Thực hiện thị của Thủ tướng Chính phủ Phạm Minh về tăng cường các lực lượng tham gia chống dịch Covid-19 trên địa bàn Thành phố Hồ Minh và tỉnh phía Nam, ngày 20/8/2021, nhiều lượt bộ, chiến sỹ quân đội, công an, đội y, bác sỹ ở mọi miền Tổ quốc đã gấp rút chi viện các phía Nam.",3,rule_based,deterministic-rule-baseline-precomputed,analysis_csv,0.0,word_dropout_15pct,ok
vi-zh-2022-test-0199,落实政府总理范明政关于加强胡志明市及南部各省新冠肺炎疫情防控力量的指示，自2021年8月20日起，来自全国各地的大批干部、军队指战员、公安力量、医务人员纷纷支援南方各省防疫。,"Thực hiện Chỉ thị của Thủ tướng Chính phủ Phạm Minh Chính về tăng cường các lực lượng tham gia phòng, chống dịch Covid-19 trên địa bàn Thành phố Hồ Chí Minh và các tỉnh phía Nam, từ ngày 20/8/2021, nhiều lượt cán bộ, chiến sỹ quân đội, công an, đội ngũ y, bác sỹ ở mọi miền Tổ quốc đã gấp rút chi viện cho các tỉnh phía Nam.","Thực Chỉ hiện thị Thủ phủ Phạm Minh Chính về tăng lực lượng tham gia phòng, Covid-19 địa bàn Thành phố Chí Minh tỉnh phía Nam, từ 20/8/2021, nhiều lượt cán chiến sỹ quân đội, công đội y, ở miền quốc đã rút chi viện cho các phía Nam.",4,rule_based,deterministic-rule-baseline-precomputed,analysis_csv,0.0,word_dropout_30pct_and_swap,ok
vi-zh-2022-test-0199,落实政府总理范明政关于加强胡志明市及南部各省新冠肺炎疫情防控力量的指示，自2021年8月20日起，来自全国各地的大批干部、军队指战员、公安力量、医务人员纷纷支援南方各省防疫。,"Thực hiện Chỉ thị của Thủ tướng Chính phủ Phạm Minh Chính về tăng cường các lực lượng tham gia phòng, chống dịch Covid-19 trên địa bàn Thành phố Hồ Chí Minh và các tỉnh phía Nam, từ ngày 20/8/2021, nhiều lượt cán bộ, chiến sỹ quân đội, công an, đội ngũ y, bác sỹ ở mọi miền Tổ quốc đã gấp rút chi viện cho các tỉnh phía Nam.",hiện Chỉ thị Thủ tướng Chính phủ Chính tăng tham chống dịch phố và tỉnh phía Nam nhiều bộ chiến sỹ quân an ngũ y bác sỹ mọi quốc chi viện cho các tỉnh phía,5,rule_based,deterministic-rule-baseline-precomputed,analysis_csv,0.0,word_dropout_50pct_and_punctuation_remove,ok
vi-zh-2022-test-0200,这一如胶似漆的关系是经过历史发展而得到培养和形成的。,"Mối quan hệ keo sơn, gắn bó này được bồi đắp và hun đúc qua quá trình lịch sử.","Mối quan hệ keo sơn, gắn bó này được bồi đắp và hun đúc qua quá trình lịch sử.",0,rule_based,deterministic-rule-baseline-precomputed,analysis_csv,0.0,identity,ok
vi-zh-2022-test-0200,这一如胶似漆的关系是经过历史发展而得到培养和形成的。,"Mối quan hệ keo sơn, gắn bó này được bồi đắp và hun đúc qua quá trình lịch sử.","Moi quan hệ keo sơn, gắn bó này được bồi đắp và hun đúc qua quá trình lịch sử.",1,rule_based,deterministic-rule-baseline-precomputed,analysis_csv,0.0,remove_one_tone,ok
vi-zh-2022-test-0200,这一如胶似漆的关系是经过历史发展而得到培养和形成的。,"Mối quan hệ keo sơn, gắn bó này được bồi đắp và hun đúc qua quá trình lịch sử.","Moi quan he keo son, gan bo nay đuoc đap va hun đuc qua qua trinh lich su.",2,rule_based,deterministic-rule-baseline-precomputed,analysis_csv,0.0,remove_tones_and_drop_one_word,ok
vi-zh-2022-test-0200,这一如胶似漆的关系是经过历史发展而得到培养和形成的。,"Mối quan hệ keo sơn, gắn bó này được bồi đắp và hun đúc qua quá trình lịch sử.","Mối quan hệ keo sơn, gắn bó này bồi đắp và hun qua quá trình lịch",3,rule_based,deterministic-rule-baseline-precomputed,analysis_csv,0.0,word_dropout_15pct,ok
vi-zh-2022-test-0200,这一如胶似漆的关系是经过历史发展而得到培养和形成的。,"Mối quan hệ keo sơn, gắn bó này được bồi đắp và hun đúc qua quá trình lịch sử.",quan gắn hệ này được bồi và hun đúc qua quá trình sử.,4,rule_based,deterministic-rule-baseline-precomputed,analysis_csv,0.0,word_dropout_30pct_and_swap,ok
vi-zh-2022-test-0200,这一如胶似漆的关系是经过历史发展而得到培养和形成的。,"Mối quan hệ keo sơn, gắn bó này được bồi đắp và hun đúc qua quá trình lịch sử.",Mối gắn này bồi đắp và hun đúc qua trình,5,rule_based,deterministic-rule-baseline-precomputed,analysis_csv,0.0,word_dropout_50pct_and_punctuation_remove,ok
vi-zh-2022-test-0201,因此，军队不仅执行训练、战斗和捍卫祖国的本职任务，而且还经常向遭遇自然灾害的人民提供帮助。,"Vì thế, quân đội không những chỉ làm nhiệm vụ chính yếu của mình là huấn luyện, chiến đấu bảo vệ Tổ quốc mà còn thường xuyên giúp đỡ nhân dân khi nhân dân đối mặt với thiên tai, thảm họa.","Vì thế, quân đội không những chỉ làm nhiệm vụ chính yếu của mình là huấn luyện, chiến đấu bảo vệ Tổ quốc mà còn thường xuyên giúp đỡ nhân dân khi nhân dân đối mặt với thiên tai, thảm họa.",0,rule_based,deterministic-rule-baseline-precomputed,analysis_csv,0.0,identity,ok
vi-zh-2022-test-0201,因此，军队不仅执行训练、战斗和捍卫祖国的本职任务，而且还经常向遭遇自然灾害的人民提供帮助。,"Vì thế, quân đội không những chỉ làm nhiệm vụ chính yếu của mình là huấn luyện, chiến đấu bảo vệ Tổ quốc mà còn thường xuyên giúp đỡ nhân dân khi nhân dân đối mặt với thiên tai, thảm họa.","Vi thế, quân đội không những chỉ làm nhiệm vụ chính yếu của mình là huấn luyện, chiến đấu bảo vệ Tổ quốc mà còn thường xuyên giúp đỡ nhân dân khi nhân dân đối mặt với thiên tai, thảm họa.",1,rule_based,deterministic-rule-baseline-precomputed,analysis_csv,0.0,remove_one_tone,ok
vi-zh-2022-test-0201,因此，军队不仅执行训练、战斗和捍卫祖国的本职任务，而且还经常向遭遇自然灾害的人民提供帮助。,"Vì thế, quân đội không những chỉ làm nhiệm vụ chính yếu của mình là huấn luyện, chiến đấu bảo vệ Tổ quốc mà còn thường xuyên giúp đỡ nhân dân khi nhân dân đối mặt với thiên tai, thảm họa.","Vi the, quan đoi khong nhung chi lam nhiem vu chinh yeu cua minh la huan luyen, chien đau bao To quoc ma con thuong xuyen giup đo nhan dan khi nhan dan đoi mat voi thien tai, tham hoa.",2,rule_based,deterministic-rule-baseline-precomputed,analysis_csv,0.0,remove_tones_and_drop_one_word,ok
vi-zh-2022-test-0201,因此，军队不仅执行训练、战斗和捍卫祖国的本职任务，而且还经常向遭遇自然灾害的人民提供帮助。,"Vì thế, quân đội không những chỉ làm nhiệm vụ chính yếu của mình là huấn luyện, chiến đấu bảo vệ Tổ quốc mà còn thường xuyên giúp đỡ nhân dân khi nhân dân đối mặt với thiên tai, thảm họa.","Vì thế, quân đội không chỉ làm nhiệm vụ yếu của mình là luyện, chiến đấu vệ Tổ quốc mà còn thường giúp đỡ dân khi nhân dân đối mặt với thiên tai, thảm họa.",3,rule_based,deterministic-rule-baseline-precomputed,analysis_csv,0.0,word_dropout_15pct,ok
vi-zh-2022-test-0201,因此，军队不仅执行训练、战斗和捍卫祖国的本职任务，而且还经常向遭遇自然灾害的人民提供帮助。,"Vì thế, quân đội không những chỉ làm nhiệm vụ chính yếu của mình là huấn luyện, chiến đấu bảo vệ Tổ quốc mà còn thường xuyên giúp đỡ nhân dân khi nhân dân đối mặt với thiên tai, thảm họa.","Vì quân thế, đội không những chỉ làm nhiệm vụ mình chiến bảo vệ Tổ quốc còn thường xuyên giúp đỡ nhân dân khi đối mặt thiên thảm họa.",4,rule_based,deterministic-rule-baseline-precomputed,analysis_csv,0.0,word_dropout_30pct_and_swap,ok
vi-zh-2022-test-0201,因此，军队不仅执行训练、战斗和捍卫祖国的本职任务，而且还经常向遭遇自然灾害的人民提供帮助。,"Vì thế, quân đội không những chỉ làm nhiệm vụ chính yếu của mình là huấn luyện, chiến đấu bảo vệ Tổ quốc mà còn thường xuyên giúp đỡ nhân dân khi nhân dân đối mặt với thiên tai, thảm họa.",quân đội chỉ nhiệm của mình là huấn luyện đấu bảo vệ mà xuyên đỡ nhân dân khi dân mặt,5,rule_based,deterministic-rule-baseline-precomputed,analysis_csv,0.0,word_dropout_50pct_and_punctuation_remove,ok
vi-zh-2022-test-0202,越南军队此次参加胡志明市及南部各省防疫活动正是对越南军民亲密关系精神的传承。,"Việc quân đội tham gia phòng, chống dịch Covid-19 ở Thành phố Hồ Chí Minh và các tỉnh miền Nam lần này chính là sự tiếp nối của tinh thần gắn bó mật thiết giữa quân và dân Việt Nam trong lịch sử.","Việc quân đội tham gia phòng, chống dịch Covid-19 ở Thành phố Hồ Chí Minh và các tỉnh miền Nam lần này chính là sự tiếp nối của tinh thần gắn bó mật thiết giữa quân và dân Việt Nam trong lịch sử.",0,rule_based,deterministic-rule-baseline-precomputed,analysis_csv,0.0,identity,ok
vi-zh-2022-test-0202,越南军队此次参加胡志明市及南部各省防疫活动正是对越南军民亲密关系精神的传承。,"Việc quân đội tham gia phòng, chống dịch Covid-19 ở Thành phố Hồ Chí Minh và các tỉnh miền Nam lần này chính là sự tiếp nối của tinh thần gắn bó mật thiết giữa quân và dân Việt Nam trong lịch sử.","Viec quân đội tham gia phòng, chống dịch Covid-19 ở Thành phố Hồ Chí Minh và các tỉnh miền Nam lần này chính là sự tiếp nối của tinh thần gắn bó mật thiết giữa quân và dân Việt Nam trong lịch sử.",1,rule_based,deterministic-rule-baseline-precomputed,analysis_csv,0.0,remove_one_tone,ok
vi-zh-2022-test-0202,越南军队此次参加胡志明市及南部各省防疫活动正是对越南军民亲密关系精神的传承。,"Việc quân đội tham gia phòng, chống dịch Covid-19 ở Thành phố Hồ Chí Minh và các tỉnh miền Nam lần này chính là sự tiếp nối của tinh thần gắn bó mật thiết giữa quân và dân Việt Nam trong lịch sử.","Viec quan đoi tham gia phong, chong dich Covid-19 o Thanh pho Ho Chi Minh va cac tinh mien Nam lan chinh la su tiep noi cua tinh than gan bo mat thiet giua quan va dan Viet Nam trong lich su.",2,rule_based,deterministic-rule-baseline-precomputed,analysis_csv,0.0,remove_tones_and_drop_one_word,ok
vi-zh-2022-test-0202,越南军队此次参加胡志明市及南部各省防疫活动正是对越南军民亲密关系精神的传承。,"Việc quân đội tham gia phòng, chống dịch Covid-19 ở Thành phố Hồ Chí Minh và các tỉnh miền Nam lần này chính là sự tiếp nối của tinh thần gắn bó mật thiết giữa quân và dân Việt Nam trong lịch sử.","Việc quân đội tham gia phòng, chống dịch Covid-19 ở Thành Hồ Chí Minh và tỉnh miền Nam lần này chính là sự tiếp của tinh thần gắn thiết giữa quân và dân Việt Nam trong lịch",3,rule_based,deterministic-rule-baseline-precomputed,analysis_csv,0.0,word_dropout_15pct,ok
vi-zh-2022-test-0202,越南军队此次参加胡志明市及南部各省防疫活动正是对越南军民亲密关系精神的传承。,"Việc quân đội tham gia phòng, chống dịch Covid-19 ở Thành phố Hồ Chí Minh và các tỉnh miền Nam lần này chính là sự tiếp nối của tinh thần gắn bó mật thiết giữa quân và dân Việt Nam trong lịch sử.","tham phòng, gia chống dịch Covid-19 Thành Hồ Minh và các miền Nam lần này là sự tiếp nối của tinh thần gắn bó mật thiết dân Nam lịch sử.",4,rule_based,deterministic-rule-baseline-precomputed,analysis_csv,0.0,word_dropout_30pct_and_swap,ok
vi-zh-2022-test-0202,越南军队此次参加胡志明市及南部各省防疫活动正是对越南军民亲密关系精神的传承。,"Việc quân đội tham gia phòng, chống dịch Covid-19 ở Thành phố Hồ Chí Minh và các tỉnh miền Nam lần này chính là sự tiếp nối của tinh thần gắn bó mật thiết giữa quân và dân Việt Nam trong lịch sử.",Việc đội tham gia dịch Thành phố Minh các tỉnh này tiếp nối của bó mật giữa dân Việt Nam trong sử,5,rule_based,deterministic-rule-baseline-precomputed,analysis_csv,0.0,word_dropout_50pct_and_punctuation_remove,ok
vi-zh-2022-test-0203,越南整个政治体系和所有人民正遇到重重困难。,Tất cả các cơ quan của hệ thống chính trị với người dân đều đang đối diện với những khó khăn chồng chất.,Tất cả các cơ quan của hệ thống chính trị với người dân đều đang đối diện với những khó khăn chồng chất.,0,rule_based,deterministic-rule-baseline-precomputed,analysis_csv,0.0,identity,ok
vi-zh-2022-test-0203,越南整个政治体系和所有人民正遇到重重困难。,Tất cả các cơ quan của hệ thống chính trị với người dân đều đang đối diện với những khó khăn chồng chất.,Tat cả các cơ quan của hệ thống chính trị với người dân đều đang đối diện với những khó khăn chồng chất.,1,rule_based,deterministic-rule-baseline-precomputed,analysis_csv,0.0,remove_one_tone,ok
vi-zh-2022-test-0203,越南整个政治体系和所有人民正遇到重重困难。,Tất cả các cơ quan của hệ thống chính trị với người dân đều đang đối diện với những khó khăn chồng chất.,Tat ca cac co quan cua he thong chinh tri voi dan đeu đang đoi dien voi nhung kho khan chong chat.,2,rule_based,deterministic-rule-baseline-precomputed,analysis_csv,0.0,remove_tones_and_drop_one_word,ok
vi-zh-2022-test-0203,越南整个政治体系和所有人民正遇到重重困难。,Tất cả các cơ quan của hệ thống chính trị với người dân đều đang đối diện với những khó khăn chồng chất.,cả cơ quan của hệ thống chính trị với người dân đều đang đối với những khó khăn chồng chất.,3,rule_based,deterministic-rule-baseline-precomputed,analysis_csv,0.0,word_dropout_15pct,ok
vi-zh-2022-test-0203,越南整个政治体系和所有人民正遇到重重困难。,Tất cả các cơ quan của hệ thống chính trị với người dân đều đang đối diện với những khó khăn chồng chất.,Tất của cả hệ chính với dân đều đang đối diện với những khó khăn chất.,4,rule_based,deterministic-rule-baseline-precomputed,analysis_csv,0.0,word_dropout_30pct_and_swap,ok
vi-zh-2022-test-0203,越南整个政治体系和所有人民正遇到重重困难。,Tất cả các cơ quan của hệ thống chính trị với người dân đều đang đối diện với những khó khăn chồng chất.,cả các quan của hệ thống dân đang đối với khăn chất,5,rule_based,deterministic-rule-baseline-precomputed,analysis_csv,0.0,word_dropout_50pct_and_punctuation_remove,ok
vi-zh-2022-test-0204,"这不仅是胡志明市及南部各省的最高决心和目标,也是全国的任务。","Đó không chỉ là quyết tâm và mục tiêu cao nhất của thành phố Hồ Chí Minh, của các tỉnh đang bị ảnh hưởng nặng nề bởi dịch bệnh, mà còn là nhiệm vụ của cả đất nước.","Đó không chỉ là quyết tâm và mục tiêu cao nhất của thành phố Hồ Chí Minh, của các tỉnh đang bị ảnh hưởng nặng nề bởi dịch bệnh, mà còn là nhiệm vụ của cả đất nước.",0,rule_based,deterministic-rule-baseline-precomputed,analysis_csv,0.0,identity,ok
vi-zh-2022-test-0204,"这不仅是胡志明市及南部各省的最高决心和目标,也是全国的任务。","Đó không chỉ là quyết tâm và mục tiêu cao nhất của thành phố Hồ Chí Minh, của các tỉnh đang bị ảnh hưởng nặng nề bởi dịch bệnh, mà còn là nhiệm vụ của cả đất nước.","Đo không chỉ là quyết tâm và mục tiêu cao nhất của thành phố Hồ Chí Minh, của các tỉnh đang bị ảnh hưởng nặng nề bởi dịch bệnh, mà còn là nhiệm vụ của cả đất nước.",1,rule_based,deterministic-rule-baseline-precomputed,analysis_csv,0.0,remove_one_tone,ok
vi-zh-2022-test-0204,"这不仅是胡志明市及南部各省的最高决心和目标,也是全国的任务。","Đó không chỉ là quyết tâm và mục tiêu cao nhất của thành phố Hồ Chí Minh, của các tỉnh đang bị ảnh hưởng nặng nề bởi dịch bệnh, mà còn là nhiệm vụ của cả đất nước.","Đo khong chi la quyet tam va muc tieu cao nhat cua thanh pho Ho Chi Minh, cua cac đang bi anh huong nang ne boi dich benh, ma con la nhiem vu cua ca đat nuoc.",2,rule_based,deterministic-rule-baseline-precomputed,analysis_csv,0.0,remove_tones_and_drop_one_word,ok
vi-zh-2022-test-0204,"这不仅是胡志明市及南部各省的最高决心和目标,也是全国的任务。","Đó không chỉ là quyết tâm và mục tiêu cao nhất của thành phố Hồ Chí Minh, của các tỉnh đang bị ảnh hưởng nặng nề bởi dịch bệnh, mà còn là nhiệm vụ của cả đất nước.","Đó không chỉ là quyết tâm và mục tiêu cao nhất của phố Hồ Chí Minh, của các tỉnh bị ảnh hưởng nặng nề bởi dịch còn là của cả đất nước.",3,rule_based,deterministic-rule-baseline-precomputed,analysis_csv,0.0,word_dropout_15pct,ok
vi-zh-2022-test-0204,"这不仅是胡志明市及南部各省的最高决心和目标,也是全国的任务。","Đó không chỉ là quyết tâm và mục tiêu cao nhất của thành phố Hồ Chí Minh, của các tỉnh đang bị ảnh hưởng nặng nề bởi dịch bệnh, mà còn là nhiệm vụ của cả đất nước.","chỉ quyết là tâm và mục tiêu cao nhất của phố Hồ Chí của các tỉnh đang ảnh nặng nề bởi bệnh, mà của cả đất nước.",4,rule_based,deterministic-rule-baseline-precomputed,analysis_csv,0.0,word_dropout_30pct_and_swap,ok
vi-zh-2022-test-0204,"这不仅是胡志明市及南部各省的最高决心和目标,也是全国的任务。","Đó không chỉ là quyết tâm và mục tiêu cao nhất của thành phố Hồ Chí Minh, của các tỉnh đang bị ảnh hưởng nặng nề bởi dịch bệnh, mà còn là nhiệm vụ của cả đất nước.",là tâm và mục tiêu cao thành Hồ Chí Minh tỉnh hưởng nặng bởi bệnh mà là nhiệm đất,5,rule_based,deterministic-rule-baseline-precomputed,analysis_csv,0.0,word_dropout_50pct_and_punctuation_remove,ok
vi-zh-2022-test-0205,越南人民军来自人民，服务人民,"Quân đội nhân dân Việt Nam từ nhân dân mà ra, vì nhân dân mà phục vụ","Quân đội nhân dân Việt Nam từ nhân dân mà ra, vì nhân dân mà phục vụ",0,rule_based,deterministic-rule-baseline-precomputed,analysis_csv,0.0,identity,ok
vi-zh-2022-test-0205,越南人民军来自人民，服务人民,"Quân đội nhân dân Việt Nam từ nhân dân mà ra, vì nhân dân mà phục vụ","Quan đội nhân dân Việt Nam từ nhân dân mà ra, vì nhân dân mà phục vụ",1,rule_based,deterministic-rule-baseline-precomputed,analysis_csv,0.0,remove_one_tone,ok
vi-zh-2022-test-0205,越南人民军来自人民，服务人民,"Quân đội nhân dân Việt Nam từ nhân dân mà ra, vì nhân dân mà phục vụ","Quan đoi nhan dan Viet Nam tu nhan ma ra, vi nhan dan ma phuc vu",2,rule_based,deterministic-rule-baseline-precomputed,analysis_csv,0.0,remove_tones_and_drop_one_word,ok
vi-zh-2022-test-0205,越南人民军来自人民，服务人民,"Quân đội nhân dân Việt Nam từ nhân dân mà ra, vì nhân dân mà phục vụ","Quân đội nhân dân Nam nhân dân ra, vì nhân dân mà phục vụ",3,rule_based,deterministic-rule-baseline-precomputed,analysis_csv,0.0,word_dropout_15pct,ok
vi-zh-2022-test-0205,越南人民军来自人民，服务人民,"Quân đội nhân dân Việt Nam từ nhân dân mà ra, vì nhân dân mà phục vụ",đội dân nhân từ nhân dân mà vì nhân dân mà vụ,4,rule_based,deterministic-rule-baseline-precomputed,analysis_csv,0.0,word_dropout_30pct_and_swap,ok
vi-zh-2022-test-0205,越南人民军来自人民，服务人民,"Quân đội nhân dân Việt Nam từ nhân dân mà ra, vì nhân dân mà phục vụ",Quân nhân dân Việt Nam dân mà nhân,5,rule_based,deterministic-rule-baseline-precomputed,analysis_csv,0.0,word_dropout_50pct_and_punctuation_remove,ok
vi-zh-2022-test-0206,在新冠肺炎疫情蔓延全球的背景下，越南军队参加防疫也符合国际惯例。,Quân đội Việt Nam tham gia chống dịch Covid-19 cũng là thông lệ quốc tế trong bối cảnh đại dịch Covid – 19 đang lây lan khắp toàn cầu.,Quân đội Việt Nam tham gia chống dịch Covid-19 cũng là thông lệ quốc tế trong bối cảnh đại dịch Covid – 19 đang lây lan khắp toàn cầu.,0,rule_based,deterministic-rule-baseline-precomputed,analysis_csv,0.0,identity,ok
vi-zh-2022-test-0206,在新冠肺炎疫情蔓延全球的背景下，越南军队参加防疫也符合国际惯例。,Quân đội Việt Nam tham gia chống dịch Covid-19 cũng là thông lệ quốc tế trong bối cảnh đại dịch Covid – 19 đang lây lan khắp toàn cầu.,Quan đội Việt Nam tham gia chống dịch Covid-19 cũng là thông lệ quốc tế trong bối cảnh đại dịch Covid – 19 đang lây lan khắp toàn cầu.,1,rule_based,deterministic-rule-baseline-precomputed,analysis_csv,0.0,remove_one_tone,ok
vi-zh-2022-test-0206,在新冠肺炎疫情蔓延全球的背景下，越南军队参加防疫也符合国际惯例。,Quân đội Việt Nam tham gia chống dịch Covid-19 cũng là thông lệ quốc tế trong bối cảnh đại dịch Covid – 19 đang lây lan khắp toàn cầu.,Quan đoi Viet Nam tham gia chong dich Covid-19 cung la thong le quoc trong boi canh đai dich Covid – 19 đang lay lan khap toan cau.,2,rule_based,deterministic-rule-baseline-precomputed,analysis_csv,0.0,remove_tones_and_drop_one_word,ok
vi-zh-2022-test-0206,在新冠肺炎疫情蔓延全球的背景下，越南军队参加防疫也符合国际惯例。,Quân đội Việt Nam tham gia chống dịch Covid-19 cũng là thông lệ quốc tế trong bối cảnh đại dịch Covid – 19 đang lây lan khắp toàn cầu.,đội Việt Nam tham chống dịch Covid-19 cũng là thông lệ quốc tế trong bối cảnh đại – 19 đang lây lan khắp toàn cầu.,3,rule_based,deterministic-rule-baseline-precomputed,analysis_csv,0.0,word_dropout_15pct,ok
vi-zh-2022-test-0206,在新冠肺炎疫情蔓延全球的背景下，越南军队参加防疫也符合国际惯例。,Quân đội Việt Nam tham gia chống dịch Covid-19 cũng là thông lệ quốc tế trong bối cảnh đại dịch Covid – 19 đang lây lan khắp toàn cầu.,Quân tham đội chống Covid-19 cũng là thông lệ quốc tế trong cảnh dịch – 19 lây khắp toàn cầu.,4,rule_based,deterministic-rule-baseline-precomputed,analysis_csv,0.0,word_dropout_30pct_and_swap,ok
vi-zh-2022-test-0206,在新冠肺炎疫情蔓延全球的背景下，越南军队参加防疫也符合国际惯例。,Quân đội Việt Nam tham gia chống dịch Covid-19 cũng là thông lệ quốc tế trong bối cảnh đại dịch Covid – 19 đang lây lan khắp toàn cầu.,Việt tham dịch Covid-19 lệ quốc tế trong cảnh Covid 19 đang lây cầu,5,rule_based,deterministic-rule-baseline-precomputed,analysis_csv,0.0,word_dropout_50pct_and_punctuation_remove,ok
vi-zh-2022-test-0207,英国国防部今年初强调，防疫已成为英国和平时期的最大军事行动并派遣5千多名士兵参加大规模疫苗接种、测验计划和其他后勤活动。,"Tại Anh, Bộ Quốc phòng nước này hồi đầu năm nay khẳng định phản ứng của quân đội với dịch Covid-19 đã trở thành chiến dịch quân sự trong nước lớn nhất trong thời bình, với hơn 5.","Tại Anh, Bộ Quốc phòng nước này hồi đầu năm nay khẳng định phản ứng của quân đội với dịch Covid-19 đã trở thành chiến dịch quân sự trong nước lớn nhất trong thời bình, với hơn 5.",0,rule_based,deterministic-rule-baseline-precomputed,analysis_csv,0.0,identity,ok
vi-zh-2022-test-0207,英国国防部今年初强调，防疫已成为英国和平时期的最大军事行动并派遣5千多名士兵参加大规模疫苗接种、测验计划和其他后勤活动。,"Tại Anh, Bộ Quốc phòng nước này hồi đầu năm nay khẳng định phản ứng của quân đội với dịch Covid-19 đã trở thành chiến dịch quân sự trong nước lớn nhất trong thời bình, với hơn 5.","Tai Anh, Bộ Quốc phòng nước này hồi đầu năm nay khẳng định phản ứng của quân đội với dịch Covid-19 đã trở thành chiến dịch quân sự trong nước lớn nhất trong thời bình, với hơn 5.",1,rule_based,deterministic-rule-baseline-precomputed,analysis_csv,0.0,remove_one_tone,ok
vi-zh-2022-test-0207,英国国防部今年初强调，防疫已成为英国和平时期的最大军事行动并派遣5千多名士兵参加大规模疫苗接种、测验计划和其他后勤活动。,"Tại Anh, Bộ Quốc phòng nước này hồi đầu năm nay khẳng định phản ứng của quân đội với dịch Covid-19 đã trở thành chiến dịch quân sự trong nước lớn nhất trong thời bình, với hơn 5.","Tai Anh, Bo Quoc phong nuoc nay hoi đau nam nay khang đinh phan ung cua quan đoi voi Covid-19 đa tro thanh chien dich quan su trong nuoc lon nhat trong thoi binh, voi hon 5.",2,rule_based,deterministic-rule-baseline-precomputed,analysis_csv,0.0,remove_tones_and_drop_one_word,ok
vi-zh-2022-test-0207,英国国防部今年初强调，防疫已成为英国和平时期的最大军事行动并派遣5千多名士兵参加大规模疫苗接种、测验计划和其他后勤活动。,"Tại Anh, Bộ Quốc phòng nước này hồi đầu năm nay khẳng định phản ứng của quân đội với dịch Covid-19 đã trở thành chiến dịch quân sự trong nước lớn nhất trong thời bình, với hơn 5.","Tại Anh, Bộ Quốc phòng hồi đầu năm nay khẳng định ứng của đội với dịch Covid-19 đã thành chiến dịch quân sự trong nước nhất trong thời bình, với hơn 5.",3,rule_based,deterministic-rule-baseline-precomputed,analysis_csv,0.0,word_dropout_15pct,ok
vi-zh-2022-test-0207,英国国防部今年初强调，防疫已成为英国和平时期的最大军事行动并派遣5千多名士兵参加大规模疫苗接种、测验计划和其他后勤活动。,"Tại Anh, Bộ Quốc phòng nước này hồi đầu năm nay khẳng định phản ứng của quân đội với dịch Covid-19 đã trở thành chiến dịch quân sự trong nước lớn nhất trong thời bình, với hơn 5.","Tại Bộ Anh, phòng này hồi đầu năm nay định phản ứng của quân đội dịch trở thành chiến quân sự lớn nhất trong bình, với 5.",4,rule_based,deterministic-rule-baseline-precomputed,analysis_csv,0.0,word_dropout_30pct_and_swap,ok
vi-zh-2022-test-0207,英国国防部今年初强调，防疫已成为英国和平时期的最大军事行动并派遣5千多名士兵参加大规模疫苗接种、测验计划和其他后勤活动。,"Tại Anh, Bộ Quốc phòng nước này hồi đầu năm nay khẳng định phản ứng của quân đội với dịch Covid-19 đã trở thành chiến dịch quân sự trong nước lớn nhất trong thời bình, với hơn 5.",Tại Bộ nước nay phản ứng của quân với đã trở thành quân lớn nhất trong thời với 5,5,rule_based,deterministic-rule-baseline-precomputed,analysis_csv,0.0,word_dropout_50pct_and_punctuation_remove,ok
vi-zh-2022-test-0208,武元甲大将的军事本领及崇高理想让国际社会折服。,Bản lĩnh quân sự và lý tưởng cao cả của Đại tướng Võ Nguyên Giáp đã thu phục cộng đồng quốc tế.,Bản lĩnh quân sự và lý tưởng cao cả của Đại tướng Võ Nguyên Giáp đã thu phục cộng đồng quốc tế.,0,rule_based,deterministic-rule-baseline-precomputed,analysis_csv,0.0,identity,ok
vi-zh-2022-test-0208,武元甲大将的军事本领及崇高理想让国际社会折服。,Bản lĩnh quân sự và lý tưởng cao cả của Đại tướng Võ Nguyên Giáp đã thu phục cộng đồng quốc tế.,Ban lĩnh quân sự và lý tưởng cao cả của Đại tướng Võ Nguyên Giáp đã thu phục cộng đồng quốc tế.,1,rule_based,deterministic-rule-baseline-precomputed,analysis_csv,0.0,remove_one_tone,ok
vi-zh-2022-test-0208,武元甲大将的军事本领及崇高理想让国际社会折服。,Bản lĩnh quân sự và lý tưởng cao cả của Đại tướng Võ Nguyên Giáp đã thu phục cộng đồng quốc tế.,Ban linh quan su va ly tuong cao ca cua Đai Vo Nguyen Giap đa thu phuc cong đong quoc te.,2,rule_based,deterministic-rule-baseline-precomputed,analysis_csv,0.0,remove_tones_and_drop_one_word,ok
vi-zh-2022-test-0208,武元甲大将的军事本领及崇高理想让国际社会折服。,Bản lĩnh quân sự và lý tưởng cao cả của Đại tướng Võ Nguyên Giáp đã thu phục cộng đồng quốc tế.,Bản lĩnh quân và lý cao cả của tướng Võ Nguyên Giáp đã thu phục cộng đồng quốc tế.,3,rule_based,deterministic-rule-baseline-precomputed,analysis_csv,0.0,word_dropout_15pct,ok
vi-zh-2022-test-0208,武元甲大将的军事本领及崇高理想让国际社会折服。,Bản lĩnh quân sự và lý tưởng cao cả của Đại tướng Võ Nguyên Giáp đã thu phục cộng đồng quốc tế.,Bản lý quân tưởng cao cả của Đại tướng Nguyên Giáp thu phục đồng tế.,4,rule_based,deterministic-rule-baseline-precomputed,analysis_csv,0.0,word_dropout_30pct_and_swap,ok
vi-zh-2022-test-0208,武元甲大将的军事本领及崇高理想让国际社会折服。,Bản lĩnh quân sự và lý tưởng cao cả của Đại tướng Võ Nguyên Giáp đã thu phục cộng đồng quốc tế.,lĩnh và tưởng cao cả của Đại tướng thu cộng tế,5,rule_based,deterministic-rule-baseline-precomputed,analysis_csv,0.0,word_dropout_50pct_and_punctuation_remove,ok
vi-zh-2022-test-0209,曾参加奠边府战役的法国军官马塞尔·比雅尔（MarcelBigeard）表示，“奠边府大捷后，武元甲大将成功指挥军队30年，形成无穷力量”。,"Đại tướng Marcel Bigeard, vị tướng danh tiếng từng tham gia chỉ huy quân đội Pháp trong trận chiến Điện biên phủ, nhận xét: ""Với trận thắng Điện biên phủ, Tướng Giáp đã chỉ huy quân đội của ông thành công trong hơn 30 năm.","Đại tướng Marcel Bigeard, vị tướng danh tiếng từng tham gia chỉ huy quân đội Pháp trong trận chiến Điện biên phủ, nhận xét: ""Với trận thắng Điện biên phủ, Tướng Giáp đã chỉ huy quân đội của ông thành công trong hơn 30 năm.",0,rule_based,deterministic-rule-baseline-precomputed,analysis_csv,0.0,identity,ok
vi-zh-2022-test-0209,曾参加奠边府战役的法国军官马塞尔·比雅尔（MarcelBigeard）表示，“奠边府大捷后，武元甲大将成功指挥军队30年，形成无穷力量”。,"Đại tướng Marcel Bigeard, vị tướng danh tiếng từng tham gia chỉ huy quân đội Pháp trong trận chiến Điện biên phủ, nhận xét: ""Với trận thắng Điện biên phủ, Tướng Giáp đã chỉ huy quân đội của ông thành công trong hơn 30 năm.","Đai tướng Marcel Bigeard, vị tướng danh tiếng từng tham gia chỉ huy quân đội Pháp trong trận chiến Điện biên phủ, nhận xét: ""Với trận thắng Điện biên phủ, Tướng Giáp đã chỉ huy quân đội của ông thành công trong hơn 30 năm.",1,rule_based,deterministic-rule-baseline-precomputed,analysis_csv,0.0,remove_one_tone,ok
vi-zh-2022-test-0209,曾参加奠边府战役的法国军官马塞尔·比雅尔（MarcelBigeard）表示，“奠边府大捷后，武元甲大将成功指挥军队30年，形成无穷力量”。,"Đại tướng Marcel Bigeard, vị tướng danh tiếng từng tham gia chỉ huy quân đội Pháp trong trận chiến Điện biên phủ, nhận xét: ""Với trận thắng Điện biên phủ, Tướng Giáp đã chỉ huy quân đội của ông thành công trong hơn 30 năm.","Đai tuong Marcel Bigeard, vi tuong danh tieng tung tham gia chi huy quan đoi Phap trong tran chien Đien bien phu, xet: ""Voi tran thang Đien bien phu, Tuong Giap đa chi huy quan đoi cua ong thanh cong trong hon 30 nam.",2,rule_based,deterministic-rule-baseline-precomputed,analysis_csv,0.0,remove_tones_and_drop_one_word,ok
vi-zh-2022-test-0209,曾参加奠边府战役的法国军官马塞尔·比雅尔（MarcelBigeard）表示，“奠边府大捷后，武元甲大将成功指挥军队30年，形成无穷力量”。,"Đại tướng Marcel Bigeard, vị tướng danh tiếng từng tham gia chỉ huy quân đội Pháp trong trận chiến Điện biên phủ, nhận xét: ""Với trận thắng Điện biên phủ, Tướng Giáp đã chỉ huy quân đội của ông thành công trong hơn 30 năm.","Đại tướng Bigeard, vị tướng danh tiếng tham gia chỉ huy quân Pháp trong trận Điện biên phủ, nhận xét: trận thắng Điện biên phủ, Tướng Giáp đã huy quân đội của ông công trong hơn 30 năm.",3,rule_based,deterministic-rule-baseline-precomputed,analysis_csv,0.0,word_dropout_15pct,ok
vi-zh-2022-test-0209,曾参加奠边府战役的法国军官马塞尔·比雅尔（MarcelBigeard）表示，“奠边府大捷后，武元甲大将成功指挥军队30年，形成无穷力量”。,"Đại tướng Marcel Bigeard, vị tướng danh tiếng từng tham gia chỉ huy quân đội Pháp trong trận chiến Điện biên phủ, nhận xét: ""Với trận thắng Điện biên phủ, Tướng Giáp đã chỉ huy quân đội của ông thành công trong hơn 30 năm.","Marcel vị Bigeard, tướng danh từng tham gia chỉ quân đội trong trận chiến Điện biên phủ, xét: ""Với thắng Điện biên Tướng đã chỉ huy quân của thành công hơn",4,rule_based,deterministic-rule-baseline-precomputed,analysis_csv,0.0,word_dropout_30pct_and_swap,ok
vi-zh-2022-test-0209,曾参加奠边府战役的法国军官马塞尔·比雅尔（MarcelBigeard）表示，“奠边府大捷后，武元甲大将成功指挥军队30年，形成无穷力量”。,"Đại tướng Marcel Bigeard, vị tướng danh tiếng từng tham gia chỉ huy quân đội Pháp trong trận chiến Điện biên phủ, nhận xét: ""Với trận thắng Điện biên phủ, Tướng Giáp đã chỉ huy quân đội của ông thành công trong hơn 30 năm.","Marcel tham gia chỉ Pháp trận chiến Điện biên xét ""Với trận thắng Điện phủ Tướng Giáp đã quân thành hơn 30",5,rule_based,deterministic-rule-baseline-precomputed,analysis_csv,0.0,word_dropout_50pct_and_punctuation_remove,ok
vi-zh-2022-test-0210,比雅尔表示“我相信，武元甲大将的生平和事业永远是每一名越南人的楷模和自豪”。,"Ông Bigeard nói thêm rằng: “Không phải hiện nay mà muôn đời sau, tôi tin rằng cuộc đời và sự nghiệp đầy huyền thoại của đại tướng Võ Nguyên Giáp mãi mãi là tấm gương, là niềm tự hào của mỗi người Việt Nam"".","Ông Bigeard nói thêm rằng: “Không phải hiện nay mà muôn đời sau, tôi tin rằng cuộc đời và sự nghiệp đầy huyền thoại của đại tướng Võ Nguyên Giáp mãi mãi là tấm gương, là niềm tự hào của mỗi người Việt Nam"".",0,rule_based,deterministic-rule-baseline-precomputed,analysis_csv,0.0,identity,ok
vi-zh-2022-test-0210,比雅尔表示“我相信，武元甲大将的生平和事业永远是每一名越南人的楷模和自豪”。,"Ông Bigeard nói thêm rằng: “Không phải hiện nay mà muôn đời sau, tôi tin rằng cuộc đời và sự nghiệp đầy huyền thoại của đại tướng Võ Nguyên Giáp mãi mãi là tấm gương, là niềm tự hào của mỗi người Việt Nam"".","Ong Bigeard nói thêm rằng: “Không phải hiện nay mà muôn đời sau, tôi tin rằng cuộc đời và sự nghiệp đầy huyền thoại của đại tướng Võ Nguyên Giáp mãi mãi là tấm gương, là niềm tự hào của mỗi người Việt Nam"".",1,rule_based,deterministic-rule-baseline-precomputed,analysis_csv,0.0,remove_one_tone,ok
vi-zh-2022-test-0210,比雅尔表示“我相信，武元甲大将的生平和事业永远是每一名越南人的楷模和自豪”。,"Ông Bigeard nói thêm rằng: “Không phải hiện nay mà muôn đời sau, tôi tin rằng cuộc đời và sự nghiệp đầy huyền thoại của đại tướng Võ Nguyên Giáp mãi mãi là tấm gương, là niềm tự hào của mỗi người Việt Nam"".","Ong Bigeard noi them rang: “Khong phai hien nay ma muon đoi sau, toi tin rang cuoc đoi va su nghiep đay thoai cua đai tuong Vo Nguyen Giap mai mai la tam guong, la niem tu hao cua moi nguoi Viet Nam"".",2,rule_based,deterministic-rule-baseline-precomputed,analysis_csv,0.0,remove_tones_and_drop_one_word,ok
vi-zh-2022-test-0210,比雅尔表示“我相信，武元甲大将的生平和事业永远是每一名越南人的楷模和自豪”。,"Ông Bigeard nói thêm rằng: “Không phải hiện nay mà muôn đời sau, tôi tin rằng cuộc đời và sự nghiệp đầy huyền thoại của đại tướng Võ Nguyên Giáp mãi mãi là tấm gương, là niềm tự hào của mỗi người Việt Nam"".","nói thêm rằng: “Không phải hiện nay mà muôn đời tôi tin rằng cuộc đời và sự nghiệp đầy thoại của đại tướng Nguyên Giáp mãi mãi tấm gương, là tự hào của mỗi người Việt Nam"".",3,rule_based,deterministic-rule-baseline-precomputed,analysis_csv,0.0,word_dropout_15pct,ok
vi-zh-2022-test-0210,比雅尔表示“我相信，武元甲大将的生平和事业永远是每一名越南人的楷模和自豪”。,"Ông Bigeard nói thêm rằng: “Không phải hiện nay mà muôn đời sau, tôi tin rằng cuộc đời và sự nghiệp đầy huyền thoại của đại tướng Võ Nguyên Giáp mãi mãi là tấm gương, là niềm tự hào của mỗi người Việt Nam"".","Bigeard “Không nói phải nay mà muôn đời sau, tin rằng đời và sự nghiệp thoại của đại Võ Giáp mãi mãi là tấm tự hào của mỗi người Việt Nam"".",4,rule_based,deterministic-rule-baseline-precomputed,analysis_csv,0.0,word_dropout_30pct_and_swap,ok
vi-zh-2022-test-0210,比雅尔表示“我相信，武元甲大将的生平和事业永远是每一名越南人的楷模和自豪”。,"Ông Bigeard nói thêm rằng: “Không phải hiện nay mà muôn đời sau, tôi tin rằng cuộc đời và sự nghiệp đầy huyền thoại của đại tướng Võ Nguyên Giáp mãi mãi là tấm gương, là niềm tự hào của mỗi người Việt Nam"".",Ông “Không phải nay đời tôi rằng cuộc đời sự nghiệp huyền đại tướng Giáp mãi tấm gương là hào của Việt,5,rule_based,deterministic-rule-baseline-precomputed,analysis_csv,0.0,word_dropout_50pct_and_punctuation_remove,ok
vi-zh-2022-test-0211,在担任总司令30年及参政近50年的历程中，在战争的所有领域他都显示出与众不同的非凡素养。,"Trong 30 năm làm Tổng tư lệnh và gần 50 năm làm chính trị, ông đã thể hiện những phẩm chất phi thường trong mọi lĩnh vực tác chiến.","Trong 30 năm làm Tổng tư lệnh và gần 50 năm làm chính trị, ông đã thể hiện những phẩm chất phi thường trong mọi lĩnh vực tác chiến.",0,rule_based,deterministic-rule-baseline-precomputed,analysis_csv,0.0,identity,ok
vi-zh-2022-test-0211,在担任总司令30年及参政近50年的历程中，在战争的所有领域他都显示出与众不同的非凡素养。,"Trong 30 năm làm Tổng tư lệnh và gần 50 năm làm chính trị, ông đã thể hiện những phẩm chất phi thường trong mọi lĩnh vực tác chiến.","Trong 30 nam làm Tổng tư lệnh và gần 50 năm làm chính trị, ông đã thể hiện những phẩm chất phi thường trong mọi lĩnh vực tác chiến.",1,rule_based,deterministic-rule-baseline-precomputed,analysis_csv,0.0,remove_one_tone,ok
vi-zh-2022-test-0211,在担任总司令30年及参政近50年的历程中，在战争的所有领域他都显示出与众不同的非凡素养。,"Trong 30 năm làm Tổng tư lệnh và gần 50 năm làm chính trị, ông đã thể hiện những phẩm chất phi thường trong mọi lĩnh vực tác chiến.","Trong 30 nam lam Tong tu lenh va gan 50 nam lam chinh tri, đa the hien nhung pham chat phi thuong trong moi linh vuc tac chien.",2,rule_based,deterministic-rule-baseline-precomputed,analysis_csv,0.0,remove_tones_and_drop_one_word,ok
vi-zh-2022-test-0211,在担任总司令30年及参政近50年的历程中，在战争的所有领域他都显示出与众不同的非凡素养。,"Trong 30 năm làm Tổng tư lệnh và gần 50 năm làm chính trị, ông đã thể hiện những phẩm chất phi thường trong mọi lĩnh vực tác chiến.","Trong 30 năm làm Tổng tư và gần 50 năm làm chính trị, ông đã thể hiện những phẩm chất trong lĩnh vực tác chiến.",3,rule_based,deterministic-rule-baseline-precomputed,analysis_csv,0.0,word_dropout_15pct,ok
vi-zh-2022-test-0211,在担任总司令30年及参政近50年的历程中，在战争的所有领域他都显示出与众不同的非凡素养。,"Trong 30 năm làm Tổng tư lệnh và gần 50 năm làm chính trị, ông đã thể hiện những phẩm chất phi thường trong mọi lĩnh vực tác chiến.","Trong làm năm Tổng tư lệnh và gần 50 năm làm trị, ông đã thể hiện phẩm chất mọi chiến.",4,rule_based,deterministic-rule-baseline-precomputed,analysis_csv,0.0,word_dropout_30pct_and_swap,ok
vi-zh-2022-test-0211,在担任总司令30年及参政近50年的历程中，在战争的所有领域他都显示出与众不同的非凡素养。,"Trong 30 năm làm Tổng tư lệnh và gần 50 năm làm chính trị, ông đã thể hiện những phẩm chất phi thường trong mọi lĩnh vực tác chiến.",Trong năm Tổng lệnh và làm chính trị hiện những chất thường lĩnh tác,5,rule_based,deterministic-rule-baseline-precomputed,analysis_csv,0.0,word_dropout_50pct_and_punctuation_remove,ok
vi-zh-2022-test-0212,这样的结合确实是史无前例的。,Điều này tạo thành một sức mạnh chưa từng có.,Điều này tạo thành một sức mạnh chưa từng có.,0,rule_based,deterministic-rule-baseline-precomputed,analysis_csv,0.0,identity,ok
vi-zh-2022-test-0212,这样的结合确实是史无前例的。,Điều này tạo thành một sức mạnh chưa từng có.,Đieu này tạo thành một sức mạnh chưa từng có.,1,rule_based,deterministic-rule-baseline-precomputed,analysis_csv,0.0,remove_one_tone,ok
vi-zh-2022-test-0212,这样的结合确实是史无前例的。,Điều này tạo thành một sức mạnh chưa từng có.,Đieu nay tao thanh mot manh chua tung co.,2,rule_based,deterministic-rule-baseline-precomputed,analysis_csv,0.0,remove_tones_and_drop_one_word,ok
vi-zh-2022-test-0212,这样的结合确实是史无前例的。,Điều này tạo thành một sức mạnh chưa từng có.,Điều này tạo một sức mạnh chưa có.,3,rule_based,deterministic-rule-baseline-precomputed,analysis_csv,0.0,word_dropout_15pct,ok
vi-zh-2022-test-0212,这样的结合确实是史无前例的。,Điều này tạo thành một sức mạnh chưa từng có.,Điều tạo này sức mạnh chưa có.,4,rule_based,deterministic-rule-baseline-precomputed,analysis_csv,0.0,word_dropout_30pct_and_swap,ok
vi-zh-2022-test-0212,这样的结合确实是史无前例的。,Điều này tạo thành một sức mạnh chưa từng có.,Điều này thành một từng,5,rule_based,deterministic-rule-baseline-precomputed,analysis_csv,0.0,word_dropout_50pct_and_punctuation_remove,ok
vi-zh-2022-test-0213,世界一流通讯社纷纷发表文章，赞扬武元甲大将。,Các hãng thông tấn nổi tiếng hàng đầu thế giới đều dành nhiều lời ngợi ca Đại tướng Võ Nguyên Giáp khi viết về ông.,Các hãng thông tấn nổi tiếng hàng đầu thế giới đều dành nhiều lời ngợi ca Đại tướng Võ Nguyên Giáp khi viết về ông.,0,rule_based,deterministic-rule-baseline-precomputed,analysis_csv,0.0,identity,ok
vi-zh-2022-test-0213,世界一流通讯社纷纷发表文章，赞扬武元甲大将。,Các hãng thông tấn nổi tiếng hàng đầu thế giới đều dành nhiều lời ngợi ca Đại tướng Võ Nguyên Giáp khi viết về ông.,Cac hãng thông tấn nổi tiếng hàng đầu thế giới đều dành nhiều lời ngợi ca Đại tướng Võ Nguyên Giáp khi viết về ông.,1,rule_based,deterministic-rule-baseline-precomputed,analysis_csv,0.0,remove_one_tone,ok
vi-zh-2022-test-0213,世界一流通讯社纷纷发表文章，赞扬武元甲大将。,Các hãng thông tấn nổi tiếng hàng đầu thế giới đều dành nhiều lời ngợi ca Đại tướng Võ Nguyên Giáp khi viết về ông.,Cac hang thong tan noi tieng hang đau the gioi đeu danh loi ngoi ca Đai tuong Vo Nguyen Giap khi viet ve ong.,2,rule_based,deterministic-rule-baseline-precomputed,analysis_csv,0.0,remove_tones_and_drop_one_word,ok
vi-zh-2022-test-0213,世界一流通讯社纷纷发表文章，赞扬武元甲大将。,Các hãng thông tấn nổi tiếng hàng đầu thế giới đều dành nhiều lời ngợi ca Đại tướng Võ Nguyên Giáp khi viết về ông.,Các hãng thông tấn nổi tiếng hàng đầu thế giới đều nhiều lời ngợi Đại tướng Võ Giáp viết về ông.,3,rule_based,deterministic-rule-baseline-precomputed,analysis_csv,0.0,word_dropout_15pct,ok
vi-zh-2022-test-0213,世界一流通讯社纷纷发表文章，赞扬武元甲大将。,Các hãng thông tấn nổi tiếng hàng đầu thế giới đều dành nhiều lời ngợi ca Đại tướng Võ Nguyên Giáp khi viết về ông.,hãng tấn thông nổi đầu thế giới dành nhiều lời ca Đại tướng Nguyên Giáp viết về ông.,4,rule_based,deterministic-rule-baseline-precomputed,analysis_csv,0.0,word_dropout_30pct_and_swap,ok
vi-zh-2022-test-0213,世界一流通讯社纷纷发表文章，赞扬武元甲大将。,Các hãng thông tấn nổi tiếng hàng đầu thế giới đều dành nhiều lời ngợi ca Đại tướng Võ Nguyên Giáp khi viết về ông.,hãng thông nổi hàng thế lời ca tướng Võ khi viết ông,5,rule_based,deterministic-rule-baseline-precomputed,analysis_csv,0.0,word_dropout_50pct_and_punctuation_remove,ok
vi-zh-2022-test-0214,法国新闻社（AFP）强调武元甲大将是越南民族英雄，也是史上最伟大的军事战略家之一。,Hãng tin AFP của Pháp cho rằng Đại tướng Võ Nguyên Giáp là “một trong những nhà chiến lược quân sự vĩ đại nhất lịch sử” và là kiến trúc sư cho chiến thắng chống thực dân Pháp và chống đế quốc Mỹ của Việt Nam.,Hãng tin AFP của Pháp cho rằng Đại tướng Võ Nguyên Giáp là “một trong những nhà chiến lược quân sự vĩ đại nhất lịch sử” và là kiến trúc sư cho chiến thắng chống thực dân Pháp và chống đế quốc Mỹ của Việt Nam.,0,rule_based,deterministic-rule-baseline-precomputed,analysis_csv,0.0,identity,ok
vi-zh-2022-test-0214,法国新闻社（AFP）强调武元甲大将是越南民族英雄，也是史上最伟大的军事战略家之一。,Hãng tin AFP của Pháp cho rằng Đại tướng Võ Nguyên Giáp là “một trong những nhà chiến lược quân sự vĩ đại nhất lịch sử” và là kiến trúc sư cho chiến thắng chống thực dân Pháp và chống đế quốc Mỹ của Việt Nam.,Hang tin AFP của Pháp cho rằng Đại tướng Võ Nguyên Giáp là “một trong những nhà chiến lược quân sự vĩ đại nhất lịch sử” và là kiến trúc sư cho chiến thắng chống thực dân Pháp và chống đế quốc Mỹ của Việt Nam.,1,rule_based,deterministic-rule-baseline-precomputed,analysis_csv,0.0,remove_one_tone,ok
vi-zh-2022-test-0214,法国新闻社（AFP）强调武元甲大将是越南民族英雄，也是史上最伟大的军事战略家之一。,Hãng tin AFP của Pháp cho rằng Đại tướng Võ Nguyên Giáp là “một trong những nhà chiến lược quân sự vĩ đại nhất lịch sử” và là kiến trúc sư cho chiến thắng chống thực dân Pháp và chống đế quốc Mỹ của Việt Nam.,Hang tin AFP cua Phap cho rang Đai tuong Vo Nguyen Giap la “mot trong nhung nha chien luoc quan su vi đai lich su” va la kien truc su cho chien thang chong thuc dan Phap va chong đe quoc My cua Viet Nam.,2,rule_based,deterministic-rule-baseline-precomputed,analysis_csv,0.0,remove_tones_and_drop_one_word,ok
vi-zh-2022-test-0214,法国新闻社（AFP）强调武元甲大将是越南民族英雄，也是史上最伟大的军事战略家之一。,Hãng tin AFP của Pháp cho rằng Đại tướng Võ Nguyên Giáp là “một trong những nhà chiến lược quân sự vĩ đại nhất lịch sử” và là kiến trúc sư cho chiến thắng chống thực dân Pháp và chống đế quốc Mỹ của Việt Nam.,tin AFP của Pháp cho rằng Đại tướng Võ Giáp là “một những chiến lược quân sự đại nhất sử” và là kiến trúc cho chiến thắng chống thực dân Pháp và chống đế quốc Mỹ của Việt Nam.,3,rule_based,deterministic-rule-baseline-precomputed,analysis_csv,0.0,word_dropout_15pct,ok
vi-zh-2022-test-0214,法国新闻社（AFP）强调武元甲大将是越南民族英雄，也是史上最伟大的军事战略家之一。,Hãng tin AFP của Pháp cho rằng Đại tướng Võ Nguyên Giáp là “một trong những nhà chiến lược quân sự vĩ đại nhất lịch sử” và là kiến trúc sư cho chiến thắng chống thực dân Pháp và chống đế quốc Mỹ của Việt Nam.,của tướng Pháp Giáp là “một trong nhà chiến quân sự vĩ đại nhất lịch sử” và là kiến sư cho chống thực dân Pháp và chống đế quốc của Việt Nam.,4,rule_based,deterministic-rule-baseline-precomputed,analysis_csv,0.0,word_dropout_30pct_and_swap,ok
vi-zh-2022-test-0214,法国新闻社（AFP）强调武元甲大将是越南民族英雄，也是史上最伟大的军事战略家之一。,Hãng tin AFP của Pháp cho rằng Đại tướng Võ Nguyên Giáp là “một trong những nhà chiến lược quân sự vĩ đại nhất lịch sử” và là kiến trúc sư cho chiến thắng chống thực dân Pháp và chống đế quốc Mỹ của Việt Nam.,tin AFP của Đại tướng Võ Giáp “một những nhà sự đại sử” là trúc thắng chống Pháp và chống Mỹ của Nam,5,rule_based,deterministic-rule-baseline-precomputed,analysis_csv,0.0,word_dropout_50pct_and_punctuation_remove,ok
vi-zh-2022-test-0215,路透社表示，武元甲大将是所有时代的10位伟大将领之一。,Hãng Reuters (Anh) đánh giá Đại tướng Võ Nguyên Giáp là một trong 10 vị tướng vĩ đại nhất mọi thời đại.,Hãng Reuters (Anh) đánh giá Đại tướng Võ Nguyên Giáp là một trong 10 vị tướng vĩ đại nhất mọi thời đại.,0,rule_based,deterministic-rule-baseline-precomputed,analysis_csv,0.0,identity,ok
vi-zh-2022-test-0215,路透社表示，武元甲大将是所有时代的10位伟大将领之一。,Hãng Reuters (Anh) đánh giá Đại tướng Võ Nguyên Giáp là một trong 10 vị tướng vĩ đại nhất mọi thời đại.,Hang Reuters (Anh) đánh giá Đại tướng Võ Nguyên Giáp là một trong 10 vị tướng vĩ đại nhất mọi thời đại.,1,rule_based,deterministic-rule-baseline-precomputed,analysis_csv,0.0,remove_one_tone,ok
vi-zh-2022-test-0215,路透社表示，武元甲大将是所有时代的10位伟大将领之一。,Hãng Reuters (Anh) đánh giá Đại tướng Võ Nguyên Giáp là một trong 10 vị tướng vĩ đại nhất mọi thời đại.,Hang Reuters (Anh) đanh gia Đai tuong Vo Nguyen Giap la trong 10 vi tuong vi đai nhat moi thoi đai.,2,rule_based,deterministic-rule-baseline-precomputed,analysis_csv,0.0,remove_tones_and_drop_one_word,ok
vi-zh-2022-test-0215,路透社表示，武元甲大将是所有时代的10位伟大将领之一。,Hãng Reuters (Anh) đánh giá Đại tướng Võ Nguyên Giáp là một trong 10 vị tướng vĩ đại nhất mọi thời đại.,Hãng Reuters (Anh) đánh giá tướng Giáp là một trong 10 vị tướng vĩ đại nhất mọi thời đại.,3,rule_based,deterministic-rule-baseline-precomputed,analysis_csv,0.0,word_dropout_15pct,ok
vi-zh-2022-test-0215,路透社表示，武元甲大将是所有时代的10位伟大将领之一。,Hãng Reuters (Anh) đánh giá Đại tướng Võ Nguyên Giáp là một trong 10 vị tướng vĩ đại nhất mọi thời đại.,Hãng đánh Reuters giá Đại tướng Võ Nguyên là một trong 10 vĩ đại mọi,4,rule_based,deterministic-rule-baseline-precomputed,analysis_csv,0.0,word_dropout_30pct_and_swap,ok
vi-zh-2022-test-0215,路透社表示，武元甲大将是所有时代的10位伟大将领之一。,Hãng Reuters (Anh) đánh giá Đại tướng Võ Nguyên Giáp là một trong 10 vị tướng vĩ đại nhất mọi thời đại.,Hãng đánh là một trong 10 vị đại mọi thời đại,5,rule_based,deterministic-rule-baseline-precomputed,analysis_csv,0.0,word_dropout_50pct_and_punctuation_remove,ok
vi-zh-2022-test-0216,古巴《拉美通讯社》（PrensaLatina）赞扬武元甲大将是杰出的军事战略家，巧妙运用人民战争战略。,"Tờ Prensa Latina (Cuba) ca ngợi Đại tướng Võ Nguyên Giáp là một chiến lược gia quân sự lỗi lạc, đã áp dụng một cách tài tình chiến lược chiến tranh nhân dân.","Tờ Prensa Latina (Cuba) ca ngợi Đại tướng Võ Nguyên Giáp là một chiến lược gia quân sự lỗi lạc, đã áp dụng một cách tài tình chiến lược chiến tranh nhân dân.",0,rule_based,deterministic-rule-baseline-precomputed,analysis_csv,0.0,identity,ok
vi-zh-2022-test-0216,古巴《拉美通讯社》（PrensaLatina）赞扬武元甲大将是杰出的军事战略家，巧妙运用人民战争战略。,"Tờ Prensa Latina (Cuba) ca ngợi Đại tướng Võ Nguyên Giáp là một chiến lược gia quân sự lỗi lạc, đã áp dụng một cách tài tình chiến lược chiến tranh nhân dân.","To Prensa Latina (Cuba) ca ngợi Đại tướng Võ Nguyên Giáp là một chiến lược gia quân sự lỗi lạc, đã áp dụng một cách tài tình chiến lược chiến tranh nhân dân.",1,rule_based,deterministic-rule-baseline-precomputed,analysis_csv,0.0,remove_one_tone,ok
vi-zh-2022-test-0216,古巴《拉美通讯社》（PrensaLatina）赞扬武元甲大将是杰出的军事战略家，巧妙运用人民战争战略。,"Tờ Prensa Latina (Cuba) ca ngợi Đại tướng Võ Nguyên Giáp là một chiến lược gia quân sự lỗi lạc, đã áp dụng một cách tài tình chiến lược chiến tranh nhân dân.","To Prensa Latina (Cuba) ca ngoi Đai tuong Vo Nguyen Giap la mot chien luoc gia su loi lac, đa ap dung mot cach tai tinh chien luoc chien tranh nhan dan.",2,rule_based,deterministic-rule-baseline-precomputed,analysis_csv,0.0,remove_tones_and_drop_one_word,ok
vi-zh-2022-test-0216,古巴《拉美通讯社》（PrensaLatina）赞扬武元甲大将是杰出的军事战略家，巧妙运用人民战争战略。,"Tờ Prensa Latina (Cuba) ca ngợi Đại tướng Võ Nguyên Giáp là một chiến lược gia quân sự lỗi lạc, đã áp dụng một cách tài tình chiến lược chiến tranh nhân dân.",Tờ Prensa (Cuba) ca ngợi Đại tướng Võ Giáp là một chiến lược quân sự lỗi áp dụng một cách tài tình chiến lược chiến tranh nhân dân.,3,rule_based,deterministic-rule-baseline-precomputed,analysis_csv,0.0,word_dropout_15pct,ok
vi-zh-2022-test-0216,古巴《拉美通讯社》（PrensaLatina）赞扬武元甲大将是杰出的军事战略家，巧妙运用人民战争战略。,"Tờ Prensa Latina (Cuba) ca ngợi Đại tướng Võ Nguyên Giáp là một chiến lược gia quân sự lỗi lạc, đã áp dụng một cách tài tình chiến lược chiến tranh nhân dân.",Tờ ngợi ca Đại tướng Võ Nguyên Giáp là một chiến lược quân lỗi đã áp dụng một tài tình chiến chiến nhân,4,rule_based,deterministic-rule-baseline-precomputed,analysis_csv,0.0,word_dropout_30pct_and_swap,ok
vi-zh-2022-test-0216,古巴《拉美通讯社》（PrensaLatina）赞扬武元甲大将是杰出的军事战略家，巧妙运用人民战争战略。,"Tờ Prensa Latina (Cuba) ca ngợi Đại tướng Võ Nguyên Giáp là một chiến lược gia quân sự lỗi lạc, đã áp dụng một cách tài tình chiến lược chiến tranh nhân dân.",Tờ ca Võ một lược quân sự lạc áp một cách tài tình chiến chiến nhân,5,rule_based,deterministic-rule-baseline-precomputed,analysis_csv,0.0,word_dropout_50pct_and_punctuation_remove,ok
vi-zh-2022-test-0217,武元甲大将的知识和军事才华都来自于越南民族抗击外侵史及世界军事历史，也来自于自我锻炼、总结。,"Những kiến thức và tài năng quân sự của Đại tướng Võ Nguyên Giáp đều do tự học từ lịch sử chống giặc ngoại xâm của dân tộc Việt Nam và lịch sử quân sự thế giới cùng sự tự rèn luyện, tự đúc rút kinh nghiệm qua thực tế chiến đấu của Quân đội nhân dân Việt Nam mà nên.","Những kiến thức và tài năng quân sự của Đại tướng Võ Nguyên Giáp đều do tự học từ lịch sử chống giặc ngoại xâm của dân tộc Việt Nam và lịch sử quân sự thế giới cùng sự tự rèn luyện, tự đúc rút kinh nghiệm qua thực tế chiến đấu của Quân đội nhân dân Việt Nam mà nên.",0,rule_based,deterministic-rule-baseline-precomputed,analysis_csv,0.0,identity,ok
vi-zh-2022-test-0217,武元甲大将的知识和军事才华都来自于越南民族抗击外侵史及世界军事历史，也来自于自我锻炼、总结。,"Những kiến thức và tài năng quân sự của Đại tướng Võ Nguyên Giáp đều do tự học từ lịch sử chống giặc ngoại xâm của dân tộc Việt Nam và lịch sử quân sự thế giới cùng sự tự rèn luyện, tự đúc rút kinh nghiệm qua thực tế chiến đấu của Quân đội nhân dân Việt Nam mà nên.","Nhung kiến thức và tài năng quân sự của Đại tướng Võ Nguyên Giáp đều do tự học từ lịch sử chống giặc ngoại xâm của dân tộc Việt Nam và lịch sử quân sự thế giới cùng sự tự rèn luyện, tự đúc rút kinh nghiệm qua thực tế chiến đấu của Quân đội nhân dân Việt Nam mà nên.",1,rule_based,deterministic-rule-baseline-precomputed,analysis_csv,0.0,remove_one_tone,ok
vi-zh-2022-test-0217,武元甲大将的知识和军事才华都来自于越南民族抗击外侵史及世界军事历史，也来自于自我锻炼、总结。,"Những kiến thức và tài năng quân sự của Đại tướng Võ Nguyên Giáp đều do tự học từ lịch sử chống giặc ngoại xâm của dân tộc Việt Nam và lịch sử quân sự thế giới cùng sự tự rèn luyện, tự đúc rút kinh nghiệm qua thực tế chiến đấu của Quân đội nhân dân Việt Nam mà nên.","Nhung kien thuc va tai nang quan su cua Đai tuong Vo Nguyen Giap đeu do tu hoc tu lich su chong giac ngoai xam cua dan toc Viet Nam lich su quan su the gioi cung su tu ren luyen, tu đuc rut kinh nghiem qua thuc te chien đau cua Quan đoi nhan dan Viet Nam ma nen.",2,rule_based,deterministic-rule-baseline-precomputed,analysis_csv,0.0,remove_tones_and_drop_one_word,ok
vi-zh-2022-test-0217,武元甲大将的知识和军事才华都来自于越南民族抗击外侵史及世界军事历史，也来自于自我锻炼、总结。,"Những kiến thức và tài năng quân sự của Đại tướng Võ Nguyên Giáp đều do tự học từ lịch sử chống giặc ngoại xâm của dân tộc Việt Nam và lịch sử quân sự thế giới cùng sự tự rèn luyện, tự đúc rút kinh nghiệm qua thực tế chiến đấu của Quân đội nhân dân Việt Nam mà nên.","Những kiến thức tài quân sự của Đại tướng Nguyên Giáp đều do tự học lịch sử chống giặc ngoại của dân tộc Việt Nam và lịch sử quân sự giới cùng sự rèn luyện, tự đúc rút kinh nghiệm qua thực chiến đấu của Quân đội nhân Việt Nam mà nên.",3,rule_based,deterministic-rule-baseline-precomputed,analysis_csv,0.0,word_dropout_15pct,ok
vi-zh-2022-test-0217,武元甲大将的知识和军事才华都来自于越南民族抗击外侵史及世界军事历史，也来自于自我锻炼、总结。,"Những kiến thức và tài năng quân sự của Đại tướng Võ Nguyên Giáp đều do tự học từ lịch sử chống giặc ngoại xâm của dân tộc Việt Nam và lịch sử quân sự thế giới cùng sự tự rèn luyện, tự đúc rút kinh nghiệm qua thực tế chiến đấu của Quân đội nhân dân Việt Nam mà nên.",Những tài kiến năng quân sự của Đại tướng đều tự lịch sử chống xâm của dân tộc Việt Nam lịch sử quân sự thế giới sự tự rèn tự kinh nghiệm qua thực tế đấu của đội nhân dân Việt Nam mà,4,rule_based,deterministic-rule-baseline-precomputed,analysis_csv,0.0,word_dropout_30pct_and_swap,ok
vi-zh-2022-test-0217,武元甲大将的知识和军事才华都来自于越南民族抗击外侵史及世界军事历史，也来自于自我锻炼、总结。,"Những kiến thức và tài năng quân sự của Đại tướng Võ Nguyên Giáp đều do tự học từ lịch sử chống giặc ngoại xâm của dân tộc Việt Nam và lịch sử quân sự thế giới cùng sự tự rèn luyện, tự đúc rút kinh nghiệm qua thực tế chiến đấu của Quân đội nhân dân Việt Nam mà nên.",Những kiến năng Đại tướng Nguyên Giáp đều từ sử ngoại xâm tộc Việt quân sự thế sự tự rèn đúc rút nghiệm thực tế chiến của dân mà nên,5,rule_based,deterministic-rule-baseline-precomputed,analysis_csv,0.0,word_dropout_50pct_and_punctuation_remove,ok
vi-zh-2022-test-0218,这就是武元甲大将的独特之处，国际社会因此称赞他是人类历史上最杰出的将领之一及能改变历史走向的少数人之一。,"Chính điều ấy đã làm nên sự khác biệt của Đại tướng Võ Nguyên Giáp, khiến thế giới khâm phục, suy tôn ông là danh tướng, một trong những vị tướng kiệt xuất nhất trong lịch sử nhân loại và là một trong số ít những người có khả năng làm thay đổi dòng chảy lịch sử.","Chính điều ấy đã làm nên sự khác biệt của Đại tướng Võ Nguyên Giáp, khiến thế giới khâm phục, suy tôn ông là danh tướng, một trong những vị tướng kiệt xuất nhất trong lịch sử nhân loại và là một trong số ít những người có khả năng làm thay đổi dòng chảy lịch sử.",0,rule_based,deterministic-rule-baseline-precomputed,analysis_csv,0.0,identity,ok
vi-zh-2022-test-0218,这就是武元甲大将的独特之处，国际社会因此称赞他是人类历史上最杰出的将领之一及能改变历史走向的少数人之一。,"Chính điều ấy đã làm nên sự khác biệt của Đại tướng Võ Nguyên Giáp, khiến thế giới khâm phục, suy tôn ông là danh tướng, một trong những vị tướng kiệt xuất nhất trong lịch sử nhân loại và là một trong số ít những người có khả năng làm thay đổi dòng chảy lịch sử.","Chinh điều ấy đã làm nên sự khác biệt của Đại tướng Võ Nguyên Giáp, khiến thế giới khâm phục, suy tôn ông là danh tướng, một trong những vị tướng kiệt xuất nhất trong lịch sử nhân loại và là một trong số ít những người có khả năng làm thay đổi dòng chảy lịch sử.",1,rule_based,deterministic-rule-baseline-precomputed,analysis_csv,0.0,remove_one_tone,ok
vi-zh-2022-test-0218,这就是武元甲大将的独特之处，国际社会因此称赞他是人类历史上最杰出的将领之一及能改变历史走向的少数人之一。,"Chính điều ấy đã làm nên sự khác biệt của Đại tướng Võ Nguyên Giáp, khiến thế giới khâm phục, suy tôn ông là danh tướng, một trong những vị tướng kiệt xuất nhất trong lịch sử nhân loại và là một trong số ít những người có khả năng làm thay đổi dòng chảy lịch sử.","Chinh đieu ay đa lam nen su khac biet cua Đai tuong Vo Nguyen Giap, khien the gioi kham phuc, suy ton ong la danh tuong, mot trong vi tuong kiet xuat nhat trong lich su nhan loai va la mot trong so it nhung nguoi co kha nang lam thay đoi dong chay lich su.",2,rule_based,deterministic-rule-baseline-precomputed,analysis_csv,0.0,remove_tones_and_drop_one_word,ok
vi-zh-2022-test-0218,这就是武元甲大将的独特之处，国际社会因此称赞他是人类历史上最杰出的将领之一及能改变历史走向的少数人之一。,"Chính điều ấy đã làm nên sự khác biệt của Đại tướng Võ Nguyên Giáp, khiến thế giới khâm phục, suy tôn ông là danh tướng, một trong những vị tướng kiệt xuất nhất trong lịch sử nhân loại và là một trong số ít những người có khả năng làm thay đổi dòng chảy lịch sử.","Chính điều ấy đã làm nên sự khác biệt của Đại Võ Giáp, khiến thế khâm suy tôn ông là danh một trong những vị tướng kiệt nhất trong lịch sử loại và là trong số những người có khả năng làm thay đổi dòng chảy lịch sử.",3,rule_based,deterministic-rule-baseline-precomputed,analysis_csv,0.0,word_dropout_15pct,ok
vi-zh-2022-test-0218,这就是武元甲大将的独特之处，国际社会因此称赞他是人类历史上最杰出的将领之一及能改变历史走向的少数人之一。,"Chính điều ấy đã làm nên sự khác biệt của Đại tướng Võ Nguyên Giáp, khiến thế giới khâm phục, suy tôn ông là danh tướng, một trong những vị tướng kiệt xuất nhất trong lịch sử nhân loại và là một trong số ít những người có khả năng làm thay đổi dòng chảy lịch sử.","Chính ấy điều đã làm nên sự biệt của Đại tướng Võ Nguyên Giáp, thế khâm phục, suy là danh trong những xuất nhất trong lịch sử nhân loại và trong số những người có khả năng đổi lịch sử.",4,rule_based,deterministic-rule-baseline-precomputed,analysis_csv,0.0,word_dropout_30pct_and_swap,ok
vi-zh-2022-test-0218,这就是武元甲大将的独特之处，国际社会因此称赞他是人类历史上最杰出的将领之一及能改变历史走向的少数人之一。,"Chính điều ấy đã làm nên sự khác biệt của Đại tướng Võ Nguyên Giáp, khiến thế giới khâm phục, suy tôn ông là danh tướng, một trong những vị tướng kiệt xuất nhất trong lịch sử nhân loại và là một trong số ít những người có khả năng làm thay đổi dòng chảy lịch sử.",ấy nên Đại Võ Nguyên Giáp giới khâm phục suy tôn tướng một những tướng xuất nhất trong lịch trong số những người thay đổi dòng chảy sử,5,rule_based,deterministic-rule-baseline-precomputed,analysis_csv,0.0,word_dropout_50pct_and_punctuation_remove,ok
vi-zh-2022-test-0219,新加坡被视为美国在该地区最亲密的伙伴，而越南则是值得关注的安全伙伴，也是美国在东南亚最大的贸易伙伴。,"Singapore được coi là đối tác thân cận nhất của Mỹ trong khu vực, còn Việt Nam là đối tác an ninh được quan tâm, cũng là đối tác thương mại lớn nhất của Mỹ ở Đông Nam Á.","Singapore được coi là đối tác thân cận nhất của Mỹ trong khu vực, còn Việt Nam là đối tác an ninh được quan tâm, cũng là đối tác thương mại lớn nhất của Mỹ ở Đông Nam Á.",0,rule_based,deterministic-rule-baseline-precomputed,analysis_csv,0.0,identity,ok
vi-zh-2022-test-0219,新加坡被视为美国在该地区最亲密的伙伴，而越南则是值得关注的安全伙伴，也是美国在东南亚最大的贸易伙伴。,"Singapore được coi là đối tác thân cận nhất của Mỹ trong khu vực, còn Việt Nam là đối tác an ninh được quan tâm, cũng là đối tác thương mại lớn nhất của Mỹ ở Đông Nam Á.","Singapore đuoc coi là đối tác thân cận nhất của Mỹ trong khu vực, còn Việt Nam là đối tác an ninh được quan tâm, cũng là đối tác thương mại lớn nhất của Mỹ ở Đông Nam Á.",1,rule_based,deterministic-rule-baseline-precomputed,analysis_csv,0.0,remove_one_tone,ok
vi-zh-2022-test-0219,新加坡被视为美国在该地区最亲密的伙伴，而越南则是值得关注的安全伙伴，也是美国在东南亚最大的贸易伙伴。,"Singapore được coi là đối tác thân cận nhất của Mỹ trong khu vực, còn Việt Nam là đối tác an ninh được quan tâm, cũng là đối tác thương mại lớn nhất của Mỹ ở Đông Nam Á.","Singapore đuoc coi la đoi tac than can nhat cua My trong khu vuc, con Viet Nam la đoi an ninh đuoc quan tam, cung la đoi tac thuong mai lon nhat cua My o Đong Nam A.",2,rule_based,deterministic-rule-baseline-precomputed,analysis_csv,0.0,remove_tones_and_drop_one_word,ok
vi-zh-2022-test-0219,新加坡被视为美国在该地区最亲密的伙伴，而越南则是值得关注的安全伙伴，也是美国在东南亚最大的贸易伙伴。,"Singapore được coi là đối tác thân cận nhất của Mỹ trong khu vực, còn Việt Nam là đối tác an ninh được quan tâm, cũng là đối tác thương mại lớn nhất của Mỹ ở Đông Nam Á.","Singapore được coi đối tác thân cận Mỹ trong khu vực, còn Việt Nam là đối tác an ninh được quan tâm, là đối thương mại lớn nhất của Mỹ ở Đông Nam",3,rule_based,deterministic-rule-baseline-precomputed,analysis_csv,0.0,word_dropout_15pct,ok
vi-zh-2022-test-0219,新加坡被视为美国在该地区最亲密的伙伴，而越南则是值得关注的安全伙伴，也是美国在东南亚最大的贸易伙伴。,"Singapore được coi là đối tác thân cận nhất của Mỹ trong khu vực, còn Việt Nam là đối tác an ninh được quan tâm, cũng là đối tác thương mại lớn nhất của Mỹ ở Đông Nam Á.","được thân tác cận nhất của Mỹ vực, còn Việt Nam là đối an ninh quan tâm, cũng là tác mại lớn nhất của Mỹ Đông Nam",4,rule_based,deterministic-rule-baseline-precomputed,analysis_csv,0.0,word_dropout_30pct_and_swap,ok
vi-zh-2022-test-0219,新加坡被视为美国在该地区最亲密的伙伴，而越南则是值得关注的安全伙伴，也是美国在东南亚最大的贸易伙伴。,"Singapore được coi là đối tác thân cận nhất của Mỹ trong khu vực, còn Việt Nam là đối tác an ninh được quan tâm, cũng là đối tác thương mại lớn nhất của Mỹ ở Đông Nam Á.",Singapore coi là đối thân Mỹ khu Nam đối tâm cũng là đối tác mại lớn Mỹ ở Đông Á,5,rule_based,deterministic-rule-baseline-precomputed,analysis_csv,0.0,word_dropout_50pct_and_punctuation_remove,ok
vi-zh-2022-test-0220,在新加坡，哈里斯副总统与李显龙总理举行会晤和联合新闻发布会，重申美国与印度洋-太平洋地区的盟国和伙伴的合作，维护国际秩序。,"Tại Singapore, bà K.Harris có cuộc gặp và họp báo chung với Thủ tướng Lý Hiển Long, tái xác nhận cam kết của Mỹ về việc hợp tác với các đồng minh và đối tác trong khu vực Ấn Độ Dương - Thái Bình Dương để duy trì trật tự quốc tế dựa trên luật lệ và tự do hàng hải, gồm ở Biển Đông.","Tại Singapore, bà K.Harris có cuộc gặp và họp báo chung với Thủ tướng Lý Hiển Long, tái xác nhận cam kết của Mỹ về việc hợp tác với các đồng minh và đối tác trong khu vực Ấn Độ Dương - Thái Bình Dương để duy trì trật tự quốc tế dựa trên luật lệ và tự do hàng hải, gồm ở Biển Đông.",0,rule_based,deterministic-rule-baseline-precomputed,analysis_csv,0.0,identity,ok
vi-zh-2022-test-0220,在新加坡，哈里斯副总统与李显龙总理举行会晤和联合新闻发布会，重申美国与印度洋-太平洋地区的盟国和伙伴的合作，维护国际秩序。,"Tại Singapore, bà K.Harris có cuộc gặp và họp báo chung với Thủ tướng Lý Hiển Long, tái xác nhận cam kết của Mỹ về việc hợp tác với các đồng minh và đối tác trong khu vực Ấn Độ Dương - Thái Bình Dương để duy trì trật tự quốc tế dựa trên luật lệ và tự do hàng hải, gồm ở Biển Đông.","Tai Singapore, bà K.Harris có cuộc gặp và họp báo chung với Thủ tướng Lý Hiển Long, tái xác nhận cam kết của Mỹ về việc hợp tác với các đồng minh và đối tác trong khu vực Ấn Độ Dương - Thái Bình Dương để duy trì trật tự quốc tế dựa trên luật lệ và tự do hàng hải, gồm ở Biển Đông.",1,rule_based,deterministic-rule-baseline-precomputed,analysis_csv,0.0,remove_one_tone,ok
vi-zh-2022-test-0220,在新加坡，哈里斯副总统与李显龙总理举行会晤和联合新闻发布会，重申美国与印度洋-太平洋地区的盟国和伙伴的合作，维护国际秩序。,"Tại Singapore, bà K.Harris có cuộc gặp và họp báo chung với Thủ tướng Lý Hiển Long, tái xác nhận cam kết của Mỹ về việc hợp tác với các đồng minh và đối tác trong khu vực Ấn Độ Dương - Thái Bình Dương để duy trì trật tự quốc tế dựa trên luật lệ và tự do hàng hải, gồm ở Biển Đông.","Tai Singapore, ba K.Harris co cuoc gap va hop bao chung voi Thu tuong Ly Hien Long, tai xac nhan cam ket cua My ve viec hop tac voi cac đong minh đoi tac trong khu vuc An Đo Duong - Thai Binh Duong đe duy tri trat tu quoc te dua tren luat le va tu do hang hai, gom o Bien Đong.",2,rule_based,deterministic-rule-baseline-precomputed,analysis_csv,0.0,remove_tones_and_drop_one_word,ok
vi-zh-2022-test-0220,在新加坡，哈里斯副总统与李显龙总理举行会晤和联合新闻发布会，重申美国与印度洋-太平洋地区的盟国和伙伴的合作，维护国际秩序。,"Tại Singapore, bà K.Harris có cuộc gặp và họp báo chung với Thủ tướng Lý Hiển Long, tái xác nhận cam kết của Mỹ về việc hợp tác với các đồng minh và đối tác trong khu vực Ấn Độ Dương - Thái Bình Dương để duy trì trật tự quốc tế dựa trên luật lệ và tự do hàng hải, gồm ở Biển Đông.","Tại Singapore, bà K.Harris cuộc gặp và báo chung Thủ tướng Lý Long, tái xác nhận cam kết Mỹ về việc hợp tác với các đồng đối tác trong khu Ấn Độ Dương Thái Bình Dương để duy trật tự quốc tế dựa trên luật lệ và tự do hàng hải, gồm ở Biển Đông.",3,rule_based,deterministic-rule-baseline-precomputed,analysis_csv,0.0,word_dropout_15pct,ok
vi-zh-2022-test-0220,在新加坡，哈里斯副总统与李显龙总理举行会晤和联合新闻发布会，重申美国与印度洋-太平洋地区的盟国和伙伴的合作，维护国际秩序。,"Tại Singapore, bà K.Harris có cuộc gặp và họp báo chung với Thủ tướng Lý Hiển Long, tái xác nhận cam kết của Mỹ về việc hợp tác với các đồng minh và đối tác trong khu vực Ấn Độ Dương - Thái Bình Dương để duy trì trật tự quốc tế dựa trên luật lệ và tự do hàng hải, gồm ở Biển Đông.","Tại bà Singapore, K.Harris có cuộc gặp và họp báo chung Thủ tướng Hiển Long, tái nhận cam của về việc hợp tác với đồng minh đối tác trong khu vực Ấn - Thái duy trì tự quốc tế dựa trên hàng hải, ở Biển Đông.",4,rule_based,deterministic-rule-baseline-precomputed,analysis_csv,0.0,word_dropout_30pct_and_swap,ok
vi-zh-2022-test-0220,在新加坡，哈里斯副总统与李显龙总理举行会晤和联合新闻发布会，重申美国与印度洋-太平洋地区的盟国和伙伴的合作，维护国际秩序。,"Tại Singapore, bà K.Harris có cuộc gặp và họp báo chung với Thủ tướng Lý Hiển Long, tái xác nhận cam kết của Mỹ về việc hợp tác với các đồng minh và đối tác trong khu vực Ấn Độ Dương - Thái Bình Dương để duy trì trật tự quốc tế dựa trên luật lệ và tự do hàng hải, gồm ở Biển Đông.",Tại Singapore bà có gặp và họp Lý cam kết việc với các đồng minh đối tác trong khu vực Ấn Độ Dương Dương trên lệ tự do hải gồm Biển Đông,5,rule_based,deterministic-rule-baseline-precomputed,analysis_csv,0.0,word_dropout_50pct_and_punctuation_remove,ok
vi-zh-2022-test-0221,越南和美国分享共同利益,Việt – Mỹ chia sẻ nhiều lợi ích chung,Việt – Mỹ chia sẻ nhiều lợi ích chung,0,rule_based,deterministic-rule-baseline-precomputed,analysis_csv,0.0,identity,ok
vi-zh-2022-test-0221,越南和美国分享共同利益,Việt – Mỹ chia sẻ nhiều lợi ích chung,Viet – Mỹ chia sẻ nhiều lợi ích chung,1,rule_based,deterministic-rule-baseline-precomputed,analysis_csv,0.0,remove_one_tone,ok
vi-zh-2022-test-0221,越南和美国分享共同利益,Việt – Mỹ chia sẻ nhiều lợi ích chung,Viet – My chia nhieu loi ich chung,2,rule_based,deterministic-rule-baseline-precomputed,analysis_csv,0.0,remove_tones_and_drop_one_word,ok
vi-zh-2022-test-0221,越南和美国分享共同利益,Việt – Mỹ chia sẻ nhiều lợi ích chung,Việt – chia sẻ nhiều lợi ích chung,3,rule_based,deterministic-rule-baseline-precomputed,analysis_csv,0.0,word_dropout_15pct,ok
vi-zh-2022-test-0221,越南和美国分享共同利益,Việt – Mỹ chia sẻ nhiều lợi ích chung,Việt chia Mỹ sẻ ích chung,4,rule_based,deterministic-rule-baseline-precomputed,analysis_csv,0.0,word_dropout_30pct_and_swap,ok
vi-zh-2022-test-0221,越南和美国分享共同利益,Việt – Mỹ chia sẻ nhiều lợi ích chung,Việt chia nhiều chung,5,rule_based,deterministic-rule-baseline-precomputed,analysis_csv,0.0,word_dropout_50pct_and_punctuation_remove,ok
vi-zh-2022-test-0222,为展现美国与越南合作应对新冠肺炎疫情的承诺，哈里斯将出席美国疾控中心驻河内办事处的揭牌仪式。,"Để khẳng định cho cam kết hợp tác đối phó với COVID-19, Phó Tổng thống K.Harris sẽ dự lễ khai trương văn phòng CDC Mỹ tại Hà Nội.","Để khẳng định cho cam kết hợp tác đối phó với COVID-19, Phó Tổng thống K.Harris sẽ dự lễ khai trương văn phòng CDC Mỹ tại Hà Nội.",0,rule_based,deterministic-rule-baseline-precomputed,analysis_csv,0.0,identity,ok
vi-zh-2022-test-0222,为展现美国与越南合作应对新冠肺炎疫情的承诺，哈里斯将出席美国疾控中心驻河内办事处的揭牌仪式。,"Để khẳng định cho cam kết hợp tác đối phó với COVID-19, Phó Tổng thống K.Harris sẽ dự lễ khai trương văn phòng CDC Mỹ tại Hà Nội.","Đe khẳng định cho cam kết hợp tác đối phó với COVID-19, Phó Tổng thống K.Harris sẽ dự lễ khai trương văn phòng CDC Mỹ tại Hà Nội.",1,rule_based,deterministic-rule-baseline-precomputed,analysis_csv,0.0,remove_one_tone,ok
vi-zh-2022-test-0222,为展现美国与越南合作应对新冠肺炎疫情的承诺，哈里斯将出席美国疾控中心驻河内办事处的揭牌仪式。,"Để khẳng định cho cam kết hợp tác đối phó với COVID-19, Phó Tổng thống K.Harris sẽ dự lễ khai trương văn phòng CDC Mỹ tại Hà Nội.","Đe khang đinh cho cam ket hop tac đoi pho voi COVID-19, Pho Tong K.Harris se du le khai truong van phong CDC My tai Ha Noi.",2,rule_based,deterministic-rule-baseline-precomputed,analysis_csv,0.0,remove_tones_and_drop_one_word,ok
vi-zh-2022-test-0222,为展现美国与越南合作应对新冠肺炎疫情的承诺，哈里斯将出席美国疾控中心驻河内办事处的揭牌仪式。,"Để khẳng định cho cam kết hợp tác đối phó với COVID-19, Phó Tổng thống K.Harris sẽ dự lễ khai trương văn phòng CDC Mỹ tại Hà Nội.","Để khẳng định cho cam kết hợp tác đối phó với COVID-19, Phó thống K.Harris dự lễ khai trương văn phòng tại Hà Nội.",3,rule_based,deterministic-rule-baseline-precomputed,analysis_csv,0.0,word_dropout_15pct,ok
vi-zh-2022-test-0222,为展现美国与越南合作应对新冠肺炎疫情的承诺，哈里斯将出席美国疾控中心驻河内办事处的揭牌仪式。,"Để khẳng định cho cam kết hợp tác đối phó với COVID-19, Phó Tổng thống K.Harris sẽ dự lễ khai trương văn phòng CDC Mỹ tại Hà Nội.",Để định khẳng cho kết hợp tác đối với Phó Tổng dự lễ trương văn phòng Mỹ tại Hà Nội.,4,rule_based,deterministic-rule-baseline-precomputed,analysis_csv,0.0,word_dropout_30pct_and_swap,ok
vi-zh-2022-test-0222,为展现美国与越南合作应对新冠肺炎疫情的承诺，哈里斯将出席美国疾控中心驻河内办事处的揭牌仪式。,"Để khẳng định cho cam kết hợp tác đối phó với COVID-19, Phó Tổng thống K.Harris sẽ dự lễ khai trương văn phòng CDC Mỹ tại Hà Nội.",Để khẳng định cho kết hợp phó với thống sẽ khai phòng Mỹ tại,5,rule_based,deterministic-rule-baseline-precomputed,analysis_csv,0.0,word_dropout_50pct_and_punctuation_remove,ok
vi-zh-2022-test-0223,这也是美国与越南在预防公共卫生合作中取得的成果。,Đây cũng là kết quả của sự hợp tác giữa Hoa Kỳ và Việt Nam trong việc phòng chống sức khỏe cộng đồng.,Đây cũng là kết quả của sự hợp tác giữa Hoa Kỳ và Việt Nam trong việc phòng chống sức khỏe cộng đồng.,0,rule_based,deterministic-rule-baseline-precomputed,analysis_csv,0.0,identity,ok
vi-zh-2022-test-0223,这也是美国与越南在预防公共卫生合作中取得的成果。,Đây cũng là kết quả của sự hợp tác giữa Hoa Kỳ và Việt Nam trong việc phòng chống sức khỏe cộng đồng.,Đay cũng là kết quả của sự hợp tác giữa Hoa Kỳ và Việt Nam trong việc phòng chống sức khỏe cộng đồng.,1,rule_based,deterministic-rule-baseline-precomputed,analysis_csv,0.0,remove_one_tone,ok
vi-zh-2022-test-0223,这也是美国与越南在预防公共卫生合作中取得的成果。,Đây cũng là kết quả của sự hợp tác giữa Hoa Kỳ và Việt Nam trong việc phòng chống sức khỏe cộng đồng.,Đay cung la ket qua cua su hop tac giua Hoa va Viet Nam trong viec phong chong suc khoe cong đong.,2,rule_based,deterministic-rule-baseline-precomputed,analysis_csv,0.0,remove_tones_and_drop_one_word,ok
vi-zh-2022-test-0223,这也是美国与越南在预防公共卫生合作中取得的成果。,Đây cũng là kết quả của sự hợp tác giữa Hoa Kỳ và Việt Nam trong việc phòng chống sức khỏe cộng đồng.,Đây cũng là kết của sự hợp tác giữa Hoa Kỳ và Việt Nam việc phòng sức khỏe cộng đồng.,3,rule_based,deterministic-rule-baseline-precomputed,analysis_csv,0.0,word_dropout_15pct,ok
vi-zh-2022-test-0223,这也是美国与越南在预防公共卫生合作中取得的成果。,Đây cũng là kết quả của sự hợp tác giữa Hoa Kỳ và Việt Nam trong việc phòng chống sức khỏe cộng đồng.,Đây là cũng của sự tác giữa Hoa và Nam việc phòng chống sức khỏe đồng.,4,rule_based,deterministic-rule-baseline-precomputed,analysis_csv,0.0,word_dropout_30pct_and_swap,ok
vi-zh-2022-test-0223,这也是美国与越南在预防公共卫生合作中取得的成果。,Đây cũng là kết quả của sự hợp tác giữa Hoa Kỳ và Việt Nam trong việc phòng chống sức khỏe cộng đồng.,Đây cũng là quả của hợp tác giữa Kỳ Việt Nam sức,5,rule_based,deterministic-rule-baseline-precomputed,analysis_csv,0.0,word_dropout_50pct_and_punctuation_remove,ok
vi-zh-2022-test-0224,随着外国投资者涌入越南生产出口到美国的商品，越南也成为从全球供应链转移趋势中受益最多的国家之一。,"Với việc các nhà đầu tư nước ngoài ồ ạt vào Việt Nam để sản xuất hàng hóa xuất khẩu sang Hoa Kỳ, Việt Nam cũng trở thành một trong những quốc gia được hưởng lợi nhiều nhất từ ​​sự chuyển dịch trong chuỗi cung ứng toàn cầu.","Với việc các nhà đầu tư nước ngoài ồ ạt vào Việt Nam để sản xuất hàng hóa xuất khẩu sang Hoa Kỳ, Việt Nam cũng trở thành một trong những quốc gia được hưởng lợi nhiều nhất từ ​​sự chuyển dịch trong chuỗi cung ứng toàn cầu.",0,rule_based,deterministic-rule-baseline-precomputed,analysis_csv,0.0,identity,ok
vi-zh-2022-test-0224,随着外国投资者涌入越南生产出口到美国的商品，越南也成为从全球供应链转移趋势中受益最多的国家之一。,"Với việc các nhà đầu tư nước ngoài ồ ạt vào Việt Nam để sản xuất hàng hóa xuất khẩu sang Hoa Kỳ, Việt Nam cũng trở thành một trong những quốc gia được hưởng lợi nhiều nhất từ ​​sự chuyển dịch trong chuỗi cung ứng toàn cầu.","Voi việc các nhà đầu tư nước ngoài ồ ạt vào Việt Nam để sản xuất hàng hóa xuất khẩu sang Hoa Kỳ, Việt Nam cũng trở thành một trong những quốc gia được hưởng lợi nhiều nhất từ ​​sự chuyển dịch trong chuỗi cung ứng toàn cầu.",1,rule_based,deterministic-rule-baseline-precomputed,analysis_csv,0.0,remove_one_tone,ok
vi-zh-2022-test-0224,随着外国投资者涌入越南生产出口到美国的商品，越南也成为从全球供应链转移趋势中受益最多的国家之一。,"Với việc các nhà đầu tư nước ngoài ồ ạt vào Việt Nam để sản xuất hàng hóa xuất khẩu sang Hoa Kỳ, Việt Nam cũng trở thành một trong những quốc gia được hưởng lợi nhiều nhất từ ​​sự chuyển dịch trong chuỗi cung ứng toàn cầu.","Voi viec cac nha đau tu nuoc ngoai o at vao Viet Nam đe san xuat hang hoa xuat khau sang Hoa Ky, Viet cung tro thanh mot trong nhung quoc gia đuoc huong loi nhieu nhat tu ​​su chuyen dich trong chuoi cung ung toan cau.",2,rule_based,deterministic-rule-baseline-precomputed,analysis_csv,0.0,remove_tones_and_drop_one_word,ok
vi-zh-2022-test-0224,随着外国投资者涌入越南生产出口到美国的商品，越南也成为从全球供应链转移趋势中受益最多的国家之一。,"Với việc các nhà đầu tư nước ngoài ồ ạt vào Việt Nam để sản xuất hàng hóa xuất khẩu sang Hoa Kỳ, Việt Nam cũng trở thành một trong những quốc gia được hưởng lợi nhiều nhất từ ​​sự chuyển dịch trong chuỗi cung ứng toàn cầu.","Với việc các nhà đầu tư nước ngoài ồ ạt vào Việt Nam sản xuất hàng hóa xuất khẩu sang Hoa Kỳ, Việt cũng trở một những quốc gia được hưởng lợi nhiều nhất từ ​​sự trong cung ứng toàn cầu.",3,rule_based,deterministic-rule-baseline-precomputed,analysis_csv,0.0,word_dropout_15pct,ok
vi-zh-2022-test-0224,随着外国投资者涌入越南生产出口到美国的商品，越南也成为从全球供应链转移趋势中受益最多的国家之一。,"Với việc các nhà đầu tư nước ngoài ồ ạt vào Việt Nam để sản xuất hàng hóa xuất khẩu sang Hoa Kỳ, Việt Nam cũng trở thành một trong những quốc gia được hưởng lợi nhiều nhất từ ​​sự chuyển dịch trong chuỗi cung ứng toàn cầu.","Với các việc tư ồ vào Việt Nam xuất hàng hóa xuất khẩu Hoa Kỳ, Nam trở thành một trong những quốc gia được hưởng nhiều nhất từ dịch trong chuỗi cung ứng toàn",4,rule_based,deterministic-rule-baseline-precomputed,analysis_csv,0.0,word_dropout_30pct_and_swap,ok
vi-zh-2022-test-0224,随着外国投资者涌入越南生产出口到美国的商品，越南也成为从全球供应链转移趋势中受益最多的国家之一。,"Với việc các nhà đầu tư nước ngoài ồ ạt vào Việt Nam để sản xuất hàng hóa xuất khẩu sang Hoa Kỳ, Việt Nam cũng trở thành một trong những quốc gia được hưởng lợi nhiều nhất từ ​​sự chuyển dịch trong chuỗi cung ứng toàn cầu.",các đầu nước ngoài ạt vào Việt để khẩu Hoa Kỳ Việt Nam trở những được lợi nhiều nhất ​​sự dịch chuỗi ứng cầu,5,rule_based,deterministic-rule-baseline-precomputed,analysis_csv,0.0,word_dropout_50pct_and_punctuation_remove,ok
vi-zh-2022-test-0225,但是，新冠肺炎疫情在一定程度上破坏了供应链，尤其是在机械和技术行业。,"Tuy nhiên, đại dịch COVID-19 đã làm chuỗi cung ứng phần nào bị đứt gãy, đặc biệt là các ngành máy móc, công nghệ.","Tuy nhiên, đại dịch COVID-19 đã làm chuỗi cung ứng phần nào bị đứt gãy, đặc biệt là các ngành máy móc, công nghệ.",0,rule_based,deterministic-rule-baseline-precomputed,analysis_csv,0.0,identity,ok
vi-zh-2022-test-0225,但是，新冠肺炎疫情在一定程度上破坏了供应链，尤其是在机械和技术行业。,"Tuy nhiên, đại dịch COVID-19 đã làm chuỗi cung ứng phần nào bị đứt gãy, đặc biệt là các ngành máy móc, công nghệ.","Tuy nhien, đại dịch COVID-19 đã làm chuỗi cung ứng phần nào bị đứt gãy, đặc biệt là các ngành máy móc, công nghệ.",1,rule_based,deterministic-rule-baseline-precomputed,analysis_csv,0.0,remove_one_tone,ok
vi-zh-2022-test-0225,但是，新冠肺炎疫情在一定程度上破坏了供应链，尤其是在机械和技术行业。,"Tuy nhiên, đại dịch COVID-19 đã làm chuỗi cung ứng phần nào bị đứt gãy, đặc biệt là các ngành máy móc, công nghệ.","Tuy nhien, đai dich COVID-19 đa lam chuoi cung ung phan nao đut gay, đac biet la cac nganh may moc, cong nghe.",2,rule_based,deterministic-rule-baseline-precomputed,analysis_csv,0.0,remove_tones_and_drop_one_word,ok
vi-zh-2022-test-0225,但是，新冠肺炎疫情在一定程度上破坏了供应链，尤其是在机械和技术行业。,"Tuy nhiên, đại dịch COVID-19 đã làm chuỗi cung ứng phần nào bị đứt gãy, đặc biệt là các ngành máy móc, công nghệ.","Tuy nhiên, đại COVID-19 đã làm cung ứng phần nào bị đứt gãy, đặc biệt là ngành máy móc, công",3,rule_based,deterministic-rule-baseline-precomputed,analysis_csv,0.0,word_dropout_15pct,ok
vi-zh-2022-test-0225,但是，新冠肺炎疫情在一定程度上破坏了供应链，尤其是在机械和技术行业。,"Tuy nhiên, đại dịch COVID-19 đã làm chuỗi cung ứng phần nào bị đứt gãy, đặc biệt là các ngành máy móc, công nghệ.","nhiên, đã dịch làm phần nào bị đứt gãy, đặc biệt các ngành máy móc, công nghệ.",4,rule_based,deterministic-rule-baseline-precomputed,analysis_csv,0.0,word_dropout_30pct_and_swap,ok
vi-zh-2022-test-0225,但是，新冠肺炎疫情在一定程度上破坏了供应链，尤其是在机械和技术行业。,"Tuy nhiên, đại dịch COVID-19 đã làm chuỗi cung ứng phần nào bị đứt gãy, đặc biệt là các ngành máy móc, công nghệ.",đại đã cung phần nào gãy đặc biệt ngành máy công nghệ,5,rule_based,deterministic-rule-baseline-precomputed,analysis_csv,0.0,word_dropout_50pct_and_punctuation_remove,ok
vi-zh-2022-test-0226,这表明美国十分重视东南亚地区。,Điều này thể hiện quan điểm nước Mỹ coi trọng khu vực Đông Nam Á.,Điều này thể hiện quan điểm nước Mỹ coi trọng khu vực Đông Nam Á.,0,rule_based,deterministic-rule-baseline-precomputed,analysis_csv,0.0,identity,ok
vi-zh-2022-test-0226,这表明美国十分重视东南亚地区。,Điều này thể hiện quan điểm nước Mỹ coi trọng khu vực Đông Nam Á.,Đieu này thể hiện quan điểm nước Mỹ coi trọng khu vực Đông Nam Á.,1,rule_based,deterministic-rule-baseline-precomputed,analysis_csv,0.0,remove_one_tone,ok
vi-zh-2022-test-0226,这表明美国十分重视东南亚地区。,Điều này thể hiện quan điểm nước Mỹ coi trọng khu vực Đông Nam Á.,Đieu nay the hien quan điem nuoc coi trong khu vuc Đong Nam A.,2,rule_based,deterministic-rule-baseline-precomputed,analysis_csv,0.0,remove_tones_and_drop_one_word,ok
vi-zh-2022-test-0226,这表明美国十分重视东南亚地区。,Điều này thể hiện quan điểm nước Mỹ coi trọng khu vực Đông Nam Á.,Điều thể hiện quan điểm nước Mỹ coi khu vực Đông Nam Á.,3,rule_based,deterministic-rule-baseline-precomputed,analysis_csv,0.0,word_dropout_15pct,ok
vi-zh-2022-test-0226,这表明美国十分重视东南亚地区。,Điều này thể hiện quan điểm nước Mỹ coi trọng khu vực Đông Nam Á.,này điểm quan nước Mỹ trọng khu vực Nam Á.,4,rule_based,deterministic-rule-baseline-precomputed,analysis_csv,0.0,word_dropout_30pct_and_swap,ok
vi-zh-2022-test-0226,这表明美国十分重视东南亚地区。,Điều này thể hiện quan điểm nước Mỹ coi trọng khu vực Đông Nam Á.,thể hiện quan trọng khu vực Nam Á,5,rule_based,deterministic-rule-baseline-precomputed,analysis_csv,0.0,word_dropout_50pct_and_punctuation_remove,ok
vi-zh-2022-test-0227,在今天的时事论坛节目里，请听本台记者述评：胡志明主席：民族和时代的道德和智慧典范。,"Trong chương trình diễn đàn Thời sự hôm nay, xin mời quý báo và các bạn cùng nghe phóng viên bình luận: Chủ tịch Hồ Chí Minh: tấm gương đạo đức, trí tuệ cho dân tộc và thời đại.","Trong chương trình diễn đàn Thời sự hôm nay, xin mời quý báo và các bạn cùng nghe phóng viên bình luận: Chủ tịch Hồ Chí Minh: tấm gương đạo đức, trí tuệ cho dân tộc và thời đại.",0,rule_based,deterministic-rule-baseline-precomputed,analysis_csv,0.0,identity,ok
vi-zh-2022-test-0227,在今天的时事论坛节目里，请听本台记者述评：胡志明主席：民族和时代的道德和智慧典范。,"Trong chương trình diễn đàn Thời sự hôm nay, xin mời quý báo và các bạn cùng nghe phóng viên bình luận: Chủ tịch Hồ Chí Minh: tấm gương đạo đức, trí tuệ cho dân tộc và thời đại.","Trong chuong trình diễn đàn Thời sự hôm nay, xin mời quý báo và các bạn cùng nghe phóng viên bình luận: Chủ tịch Hồ Chí Minh: tấm gương đạo đức, trí tuệ cho dân tộc và thời đại.",1,rule_based,deterministic-rule-baseline-precomputed,analysis_csv,0.0,remove_one_tone,ok
vi-zh-2022-test-0227,在今天的时事论坛节目里，请听本台记者述评：胡志明主席：民族和时代的道德和智慧典范。,"Trong chương trình diễn đàn Thời sự hôm nay, xin mời quý báo và các bạn cùng nghe phóng viên bình luận: Chủ tịch Hồ Chí Minh: tấm gương đạo đức, trí tuệ cho dân tộc và thời đại.","Trong chuong trinh dien đan Thoi su hom nay, xin moi quy bao va cac ban cung nghe phong binh luan: Chu tich Ho Chi Minh: tam guong đao đuc, tri tue cho dan toc va thoi đai.",2,rule_based,deterministic-rule-baseline-precomputed,analysis_csv,0.0,remove_tones_and_drop_one_word,ok
vi-zh-2022-test-0227,在今天的时事论坛节目里，请听本台记者述评：胡志明主席：民族和时代的道德和智慧典范。,"Trong chương trình diễn đàn Thời sự hôm nay, xin mời quý báo và các bạn cùng nghe phóng viên bình luận: Chủ tịch Hồ Chí Minh: tấm gương đạo đức, trí tuệ cho dân tộc và thời đại.","Trong chương trình diễn đàn Thời sự hôm mời quý báo và các cùng nghe phóng viên bình luận: Chủ tịch Chí Minh: tấm đạo đức, trí tuệ cho tộc và thời đại.",3,rule_based,deterministic-rule-baseline-precomputed,analysis_csv,0.0,word_dropout_15pct,ok
vi-zh-2022-test-0227,在今天的时事论坛节目里，请听本台记者述评：胡志明主席：民族和时代的道德和智慧典范。,"Trong chương trình diễn đàn Thời sự hôm nay, xin mời quý báo và các bạn cùng nghe phóng viên bình luận: Chủ tịch Hồ Chí Minh: tấm gương đạo đức, trí tuệ cho dân tộc và thời đại.","trình Thời đàn sự hôm nay, xin quý báo và các bạn cùng nghe phóng viên bình Chủ tịch tấm gương đức, trí dân và thời đại.",4,rule_based,deterministic-rule-baseline-precomputed,analysis_csv,0.0,word_dropout_30pct_and_swap,ok
vi-zh-2022-test-0227,在今天的时事论坛节目里，请听本台记者述评：胡志明主席：民族和时代的道德和智慧典范。,"Trong chương trình diễn đàn Thời sự hôm nay, xin mời quý báo và các bạn cùng nghe phóng viên bình luận: Chủ tịch Hồ Chí Minh: tấm gương đạo đức, trí tuệ cho dân tộc và thời đại.",Trong chương trình sự xin mời báo và bạn nghe viên tịch Hồ Minh gương đạo đức tộc và thời,5,rule_based,deterministic-rule-baseline-precomputed,analysis_csv,0.0,word_dropout_50pct_and_punctuation_remove,ok
vi-zh-2022-test-0228,出席第42届东盟议会联盟大会具有特别重要的意义，因为这是新一届国会主席王庭惠出席的首次正式多边外交活动。,"AIPA-42 là sự kiện có ý nghĩa đặc biệt quan trọng, là hoạt động đối ngoại đa phương chính thức đầu tiên của Chủ tịch Quốc hội Vương Đình Huệ trong nhiệm kỳ mới.","AIPA-42 là sự kiện có ý nghĩa đặc biệt quan trọng, là hoạt động đối ngoại đa phương chính thức đầu tiên của Chủ tịch Quốc hội Vương Đình Huệ trong nhiệm kỳ mới.",0,rule_based,deterministic-rule-baseline-precomputed,analysis_csv,0.0,identity,ok
vi-zh-2022-test-0228,出席第42届东盟议会联盟大会具有特别重要的意义，因为这是新一届国会主席王庭惠出席的首次正式多边外交活动。,"AIPA-42 là sự kiện có ý nghĩa đặc biệt quan trọng, là hoạt động đối ngoại đa phương chính thức đầu tiên của Chủ tịch Quốc hội Vương Đình Huệ trong nhiệm kỳ mới.","AIPA-42 la sự kiện có ý nghĩa đặc biệt quan trọng, là hoạt động đối ngoại đa phương chính thức đầu tiên của Chủ tịch Quốc hội Vương Đình Huệ trong nhiệm kỳ mới.",1,rule_based,deterministic-rule-baseline-precomputed,analysis_csv,0.0,remove_one_tone,ok
vi-zh-2022-test-0228,出席第42届东盟议会联盟大会具有特别重要的意义，因为这是新一届国会主席王庭惠出席的首次正式多边外交活动。,"AIPA-42 là sự kiện có ý nghĩa đặc biệt quan trọng, là hoạt động đối ngoại đa phương chính thức đầu tiên của Chủ tịch Quốc hội Vương Đình Huệ trong nhiệm kỳ mới.","AIPA-42 la su kien co y nghia đac biet quan trong, la hoat đong đoi ngoai đa chinh thuc đau tien cua Chu tich Quoc hoi Vuong Đinh Hue trong nhiem ky moi.",2,rule_based,deterministic-rule-baseline-precomputed,analysis_csv,0.0,remove_tones_and_drop_one_word,ok
vi-zh-2022-test-0228,出席第42届东盟议会联盟大会具有特别重要的意义，因为这是新一届国会主席王庭惠出席的首次正式多边外交活动。,"AIPA-42 là sự kiện có ý nghĩa đặc biệt quan trọng, là hoạt động đối ngoại đa phương chính thức đầu tiên của Chủ tịch Quốc hội Vương Đình Huệ trong nhiệm kỳ mới.","là sự kiện có ý nghĩa đặc biệt quan trọng, là hoạt động ngoại đa phương chính thức đầu tiên Chủ tịch hội Vương Đình trong nhiệm kỳ mới.",3,rule_based,deterministic-rule-baseline-precomputed,analysis_csv,0.0,word_dropout_15pct,ok
vi-zh-2022-test-0228,出席第42届东盟议会联盟大会具有特别重要的意义，因为这是新一届国会主席王庭惠出席的首次正式多边外交活动。,"AIPA-42 là sự kiện có ý nghĩa đặc biệt quan trọng, là hoạt động đối ngoại đa phương chính thức đầu tiên của Chủ tịch Quốc hội Vương Đình Huệ trong nhiệm kỳ mới.","AIPA-42 ý là nghĩa biệt quan trọng, hoạt động ngoại chính thức đầu tiên của Chủ tịch Quốc hội Vương Đình Huệ trong nhiệm",4,rule_based,deterministic-rule-baseline-precomputed,analysis_csv,0.0,word_dropout_30pct_and_swap,ok
vi-zh-2022-test-0228,出席第42届东盟议会联盟大会具有特别重要的意义，因为这是新一届国会主席王庭惠出席的首次正式多边外交活动。,"AIPA-42 là sự kiện có ý nghĩa đặc biệt quan trọng, là hoạt động đối ngoại đa phương chính thức đầu tiên của Chủ tịch Quốc hội Vương Đình Huệ trong nhiệm kỳ mới.",có ý đặc trọng là đối phương chính thức đầu của Chủ Quốc hội Vương trong nhiệm,5,rule_based,deterministic-rule-baseline-precomputed,analysis_csv,0.0,word_dropout_50pct_and_punctuation_remove,ok
vi-zh-2022-test-0229,第42届东盟议会联盟大会加强东盟团结克服挑战,AIPA - 42 tăng cường đoàn kết ASEAN và vượt qua các thách thức.,AIPA - 42 tăng cường đoàn kết ASEAN và vượt qua các thách thức.,0,rule_based,deterministic-rule-baseline-precomputed,analysis_csv,0.0,identity,ok
vi-zh-2022-test-0229,第42届东盟议会联盟大会加强东盟团结克服挑战,AIPA - 42 tăng cường đoàn kết ASEAN và vượt qua các thách thức.,AIPA - 42 tang cường đoàn kết ASEAN và vượt qua các thách thức.,1,rule_based,deterministic-rule-baseline-precomputed,analysis_csv,0.0,remove_one_tone,ok
vi-zh-2022-test-0229,第42届东盟议会联盟大会加强东盟团结克服挑战,AIPA - 42 tăng cường đoàn kết ASEAN và vượt qua các thách thức.,AIPA - 42 tang cuong đoan ket va vuot qua cac thach thuc.,2,rule_based,deterministic-rule-baseline-precomputed,analysis_csv,0.0,remove_tones_and_drop_one_word,ok
vi-zh-2022-test-0229,第42届东盟议会联盟大会加强东盟团结克服挑战,AIPA - 42 tăng cường đoàn kết ASEAN và vượt qua các thách thức.,AIPA - 42 tăng cường đoàn kết ASEAN vượt các thách thức.,3,rule_based,deterministic-rule-baseline-precomputed,analysis_csv,0.0,word_dropout_15pct,ok
vi-zh-2022-test-0229,第42届东盟议会联盟大会加强东盟团结克服挑战,AIPA - 42 tăng cường đoàn kết ASEAN và vượt qua các thách thức.,- cường 42 đoàn kết và vượt qua thách thức.,4,rule_based,deterministic-rule-baseline-precomputed,analysis_csv,0.0,word_dropout_30pct_and_swap,ok
vi-zh-2022-test-0229,第42届东盟议会联盟大会加强东盟团结克服挑战,AIPA - 42 tăng cường đoàn kết ASEAN và vượt qua các thách thức.,AIPA - tăng cường đoàn vượt thức,5,rule_based,deterministic-rule-baseline-precomputed,analysis_csv,0.0,word_dropout_50pct_and_punctuation_remove,ok
vi-zh-2022-test-0230,越南为多边议会联盟合作作出积极和负责任的贡献,Việt Nam đóng góp tích cực và có trách nhiệm vào sự hợp tác của liên minh nghị viện đa phương,Việt Nam đóng góp tích cực và có trách nhiệm vào sự hợp tác của liên minh nghị viện đa phương,0,rule_based,deterministic-rule-baseline-precomputed,analysis_csv,0.0,identity,ok
vi-zh-2022-test-0230,越南为多边议会联盟合作作出积极和负责任的贡献,Việt Nam đóng góp tích cực và có trách nhiệm vào sự hợp tác của liên minh nghị viện đa phương,Viet Nam đóng góp tích cực và có trách nhiệm vào sự hợp tác của liên minh nghị viện đa phương,1,rule_based,deterministic-rule-baseline-precomputed,analysis_csv,0.0,remove_one_tone,ok
vi-zh-2022-test-0230,越南为多边议会联盟合作作出积极和负责任的贡献,Việt Nam đóng góp tích cực và có trách nhiệm vào sự hợp tác của liên minh nghị viện đa phương,Viet Nam đong gop tich cuc va co trach nhiem su hop tac cua lien minh nghi vien đa phuong,2,rule_based,deterministic-rule-baseline-precomputed,analysis_csv,0.0,remove_tones_and_drop_one_word,ok
vi-zh-2022-test-0230,越南为多边议会联盟合作作出积极和负责任的贡献,Việt Nam đóng góp tích cực và có trách nhiệm vào sự hợp tác của liên minh nghị viện đa phương,đóng góp tích cực và có trách nhiệm vào sự hợp tác của liên minh nghị viện phương,3,rule_based,deterministic-rule-baseline-precomputed,analysis_csv,0.0,word_dropout_15pct,ok
vi-zh-2022-test-0230,越南为多边议会联盟合作作出积极和负责任的贡献,Việt Nam đóng góp tích cực và có trách nhiệm vào sự hợp tác của liên minh nghị viện đa phương,Việt góp đóng tích cực và có trách vào sự hợp minh viện đa phương,4,rule_based,deterministic-rule-baseline-precomputed,analysis_csv,0.0,word_dropout_30pct_and_swap,ok
vi-zh-2022-test-0230,越南为多边议会联盟合作作出积极和负责任的贡献,Việt Nam đóng góp tích cực và có trách nhiệm vào sự hợp tác của liên minh nghị viện đa phương,Nam đóng cực và nhiệm hợp tác liên đa phương,5,rule_based,deterministic-rule-baseline-precomputed,analysis_csv,0.0,word_dropout_50pct_and_punctuation_remove,ok
vi-zh-2022-test-0231,本着凝聚共识和共同努力的精神，第42届东盟议会联盟大会继续强调和弘扬团结精神、及时行动、积极和携手采取有效的防疫措施以及不断向前发展，为地区各国人民的幸福做出努力。,"Trên tinh thần xây dựng sự đồng thuận và cùng làm việc, Hội đồng AIPA lần thứ 42 tiếp tục nhấn mạnh và phát huy tinh thần đoàn kết, hành động kịp thời, tích cực và chung tay thực hiện các biện pháp phòng chống dịch hiệu quả, không ngừng phát triển để góp phần vào hạnh phúc của người dân trong khu vực. Nỗ lực. Dựa trên nỗ lực chung này, hãy tham gia Hội đồng Liên minh Nghị viện ASEAN 26","Trên tinh thần xây dựng sự đồng thuận và cùng làm việc, Hội đồng AIPA lần thứ 42 tiếp tục nhấn mạnh và phát huy tinh thần đoàn kết, hành động kịp thời, tích cực và chung tay thực hiện các biện pháp phòng chống dịch hiệu quả, không ngừng phát triển để góp phần vào hạnh phúc của người dân trong khu vực. Nỗ lực. Dựa trên nỗ lực chung này, hãy tham gia Hội đồng Liên minh Nghị viện ASEAN 26",0,rule_based,deterministic-rule-baseline-precomputed,analysis_csv,0.0,identity,ok
vi-zh-2022-test-0231,本着凝聚共识和共同努力的精神，第42届东盟议会联盟大会继续强调和弘扬团结精神、及时行动、积极和携手采取有效的防疫措施以及不断向前发展，为地区各国人民的幸福做出努力。,"Trên tinh thần xây dựng sự đồng thuận và cùng làm việc, Hội đồng AIPA lần thứ 42 tiếp tục nhấn mạnh và phát huy tinh thần đoàn kết, hành động kịp thời, tích cực và chung tay thực hiện các biện pháp phòng chống dịch hiệu quả, không ngừng phát triển để góp phần vào hạnh phúc của người dân trong khu vực. Nỗ lực. Dựa trên nỗ lực chung này, hãy tham gia Hội đồng Liên minh Nghị viện ASEAN 26","Tren tinh thần xây dựng sự đồng thuận và cùng làm việc, Hội đồng AIPA lần thứ 42 tiếp tục nhấn mạnh và phát huy tinh thần đoàn kết, hành động kịp thời, tích cực và chung tay thực hiện các biện pháp phòng chống dịch hiệu quả, không ngừng phát triển để góp phần vào hạnh phúc của người dân trong khu vực. Nỗ lực. Dựa trên nỗ lực chung này, hãy tham gia Hội đồng Liên minh Nghị viện ASEAN 26",1,rule_based,deterministic-rule-baseline-precomputed,analysis_csv,0.0,remove_one_tone,ok
vi-zh-2022-test-0231,本着凝聚共识和共同努力的精神，第42届东盟议会联盟大会继续强调和弘扬团结精神、及时行动、积极和携手采取有效的防疫措施以及不断向前发展，为地区各国人民的幸福做出努力。,"Trên tinh thần xây dựng sự đồng thuận và cùng làm việc, Hội đồng AIPA lần thứ 42 tiếp tục nhấn mạnh và phát huy tinh thần đoàn kết, hành động kịp thời, tích cực và chung tay thực hiện các biện pháp phòng chống dịch hiệu quả, không ngừng phát triển để góp phần vào hạnh phúc của người dân trong khu vực. Nỗ lực. Dựa trên nỗ lực chung này, hãy tham gia Hội đồng Liên minh Nghị viện ASEAN 26","Tren tinh than xay dung su đong thuan va cung lam viec, Hoi đong AIPA lan thu 42 tiep tuc nhan manh va phat huy tinh than đoan ket, hanh đong kip thoi, tich cuc va chung tay thuc hien cac phap phong chong dich hieu qua, khong ngung phat trien đe gop phan vao hanh phuc cua nguoi dan trong khu vuc. No luc. Dua tren no luc chung nay, hay tham gia Hoi đong Lien minh Nghi vien ASEAN 26",2,rule_based,deterministic-rule-baseline-precomputed,analysis_csv,0.0,remove_tones_and_drop_one_word,ok
vi-zh-2022-test-0231,本着凝聚共识和共同努力的精神，第42届东盟议会联盟大会继续强调和弘扬团结精神、及时行动、积极和携手采取有效的防疫措施以及不断向前发展，为地区各国人民的幸福做出努力。,"Trên tinh thần xây dựng sự đồng thuận và cùng làm việc, Hội đồng AIPA lần thứ 42 tiếp tục nhấn mạnh và phát huy tinh thần đoàn kết, hành động kịp thời, tích cực và chung tay thực hiện các biện pháp phòng chống dịch hiệu quả, không ngừng phát triển để góp phần vào hạnh phúc của người dân trong khu vực. Nỗ lực. Dựa trên nỗ lực chung này, hãy tham gia Hội đồng Liên minh Nghị viện ASEAN 26","Trên tinh thần xây dựng sự thuận và cùng làm Hội đồng AIPA lần thứ 42 tiếp tục nhấn mạnh và phát huy tinh đoàn kết, hành động kịp thời, tích cực và chung tay thực hiện các pháp phòng chống hiệu quả, không ngừng phát để góp phần vào hạnh dân trong khu vực. Nỗ lực. Dựa trên lực này, hãy tham gia đồng Liên minh Nghị viện ASEAN 26",3,rule_based,deterministic-rule-baseline-precomputed,analysis_csv,0.0,word_dropout_15pct,ok
vi-zh-2022-test-0231,本着凝聚共识和共同努力的精神，第42届东盟议会联盟大会继续强调和弘扬团结精神、及时行动、积极和携手采取有效的防疫措施以及不断向前发展，为地区各国人民的幸福做出努力。,"Trên tinh thần xây dựng sự đồng thuận và cùng làm việc, Hội đồng AIPA lần thứ 42 tiếp tục nhấn mạnh và phát huy tinh thần đoàn kết, hành động kịp thời, tích cực và chung tay thực hiện các biện pháp phòng chống dịch hiệu quả, không ngừng phát triển để góp phần vào hạnh phúc của người dân trong khu vực. Nỗ lực. Dựa trên nỗ lực chung này, hãy tham gia Hội đồng Liên minh Nghị viện ASEAN 26","Trên thần tinh dựng sự đồng thuận và cùng làm việc, Hội đồng thứ tiếp tục mạnh phát huy tinh thần đoàn kết, hành kịp thời, cực và thực hiện biện pháp phòng chống dịch quả, không ngừng triển để phần vào hạnh phúc của dân trong Nỗ Dựa trên nỗ lực này, gia Hội Liên minh 26",4,rule_based,deterministic-rule-baseline-precomputed,analysis_csv,0.0,word_dropout_30pct_and_swap,ok
vi-zh-2022-test-0231,本着凝聚共识和共同努力的精神，第42届东盟议会联盟大会继续强调和弘扬团结精神、及时行动、积极和携手采取有效的防疫措施以及不断向前发展，为地区各国人民的幸福做出努力。,"Trên tinh thần xây dựng sự đồng thuận và cùng làm việc, Hội đồng AIPA lần thứ 42 tiếp tục nhấn mạnh và phát huy tinh thần đoàn kết, hành động kịp thời, tích cực và chung tay thực hiện các biện pháp phòng chống dịch hiệu quả, không ngừng phát triển để góp phần vào hạnh phúc của người dân trong khu vực. Nỗ lực. Dựa trên nỗ lực chung này, hãy tham gia Hội đồng Liên minh Nghị viện ASEAN 26",Trên thần xây sự đồng làm việc đồng 42 nhấn tinh kết động kịp thời cực và tay thực biện pháp chống hiệu quả ngừng để góp hạnh phúc của người dân trong khu vực trên lực hãy tham Hội đồng viện,5,rule_based,deterministic-rule-baseline-precomputed,analysis_csv,0.0,word_dropout_50pct_and_punctuation_remove,ok
vi-zh-2022-test-0232,这个话题受到国际社会的高度关注。,Chủ đề này đã nhận được sự quan tâm lớn của cộng đồng quốc tế.,Chủ đề này đã nhận được sự quan tâm lớn của cộng đồng quốc tế.,0,rule_based,deterministic-rule-baseline-precomputed,analysis_csv,0.0,identity,ok
vi-zh-2022-test-0232,这个话题受到国际社会的高度关注。,Chủ đề này đã nhận được sự quan tâm lớn của cộng đồng quốc tế.,Chu đề này đã nhận được sự quan tâm lớn của cộng đồng quốc tế.,1,rule_based,deterministic-rule-baseline-precomputed,analysis_csv,0.0,remove_one_tone,ok
vi-zh-2022-test-0232,这个话题受到国际社会的高度关注。,Chủ đề này đã nhận được sự quan tâm lớn của cộng đồng quốc tế.,Chu đe nay đa nhan đuoc su tam lon cua cong đong quoc te.,2,rule_based,deterministic-rule-baseline-precomputed,analysis_csv,0.0,remove_tones_and_drop_one_word,ok
vi-zh-2022-test-0232,这个话题受到国际社会的高度关注。,Chủ đề này đã nhận được sự quan tâm lớn của cộng đồng quốc tế.,Chủ đề này đã nhận được sự quan của cộng đồng quốc tế.,3,rule_based,deterministic-rule-baseline-precomputed,analysis_csv,0.0,word_dropout_15pct,ok
vi-zh-2022-test-0232,这个话题受到国际社会的高度关注。,Chủ đề này đã nhận được sự quan tâm lớn của cộng đồng quốc tế.,Chủ đã đề nhận được quan lớn đồng quốc tế.,4,rule_based,deterministic-rule-baseline-precomputed,analysis_csv,0.0,word_dropout_30pct_and_swap,ok
vi-zh-2022-test-0232,这个话题受到国际社会的高度关注。,Chủ đề này đã nhận được sự quan tâm lớn của cộng đồng quốc tế.,Chủ này được sự quan lớn đồng quốc,5,rule_based,deterministic-rule-baseline-precomputed,analysis_csv,0.0,word_dropout_50pct_and_punctuation_remove,ok
vi-zh-2022-test-0233,越南在会上提出的观点和立场不仅反映了联合国安理会大多数成员国和组织领导人的共同想法，而且还得到了国际舆论和媒体的高度评价。,"Quan điểm và lập trường của Việt Nam tại cuộc họp không chỉ phản ánh ý kiến ​​chung của hầu hết các quốc gia thành viên Hội đồng Bảo an Liên hợp quốc và lãnh đạo các tổ chức, mà còn nhận được sự đánh giá cao của dư luận quốc tế và giới truyền thông.","Quan điểm và lập trường của Việt Nam tại cuộc họp không chỉ phản ánh ý kiến ​​chung của hầu hết các quốc gia thành viên Hội đồng Bảo an Liên hợp quốc và lãnh đạo các tổ chức, mà còn nhận được sự đánh giá cao của dư luận quốc tế và giới truyền thông.",0,rule_based,deterministic-rule-baseline-precomputed,analysis_csv,0.0,identity,ok
vi-zh-2022-test-0233,越南在会上提出的观点和立场不仅反映了联合国安理会大多数成员国和组织领导人的共同想法，而且还得到了国际舆论和媒体的高度评价。,"Quan điểm và lập trường của Việt Nam tại cuộc họp không chỉ phản ánh ý kiến ​​chung của hầu hết các quốc gia thành viên Hội đồng Bảo an Liên hợp quốc và lãnh đạo các tổ chức, mà còn nhận được sự đánh giá cao của dư luận quốc tế và giới truyền thông.","Quan điem và lập trường của Việt Nam tại cuộc họp không chỉ phản ánh ý kiến ​​chung của hầu hết các quốc gia thành viên Hội đồng Bảo an Liên hợp quốc và lãnh đạo các tổ chức, mà còn nhận được sự đánh giá cao của dư luận quốc tế và giới truyền thông.",1,rule_based,deterministic-rule-baseline-precomputed,analysis_csv,0.0,remove_one_tone,ok
vi-zh-2022-test-0233,越南在会上提出的观点和立场不仅反映了联合国安理会大多数成员国和组织领导人的共同想法，而且还得到了国际舆论和媒体的高度评价。,"Quan điểm và lập trường của Việt Nam tại cuộc họp không chỉ phản ánh ý kiến ​​chung của hầu hết các quốc gia thành viên Hội đồng Bảo an Liên hợp quốc và lãnh đạo các tổ chức, mà còn nhận được sự đánh giá cao của dư luận quốc tế và giới truyền thông.","Quan điem va lap truong cua Viet Nam tai cuoc hop khong chi phan anh y kien ​​chung cua hau het cac quoc gia thanh vien Hoi đong an Lien hop quoc va lanh đao cac to chuc, ma con nhan đuoc su đanh gia cao cua du luan quoc te va gioi truyen thong.",2,rule_based,deterministic-rule-baseline-precomputed,analysis_csv,0.0,remove_tones_and_drop_one_word,ok
vi-zh-2022-test-0233,越南在会上提出的观点和立场不仅反映了联合国安理会大多数成员国和组织领导人的共同想法，而且还得到了国际舆论和媒体的高度评价。,"Quan điểm và lập trường của Việt Nam tại cuộc họp không chỉ phản ánh ý kiến ​​chung của hầu hết các quốc gia thành viên Hội đồng Bảo an Liên hợp quốc và lãnh đạo các tổ chức, mà còn nhận được sự đánh giá cao của dư luận quốc tế và giới truyền thông.","Quan điểm và lập của Việt tại không phản ánh ý kiến ​​chung của hết các quốc gia thành viên Hội đồng Bảo an Liên hợp quốc và lãnh đạo các tổ chức, mà còn nhận được sự đánh giá cao của luận quốc tế và giới thông.",3,rule_based,deterministic-rule-baseline-precomputed,analysis_csv,0.0,word_dropout_15pct,ok
vi-zh-2022-test-0233,越南在会上提出的观点和立场不仅反映了联合国安理会大多数成员国和组织领导人的共同想法，而且还得到了国际舆论和媒体的高度评价。,"Quan điểm và lập trường của Việt Nam tại cuộc họp không chỉ phản ánh ý kiến ​​chung của hầu hết các quốc gia thành viên Hội đồng Bảo an Liên hợp quốc và lãnh đạo các tổ chức, mà còn nhận được sự đánh giá cao của dư luận quốc tế và giới truyền thông.","Quan lập điểm của Việt tại cuộc họp không phản ánh kiến ​​chung của hầu hết các quốc viên Hội đồng an Liên hợp và các chức, còn được sự đánh giá của luận quốc tế và giới truyền",4,rule_based,deterministic-rule-baseline-precomputed,analysis_csv,0.0,word_dropout_30pct_and_swap,ok
vi-zh-2022-test-0233,越南在会上提出的观点和立场不仅反映了联合国安理会大多数成员国和组织领导人的共同想法，而且还得到了国际舆论和媒体的高度评价。,"Quan điểm và lập trường của Việt Nam tại cuộc họp không chỉ phản ánh ý kiến ​​chung của hầu hết các quốc gia thành viên Hội đồng Bảo an Liên hợp quốc và lãnh đạo các tổ chức, mà còn nhận được sự đánh giá cao của dư luận quốc tế và giới truyền thông.",điểm và của tại cuộc ánh ý kiến hầu các quốc gia thành Bảo an Liên hợp quốc và đạo chức còn nhận của quốc và giới truyền,5,rule_based,deterministic-rule-baseline-precomputed,analysis_csv,0.0,word_dropout_50pct_and_punctuation_remove,ok
vi-zh-2022-test-0234,第二，在由联合国协调的区域海上安全机制和倡议体系的基础上制定全球解决方案，以加强信息和经验交流，及时应对全球的共同挑战。,"Thứ hai, cần có giải pháp toàn cầu dựa trên hệ thống các cơ chế, sáng kiến về an ninh biển khu vực do Liên hợp quốc điều phối để tăng cường chia sẻ thông tin, kinh nghiệm, phối hợp hành động, kịp thời ứng phó với các thách thức chung trên toàn cầu.","Thứ hai, cần có giải pháp toàn cầu dựa trên hệ thống các cơ chế, sáng kiến về an ninh biển khu vực do Liên hợp quốc điều phối để tăng cường chia sẻ thông tin, kinh nghiệm, phối hợp hành động, kịp thời ứng phó với các thách thức chung trên toàn cầu.",0,rule_based,deterministic-rule-baseline-precomputed,analysis_csv,0.0,identity,ok
vi-zh-2022-test-0234,第二，在由联合国协调的区域海上安全机制和倡议体系的基础上制定全球解决方案，以加强信息和经验交流，及时应对全球的共同挑战。,"Thứ hai, cần có giải pháp toàn cầu dựa trên hệ thống các cơ chế, sáng kiến về an ninh biển khu vực do Liên hợp quốc điều phối để tăng cường chia sẻ thông tin, kinh nghiệm, phối hợp hành động, kịp thời ứng phó với các thách thức chung trên toàn cầu.","Thu hai, cần có giải pháp toàn cầu dựa trên hệ thống các cơ chế, sáng kiến về an ninh biển khu vực do Liên hợp quốc điều phối để tăng cường chia sẻ thông tin, kinh nghiệm, phối hợp hành động, kịp thời ứng phó với các thách thức chung trên toàn cầu.",1,rule_based,deterministic-rule-baseline-precomputed,analysis_csv,0.0,remove_one_tone,ok
vi-zh-2022-test-0234,第二，在由联合国协调的区域海上安全机制和倡议体系的基础上制定全球解决方案，以加强信息和经验交流，及时应对全球的共同挑战。,"Thứ hai, cần có giải pháp toàn cầu dựa trên hệ thống các cơ chế, sáng kiến về an ninh biển khu vực do Liên hợp quốc điều phối để tăng cường chia sẻ thông tin, kinh nghiệm, phối hợp hành động, kịp thời ứng phó với các thách thức chung trên toàn cầu.","Thu hai, can co giai phap toan cau dua tren he thong cac co che, sang kien ve an ninh bien khu vuc do Lien hop quoc phoi đe tang cuong chia se thong tin, kinh nghiem, phoi hop hanh đong, kip thoi ung pho voi cac thach thuc chung tren toan cau.",2,rule_based,deterministic-rule-baseline-precomputed,analysis_csv,0.0,remove_tones_and_drop_one_word,ok
vi-zh-2022-test-0234,第二，在由联合国协调的区域海上安全机制和倡议体系的基础上制定全球解决方案，以加强信息和经验交流，及时应对全球的共同挑战。,"Thứ hai, cần có giải pháp toàn cầu dựa trên hệ thống các cơ chế, sáng kiến về an ninh biển khu vực do Liên hợp quốc điều phối để tăng cường chia sẻ thông tin, kinh nghiệm, phối hợp hành động, kịp thời ứng phó với các thách thức chung trên toàn cầu.","Thứ hai, có pháp toàn dựa trên hệ thống các cơ chế, sáng kiến về an ninh biển khu vực do Liên hợp quốc điều phối để tăng cường sẻ thông kinh phối hợp hành động, kịp thời ứng phó các thách thức chung trên toàn",3,rule_based,deterministic-rule-baseline-precomputed,analysis_csv,0.0,word_dropout_15pct,ok
vi-zh-2022-test-0234,第二，在由联合国协调的区域海上安全机制和倡议体系的基础上制定全球解决方案，以加强信息和经验交流，及时应对全球的共同挑战。,"Thứ hai, cần có giải pháp toàn cầu dựa trên hệ thống các cơ chế, sáng kiến về an ninh biển khu vực do Liên hợp quốc điều phối để tăng cường chia sẻ thông tin, kinh nghiệm, phối hợp hành động, kịp thời ứng phó với các thách thức chung trên toàn cầu.","Thứ cần hai, có giải pháp dựa trên hệ thống các chế, sáng kiến về ninh khu vực do Liên phối để tăng cường chia sẻ tin, nghiệm, phối hành động, kịp thời phó các trên toàn cầu.",4,rule_based,deterministic-rule-baseline-precomputed,analysis_csv,0.0,word_dropout_30pct_and_swap,ok
vi-zh-2022-test-0234,第二，在由联合国协调的区域海上安全机制和倡议体系的基础上制定全球解决方案，以加强信息和经验交流，及时应对全球的共同挑战。,"Thứ hai, cần có giải pháp toàn cầu dựa trên hệ thống các cơ chế, sáng kiến về an ninh biển khu vực do Liên hợp quốc điều phối để tăng cường chia sẻ thông tin, kinh nghiệm, phối hợp hành động, kịp thời ứng phó với các thách thức chung trên toàn cầu.",hai cần có giải toàn cầu dựa trên hệ cơ sáng kiến về ninh quốc điều phối để chia sẻ thông tin hợp thời thức trên cầu,5,rule_based,deterministic-rule-baseline-precomputed,analysis_csv,0.0,word_dropout_50pct_and_punctuation_remove,ok
vi-zh-2022-test-0235,世界高度评价越南对海上安全的观点,Thế giới đánh giá cao quan điểm của Việt Nam về an toàn hàng hải,Thế giới đánh giá cao quan điểm của Việt Nam về an toàn hàng hải,0,rule_based,deterministic-rule-baseline-precomputed,analysis_csv,0.0,identity,ok
vi-zh-2022-test-0235,世界高度评价越南对海上安全的观点,Thế giới đánh giá cao quan điểm của Việt Nam về an toàn hàng hải,The giới đánh giá cao quan điểm của Việt Nam về an toàn hàng hải,1,rule_based,deterministic-rule-baseline-precomputed,analysis_csv,0.0,remove_one_tone,ok
vi-zh-2022-test-0235,世界高度评价越南对海上安全的观点,Thế giới đánh giá cao quan điểm của Việt Nam về an toàn hàng hải,The gioi đanh gia cao quan điem Viet Nam ve an toan hang hai,2,rule_based,deterministic-rule-baseline-precomputed,analysis_csv,0.0,remove_tones_and_drop_one_word,ok
vi-zh-2022-test-0235,世界高度评价越南对海上安全的观点,Thế giới đánh giá cao quan điểm của Việt Nam về an toàn hàng hải,Thế giới đánh giá cao quan của Việt Nam về an hàng hải,3,rule_based,deterministic-rule-baseline-precomputed,analysis_csv,0.0,word_dropout_15pct,ok
vi-zh-2022-test-0235,世界高度评价越南对海上安全的观点,Thế giới đánh giá cao quan điểm của Việt Nam về an toàn hàng hải,Thế giá giới cao điểm của Việt về hàng hải,4,rule_based,deterministic-rule-baseline-precomputed,analysis_csv,0.0,word_dropout_30pct_and_swap,ok
vi-zh-2022-test-0235,世界高度评价越南对海上安全的观点,Thế giới đánh giá cao quan điểm của Việt Nam về an toàn hàng hải,Thế đánh quan điểm của về toàn hải,5,rule_based,deterministic-rule-baseline-precomputed,analysis_csv,0.0,word_dropout_50pct_and_punctuation_remove,ok
vi-zh-2022-test-0236,越南政府总理范明政出席联合国安理会就加强海上安全问题举行的首次高级别讨论会并发表演讲强调包括1982年《联合国海洋法公约》在内的国际法,"Thủ tướng Chính phủ Việt Nam Phạm Minh Chính đã tham dự hội thảo cấp cao đầu tiên do Hội đồng Bảo an Liên hợp quốc tổ chức về vấn đề tăng cường an ninh hàng hải và có bài phát biểu nhấn mạnh luật pháp quốc tế, trong đó có Công ước Liên hợp quốc về Luật Biển năm 1982.","Thủ tướng Chính phủ Việt Nam Phạm Minh Chính đã tham dự hội thảo cấp cao đầu tiên do Hội đồng Bảo an Liên hợp quốc tổ chức về vấn đề tăng cường an ninh hàng hải và có bài phát biểu nhấn mạnh luật pháp quốc tế, trong đó có Công ước Liên hợp quốc về Luật Biển năm 1982.",0,rule_based,deterministic-rule-baseline-precomputed,analysis_csv,0.0,identity,ok
vi-zh-2022-test-0236,越南政府总理范明政出席联合国安理会就加强海上安全问题举行的首次高级别讨论会并发表演讲强调包括1982年《联合国海洋法公约》在内的国际法,"Thủ tướng Chính phủ Việt Nam Phạm Minh Chính đã tham dự hội thảo cấp cao đầu tiên do Hội đồng Bảo an Liên hợp quốc tổ chức về vấn đề tăng cường an ninh hàng hải và có bài phát biểu nhấn mạnh luật pháp quốc tế, trong đó có Công ước Liên hợp quốc về Luật Biển năm 1982.","Thu tướng Chính phủ Việt Nam Phạm Minh Chính đã tham dự hội thảo cấp cao đầu tiên do Hội đồng Bảo an Liên hợp quốc tổ chức về vấn đề tăng cường an ninh hàng hải và có bài phát biểu nhấn mạnh luật pháp quốc tế, trong đó có Công ước Liên hợp quốc về Luật Biển năm 1982.",1,rule_based,deterministic-rule-baseline-precomputed,analysis_csv,0.0,remove_one_tone,ok
vi-zh-2022-test-0236,越南政府总理范明政出席联合国安理会就加强海上安全问题举行的首次高级别讨论会并发表演讲强调包括1982年《联合国海洋法公约》在内的国际法,"Thủ tướng Chính phủ Việt Nam Phạm Minh Chính đã tham dự hội thảo cấp cao đầu tiên do Hội đồng Bảo an Liên hợp quốc tổ chức về vấn đề tăng cường an ninh hàng hải và có bài phát biểu nhấn mạnh luật pháp quốc tế, trong đó có Công ước Liên hợp quốc về Luật Biển năm 1982.","Thu tuong Chinh phu Viet Nam Pham Minh Chinh đa tham du hoi thao cap cao đau tien do Hoi đong Bao an Lien hop quoc to chuc ve van tang cuong an ninh hang hai va co bai phat bieu nhan manh luat phap quoc te, trong đo co Cong uoc Lien hop quoc ve Luat Bien nam 1982.",2,rule_based,deterministic-rule-baseline-precomputed,analysis_csv,0.0,remove_tones_and_drop_one_word,ok
vi-zh-2022-test-0236,越南政府总理范明政出席联合国安理会就加强海上安全问题举行的首次高级别讨论会并发表演讲强调包括1982年《联合国海洋法公约》在内的国际法,"Thủ tướng Chính phủ Việt Nam Phạm Minh Chính đã tham dự hội thảo cấp cao đầu tiên do Hội đồng Bảo an Liên hợp quốc tổ chức về vấn đề tăng cường an ninh hàng hải và có bài phát biểu nhấn mạnh luật pháp quốc tế, trong đó có Công ước Liên hợp quốc về Luật Biển năm 1982.","Thủ tướng Chính phủ Việt Nam Phạm Minh Chính đã tham dự hội thảo cấp cao đầu tiên Hội Bảo hợp quốc tổ chức về vấn cường an hàng hải có bài phát biểu nhấn mạnh luật pháp quốc tế, trong đó có Công ước Liên hợp về Luật Biển năm 1982.",3,rule_based,deterministic-rule-baseline-precomputed,analysis_csv,0.0,word_dropout_15pct,ok
vi-zh-2022-test-0236,越南政府总理范明政出席联合国安理会就加强海上安全问题举行的首次高级别讨论会并发表演讲强调包括1982年《联合国海洋法公约》在内的国际法,"Thủ tướng Chính phủ Việt Nam Phạm Minh Chính đã tham dự hội thảo cấp cao đầu tiên do Hội đồng Bảo an Liên hợp quốc tổ chức về vấn đề tăng cường an ninh hàng hải và có bài phát biểu nhấn mạnh luật pháp quốc tế, trong đó có Công ước Liên hợp quốc về Luật Biển năm 1982.","Chính Nam phủ Minh Chính đã tham hội thảo cấp cao do đồng Bảo an Liên hợp về đề tăng cường an hải có bài phát biểu nhấn mạnh pháp quốc tế, trong có Công ước Liên hợp quốc Luật Biển năm 1982.",4,rule_based,deterministic-rule-baseline-precomputed,analysis_csv,0.0,word_dropout_30pct_and_swap,ok
vi-zh-2022-test-0236,越南政府总理范明政出席联合国安理会就加强海上安全问题举行的首次高级别讨论会并发表演讲强调包括1982年《联合国海洋法公约》在内的国际法,"Thủ tướng Chính phủ Việt Nam Phạm Minh Chính đã tham dự hội thảo cấp cao đầu tiên do Hội đồng Bảo an Liên hợp quốc tổ chức về vấn đề tăng cường an ninh hàng hải và có bài phát biểu nhấn mạnh luật pháp quốc tế, trong đó có Công ước Liên hợp quốc về Luật Biển năm 1982.",Thủ tướng Chính đã dự hội cấp đầu Hội Liên hợp tổ chức vấn đề tăng cường an hàng hải có phát mạnh luật quốc tế đó hợp quốc 1982,5,rule_based,deterministic-rule-baseline-precomputed,analysis_csv,0.0,word_dropout_50pct_and_punctuation_remove,ok
vi-zh-2022-test-0237,他认为，建立协调机制，鼓励各国遵守1982年《联合国海洋法公约》确立的重要航行权利极为必要。,"Ông tin rằng việc thiết lập một cơ chế phối hợp để khuyến khích các quốc gia tuân thủ các quyền hàng hải quan trọng được thiết lập bởi ""Công ước Liên hợp quốc về Luật Biển năm 1982 là vô cùng cần thiết"".","Ông tin rằng việc thiết lập một cơ chế phối hợp để khuyến khích các quốc gia tuân thủ các quyền hàng hải quan trọng được thiết lập bởi ""Công ước Liên hợp quốc về Luật Biển năm 1982 là vô cùng cần thiết"".",0,rule_based,deterministic-rule-baseline-precomputed,analysis_csv,0.0,identity,ok
vi-zh-2022-test-0237,他认为，建立协调机制，鼓励各国遵守1982年《联合国海洋法公约》确立的重要航行权利极为必要。,"Ông tin rằng việc thiết lập một cơ chế phối hợp để khuyến khích các quốc gia tuân thủ các quyền hàng hải quan trọng được thiết lập bởi ""Công ước Liên hợp quốc về Luật Biển năm 1982 là vô cùng cần thiết"".","Ong tin rằng việc thiết lập một cơ chế phối hợp để khuyến khích các quốc gia tuân thủ các quyền hàng hải quan trọng được thiết lập bởi ""Công ước Liên hợp quốc về Luật Biển năm 1982 là vô cùng cần thiết"".",1,rule_based,deterministic-rule-baseline-precomputed,analysis_csv,0.0,remove_one_tone,ok
vi-zh-2022-test-0237,他认为，建立协调机制，鼓励各国遵守1982年《联合国海洋法公约》确立的重要航行权利极为必要。,"Ông tin rằng việc thiết lập một cơ chế phối hợp để khuyến khích các quốc gia tuân thủ các quyền hàng hải quan trọng được thiết lập bởi ""Công ước Liên hợp quốc về Luật Biển năm 1982 là vô cùng cần thiết"".","Ong tin rang viec thiet lap mot co che phoi hop đe khuyen khich cac quoc gia tuan thu cac quyen hang quan trong đuoc thiet lap boi ""Cong uoc Lien hop quoc ve Luat Bien nam 1982 la vo cung can thiet"".",2,rule_based,deterministic-rule-baseline-precomputed,analysis_csv,0.0,remove_tones_and_drop_one_word,ok
vi-zh-2022-test-0237,他认为，建立协调机制，鼓励各国遵守1982年《联合国海洋法公约》确立的重要航行权利极为必要。,"Ông tin rằng việc thiết lập một cơ chế phối hợp để khuyến khích các quốc gia tuân thủ các quyền hàng hải quan trọng được thiết lập bởi ""Công ước Liên hợp quốc về Luật Biển năm 1982 là vô cùng cần thiết"".","rằng việc thiết lập một cơ phối hợp để khuyến khích các quốc tuân thủ các quyền hàng hải quan trọng được thiết lập bởi ""Công ước hợp quốc về Luật Biển năm 1982 là cùng cần",3,rule_based,deterministic-rule-baseline-precomputed,analysis_csv,0.0,word_dropout_15pct,ok
vi-zh-2022-test-0237,他认为，建立协调机制，鼓励各国遵守1982年《联合国海洋法公约》确立的重要航行权利极为必要。,"Ông tin rằng việc thiết lập một cơ chế phối hợp để khuyến khích các quốc gia tuân thủ các quyền hàng hải quan trọng được thiết lập bởi ""Công ước Liên hợp quốc về Luật Biển năm 1982 là vô cùng cần thiết"".","Ông rằng tin việc thiết một cơ chế phối để khuyến khích các quốc gia tuân hàng hải trọng thiết lập bởi ""Công ước Liên hợp quốc về Luật là vô",4,rule_based,deterministic-rule-baseline-precomputed,analysis_csv,0.0,word_dropout_30pct_and_swap,ok
vi-zh-2022-test-0237,他认为，建立协调机制，鼓励各国遵守1982年《联合国海洋法公约》确立的重要航行权利极为必要。,"Ông tin rằng việc thiết lập một cơ chế phối hợp để khuyến khích các quốc gia tuân thủ các quyền hàng hải quan trọng được thiết lập bởi ""Công ước Liên hợp quốc về Luật Biển năm 1982 là vô cùng cần thiết"".","tin rằng thiết một cơ chế phối hợp để tuân các quyền hàng quan trọng thiết ""Công ước hợp năm 1982 vô",5,rule_based,deterministic-rule-baseline-precomputed,analysis_csv,0.0,word_dropout_50pct_and_punctuation_remove,ok
vi-zh-2022-test-0238,8月12日，俄罗斯权威新闻网Infox.ru发表了欧亚研究基金专家理事会主席格里沃里（GrigoryTrofimchuk）题为《实现海上和平的三个步骤》的文章。,"Vào ngày 12 tháng 8, mạng tin tức có thẩm quyền của Nga Infox.ru đã đăng một bài báo có tựa đề ""Ba bước để đạt được hòa bình trên biển"" của Grigory Trofimchuk, Chủ tịch Hội đồng chuyên gia của Quỹ nghiên cứu Á-Âu.","Vào ngày 12 tháng 8, mạng tin tức có thẩm quyền của Nga Infox.ru đã đăng một bài báo có tựa đề ""Ba bước để đạt được hòa bình trên biển"" của Grigory Trofimchuk, Chủ tịch Hội đồng chuyên gia của Quỹ nghiên cứu Á-Âu.",0,rule_based,deterministic-rule-baseline-precomputed,analysis_csv,0.0,identity,ok
vi-zh-2022-test-0238,8月12日，俄罗斯权威新闻网Infox.ru发表了欧亚研究基金专家理事会主席格里沃里（GrigoryTrofimchuk）题为《实现海上和平的三个步骤》的文章。,"Vào ngày 12 tháng 8, mạng tin tức có thẩm quyền của Nga Infox.ru đã đăng một bài báo có tựa đề ""Ba bước để đạt được hòa bình trên biển"" của Grigory Trofimchuk, Chủ tịch Hội đồng chuyên gia của Quỹ nghiên cứu Á-Âu.","Vao ngày 12 tháng 8, mạng tin tức có thẩm quyền của Nga Infox.ru đã đăng một bài báo có tựa đề ""Ba bước để đạt được hòa bình trên biển"" của Grigory Trofimchuk, Chủ tịch Hội đồng chuyên gia của Quỹ nghiên cứu Á-Âu.",1,rule_based,deterministic-rule-baseline-precomputed,analysis_csv,0.0,remove_one_tone,ok
vi-zh-2022-test-0238,8月12日，俄罗斯权威新闻网Infox.ru发表了欧亚研究基金专家理事会主席格里沃里（GrigoryTrofimchuk）题为《实现海上和平的三个步骤》的文章。,"Vào ngày 12 tháng 8, mạng tin tức có thẩm quyền của Nga Infox.ru đã đăng một bài báo có tựa đề ""Ba bước để đạt được hòa bình trên biển"" của Grigory Trofimchuk, Chủ tịch Hội đồng chuyên gia của Quỹ nghiên cứu Á-Âu.","Vao ngay 12 thang 8, mang tin tuc co tham quyen cua Nga Infox.ru đa đang mot bai bao co tua đe buoc đe đat đuoc hoa binh tren bien"" cua Grigory Trofimchuk, Chu tich Hoi đong chuyen gia cua Quy nghien cuu A-Au.",2,rule_based,deterministic-rule-baseline-precomputed,analysis_csv,0.0,remove_tones_and_drop_one_word,ok
vi-zh-2022-test-0238,8月12日，俄罗斯权威新闻网Infox.ru发表了欧亚研究基金专家理事会主席格里沃里（GrigoryTrofimchuk）题为《实现海上和平的三个步骤》的文章。,"Vào ngày 12 tháng 8, mạng tin tức có thẩm quyền của Nga Infox.ru đã đăng một bài báo có tựa đề ""Ba bước để đạt được hòa bình trên biển"" của Grigory Trofimchuk, Chủ tịch Hội đồng chuyên gia của Quỹ nghiên cứu Á-Âu.","Vào ngày 12 tháng 8, mạng tin tức có thẩm của Nga Infox.ru đã đăng một bài báo có đề ""Ba để đạt được hòa bình trên biển"" của Grigory Trofimchuk, Chủ tịch Hội chuyên của Quỹ Á-Âu.",3,rule_based,deterministic-rule-baseline-precomputed,analysis_csv,0.0,word_dropout_15pct,ok
vi-zh-2022-test-0238,8月12日，俄罗斯权威新闻网Infox.ru发表了欧亚研究基金专家理事会主席格里沃里（GrigoryTrofimchuk）题为《实现海上和平的三个步骤》的文章。,"Vào ngày 12 tháng 8, mạng tin tức có thẩm quyền của Nga Infox.ru đã đăng một bài báo có tựa đề ""Ba bước để đạt được hòa bình trên biển"" của Grigory Trofimchuk, Chủ tịch Hội đồng chuyên gia của Quỹ nghiên cứu Á-Âu.","Vào 12 ngày 8, mạng tin tức có thẩm quyền của Nga đã một bài có tựa đề ""Ba bước để được trên biển"" của Grigory Trofimchuk, đồng gia của Quỹ",4,rule_based,deterministic-rule-baseline-precomputed,analysis_csv,0.0,word_dropout_30pct_and_swap,ok
vi-zh-2022-test-0238,8月12日，俄罗斯权威新闻网Infox.ru发表了欧亚研究基金专家理事会主席格里沃里（GrigoryTrofimchuk）题为《实现海上和平的三个步骤》的文章。,"Vào ngày 12 tháng 8, mạng tin tức có thẩm quyền của Nga Infox.ru đã đăng một bài báo có tựa đề ""Ba bước để đạt được hòa bình trên biển"" của Grigory Trofimchuk, Chủ tịch Hội đồng chuyên gia của Quỹ nghiên cứu Á-Âu.","tháng 8 mạng có Nga một báo tựa ""Ba bước để đạt được bình trên biển"" Hội đồng chuyên gia Quỹ Á-Âu",5,rule_based,deterministic-rule-baseline-precomputed,analysis_csv,0.0,word_dropout_50pct_and_punctuation_remove,ok
vi-zh-2022-test-0239,海上安全是全球性问题,An ninh biển là vấn đề toàn cầu,An ninh biển là vấn đề toàn cầu,0,rule_based,deterministic-rule-baseline-precomputed,analysis_csv,0.0,identity,ok
vi-zh-2022-test-0239,海上安全是全球性问题,An ninh biển là vấn đề toàn cầu,An ninh bien là vấn đề toàn cầu,1,rule_based,deterministic-rule-baseline-precomputed,analysis_csv,0.0,remove_one_tone,ok
vi-zh-2022-test-0239,海上安全是全球性问题,An ninh biển là vấn đề toàn cầu,An ninh bien la đe toan cau,2,rule_based,deterministic-rule-baseline-precomputed,analysis_csv,0.0,remove_tones_and_drop_one_word,ok
vi-zh-2022-test-0239,海上安全是全球性问题,An ninh biển là vấn đề toàn cầu,An ninh biển vấn đề toàn cầu,3,rule_based,deterministic-rule-baseline-precomputed,analysis_csv,0.0,word_dropout_15pct,ok
vi-zh-2022-test-0239,海上安全是全球性问题,An ninh biển là vấn đề toàn cầu,An vấn là đề toàn cầu,4,rule_based,deterministic-rule-baseline-precomputed,analysis_csv,0.0,word_dropout_30pct_and_swap,ok
vi-zh-2022-test-0239,海上安全是全球性问题,An ninh biển là vấn đề toàn cầu,An biển toàn cầu,5,rule_based,deterministic-rule-baseline-precomputed,analysis_csv,0.0,word_dropout_50pct_and_punctuation_remove,ok
vi-zh-2022-test-0240,这种关注具有客观性、因为世界各个海域发生的对传统和非传统安全构成威胁的冲突与日俱增，而世界各国仍未找到有效的解决办法。,"Mối lo ngại này là khách quan, bởi vì những xung đột đe dọa an ninh truyền thống và phi truyền thống ở nhiều vùng biển khác nhau trên thế giới đang gia tăng từng ngày mà các nước trên thế giới vẫn chưa tìm ra giải pháp hữu hiệu.","Mối lo ngại này là khách quan, bởi vì những xung đột đe dọa an ninh truyền thống và phi truyền thống ở nhiều vùng biển khác nhau trên thế giới đang gia tăng từng ngày mà các nước trên thế giới vẫn chưa tìm ra giải pháp hữu hiệu.",0,rule_based,deterministic-rule-baseline-precomputed,analysis_csv,0.0,identity,ok
vi-zh-2022-test-0240,这种关注具有客观性、因为世界各个海域发生的对传统和非传统安全构成威胁的冲突与日俱增，而世界各国仍未找到有效的解决办法。,"Mối lo ngại này là khách quan, bởi vì những xung đột đe dọa an ninh truyền thống và phi truyền thống ở nhiều vùng biển khác nhau trên thế giới đang gia tăng từng ngày mà các nước trên thế giới vẫn chưa tìm ra giải pháp hữu hiệu.","Moi lo ngại này là khách quan, bởi vì những xung đột đe dọa an ninh truyền thống và phi truyền thống ở nhiều vùng biển khác nhau trên thế giới đang gia tăng từng ngày mà các nước trên thế giới vẫn chưa tìm ra giải pháp hữu hiệu.",1,rule_based,deterministic-rule-baseline-precomputed,analysis_csv,0.0,remove_one_tone,ok
vi-zh-2022-test-0240,这种关注具有客观性、因为世界各个海域发生的对传统和非传统安全构成威胁的冲突与日俱增，而世界各国仍未找到有效的解决办法。,"Mối lo ngại này là khách quan, bởi vì những xung đột đe dọa an ninh truyền thống và phi truyền thống ở nhiều vùng biển khác nhau trên thế giới đang gia tăng từng ngày mà các nước trên thế giới vẫn chưa tìm ra giải pháp hữu hiệu.","Moi lo ngai nay la khach quan, boi vi nhung xung đot đe doa an ninh truyen thong va phi truyen thong o nhieu vung khac nhau tren the gioi đang gia tang tung ngay ma cac nuoc tren the gioi van chua tim ra giai phap huu hieu.",2,rule_based,deterministic-rule-baseline-precomputed,analysis_csv,0.0,remove_tones_and_drop_one_word,ok
vi-zh-2022-test-0240,这种关注具有客观性、因为世界各个海域发生的对传统和非传统安全构成威胁的冲突与日俱增，而世界各国仍未找到有效的解决办法。,"Mối lo ngại này là khách quan, bởi vì những xung đột đe dọa an ninh truyền thống và phi truyền thống ở nhiều vùng biển khác nhau trên thế giới đang gia tăng từng ngày mà các nước trên thế giới vẫn chưa tìm ra giải pháp hữu hiệu.","Mối lo này khách quan, bởi vì những xung đột dọa an ninh truyền thống và phi ở nhiều vùng biển trên thế giới đang gia tăng từng ngày mà các nước trên thế giới chưa tìm ra giải pháp hữu hiệu.",3,rule_based,deterministic-rule-baseline-precomputed,analysis_csv,0.0,word_dropout_15pct,ok
vi-zh-2022-test-0240,这种关注具有客观性、因为世界各个海域发生的对传统和非传统安全构成威胁的冲突与日俱增，而世界各国仍未找到有效的解决办法。,"Mối lo ngại này là khách quan, bởi vì những xung đột đe dọa an ninh truyền thống và phi truyền thống ở nhiều vùng biển khác nhau trên thế giới đang gia tăng từng ngày mà các nước trên thế giới vẫn chưa tìm ra giải pháp hữu hiệu.",Mối này ngại là khách bởi vì những dọa ninh thống và phi truyền ở nhiều vùng biển khác nhau thế giới đang gia từng ngày mà nước thế giới chưa tìm ra pháp hữu,4,rule_based,deterministic-rule-baseline-precomputed,analysis_csv,0.0,word_dropout_30pct_and_swap,ok
vi-zh-2022-test-0240,这种关注具有客观性、因为世界各个海域发生的对传统和非传统安全构成威胁的冲突与日俱增，而世界各国仍未找到有效的解决办法。,"Mối lo ngại này là khách quan, bởi vì những xung đột đe dọa an ninh truyền thống và phi truyền thống ở nhiều vùng biển khác nhau trên thế giới đang gia tăng từng ngày mà các nước trên thế giới vẫn chưa tìm ra giải pháp hữu hiệu.",lo ngại quan bởi những xung đột an truyền thống và phi truyền thống ở vùng biển khác gia tăng ngày mà trên tìm hữu,5,rule_based,deterministic-rule-baseline-precomputed,analysis_csv,0.0,word_dropout_50pct_and_punctuation_remove,ok
vi-zh-2022-test-0241,越共中央理论委员会高级专家黄志宝教授、博士说：“1945年八月革命是民族大团结的典型例子。,"Giáo sư Hoàng Chí Bảo, chuyên gia cao cấp của Ban Chấp hành Trung ương Đảng Cộng sản Việt Nam cho rằng: “Cách mạng Tháng Tám năm 1945 là một điển hình về đoàn kết dân tộc.","Giáo sư Hoàng Chí Bảo, chuyên gia cao cấp của Ban Chấp hành Trung ương Đảng Cộng sản Việt Nam cho rằng: “Cách mạng Tháng Tám năm 1945 là một điển hình về đoàn kết dân tộc.",0,rule_based,deterministic-rule-baseline-precomputed,analysis_csv,0.0,identity,ok
vi-zh-2022-test-0241,越共中央理论委员会高级专家黄志宝教授、博士说：“1945年八月革命是民族大团结的典型例子。,"Giáo sư Hoàng Chí Bảo, chuyên gia cao cấp của Ban Chấp hành Trung ương Đảng Cộng sản Việt Nam cho rằng: “Cách mạng Tháng Tám năm 1945 là một điển hình về đoàn kết dân tộc.","Giao sư Hoàng Chí Bảo, chuyên gia cao cấp của Ban Chấp hành Trung ương Đảng Cộng sản Việt Nam cho rằng: “Cách mạng Tháng Tám năm 1945 là một điển hình về đoàn kết dân tộc.",1,rule_based,deterministic-rule-baseline-precomputed,analysis_csv,0.0,remove_one_tone,ok
vi-zh-2022-test-0241,越共中央理论委员会高级专家黄志宝教授、博士说：“1945年八月革命是民族大团结的典型例子。,"Giáo sư Hoàng Chí Bảo, chuyên gia cao cấp của Ban Chấp hành Trung ương Đảng Cộng sản Việt Nam cho rằng: “Cách mạng Tháng Tám năm 1945 là một điển hình về đoàn kết dân tộc.","Giao su Hoang Chi Bao, chuyen gia cao cap cua Ban Chap hanh Trung uong Đang Cong san Nam cho rang: “Cach mang Thang Tam nam 1945 la mot đien hinh ve đoan ket dan toc.",2,rule_based,deterministic-rule-baseline-precomputed,analysis_csv,0.0,remove_tones_and_drop_one_word,ok
vi-zh-2022-test-0241,越共中央理论委员会高级专家黄志宝教授、博士说：“1945年八月革命是民族大团结的典型例子。,"Giáo sư Hoàng Chí Bảo, chuyên gia cao cấp của Ban Chấp hành Trung ương Đảng Cộng sản Việt Nam cho rằng: “Cách mạng Tháng Tám năm 1945 là một điển hình về đoàn kết dân tộc.","Giáo sư Chí Bảo, chuyên cao cấp của Ban Chấp hành Trung Đảng Cộng sản Nam cho rằng: “Cách mạng Tháng Tám năm 1945 là điển hình đoàn kết dân tộc.",3,rule_based,deterministic-rule-baseline-precomputed,analysis_csv,0.0,word_dropout_15pct,ok
vi-zh-2022-test-0241,越共中央理论委员会高级专家黄志宝教授、博士说：“1945年八月革命是民族大团结的典型例子。,"Giáo sư Hoàng Chí Bảo, chuyên gia cao cấp của Ban Chấp hành Trung ương Đảng Cộng sản Việt Nam cho rằng: “Cách mạng Tháng Tám năm 1945 là một điển hình về đoàn kết dân tộc.","Giáo Hoàng sư Chí Bảo, chuyên cao của Ban Chấp hành Trung Đảng Cộng sản Việt Nam cho mạng 1945 một hình về đoàn dân tộc.",4,rule_based,deterministic-rule-baseline-precomputed,analysis_csv,0.0,word_dropout_30pct_and_swap,ok
vi-zh-2022-test-0241,越共中央理论委员会高级专家黄志宝教授、博士说：“1945年八月革命是民族大团结的典型例子。,"Giáo sư Hoàng Chí Bảo, chuyên gia cao cấp của Ban Chấp hành Trung ương Đảng Cộng sản Việt Nam cho rằng: “Cách mạng Tháng Tám năm 1945 là một điển hình về đoàn kết dân tộc.",Giáo Chí chuyên Ban ương Đảng Việt Nam cho “Cách mạng Tháng 1945 một điển hình kết dân,5,rule_based,deterministic-rule-baseline-precomputed,analysis_csv,0.0,word_dropout_50pct_and_punctuation_remove,ok
vi-zh-2022-test-0242,1945年八月革命的伟大胜利留下了很多宝贵范例，特别是从那年秋天开始的越南民族发展历史上以人民为本，建设和发挥全民大团结力量的范例。,"Thắng lợi vĩ đại của Cách mạng Tháng Tám năm 1945 đã để lại nhiều tấm gương quý báu, đặc biệt là tấm gương hướng về nhân dân, xây dựng và phát huy sức mạnh đại đoàn kết toàn dân trong lịch sử phát triển dân tộc Việt Nam bắt đầu từ mùa thu năm ấy.","Thắng lợi vĩ đại của Cách mạng Tháng Tám năm 1945 đã để lại nhiều tấm gương quý báu, đặc biệt là tấm gương hướng về nhân dân, xây dựng và phát huy sức mạnh đại đoàn kết toàn dân trong lịch sử phát triển dân tộc Việt Nam bắt đầu từ mùa thu năm ấy.",0,rule_based,deterministic-rule-baseline-precomputed,analysis_csv,0.0,identity,ok
vi-zh-2022-test-0242,1945年八月革命的伟大胜利留下了很多宝贵范例，特别是从那年秋天开始的越南民族发展历史上以人民为本，建设和发挥全民大团结力量的范例。,"Thắng lợi vĩ đại của Cách mạng Tháng Tám năm 1945 đã để lại nhiều tấm gương quý báu, đặc biệt là tấm gương hướng về nhân dân, xây dựng và phát huy sức mạnh đại đoàn kết toàn dân trong lịch sử phát triển dân tộc Việt Nam bắt đầu từ mùa thu năm ấy.","Thang lợi vĩ đại của Cách mạng Tháng Tám năm 1945 đã để lại nhiều tấm gương quý báu, đặc biệt là tấm gương hướng về nhân dân, xây dựng và phát huy sức mạnh đại đoàn kết toàn dân trong lịch sử phát triển dân tộc Việt Nam bắt đầu từ mùa thu năm ấy.",1,rule_based,deterministic-rule-baseline-precomputed,analysis_csv,0.0,remove_one_tone,ok
vi-zh-2022-test-0242,1945年八月革命的伟大胜利留下了很多宝贵范例，特别是从那年秋天开始的越南民族发展历史上以人民为本，建设和发挥全民大团结力量的范例。,"Thắng lợi vĩ đại của Cách mạng Tháng Tám năm 1945 đã để lại nhiều tấm gương quý báu, đặc biệt là tấm gương hướng về nhân dân, xây dựng và phát huy sức mạnh đại đoàn kết toàn dân trong lịch sử phát triển dân tộc Việt Nam bắt đầu từ mùa thu năm ấy.","Thang loi vi đai cua Cach mang Thang Tam nam 1945 đa đe lai nhieu tam guong quy bau, đac biet la tam guong huong ve nhan dan, dung va phat huy suc manh đai đoan ket toan dan trong lich su phat trien dan toc Viet Nam bat đau tu mua thu nam ay.",2,rule_based,deterministic-rule-baseline-precomputed,analysis_csv,0.0,remove_tones_and_drop_one_word,ok
vi-zh-2022-test-0242,1945年八月革命的伟大胜利留下了很多宝贵范例，特别是从那年秋天开始的越南民族发展历史上以人民为本，建设和发挥全民大团结力量的范例。,"Thắng lợi vĩ đại của Cách mạng Tháng Tám năm 1945 đã để lại nhiều tấm gương quý báu, đặc biệt là tấm gương hướng về nhân dân, xây dựng và phát huy sức mạnh đại đoàn kết toàn dân trong lịch sử phát triển dân tộc Việt Nam bắt đầu từ mùa thu năm ấy.","Thắng lợi vĩ đại của Cách mạng Tháng Tám năm 1945 đã để lại nhiều tấm gương quý báu, đặc biệt là tấm gương hướng về nhân dân, xây và phát huy sức mạnh đại đoàn dân trong sử phát dân Việt Nam bắt đầu mùa thu năm",3,rule_based,deterministic-rule-baseline-precomputed,analysis_csv,0.0,word_dropout_15pct,ok
vi-zh-2022-test-0242,1945年八月革命的伟大胜利留下了很多宝贵范例，特别是从那年秋天开始的越南民族发展历史上以人民为本，建设和发挥全民大团结力量的范例。,"Thắng lợi vĩ đại của Cách mạng Tháng Tám năm 1945 đã để lại nhiều tấm gương quý báu, đặc biệt là tấm gương hướng về nhân dân, xây dựng và phát huy sức mạnh đại đoàn kết toàn dân trong lịch sử phát triển dân tộc Việt Nam bắt đầu từ mùa thu năm ấy.","lợi của đại Cách mạng Tháng Tám 1945 đã lại tấm gương báu, đặc biệt là gương hướng về nhân dân, dựng và phát huy đoàn kết dân trong sử phát dân Việt Nam bắt đầu mùa thu năm",4,rule_based,deterministic-rule-baseline-precomputed,analysis_csv,0.0,word_dropout_30pct_and_swap,ok
vi-zh-2022-test-0242,1945年八月革命的伟大胜利留下了很多宝贵范例，特别是从那年秋天开始的越南民族发展历史上以人民为本，建设和发挥全民大团结力量的范例。,"Thắng lợi vĩ đại của Cách mạng Tháng Tám năm 1945 đã để lại nhiều tấm gương quý báu, đặc biệt là tấm gương hướng về nhân dân, xây dựng và phát huy sức mạnh đại đoàn kết toàn dân trong lịch sử phát triển dân tộc Việt Nam bắt đầu từ mùa thu năm ấy.",Thắng lợi vĩ của Cách Tháng 1945 đã quý tấm hướng nhân xây và phát huy đại kết lịch phát triển dân tộc Việt Nam từ năm ấy,5,rule_based,deterministic-rule-baseline-precomputed,analysis_csv,0.0,word_dropout_50pct_and_punctuation_remove,ok
vi-zh-2022-test-0243,及时行动,Hành động kịp thời,Hành động kịp thời,0,rule_based,deterministic-rule-baseline-precomputed,analysis_csv,0.0,identity,ok
vi-zh-2022-test-0243,及时行动,Hành động kịp thời,Hanh động kịp thời,1,rule_based,deterministic-rule-baseline-precomputed,analysis_csv,0.0,remove_one_tone,ok
vi-zh-2022-test-0243,及时行动,Hành động kịp thời,Hanh đong kip thoi,2,rule_based,deterministic-rule-baseline-precomputed,analysis_csv,0.0,remove_tones_and_drop_one_word,ok
vi-zh-2022-test-0243,及时行动,Hành động kịp thời,động kịp thời,3,rule_based,deterministic-rule-baseline-precomputed,analysis_csv,0.0,word_dropout_15pct,ok
vi-zh-2022-test-0243,及时行动,Hành động kịp thời,Hành kịp thời,4,rule_based,deterministic-rule-baseline-precomputed,analysis_csv,0.0,word_dropout_30pct_and_swap,ok
vi-zh-2022-test-0243,及时行动,Hành động kịp thời,động kịp,5,rule_based,deterministic-rule-baseline-precomputed,analysis_csv,0.0,word_dropout_50pct_and_punctuation_remove,ok
vi-zh-2022-test-0244,国家主席向15届任期政府成员颁发任命书两天后，范明政于7月30日主持政府与各地方视频会议，讨论防疫问题。,"Chỉ 2 ngày sau khi Chủ tịch nước trao quyết định bổ nhiệm cho các thành viên chính phủ nhiệm kỳ khóa XV, ngày 30/7, Thủ tướng Phạm Minh Chính đã chủ trì Hội nghị trực tuyến Chính phủ với các địa phương về tình hình phòng, chống dịch COVID-19.","Chỉ 2 ngày sau khi Chủ tịch nước trao quyết định bổ nhiệm cho các thành viên chính phủ nhiệm kỳ khóa XV, ngày 30/7, Thủ tướng Phạm Minh Chính đã chủ trì Hội nghị trực tuyến Chính phủ với các địa phương về tình hình phòng, chống dịch COVID-19.",0,rule_based,deterministic-rule-baseline-precomputed,analysis_csv,0.0,identity,ok
vi-zh-2022-test-0244,国家主席向15届任期政府成员颁发任命书两天后，范明政于7月30日主持政府与各地方视频会议，讨论防疫问题。,"Chỉ 2 ngày sau khi Chủ tịch nước trao quyết định bổ nhiệm cho các thành viên chính phủ nhiệm kỳ khóa XV, ngày 30/7, Thủ tướng Phạm Minh Chính đã chủ trì Hội nghị trực tuyến Chính phủ với các địa phương về tình hình phòng, chống dịch COVID-19.","Chi 2 ngày sau khi Chủ tịch nước trao quyết định bổ nhiệm cho các thành viên chính phủ nhiệm kỳ khóa XV, ngày 30/7, Thủ tướng Phạm Minh Chính đã chủ trì Hội nghị trực tuyến Chính phủ với các địa phương về tình hình phòng, chống dịch COVID-19.",1,rule_based,deterministic-rule-baseline-precomputed,analysis_csv,0.0,remove_one_tone,ok
vi-zh-2022-test-0244,国家主席向15届任期政府成员颁发任命书两天后，范明政于7月30日主持政府与各地方视频会议，讨论防疫问题。,"Chỉ 2 ngày sau khi Chủ tịch nước trao quyết định bổ nhiệm cho các thành viên chính phủ nhiệm kỳ khóa XV, ngày 30/7, Thủ tướng Phạm Minh Chính đã chủ trì Hội nghị trực tuyến Chính phủ với các địa phương về tình hình phòng, chống dịch COVID-19.","Chi 2 ngay sau khi Chu tich nuoc trao quyet đinh bo nhiem cho cac thanh vien chinh phu nhiem ky khoa XV, ngay 30/7, tuong Pham Minh Chinh đa chu tri Hoi nghi truc tuyen Chinh phu voi cac đia phuong ve tinh hinh phong, chong dich COVID-19.",2,rule_based,deterministic-rule-baseline-precomputed,analysis_csv,0.0,remove_tones_and_drop_one_word,ok
vi-zh-2022-test-0244,国家主席向15届任期政府成员颁发任命书两天后，范明政于7月30日主持政府与各地方视频会议，讨论防疫问题。,"Chỉ 2 ngày sau khi Chủ tịch nước trao quyết định bổ nhiệm cho các thành viên chính phủ nhiệm kỳ khóa XV, ngày 30/7, Thủ tướng Phạm Minh Chính đã chủ trì Hội nghị trực tuyến Chính phủ với các địa phương về tình hình phòng, chống dịch COVID-19.","Chỉ 2 ngày khi Chủ tịch nước trao quyết định bổ nhiệm các viên chính phủ nhiệm kỳ XV, ngày 30/7, Thủ tướng Phạm Minh Chính đã chủ trì nghị trực tuyến phủ với địa phương về tình hình chống dịch COVID-19.",3,rule_based,deterministic-rule-baseline-precomputed,analysis_csv,0.0,word_dropout_15pct,ok
vi-zh-2022-test-0244,国家主席向15届任期政府成员颁发任命书两天后，范明政于7月30日主持政府与各地方视频会议，讨论防疫问题。,"Chỉ 2 ngày sau khi Chủ tịch nước trao quyết định bổ nhiệm cho các thành viên chính phủ nhiệm kỳ khóa XV, ngày 30/7, Thủ tướng Phạm Minh Chính đã chủ trì Hội nghị trực tuyến Chính phủ với các địa phương về tình hình phòng, chống dịch COVID-19.","Chỉ ngày 2 sau khi nước trao quyết định cho thành viên phủ nhiệm kỳ khóa XV, 30/7, Thủ tướng Minh đã chủ Hội nghị trực tuyến Chính với các về tình phòng, chống COVID-19.",4,rule_based,deterministic-rule-baseline-precomputed,analysis_csv,0.0,word_dropout_30pct_and_swap,ok
vi-zh-2022-test-0244,国家主席向15届任期政府成员颁发任命书两天后，范明政于7月30日主持政府与各地方视频会议，讨论防疫问题。,"Chỉ 2 ngày sau khi Chủ tịch nước trao quyết định bổ nhiệm cho các thành viên chính phủ nhiệm kỳ khóa XV, ngày 30/7, Thủ tướng Phạm Minh Chính đã chủ trì Hội nghị trực tuyến Chính phủ với các địa phương về tình hình phòng, chống dịch COVID-19.",Chủ tịch nước cho viên chính nhiệm khóa XV ngày 30/7 Phạm đã chủ trì nghị trực tuyến các phương tình hình phòng chống dịch,5,rule_based,deterministic-rule-baseline-precomputed,analysis_csv,0.0,word_dropout_50pct_and_punctuation_remove,ok
vi-zh-2022-test-0245,随后政府立即颁布防疫相关决议，以便各部门、各地方主动采取防疫措施。,"Chính phủ đã ngay lập tức ban hành các nghị quyết liên quan về phòng chống dịch để các ban ngành, địa phương chủ động các biện pháp chống dịch.","Chính phủ đã ngay lập tức ban hành các nghị quyết liên quan về phòng chống dịch để các ban ngành, địa phương chủ động các biện pháp chống dịch.",0,rule_based,deterministic-rule-baseline-precomputed,analysis_csv,0.0,identity,ok
vi-zh-2022-test-0245,随后政府立即颁布防疫相关决议，以便各部门、各地方主动采取防疫措施。,"Chính phủ đã ngay lập tức ban hành các nghị quyết liên quan về phòng chống dịch để các ban ngành, địa phương chủ động các biện pháp chống dịch.","Chinh phủ đã ngay lập tức ban hành các nghị quyết liên quan về phòng chống dịch để các ban ngành, địa phương chủ động các biện pháp chống dịch.",1,rule_based,deterministic-rule-baseline-precomputed,analysis_csv,0.0,remove_one_tone,ok
vi-zh-2022-test-0245,随后政府立即颁布防疫相关决议，以便各部门、各地方主动采取防疫措施。,"Chính phủ đã ngay lập tức ban hành các nghị quyết liên quan về phòng chống dịch để các ban ngành, địa phương chủ động các biện pháp chống dịch.","Chinh phu đa ngay lap tuc ban hanh cac nghi quyet lien quan ve phong dich đe cac ban nganh, đia phuong chu đong cac bien phap chong dich.",2,rule_based,deterministic-rule-baseline-precomputed,analysis_csv,0.0,remove_tones_and_drop_one_word,ok
vi-zh-2022-test-0245,随后政府立即颁布防疫相关决议，以便各部门、各地方主动采取防疫措施。,"Chính phủ đã ngay lập tức ban hành các nghị quyết liên quan về phòng chống dịch để các ban ngành, địa phương chủ động các biện pháp chống dịch.","Chính phủ đã ngay lập ban hành các nghị quyết liên quan về phòng chống để các ban ngành, địa phương chủ động các biện pháp",3,rule_based,deterministic-rule-baseline-precomputed,analysis_csv,0.0,word_dropout_15pct,ok
vi-zh-2022-test-0245,随后政府立即颁布防疫相关决议，以便各部门、各地方主动采取防疫措施。,"Chính phủ đã ngay lập tức ban hành các nghị quyết liên quan về phòng chống dịch để các ban ngành, địa phương chủ động các biện pháp chống dịch.","đã lập ngay ban các nghị quyết quan về phòng chống dịch để ngành, địa phương chủ biện pháp chống dịch.",4,rule_based,deterministic-rule-baseline-precomputed,analysis_csv,0.0,word_dropout_30pct_and_swap,ok
vi-zh-2022-test-0245,随后政府立即颁布防疫相关决议，以便各部门、各地方主动采取防疫措施。,"Chính phủ đã ngay lập tức ban hành các nghị quyết liên quan về phòng chống dịch để các ban ngành, địa phương chủ động các biện pháp chống dịch.",Chính lập ban nghị quyết về để các địa phương chủ động biện chống dịch,5,rule_based,deterministic-rule-baseline-precomputed,analysis_csv,0.0,word_dropout_50pct_and_punctuation_remove,ok
vi-zh-2022-test-0246,舆论认为，决议颁布及时，紧紧围绕当前各项问题，提出各项切实措施。,"Dư luận cho rằng nghị quyết được ban hành kịp thời, đi sâu vào các vấn đề thời sự, có nhiều biện pháp thiết thực.","Dư luận cho rằng nghị quyết được ban hành kịp thời, đi sâu vào các vấn đề thời sự, có nhiều biện pháp thiết thực.",0,rule_based,deterministic-rule-baseline-precomputed,analysis_csv,0.0,identity,ok
vi-zh-2022-test-0246,舆论认为，决议颁布及时，紧紧围绕当前各项问题，提出各项切实措施。,"Dư luận cho rằng nghị quyết được ban hành kịp thời, đi sâu vào các vấn đề thời sự, có nhiều biện pháp thiết thực.","Du luận cho rằng nghị quyết được ban hành kịp thời, đi sâu vào các vấn đề thời sự, có nhiều biện pháp thiết thực.",1,rule_based,deterministic-rule-baseline-precomputed,analysis_csv,0.0,remove_one_tone,ok
vi-zh-2022-test-0246,舆论认为，决议颁布及时，紧紧围绕当前各项问题，提出各项切实措施。,"Dư luận cho rằng nghị quyết được ban hành kịp thời, đi sâu vào các vấn đề thời sự, có nhiều biện pháp thiết thực.","Du luan cho rang nghi quyet đuoc ban hanh kip thoi, đi vao cac van đe thoi su, co nhieu bien phap thiet thuc.",2,rule_based,deterministic-rule-baseline-precomputed,analysis_csv,0.0,remove_tones_and_drop_one_word,ok
vi-zh-2022-test-0246,舆论认为，决议颁布及时，紧紧围绕当前各项问题，提出各项切实措施。,"Dư luận cho rằng nghị quyết được ban hành kịp thời, đi sâu vào các vấn đề thời sự, có nhiều biện pháp thiết thực.","Dư luận cho rằng nghị quyết hành kịp thời, đi sâu vào các vấn đề thời có nhiều biện thiết thực.",3,rule_based,deterministic-rule-baseline-precomputed,analysis_csv,0.0,word_dropout_15pct,ok
vi-zh-2022-test-0246,舆论认为，决议颁布及时，紧紧围绕当前各项问题，提出各项切实措施。,"Dư luận cho rằng nghị quyết được ban hành kịp thời, đi sâu vào các vấn đề thời sự, có nhiều biện pháp thiết thực.","Dư nghị luận được kịp thời, đi vào các vấn đề thời sự, có nhiều pháp thiết thực.",4,rule_based,deterministic-rule-baseline-precomputed,analysis_csv,0.0,word_dropout_30pct_and_swap,ok
vi-zh-2022-test-0246,舆论认为，决议颁布及时，紧紧围绕当前各项问题，提出各项切实措施。,"Dư luận cho rằng nghị quyết được ban hành kịp thời, đi sâu vào các vấn đề thời sự, có nhiều biện pháp thiết thực.",rằng ban kịp thời sâu vào các vấn đề nhiều pháp thực,5,rule_based,deterministic-rule-baseline-precomputed,analysis_csv,0.0,word_dropout_50pct_and_punctuation_remove,ok
vi-zh-2022-test-0247,关于新冠疫苗政策，决议重申，疫苗是越南控制疫情的关键。,"Về chính sách vắc xin mới, nghị quyết nhắc lại rằng vắc xin là chìa khóa để Việt Nam kiểm soát dịch bệnh.","Về chính sách vắc xin mới, nghị quyết nhắc lại rằng vắc xin là chìa khóa để Việt Nam kiểm soát dịch bệnh.",0,rule_based,deterministic-rule-baseline-precomputed,analysis_csv,0.0,identity,ok
vi-zh-2022-test-0247,关于新冠疫苗政策，决议重申，疫苗是越南控制疫情的关键。,"Về chính sách vắc xin mới, nghị quyết nhắc lại rằng vắc xin là chìa khóa để Việt Nam kiểm soát dịch bệnh.","Ve chính sách vắc xin mới, nghị quyết nhắc lại rằng vắc xin là chìa khóa để Việt Nam kiểm soát dịch bệnh.",1,rule_based,deterministic-rule-baseline-precomputed,analysis_csv,0.0,remove_one_tone,ok
vi-zh-2022-test-0247,关于新冠疫苗政策，决议重申，疫苗是越南控制疫情的关键。,"Về chính sách vắc xin mới, nghị quyết nhắc lại rằng vắc xin là chìa khóa để Việt Nam kiểm soát dịch bệnh.","Ve chinh sach vac xin moi, nghi quyet nhac lai rang xin la chia khoa đe Viet Nam kiem soat dich benh.",2,rule_based,deterministic-rule-baseline-precomputed,analysis_csv,0.0,remove_tones_and_drop_one_word,ok
vi-zh-2022-test-0247,关于新冠疫苗政策，决议重申，疫苗是越南控制疫情的关键。,"Về chính sách vắc xin mới, nghị quyết nhắc lại rằng vắc xin là chìa khóa để Việt Nam kiểm soát dịch bệnh.",Về chính vắc xin nghị nhắc lại rằng vắc xin là chìa khóa để Việt Nam kiểm soát dịch bệnh.,3,rule_based,deterministic-rule-baseline-precomputed,analysis_csv,0.0,word_dropout_15pct,ok
vi-zh-2022-test-0247,关于新冠疫苗政策，决议重申，疫苗是越南控制疫情的关键。,"Về chính sách vắc xin mới, nghị quyết nhắc lại rằng vắc xin là chìa khóa để Việt Nam kiểm soát dịch bệnh.","chính mới, vắc quyết lại rằng vắc là chìa khóa để Nam kiểm soát dịch bệnh.",4,rule_based,deterministic-rule-baseline-precomputed,analysis_csv,0.0,word_dropout_30pct_and_swap,ok
vi-zh-2022-test-0247,关于新冠疫苗政策，决议重申，疫苗是越南控制疫情的关键。,"Về chính sách vắc xin mới, nghị quyết nhắc lại rằng vắc xin là chìa khóa để Việt Nam kiểm soát dịch bệnh.",chính sách xin mới nghị quyết rằng xin là khóa để soát,5,rule_based,deterministic-rule-baseline-precomputed,analysis_csv,0.0,word_dropout_50pct_and_punctuation_remove,ok
vi-zh-2022-test-0248,范明政也主持与正实施社交距离措施各省市的视频会议，发起“全国同心协力竞赛防疫，战胜疫情”特别竞赛运动。,"Thủ tướng Phạm Minh Chính cũng chủ trì các cuộc họp trực tuyến với các tỉnh và thành phố đang thực hiện các biện pháp giãn cách xã hội, và phát động một chiến dịch đặc biệt mang tên ""Toàn dân Chung tay Ngăn chặn và Vượt qua Đại dịch"".","Thủ tướng Phạm Minh Chính cũng chủ trì các cuộc họp trực tuyến với các tỉnh và thành phố đang thực hiện các biện pháp giãn cách xã hội, và phát động một chiến dịch đặc biệt mang tên ""Toàn dân Chung tay Ngăn chặn và Vượt qua Đại dịch"".",0,rule_based,deterministic-rule-baseline-precomputed,analysis_csv,0.0,identity,ok
vi-zh-2022-test-0248,范明政也主持与正实施社交距离措施各省市的视频会议，发起“全国同心协力竞赛防疫，战胜疫情”特别竞赛运动。,"Thủ tướng Phạm Minh Chính cũng chủ trì các cuộc họp trực tuyến với các tỉnh và thành phố đang thực hiện các biện pháp giãn cách xã hội, và phát động một chiến dịch đặc biệt mang tên ""Toàn dân Chung tay Ngăn chặn và Vượt qua Đại dịch"".","Thu tướng Phạm Minh Chính cũng chủ trì các cuộc họp trực tuyến với các tỉnh và thành phố đang thực hiện các biện pháp giãn cách xã hội, và phát động một chiến dịch đặc biệt mang tên ""Toàn dân Chung tay Ngăn chặn và Vượt qua Đại dịch"".",1,rule_based,deterministic-rule-baseline-precomputed,analysis_csv,0.0,remove_one_tone,ok
vi-zh-2022-test-0248,范明政也主持与正实施社交距离措施各省市的视频会议，发起“全国同心协力竞赛防疫，战胜疫情”特别竞赛运动。,"Thủ tướng Phạm Minh Chính cũng chủ trì các cuộc họp trực tuyến với các tỉnh và thành phố đang thực hiện các biện pháp giãn cách xã hội, và phát động một chiến dịch đặc biệt mang tên ""Toàn dân Chung tay Ngăn chặn và Vượt qua Đại dịch"".","Thu tuong Pham Minh Chinh cung chu tri cac cuoc hop truc tuyen voi cac tinh va thanh pho đang thuc hien cac bien phap cach xa hoi, va phat đong mot chien dich đac biet mang ten ""Toan dan Chung tay Ngan chan va Vuot qua Đai dich"".",2,rule_based,deterministic-rule-baseline-precomputed,analysis_csv,0.0,remove_tones_and_drop_one_word,ok
vi-zh-2022-test-0248,范明政也主持与正实施社交距离措施各省市的视频会议，发起“全国同心协力竞赛防疫，战胜疫情”特别竞赛运动。,"Thủ tướng Phạm Minh Chính cũng chủ trì các cuộc họp trực tuyến với các tỉnh và thành phố đang thực hiện các biện pháp giãn cách xã hội, và phát động một chiến dịch đặc biệt mang tên ""Toàn dân Chung tay Ngăn chặn và Vượt qua Đại dịch"".","Thủ tướng Phạm Chính cũng chủ trì các họp tuyến với các và thành phố đang thực hiện pháp giãn cách xã hội, và phát động một chiến dịch đặc mang tên ""Toàn dân Chung Ngăn chặn và Vượt qua Đại dịch"".",3,rule_based,deterministic-rule-baseline-precomputed,analysis_csv,0.0,word_dropout_15pct,ok
vi-zh-2022-test-0248,范明政也主持与正实施社交距离措施各省市的视频会议，发起“全国同心协力竞赛防疫，战胜疫情”特别竞赛运动。,"Thủ tướng Phạm Minh Chính cũng chủ trì các cuộc họp trực tuyến với các tỉnh và thành phố đang thực hiện các biện pháp giãn cách xã hội, và phát động một chiến dịch đặc biệt mang tên ""Toàn dân Chung tay Ngăn chặn và Vượt qua Đại dịch"".","Phạm cũng Chính chủ trì các cuộc họp trực tuyến các tỉnh thành đang các giãn xã hội, và phát động một đặc biệt tên ""Toàn dân Chung tay Ngăn chặn và Vượt qua dịch"".",4,rule_based,deterministic-rule-baseline-precomputed,analysis_csv,0.0,word_dropout_30pct_and_swap,ok
vi-zh-2022-test-0248,范明政也主持与正实施社交距离措施各省市的视频会议，发起“全国同心协力竞赛防疫，战胜疫情”特别竞赛运动。,"Thủ tướng Phạm Minh Chính cũng chủ trì các cuộc họp trực tuyến với các tỉnh và thành phố đang thực hiện các biện pháp giãn cách xã hội, và phát động một chiến dịch đặc biệt mang tên ""Toàn dân Chung tay Ngăn chặn và Vượt qua Đại dịch"".",Thủ Minh Chính cũng tuyến với các tỉnh và phố đang thực pháp giãn xã phát biệt mang dân Chung tay chặn và qua Đại,5,rule_based,deterministic-rule-baseline-precomputed,analysis_csv,0.0,word_dropout_50pct_and_punctuation_remove,ok
vi-zh-2022-test-0249,为减轻正实施社交距离措施各地居民的困难，范明政同意削减居民和企业用电费用。,"Để giảm bớt khó khăn của người dân ở nhiều nơi đang thực hiện các biện pháp giãn cách xã hội,Thủ tướng Phạm Minh Chính đã đồng ý cắt giảm chi phí điện cho người dân và doanh nghiệp.","Để giảm bớt khó khăn của người dân ở nhiều nơi đang thực hiện các biện pháp giãn cách xã hội,Thủ tướng Phạm Minh Chính đã đồng ý cắt giảm chi phí điện cho người dân và doanh nghiệp.",0,rule_based,deterministic-rule-baseline-precomputed,analysis_csv,0.0,identity,ok
vi-zh-2022-test-0249,为减轻正实施社交距离措施各地居民的困难，范明政同意削减居民和企业用电费用。,"Để giảm bớt khó khăn của người dân ở nhiều nơi đang thực hiện các biện pháp giãn cách xã hội,Thủ tướng Phạm Minh Chính đã đồng ý cắt giảm chi phí điện cho người dân và doanh nghiệp.","Đe giảm bớt khó khăn của người dân ở nhiều nơi đang thực hiện các biện pháp giãn cách xã hội,Thủ tướng Phạm Minh Chính đã đồng ý cắt giảm chi phí điện cho người dân và doanh nghiệp.",1,rule_based,deterministic-rule-baseline-precomputed,analysis_csv,0.0,remove_one_tone,ok
vi-zh-2022-test-0249,为减轻正实施社交距离措施各地居民的困难，范明政同意削减居民和企业用电费用。,"Để giảm bớt khó khăn của người dân ở nhiều nơi đang thực hiện các biện pháp giãn cách xã hội,Thủ tướng Phạm Minh Chính đã đồng ý cắt giảm chi phí điện cho người dân và doanh nghiệp.","Đe giam bot kho khan cua nguoi dan o nhieu noi đang thuc hien cac bien phap gian cach hoi,Thu tuong Pham Minh Chinh đa đong y cat giam chi phi đien cho nguoi dan va doanh nghiep.",2,rule_based,deterministic-rule-baseline-precomputed,analysis_csv,0.0,remove_tones_and_drop_one_word,ok
vi-zh-2022-test-0249,为减轻正实施社交距离措施各地居民的困难，范明政同意削减居民和企业用电费用。,"Để giảm bớt khó khăn của người dân ở nhiều nơi đang thực hiện các biện pháp giãn cách xã hội,Thủ tướng Phạm Minh Chính đã đồng ý cắt giảm chi phí điện cho người dân và doanh nghiệp.","bớt khó của dân ở nhiều đang thực hiện các biện pháp giãn cách xã hội,Thủ Phạm Minh Chính đã đồng ý cắt giảm chi phí điện cho người dân và doanh nghiệp.",3,rule_based,deterministic-rule-baseline-precomputed,analysis_csv,0.0,word_dropout_15pct,ok
vi-zh-2022-test-0249,为减轻正实施社交距离措施各地居民的困难，范明政同意削减居民和企业用电费用。,"Để giảm bớt khó khăn của người dân ở nhiều nơi đang thực hiện các biện pháp giãn cách xã hội,Thủ tướng Phạm Minh Chính đã đồng ý cắt giảm chi phí điện cho người dân và doanh nghiệp.","Để bớt giảm khó khăn của người dân ở nhiều nơi thực biện pháp cách hội,Thủ Phạm Minh Chính đã ý cắt giảm chi điện và doanh",4,rule_based,deterministic-rule-baseline-precomputed,analysis_csv,0.0,word_dropout_30pct_and_swap,ok
vi-zh-2022-test-0249,为减轻正实施社交距离措施各地居民的困难，范明政同意削减居民和企业用电费用。,"Để giảm bớt khó khăn của người dân ở nhiều nơi đang thực hiện các biện pháp giãn cách xã hội,Thủ tướng Phạm Minh Chính đã đồng ý cắt giảm chi phí điện cho người dân và doanh nghiệp.",Để giảm bớt khăn của dân nhiều nơi đang hiện pháp giãn Minh đã đồng ý phí điện cho và,5,rule_based,deterministic-rule-baseline-precomputed,analysis_csv,0.0,word_dropout_50pct_and_punctuation_remove,ok
vi-zh-2022-test-0250,社会民生专家莫文进表示：“这笔资金很及时，很迫切。,"Mạc Văn Tấn một chuyên gia về xã hội và sinh kế của người dân, cho biết: “Nguồn tài trợ này là kịp thời và cấp bách.","Mạc Văn Tấn một chuyên gia về xã hội và sinh kế của người dân, cho biết: “Nguồn tài trợ này là kịp thời và cấp bách.",0,rule_based,deterministic-rule-baseline-precomputed,analysis_csv,0.0,identity,ok
vi-zh-2022-test-0250,社会民生专家莫文进表示：“这笔资金很及时，很迫切。,"Mạc Văn Tấn một chuyên gia về xã hội và sinh kế của người dân, cho biết: “Nguồn tài trợ này là kịp thời và cấp bách.","Mac Văn Tấn một chuyên gia về xã hội và sinh kế của người dân, cho biết: “Nguồn tài trợ này là kịp thời và cấp bách.",1,rule_based,deterministic-rule-baseline-precomputed,analysis_csv,0.0,remove_one_tone,ok
vi-zh-2022-test-0250,社会民生专家莫文进表示：“这笔资金很及时，很迫切。,"Mạc Văn Tấn một chuyên gia về xã hội và sinh kế của người dân, cho biết: “Nguồn tài trợ này là kịp thời và cấp bách.","Mac Van Tan mot chuyen gia ve xa hoi va sinh ke cua dan, cho biet: “Nguon tai tro nay la kip thoi va cap bach.",2,rule_based,deterministic-rule-baseline-precomputed,analysis_csv,0.0,remove_tones_and_drop_one_word,ok
vi-zh-2022-test-0250,社会民生专家莫文进表示：“这笔资金很及时，很迫切。,"Mạc Văn Tấn một chuyên gia về xã hội và sinh kế của người dân, cho biết: “Nguồn tài trợ này là kịp thời và cấp bách.","Văn Tấn một chuyên về xã hội và sinh kế của người dân, cho biết: “Nguồn tài này là kịp thời cấp bách.",3,rule_based,deterministic-rule-baseline-precomputed,analysis_csv,0.0,word_dropout_15pct,ok
vi-zh-2022-test-0250,社会民生专家莫文进表示：“这笔资金很及时，很迫切。,"Mạc Văn Tấn một chuyên gia về xã hội và sinh kế của người dân, cho biết: “Nguồn tài trợ này là kịp thời và cấp bách.",Mạc Tấn Văn một chuyên gia về hội kế người biết: tài trợ này là kịp thời và bách.,4,rule_based,deterministic-rule-baseline-precomputed,analysis_csv,0.0,word_dropout_30pct_and_swap,ok
vi-zh-2022-test-0250,社会民生专家莫文进表示：“这笔资金很及时，很迫切。,"Mạc Văn Tấn một chuyên gia về xã hội và sinh kế của người dân, cho biết: “Nguồn tài trợ này là kịp thời và cấp bách.",Mạc Văn một chuyên gia về sinh kế của dân biết tài này thời,5,rule_based,deterministic-rule-baseline-precomputed,analysis_csv,0.0,word_dropout_50pct_and_punctuation_remove,ok
vi-zh-2022-test-0251,15届政府决心建设革新、廉政、行动、高效、为人民服务的政府”。,"Chính phủ thứ 15 quyết tâm xây dựng chính phủ kiến tạo, trong sạch, hành động, hiệu quả, phục vụ nhân dân "".","Chính phủ thứ 15 quyết tâm xây dựng chính phủ kiến tạo, trong sạch, hành động, hiệu quả, phục vụ nhân dân "".",0,rule_based,deterministic-rule-baseline-precomputed,analysis_csv,0.0,identity,ok
vi-zh-2022-test-0251,15届政府决心建设革新、廉政、行动、高效、为人民服务的政府”。,"Chính phủ thứ 15 quyết tâm xây dựng chính phủ kiến tạo, trong sạch, hành động, hiệu quả, phục vụ nhân dân "".","Chinh phủ thứ 15 quyết tâm xây dựng chính phủ kiến tạo, trong sạch, hành động, hiệu quả, phục vụ nhân dân "".",1,rule_based,deterministic-rule-baseline-precomputed,analysis_csv,0.0,remove_one_tone,ok
vi-zh-2022-test-0251,15届政府决心建设革新、廉政、行动、高效、为人民服务的政府”。,"Chính phủ thứ 15 quyết tâm xây dựng chính phủ kiến tạo, trong sạch, hành động, hiệu quả, phục vụ nhân dân "".","Chinh phu thu 15 quyet tam xay dung chinh phu kien trong sach, hanh đong, hieu qua, phuc vu nhan dan "".",2,rule_based,deterministic-rule-baseline-precomputed,analysis_csv,0.0,remove_tones_and_drop_one_word,ok
vi-zh-2022-test-0251,15届政府决心建设革新、廉政、行动、高效、为人民服务的政府”。,"Chính phủ thứ 15 quyết tâm xây dựng chính phủ kiến tạo, trong sạch, hành động, hiệu quả, phục vụ nhân dân "".","Chính phủ thứ 15 quyết tâm xây chính kiến tạo, trong sạch, hành động, hiệu quả, phục vụ nhân "".",3,rule_based,deterministic-rule-baseline-precomputed,analysis_csv,0.0,word_dropout_15pct,ok
vi-zh-2022-test-0251,15届政府决心建设革新、廉政、行动、高效、为人民服务的政府”。,"Chính phủ thứ 15 quyết tâm xây dựng chính phủ kiến tạo, trong sạch, hành động, hiệu quả, phục vụ nhân dân "".","Chính thứ phủ 15 quyết tâm xây dựng phủ kiến tạo, trong hiệu quả, nhân dân",4,rule_based,deterministic-rule-baseline-precomputed,analysis_csv,0.0,word_dropout_30pct_and_swap,ok
vi-zh-2022-test-0251,15届政府决心建设革新、廉政、行动、高效、为人民服务的政府”。,"Chính phủ thứ 15 quyết tâm xây dựng chính phủ kiến tạo, trong sạch, hành động, hiệu quả, phục vụ nhân dân "".",tâm xây dựng phủ kiến sạch hành động hiệu quả phục nhân,5,rule_based,deterministic-rule-baseline-precomputed,analysis_csv,0.0,word_dropout_50pct_and_punctuation_remove,ok
vi-zh-2022-test-0252,政府也加快体制完善工作，为经济社会顺畅运转创造条件。,Chính phủ cũng đang đẩy mạnh hoàn thiện hệ thống nhằm tạo điều kiện cho nền kinh tế - xã hội vận hành trơn tru.,Chính phủ cũng đang đẩy mạnh hoàn thiện hệ thống nhằm tạo điều kiện cho nền kinh tế - xã hội vận hành trơn tru.,0,rule_based,deterministic-rule-baseline-precomputed,analysis_csv,0.0,identity,ok
vi-zh-2022-test-0252,政府也加快体制完善工作，为经济社会顺畅运转创造条件。,Chính phủ cũng đang đẩy mạnh hoàn thiện hệ thống nhằm tạo điều kiện cho nền kinh tế - xã hội vận hành trơn tru.,Chinh phủ cũng đang đẩy mạnh hoàn thiện hệ thống nhằm tạo điều kiện cho nền kinh tế - xã hội vận hành trơn tru.,1,rule_based,deterministic-rule-baseline-precomputed,analysis_csv,0.0,remove_one_tone,ok
vi-zh-2022-test-0252,政府也加快体制完善工作，为经济社会顺畅运转创造条件。,Chính phủ cũng đang đẩy mạnh hoàn thiện hệ thống nhằm tạo điều kiện cho nền kinh tế - xã hội vận hành trơn tru.,Chinh phu cung đang đay manh hoan thien he thong nham tao kien cho nen kinh te - xa hoi van hanh tron tru.,2,rule_based,deterministic-rule-baseline-precomputed,analysis_csv,0.0,remove_tones_and_drop_one_word,ok
vi-zh-2022-test-0252,政府也加快体制完善工作，为经济社会顺畅运转创造条件。,Chính phủ cũng đang đẩy mạnh hoàn thiện hệ thống nhằm tạo điều kiện cho nền kinh tế - xã hội vận hành trơn tru.,Chính phủ đang đẩy mạnh hoàn thiện thống nhằm tạo điều kiện cho nền kinh tế - xã hội hành trơn,3,rule_based,deterministic-rule-baseline-precomputed,analysis_csv,0.0,word_dropout_15pct,ok
vi-zh-2022-test-0252,政府也加快体制完善工作，为经济社会顺畅运转创造条件。,Chính phủ cũng đang đẩy mạnh hoàn thiện hệ thống nhằm tạo điều kiện cho nền kinh tế - xã hội vận hành trơn tru.,Chính mạnh đẩy hoàn thiện hệ thống nhằm tạo kiện cho kinh tế xã hội vận hành trơn,4,rule_based,deterministic-rule-baseline-precomputed,analysis_csv,0.0,word_dropout_30pct_and_swap,ok
vi-zh-2022-test-0252,政府也加快体制完善工作，为经济社会顺畅运转创造条件。,Chính phủ cũng đang đẩy mạnh hoàn thiện hệ thống nhằm tạo điều kiện cho nền kinh tế - xã hội vận hành trơn tru.,Chính phủ hoàn hệ thống nhằm tạo cho nền kinh - trơn,5,rule_based,deterministic-rule-baseline-precomputed,analysis_csv,0.0,word_dropout_50pct_and_punctuation_remove,ok
vi-zh-2022-test-0253,当天，塔利班政治发言人纳伊姆发表声明，承诺塔利班将尽早确定阿富汗政府类型和制度形式。,"Cùng ngày, phát ngôn viên chính trị của Taliban, Naim, đã đưa ra một tuyên bố, hứa rằng Taliban sẽ xác định loại chính phủ và hình thức thể chế của Afghanistan trong thời gian sớm nhất.","Cùng ngày, phát ngôn viên chính trị của Taliban, Naim, đã đưa ra một tuyên bố, hứa rằng Taliban sẽ xác định loại chính phủ và hình thức thể chế của Afghanistan trong thời gian sớm nhất.",0,rule_based,deterministic-rule-baseline-precomputed,analysis_csv,0.0,identity,ok
vi-zh-2022-test-0253,当天，塔利班政治发言人纳伊姆发表声明，承诺塔利班将尽早确定阿富汗政府类型和制度形式。,"Cùng ngày, phát ngôn viên chính trị của Taliban, Naim, đã đưa ra một tuyên bố, hứa rằng Taliban sẽ xác định loại chính phủ và hình thức thể chế của Afghanistan trong thời gian sớm nhất.","Cung ngày, phát ngôn viên chính trị của Taliban, Naim, đã đưa ra một tuyên bố, hứa rằng Taliban sẽ xác định loại chính phủ và hình thức thể chế của Afghanistan trong thời gian sớm nhất.",1,rule_based,deterministic-rule-baseline-precomputed,analysis_csv,0.0,remove_one_tone,ok
vi-zh-2022-test-0253,当天，塔利班政治发言人纳伊姆发表声明，承诺塔利班将尽早确定阿富汗政府类型和制度形式。,"Cùng ngày, phát ngôn viên chính trị của Taliban, Naim, đã đưa ra một tuyên bố, hứa rằng Taliban sẽ xác định loại chính phủ và hình thức thể chế của Afghanistan trong thời gian sớm nhất.","Cung ngay, phat ngon vien chinh tri cua Taliban, Naim, đa đua ra mot tuyen bo, hua rang se xac đinh loai chinh phu va hinh thuc the che cua Afghanistan trong thoi gian som nhat.",2,rule_based,deterministic-rule-baseline-precomputed,analysis_csv,0.0,remove_tones_and_drop_one_word,ok
vi-zh-2022-test-0253,当天，塔利班政治发言人纳伊姆发表声明，承诺塔利班将尽早确定阿富汗政府类型和制度形式。,"Cùng ngày, phát ngôn viên chính trị của Taliban, Naim, đã đưa ra một tuyên bố, hứa rằng Taliban sẽ xác định loại chính phủ và hình thức thể chế của Afghanistan trong thời gian sớm nhất.","Cùng viên trị của Taliban, Naim, đưa ra một tuyên bố, hứa rằng Taliban sẽ xác định loại chính phủ và hình thức thể chế của Afghanistan trong thời gian sớm",3,rule_based,deterministic-rule-baseline-precomputed,analysis_csv,0.0,word_dropout_15pct,ok
vi-zh-2022-test-0253,当天，塔利班政治发言人纳伊姆发表声明，承诺塔利班将尽早确定阿富汗政府类型和制度形式。,"Cùng ngày, phát ngôn viên chính trị của Taliban, Naim, đã đưa ra một tuyên bố, hứa rằng Taliban sẽ xác định loại chính phủ và hình thức thể chế của Afghanistan trong thời gian sớm nhất.","Cùng phát ngày, trị của đã ra một tuyên bố, hứa Taliban sẽ xác định loại chính và thức thể chế của Afghanistan trong sớm nhất.",4,rule_based,deterministic-rule-baseline-precomputed,analysis_csv,0.0,word_dropout_30pct_and_swap,ok
vi-zh-2022-test-0253,当天，塔利班政治发言人纳伊姆发表声明，承诺塔利班将尽早确定阿富汗政府类型和制度形式。,"Cùng ngày, phát ngôn viên chính trị của Taliban, Naim, đã đưa ra một tuyên bố, hứa rằng Taliban sẽ xác định loại chính phủ và hình thức thể chế của Afghanistan trong thời gian sớm nhất.",Cùng ngôn viên chính của đã đưa một Taliban xác loại thức thể chế của Afghanistan sớm nhất,5,rule_based,deterministic-rule-baseline-precomputed,analysis_csv,0.0,word_dropout_50pct_and_punctuation_remove,ok
vi-zh-2022-test-0254,8月16日，阿富汗总统加尼正式承认其政府垮台，强调他离开该国是为了避免发生血腥冲突。,"Ngày 16/8, Tổng thống Afghanistan Ghani chính thức thừa nhận sự sụp đổ của chính phủ, nhấn mạnh rằng ông rời khỏi đất nước để tránh xung đột đẫm máu.","Ngày 16/8, Tổng thống Afghanistan Ghani chính thức thừa nhận sự sụp đổ của chính phủ, nhấn mạnh rằng ông rời khỏi đất nước để tránh xung đột đẫm máu.",0,rule_based,deterministic-rule-baseline-precomputed,analysis_csv,0.0,identity,ok
vi-zh-2022-test-0254,8月16日，阿富汗总统加尼正式承认其政府垮台，强调他离开该国是为了避免发生血腥冲突。,"Ngày 16/8, Tổng thống Afghanistan Ghani chính thức thừa nhận sự sụp đổ của chính phủ, nhấn mạnh rằng ông rời khỏi đất nước để tránh xung đột đẫm máu.","Ngay 16/8, Tổng thống Afghanistan Ghani chính thức thừa nhận sự sụp đổ của chính phủ, nhấn mạnh rằng ông rời khỏi đất nước để tránh xung đột đẫm máu.",1,rule_based,deterministic-rule-baseline-precomputed,analysis_csv,0.0,remove_one_tone,ok
vi-zh-2022-test-0254,8月16日，阿富汗总统加尼正式承认其政府垮台，强调他离开该国是为了避免发生血腥冲突。,"Ngày 16/8, Tổng thống Afghanistan Ghani chính thức thừa nhận sự sụp đổ của chính phủ, nhấn mạnh rằng ông rời khỏi đất nước để tránh xung đột đẫm máu.","Ngay 16/8, Tong thong Afghanistan Ghani chinh thuc thua nhan su sup đo cua chinh nhan manh rang ong roi khoi đat nuoc đe tranh xung đot đam mau.",2,rule_based,deterministic-rule-baseline-precomputed,analysis_csv,0.0,remove_tones_and_drop_one_word,ok
vi-zh-2022-test-0254,8月16日，阿富汗总统加尼正式承认其政府垮台，强调他离开该国是为了避免发生血腥冲突。,"Ngày 16/8, Tổng thống Afghanistan Ghani chính thức thừa nhận sự sụp đổ của chính phủ, nhấn mạnh rằng ông rời khỏi đất nước để tránh xung đột đẫm máu.","Ngày 16/8, Tổng thống Ghani chính thức thừa nhận sự sụp đổ của chính phủ, nhấn rằng ông khỏi đất nước để xung đột đẫm máu.",3,rule_based,deterministic-rule-baseline-precomputed,analysis_csv,0.0,word_dropout_15pct,ok
vi-zh-2022-test-0254,8月16日，阿富汗总统加尼正式承认其政府垮台，强调他离开该国是为了避免发生血腥冲突。,"Ngày 16/8, Tổng thống Afghanistan Ghani chính thức thừa nhận sự sụp đổ của chính phủ, nhấn mạnh rằng ông rời khỏi đất nước để tránh xung đột đẫm máu.","Ngày Tổng 16/8, thống Ghani nhận sự sụp của phủ, nhấn mạnh rằng ông rời khỏi đất tránh đột đẫm máu.",4,rule_based,deterministic-rule-baseline-precomputed,analysis_csv,0.0,word_dropout_30pct_and_swap,ok
vi-zh-2022-test-0254,8月16日，阿富汗总统加尼正式承认其政府垮台，强调他离开该国是为了避免发生血腥冲突。,"Ngày 16/8, Tổng thống Afghanistan Ghani chính thức thừa nhận sự sụp đổ của chính phủ, nhấn mạnh rằng ông rời khỏi đất nước để tránh xung đột đẫm máu.",thống Afghanistan thức thừa đổ chính phủ nhấn mạnh ông rời khỏi đất tránh đẫm,5,rule_based,deterministic-rule-baseline-precomputed,analysis_csv,0.0,word_dropout_50pct_and_punctuation_remove,ok
vi-zh-2022-test-0255,加尼还指控塔利班对该国的民主进程进行武力抵抗。,Ghani cũng cáo buộc Taliban có vũ trang chống lại tiến trình dân chủ của đất nước.,Ghani cũng cáo buộc Taliban có vũ trang chống lại tiến trình dân chủ của đất nước.,0,rule_based,deterministic-rule-baseline-precomputed,analysis_csv,0.0,identity,ok
vi-zh-2022-test-0255,加尼还指控塔利班对该国的民主进程进行武力抵抗。,Ghani cũng cáo buộc Taliban có vũ trang chống lại tiến trình dân chủ của đất nước.,Ghani cung cáo buộc Taliban có vũ trang chống lại tiến trình dân chủ của đất nước.,1,rule_based,deterministic-rule-baseline-precomputed,analysis_csv,0.0,remove_one_tone,ok
vi-zh-2022-test-0255,加尼还指控塔利班对该国的民主进程进行武力抵抗。,Ghani cũng cáo buộc Taliban có vũ trang chống lại tiến trình dân chủ của đất nước.,Ghani cung cao buoc Taliban co vu trang lai tien trinh dan chu cua đat nuoc.,2,rule_based,deterministic-rule-baseline-precomputed,analysis_csv,0.0,remove_tones_and_drop_one_word,ok
vi-zh-2022-test-0255,加尼还指控塔利班对该国的民主进程进行武力抵抗。,Ghani cũng cáo buộc Taliban có vũ trang chống lại tiến trình dân chủ của đất nước.,Ghani cáo buộc Taliban có vũ trang chống lại trình chủ của đất nước.,3,rule_based,deterministic-rule-baseline-precomputed,analysis_csv,0.0,word_dropout_15pct,ok
vi-zh-2022-test-0255,加尼还指控塔利班对该国的民主进程进行武力抵抗。,Ghani cũng cáo buộc Taliban có vũ trang chống lại tiến trình dân chủ của đất nước.,cũng Taliban buộc trang chống lại tiến dân chủ của đất nước.,4,rule_based,deterministic-rule-baseline-precomputed,analysis_csv,0.0,word_dropout_30pct_and_swap,ok
vi-zh-2022-test-0255,加尼还指控塔利班对该国的民主进程进行武力抵抗。,Ghani cũng cáo buộc Taliban có vũ trang chống lại tiến trình dân chủ của đất nước.,Ghani buộc vũ trình chủ của đất nước,5,rule_based,deterministic-rule-baseline-precomputed,analysis_csv,0.0,word_dropout_50pct_and_punctuation_remove,ok
vi-zh-2022-test-0256,特别是，塔利班承诺，新政府成员将包括该组织以外的人物，尊重妇女和少数民族的权利，以及伊斯兰教法框架内的言论自由。,"Đặc biệt, Taliban hứa rằng các thành viên của chính phủ mới sẽ bao gồm những người bên ngoài tổ chức, tôn trọng quyền của phụ nữ và dân tộc thiểu số, và tự do ngôn luận trong khuôn khổ luật Hồi giáo.","Đặc biệt, Taliban hứa rằng các thành viên của chính phủ mới sẽ bao gồm những người bên ngoài tổ chức, tôn trọng quyền của phụ nữ và dân tộc thiểu số, và tự do ngôn luận trong khuôn khổ luật Hồi giáo.",0,rule_based,deterministic-rule-baseline-precomputed,analysis_csv,0.0,identity,ok
vi-zh-2022-test-0256,特别是，塔利班承诺，新政府成员将包括该组织以外的人物，尊重妇女和少数民族的权利，以及伊斯兰教法框架内的言论自由。,"Đặc biệt, Taliban hứa rằng các thành viên của chính phủ mới sẽ bao gồm những người bên ngoài tổ chức, tôn trọng quyền của phụ nữ và dân tộc thiểu số, và tự do ngôn luận trong khuôn khổ luật Hồi giáo.","Đac biệt, Taliban hứa rằng các thành viên của chính phủ mới sẽ bao gồm những người bên ngoài tổ chức, tôn trọng quyền của phụ nữ và dân tộc thiểu số, và tự do ngôn luận trong khuôn khổ luật Hồi giáo.",1,rule_based,deterministic-rule-baseline-precomputed,analysis_csv,0.0,remove_one_tone,ok
vi-zh-2022-test-0256,特别是，塔利班承诺，新政府成员将包括该组织以外的人物，尊重妇女和少数民族的权利，以及伊斯兰教法框架内的言论自由。,"Đặc biệt, Taliban hứa rằng các thành viên của chính phủ mới sẽ bao gồm những người bên ngoài tổ chức, tôn trọng quyền của phụ nữ và dân tộc thiểu số, và tự do ngôn luận trong khuôn khổ luật Hồi giáo.","Đac biet, Taliban hua rang cac thanh vien cua chinh phu moi se bao gom nhung nguoi ben ngoai to chuc, trong quyen cua phu nu va dan toc thieu so, va tu do ngon luan trong khuon kho luat Hoi giao.",2,rule_based,deterministic-rule-baseline-precomputed,analysis_csv,0.0,remove_tones_and_drop_one_word,ok
vi-zh-2022-test-0256,特别是，塔利班承诺，新政府成员将包括该组织以外的人物，尊重妇女和少数民族的权利，以及伊斯兰教法框架内的言论自由。,"Đặc biệt, Taliban hứa rằng các thành viên của chính phủ mới sẽ bao gồm những người bên ngoài tổ chức, tôn trọng quyền của phụ nữ và dân tộc thiểu số, và tự do ngôn luận trong khuôn khổ luật Hồi giáo.","Đặc biệt, Taliban hứa rằng các thành viên của chính phủ sẽ bao gồm những người bên tổ chức, tôn trọng của phụ nữ dân tộc thiểu số, tự do ngôn luận trong khuôn khổ luật giáo.",3,rule_based,deterministic-rule-baseline-precomputed,analysis_csv,0.0,word_dropout_15pct,ok
vi-zh-2022-test-0256,特别是，塔利班承诺，新政府成员将包括该组织以外的人物，尊重妇女和少数民族的权利，以及伊斯兰教法框架内的言论自由。,"Đặc biệt, Taliban hứa rằng các thành viên của chính phủ mới sẽ bao gồm những người bên ngoài tổ chức, tôn trọng quyền của phụ nữ và dân tộc thiểu số, và tự do ngôn luận trong khuôn khổ luật Hồi giáo.","Đặc Taliban biệt, hứa rằng thành viên phủ mới sẽ người bên ngoài chức, tôn của phụ nữ dân thiểu và tự do ngôn luận trong khổ luật Hồi giáo.",4,rule_based,deterministic-rule-baseline-precomputed,analysis_csv,0.0,word_dropout_30pct_and_swap,ok
vi-zh-2022-test-0256,特别是，塔利班承诺，新政府成员将包括该组织以外的人物，尊重妇女和少数民族的权利，以及伊斯兰教法框架内的言论自由。,"Đặc biệt, Taliban hứa rằng các thành viên của chính phủ mới sẽ bao gồm những người bên ngoài tổ chức, tôn trọng quyền của phụ nữ và dân tộc thiểu số, và tự do ngôn luận trong khuôn khổ luật Hồi giáo.",biệt Taliban các của phủ sẽ những người bên ngoài tổ tôn phụ nữ thiểu và tự do luận trong khuôn giáo,5,rule_based,deterministic-rule-baseline-precomputed,analysis_csv,0.0,word_dropout_50pct_and_punctuation_remove,ok
vi-zh-2022-test-0257,但是，根据情报界以及美国和欧洲分析人士的评价，在塔利班领导下的阿富汗国家和人民的未来并不确定。,"Tuy nhiên, theo đánh giá của giới tình báo và giới phân tích Mỹ và châu Âu, tương lai của đất nước và người dân Afghanistan dưới sự lãnh đạo của Taliban là không chắc chắn.","Tuy nhiên, theo đánh giá của giới tình báo và giới phân tích Mỹ và châu Âu, tương lai của đất nước và người dân Afghanistan dưới sự lãnh đạo của Taliban là không chắc chắn.",0,rule_based,deterministic-rule-baseline-precomputed,analysis_csv,0.0,identity,ok
vi-zh-2022-test-0257,但是，根据情报界以及美国和欧洲分析人士的评价，在塔利班领导下的阿富汗国家和人民的未来并不确定。,"Tuy nhiên, theo đánh giá của giới tình báo và giới phân tích Mỹ và châu Âu, tương lai của đất nước và người dân Afghanistan dưới sự lãnh đạo của Taliban là không chắc chắn.","Tuy nhien, theo đánh giá của giới tình báo và giới phân tích Mỹ và châu Âu, tương lai của đất nước và người dân Afghanistan dưới sự lãnh đạo của Taliban là không chắc chắn.",1,rule_based,deterministic-rule-baseline-precomputed,analysis_csv,0.0,remove_one_tone,ok
vi-zh-2022-test-0257,但是，根据情报界以及美国和欧洲分析人士的评价，在塔利班领导下的阿富汗国家和人民的未来并不确定。,"Tuy nhiên, theo đánh giá của giới tình báo và giới phân tích Mỹ và châu Âu, tương lai của đất nước và người dân Afghanistan dưới sự lãnh đạo của Taliban là không chắc chắn.","Tuy nhien, theo đanh gia cua gioi tinh bao va gioi phan tich My va chau Au, tuong cua đat nuoc va nguoi dan Afghanistan duoi su lanh đao cua Taliban la khong chac chan.",2,rule_based,deterministic-rule-baseline-precomputed,analysis_csv,0.0,remove_tones_and_drop_one_word,ok
vi-zh-2022-test-0257,但是，根据情报界以及美国和欧洲分析人士的评价，在塔利班领导下的阿富汗国家和人民的未来并不确定。,"Tuy nhiên, theo đánh giá của giới tình báo và giới phân tích Mỹ và châu Âu, tương lai của đất nước và người dân Afghanistan dưới sự lãnh đạo của Taliban là không chắc chắn.","Tuy nhiên, đánh giá của giới tình báo và giới phân tích châu Âu, tương của đất nước và dân Afghanistan dưới sự lãnh đạo của Taliban là không chắc chắn.",3,rule_based,deterministic-rule-baseline-precomputed,analysis_csv,0.0,word_dropout_15pct,ok
vi-zh-2022-test-0257,但是，根据情报界以及美国和欧洲分析人士的评价，在塔利班领导下的阿富汗国家和人民的未来并不确定。,"Tuy nhiên, theo đánh giá của giới tình báo và giới phân tích Mỹ và châu Âu, tương lai của đất nước và người dân Afghanistan dưới sự lãnh đạo của Taliban là không chắc chắn.","Tuy theo nhiên, đánh giá của báo và giới tích Mỹ châu Âu, tương lai nước Afghanistan lãnh đạo của Taliban là không chắc chắn.",4,rule_based,deterministic-rule-baseline-precomputed,analysis_csv,0.0,word_dropout_30pct_and_swap,ok
vi-zh-2022-test-0257,但是，根据情报界以及美国和欧洲分析人士的评价，在塔利班领导下的阿富汗国家和人民的未来并不确定。,"Tuy nhiên, theo đánh giá của giới tình báo và giới phân tích Mỹ và châu Âu, tương lai của đất nước và người dân Afghanistan dưới sự lãnh đạo của Taliban là không chắc chắn.",nhiên tình báo và Mỹ lai nước người dân Afghanistan sự lãnh đạo của Taliban là không chắn,5,rule_based,deterministic-rule-baseline-precomputed,analysis_csv,0.0,word_dropout_50pct_and_punctuation_remove,ok
vi-zh-2022-test-0258,首先，塔利班是武装力量，而不是适合治国的民事政治组织。,"Trước hết, Taliban là một lực lượng vũ trang, không phải là một tổ chức chính trị dân sự thích hợp để điều hành đất nước.","Trước hết, Taliban là một lực lượng vũ trang, không phải là một tổ chức chính trị dân sự thích hợp để điều hành đất nước.",0,rule_based,deterministic-rule-baseline-precomputed,analysis_csv,0.0,identity,ok
vi-zh-2022-test-0258,首先，塔利班是武装力量，而不是适合治国的民事政治组织。,"Trước hết, Taliban là một lực lượng vũ trang, không phải là một tổ chức chính trị dân sự thích hợp để điều hành đất nước.","Truoc hết, Taliban là một lực lượng vũ trang, không phải là một tổ chức chính trị dân sự thích hợp để điều hành đất nước.",1,rule_based,deterministic-rule-baseline-precomputed,analysis_csv,0.0,remove_one_tone,ok
vi-zh-2022-test-0258,首先，塔利班是武装力量，而不是适合治国的民事政治组织。,"Trước hết, Taliban là một lực lượng vũ trang, không phải là một tổ chức chính trị dân sự thích hợp để điều hành đất nước.","Truoc het, Taliban la mot luc luong vu trang, khong phai la mot chuc chinh tri dan su thich hop đe đieu hanh đat nuoc.",2,rule_based,deterministic-rule-baseline-precomputed,analysis_csv,0.0,remove_tones_and_drop_one_word,ok
vi-zh-2022-test-0258,首先，塔利班是武装力量，而不是适合治国的民事政治组织。,"Trước hết, Taliban là một lực lượng vũ trang, không phải là một tổ chức chính trị dân sự thích hợp để điều hành đất nước.","Trước hết, Taliban là một lực lượng vũ trang, không là một tổ trị dân sự thích hợp điều hành đất nước.",3,rule_based,deterministic-rule-baseline-precomputed,analysis_csv,0.0,word_dropout_15pct,ok
vi-zh-2022-test-0258,首先，塔利班是武装力量，而不是适合治国的民事政治组织。,"Trước hết, Taliban là một lực lượng vũ trang, không phải là một tổ chức chính trị dân sự thích hợp để điều hành đất nước.","Trước một hết, lượng vũ không phải một tổ chức chính trị dân thích hợp hành đất nước.",4,rule_based,deterministic-rule-baseline-precomputed,analysis_csv,0.0,word_dropout_30pct_and_swap,ok
vi-zh-2022-test-0258,首先，塔利班是武装力量，而不是适合治国的民事政治组织。,"Trước hết, Taliban là một lực lượng vũ trang, không phải là một tổ chức chính trị dân sự thích hợp để điều hành đất nước.",một lực không một chính trị dân sự hợp để hành đất nước,5,rule_based,deterministic-rule-baseline-precomputed,analysis_csv,0.0,word_dropout_50pct_and_punctuation_remove,ok
vi-zh-2022-test-0259,同时，经过多年战争，阿富汗正处于财政枯竭和社会政治安全日益不稳定的状态。,"Đồng thời, sau nhiều năm chiến tranh, Afghanistan đang rơi vào tình trạng kiệt quệ về tài chính và an ninh chính trị xã hội ngày càng bất ổn.","Đồng thời, sau nhiều năm chiến tranh, Afghanistan đang rơi vào tình trạng kiệt quệ về tài chính và an ninh chính trị xã hội ngày càng bất ổn.",0,rule_based,deterministic-rule-baseline-precomputed,analysis_csv,0.0,identity,ok
vi-zh-2022-test-0259,同时，经过多年战争，阿富汗正处于财政枯竭和社会政治安全日益不稳定的状态。,"Đồng thời, sau nhiều năm chiến tranh, Afghanistan đang rơi vào tình trạng kiệt quệ về tài chính và an ninh chính trị xã hội ngày càng bất ổn.","Đong thời, sau nhiều năm chiến tranh, Afghanistan đang rơi vào tình trạng kiệt quệ về tài chính và an ninh chính trị xã hội ngày càng bất ổn.",1,rule_based,deterministic-rule-baseline-precomputed,analysis_csv,0.0,remove_one_tone,ok
vi-zh-2022-test-0259,同时，经过多年战争，阿富汗正处于财政枯竭和社会政治安全日益不稳定的状态。,"Đồng thời, sau nhiều năm chiến tranh, Afghanistan đang rơi vào tình trạng kiệt quệ về tài chính và an ninh chính trị xã hội ngày càng bất ổn.","Đong thoi, sau nhieu nam chien tranh, Afghanistan đang roi vao tinh trang kiet ve tai chinh va an ninh chinh tri xa hoi ngay cang bat on.",2,rule_based,deterministic-rule-baseline-precomputed,analysis_csv,0.0,remove_tones_and_drop_one_word,ok
vi-zh-2022-test-0259,同时，经过多年战争，阿富汗正处于财政枯竭和社会政治安全日益不稳定的状态。,"Đồng thời, sau nhiều năm chiến tranh, Afghanistan đang rơi vào tình trạng kiệt quệ về tài chính và an ninh chính trị xã hội ngày càng bất ổn.","thời, sau nhiều năm tranh, Afghanistan đang rơi vào trạng kiệt quệ về tài và an ninh chính trị xã hội ngày càng bất ổn.",3,rule_based,deterministic-rule-baseline-precomputed,analysis_csv,0.0,word_dropout_15pct,ok
vi-zh-2022-test-0259,同时，经过多年战争，阿富汗正处于财政枯竭和社会政治安全日益不稳定的状态。,"Đồng thời, sau nhiều năm chiến tranh, Afghanistan đang rơi vào tình trạng kiệt quệ về tài chính và an ninh chính trị xã hội ngày càng bất ổn.",Đồng nhiều sau chiến Afghanistan rơi tình trạng quệ về tài và an ninh chính trị hội càng bất ổn.,4,rule_based,deterministic-rule-baseline-precomputed,analysis_csv,0.0,word_dropout_30pct_and_swap,ok
vi-zh-2022-test-0259,同时，经过多年战争，阿富汗正处于财政枯竭和社会政治安全日益不稳定的状态。,"Đồng thời, sau nhiều năm chiến tranh, Afghanistan đang rơi vào tình trạng kiệt quệ về tài chính và an ninh chính trị xã hội ngày càng bất ổn.",thời sau tranh đang tình trạng kiệt tài chính và an ngày càng ổn,5,rule_based,deterministic-rule-baseline-precomputed,analysis_csv,0.0,word_dropout_50pct_and_punctuation_remove,ok
vi-zh-2022-test-0260,在塔利班政权之下，阿富汗人民将如何生活和建设国家，所有问题都会在不久的将来获得解答。,"Dưới chế độ Taliban, người dân Afghanistan sẽ sống và xây dựng đất nước như thế nào, tất cả câu hỏi sẽ được giải đáp trong thời gian sắp tới.","Dưới chế độ Taliban, người dân Afghanistan sẽ sống và xây dựng đất nước như thế nào, tất cả câu hỏi sẽ được giải đáp trong thời gian sắp tới.",0,rule_based,deterministic-rule-baseline-precomputed,analysis_csv,0.0,identity,ok
vi-zh-2022-test-0260,在塔利班政权之下，阿富汗人民将如何生活和建设国家，所有问题都会在不久的将来获得解答。,"Dưới chế độ Taliban, người dân Afghanistan sẽ sống và xây dựng đất nước như thế nào, tất cả câu hỏi sẽ được giải đáp trong thời gian sắp tới.","Duoi chế độ Taliban, người dân Afghanistan sẽ sống và xây dựng đất nước như thế nào, tất cả câu hỏi sẽ được giải đáp trong thời gian sắp tới.",1,rule_based,deterministic-rule-baseline-precomputed,analysis_csv,0.0,remove_one_tone,ok
vi-zh-2022-test-0260,在塔利班政权之下，阿富汗人民将如何生活和建设国家，所有问题都会在不久的将来获得解答。,"Dưới chế độ Taliban, người dân Afghanistan sẽ sống và xây dựng đất nước như thế nào, tất cả câu hỏi sẽ được giải đáp trong thời gian sắp tới.","Duoi che đo Taliban, nguoi dan Afghanistan se song va xay dung đat nuoc nhu nao, tat ca cau hoi se đuoc giai đap trong thoi gian sap toi.",2,rule_based,deterministic-rule-baseline-precomputed,analysis_csv,0.0,remove_tones_and_drop_one_word,ok
vi-zh-2022-test-0260,在塔利班政权之下，阿富汗人民将如何生活和建设国家，所有问题都会在不久的将来获得解答。,"Dưới chế độ Taliban, người dân Afghanistan sẽ sống và xây dựng đất nước như thế nào, tất cả câu hỏi sẽ được giải đáp trong thời gian sắp tới.","Dưới chế độ Taliban, dân Afghanistan sẽ và xây dựng đất nước như thế nào, cả câu hỏi sẽ được giải đáp trong gian sắp tới.",3,rule_based,deterministic-rule-baseline-precomputed,analysis_csv,0.0,word_dropout_15pct,ok
vi-zh-2022-test-0260,在塔利班政权之下，阿富汗人民将如何生活和建设国家，所有问题都会在不久的将来获得解答。,"Dưới chế độ Taliban, người dân Afghanistan sẽ sống và xây dựng đất nước như thế nào, tất cả câu hỏi sẽ được giải đáp trong thời gian sắp tới.","chế Afghanistan độ sống và xây dựng đất nước như nào, tất cả câu hỏi sẽ đáp trong thời sắp tới.",4,rule_based,deterministic-rule-baseline-precomputed,analysis_csv,0.0,word_dropout_30pct_and_swap,ok
vi-zh-2022-test-0260,在塔利班政权之下，阿富汗人民将如何生活和建设国家，所有问题都会在不久的将来获得解答。,"Dưới chế độ Taliban, người dân Afghanistan sẽ sống và xây dựng đất nước như thế nào, tất cả câu hỏi sẽ được giải đáp trong thời gian sắp tới.",Dưới Taliban Afghanistan sống và dựng đất nước thế nào hỏi được đáp gian sắp,5,rule_based,deterministic-rule-baseline-precomputed,analysis_csv,0.0,word_dropout_50pct_and_punctuation_remove,ok
vi-zh-2022-test-0261,但从经济角度看，遭受损失最大的是企业。,"Nhưng ở góc độ kinh tế, chính doanh nghiệp là người chịu thiệt nhất.","Nhưng ở góc độ kinh tế, chính doanh nghiệp là người chịu thiệt nhất.",0,rule_based,deterministic-rule-baseline-precomputed,analysis_csv,0.0,identity,ok
vi-zh-2022-test-0261,但从经济角度看，遭受损失最大的是企业。,"Nhưng ở góc độ kinh tế, chính doanh nghiệp là người chịu thiệt nhất.","Nhung ở góc độ kinh tế, chính doanh nghiệp là người chịu thiệt nhất.",1,rule_based,deterministic-rule-baseline-precomputed,analysis_csv,0.0,remove_one_tone,ok
vi-zh-2022-test-0261,但从经济角度看，遭受损失最大的是企业。,"Nhưng ở góc độ kinh tế, chính doanh nghiệp là người chịu thiệt nhất.","Nhung o goc đo kinh te, chinh nghiep la nguoi chiu thiet nhat.",2,rule_based,deterministic-rule-baseline-precomputed,analysis_csv,0.0,remove_tones_and_drop_one_word,ok
vi-zh-2022-test-0261,但从经济角度看，遭受损失最大的是企业。,"Nhưng ở góc độ kinh tế, chính doanh nghiệp là người chịu thiệt nhất.","Nhưng góc độ kinh tế, chính nghiệp là người chịu thiệt nhất.",3,rule_based,deterministic-rule-baseline-precomputed,analysis_csv,0.0,word_dropout_15pct,ok
vi-zh-2022-test-0261,但从经济角度看，遭受损失最大的是企业。,"Nhưng ở góc độ kinh tế, chính doanh nghiệp là người chịu thiệt nhất.",Nhưng độ góc kinh chính doanh nghiệp người chịu thiệt,4,rule_based,deterministic-rule-baseline-precomputed,analysis_csv,0.0,word_dropout_30pct_and_swap,ok
vi-zh-2022-test-0261,但从经济角度看，遭受损失最大的是企业。,"Nhưng ở góc độ kinh tế, chính doanh nghiệp là người chịu thiệt nhất.",góc kinh tế chính nghiệp người nhất,5,rule_based,deterministic-rule-baseline-precomputed,analysis_csv,0.0,word_dropout_50pct_and_punctuation_remove,ok
vi-zh-2022-test-0262,在力所能及的范围内，为减少企业的困难，越南政府、各部门和各地政府都为企业维持、恢复和发展生产创造了机制政策等便利条件。,"Trong phạm vi có thể, để giảm bớt khó khăn cho doanh nghiệp, Chính phủ Việt Nam, các ban ngành và chính quyền địa phương đã tạo cơ chế, chính sách để doanh nghiệp duy trì, khôi phục và phát triển sản xuất.","Trong phạm vi có thể, để giảm bớt khó khăn cho doanh nghiệp, Chính phủ Việt Nam, các ban ngành và chính quyền địa phương đã tạo cơ chế, chính sách để doanh nghiệp duy trì, khôi phục và phát triển sản xuất.",0,rule_based,deterministic-rule-baseline-precomputed,analysis_csv,0.0,identity,ok
vi-zh-2022-test-0262,在力所能及的范围内，为减少企业的困难，越南政府、各部门和各地政府都为企业维持、恢复和发展生产创造了机制政策等便利条件。,"Trong phạm vi có thể, để giảm bớt khó khăn cho doanh nghiệp, Chính phủ Việt Nam, các ban ngành và chính quyền địa phương đã tạo cơ chế, chính sách để doanh nghiệp duy trì, khôi phục và phát triển sản xuất.","Trong pham vi có thể, để giảm bớt khó khăn cho doanh nghiệp, Chính phủ Việt Nam, các ban ngành và chính quyền địa phương đã tạo cơ chế, chính sách để doanh nghiệp duy trì, khôi phục và phát triển sản xuất.",1,rule_based,deterministic-rule-baseline-precomputed,analysis_csv,0.0,remove_one_tone,ok
vi-zh-2022-test-0262,在力所能及的范围内，为减少企业的困难，越南政府、各部门和各地政府都为企业维持、恢复和发展生产创造了机制政策等便利条件。,"Trong phạm vi có thể, để giảm bớt khó khăn cho doanh nghiệp, Chính phủ Việt Nam, các ban ngành và chính quyền địa phương đã tạo cơ chế, chính sách để doanh nghiệp duy trì, khôi phục và phát triển sản xuất.","Trong pham vi co the, đe giam bot kho khan cho doanh nghiep, Chinh phu Viet Nam, cac ban nganh va quyen đia phuong đa tao co che, chinh sach đe doanh nghiep duy tri, khoi phuc va phat trien san xuat.",2,rule_based,deterministic-rule-baseline-precomputed,analysis_csv,0.0,remove_tones_and_drop_one_word,ok
vi-zh-2022-test-0262,在力所能及的范围内，为减少企业的困难，越南政府、各部门和各地政府都为企业维持、恢复和发展生产创造了机制政策等便利条件。,"Trong phạm vi có thể, để giảm bớt khó khăn cho doanh nghiệp, Chính phủ Việt Nam, các ban ngành và chính quyền địa phương đã tạo cơ chế, chính sách để doanh nghiệp duy trì, khôi phục và phát triển sản xuất.","phạm vi có thể, để giảm bớt khó khăn cho nghiệp, Chính phủ Việt Nam, các ban ngành và chính quyền địa phương tạo cơ chế, chính sách để doanh nghiệp duy trì, khôi và triển sản",3,rule_based,deterministic-rule-baseline-precomputed,analysis_csv,0.0,word_dropout_15pct,ok
vi-zh-2022-test-0262,在力所能及的范围内，为减少企业的困难，越南政府、各部门和各地政府都为企业维持、恢复和发展生产创造了机制政策等便利条件。,"Trong phạm vi có thể, để giảm bớt khó khăn cho doanh nghiệp, Chính phủ Việt Nam, các ban ngành và chính quyền địa phương đã tạo cơ chế, chính sách để doanh nghiệp duy trì, khôi phục và phát triển sản xuất.","Trong vi phạm có để bớt khó khăn cho doanh nghiệp, Chính phủ Việt các ngành và chính quyền địa đã tạo cơ chính để doanh duy khôi phục xuất.",4,rule_based,deterministic-rule-baseline-precomputed,analysis_csv,0.0,word_dropout_30pct_and_swap,ok
vi-zh-2022-test-0262,在力所能及的范围内，为减少企业的困难，越南政府、各部门和各地政府都为企业维持、恢复和发展生产创造了机制政策等便利条件。,"Trong phạm vi có thể, để giảm bớt khó khăn cho doanh nghiệp, Chính phủ Việt Nam, các ban ngành và chính quyền địa phương đã tạo cơ chế, chính sách để doanh nghiệp duy trì, khôi phục và phát triển sản xuất.",Trong có thể bớt khó doanh nghiệp Chính phủ Việt Nam các ngành chính quyền phương đã để nghiệp khôi triển sản,5,rule_based,deterministic-rule-baseline-precomputed,analysis_csv,0.0,word_dropout_50pct_and_punctuation_remove,ok
vi-zh-2022-test-0263,政府还主动颁布《关于延长2021年增值税、企业所得税、个人所得税和土地租赁费缴纳期限的第52号议定》、《关于继续在疫情期间采取解决生产经营困难、推动落实公共投资资金、保障社会秩序和安全等任务和措施的第84号决议》、《关于救助因疫遇困者的第42号决议》、《关于支持因新冠肺炎疫情而面临困难的雇员和雇主的多项政策的第68号决议》，并削减了多种行政手续。,"Chính phủ cũng đã chủ động ban hành ""Thỏa thuận số 52 về việc kéo dài thời gian nộp thuế giá trị gia tăng, thuế thu nhập doanh nghiệp, thuế thu nhập cá nhân và tiền thuê đất năm 2021"" và ""Về các biện pháp tiếp tục giải quyết khó khăn trong sản xuất và vận hành, thúc đẩy việc thực hiện các quỹ đầu tư công và bảo vệ xã hội trong thời kỳ đại dịch Nghị quyết số 84 về các nhiệm vụ và biện pháp bảo đảm trật tự và an toàn, Nghị quyết số 42 về cứu trợ người dân gặp khó khăn do giải quyết đại dịch, và cắt giảm một loạt các thủ tục hành chính.","Chính phủ cũng đã chủ động ban hành ""Thỏa thuận số 52 về việc kéo dài thời gian nộp thuế giá trị gia tăng, thuế thu nhập doanh nghiệp, thuế thu nhập cá nhân và tiền thuê đất năm 2021"" và ""Về các biện pháp tiếp tục giải quyết khó khăn trong sản xuất và vận hành, thúc đẩy việc thực hiện các quỹ đầu tư công và bảo vệ xã hội trong thời kỳ đại dịch Nghị quyết số 84 về các nhiệm vụ và biện pháp bảo đảm trật tự và an toàn, Nghị quyết số 42 về cứu trợ người dân gặp khó khăn do giải quyết đại dịch, và cắt giảm một loạt các thủ tục hành chính.",0,rule_based,deterministic-rule-baseline-precomputed,analysis_csv,0.0,identity,ok
vi-zh-2022-test-0263,政府还主动颁布《关于延长2021年增值税、企业所得税、个人所得税和土地租赁费缴纳期限的第52号议定》、《关于继续在疫情期间采取解决生产经营困难、推动落实公共投资资金、保障社会秩序和安全等任务和措施的第84号决议》、《关于救助因疫遇困者的第42号决议》、《关于支持因新冠肺炎疫情而面临困难的雇员和雇主的多项政策的第68号决议》，并削减了多种行政手续。,"Chính phủ cũng đã chủ động ban hành ""Thỏa thuận số 52 về việc kéo dài thời gian nộp thuế giá trị gia tăng, thuế thu nhập doanh nghiệp, thuế thu nhập cá nhân và tiền thuê đất năm 2021"" và ""Về các biện pháp tiếp tục giải quyết khó khăn trong sản xuất và vận hành, thúc đẩy việc thực hiện các quỹ đầu tư công và bảo vệ xã hội trong thời kỳ đại dịch Nghị quyết số 84 về các nhiệm vụ và biện pháp bảo đảm trật tự và an toàn, Nghị quyết số 42 về cứu trợ người dân gặp khó khăn do giải quyết đại dịch, và cắt giảm một loạt các thủ tục hành chính.","Chinh phủ cũng đã chủ động ban hành ""Thỏa thuận số 52 về việc kéo dài thời gian nộp thuế giá trị gia tăng, thuế thu nhập doanh nghiệp, thuế thu nhập cá nhân và tiền thuê đất năm 2021"" và ""Về các biện pháp tiếp tục giải quyết khó khăn trong sản xuất và vận hành, thúc đẩy việc thực hiện các quỹ đầu tư công và bảo vệ xã hội trong thời kỳ đại dịch Nghị quyết số 84 về các nhiệm vụ và biện pháp bảo đảm trật tự và an toàn, Nghị quyết số 42 về cứu trợ người dân gặp khó khăn do giải quyết đại dịch, và cắt giảm một loạt các thủ tục hành chính.",1,rule_based,deterministic-rule-baseline-precomputed,analysis_csv,0.0,remove_one_tone,ok
vi-zh-2022-test-0263,政府还主动颁布《关于延长2021年增值税、企业所得税、个人所得税和土地租赁费缴纳期限的第52号议定》、《关于继续在疫情期间采取解决生产经营困难、推动落实公共投资资金、保障社会秩序和安全等任务和措施的第84号决议》、《关于救助因疫遇困者的第42号决议》、《关于支持因新冠肺炎疫情而面临困难的雇员和雇主的多项政策的第68号决议》，并削减了多种行政手续。,"Chính phủ cũng đã chủ động ban hành ""Thỏa thuận số 52 về việc kéo dài thời gian nộp thuế giá trị gia tăng, thuế thu nhập doanh nghiệp, thuế thu nhập cá nhân và tiền thuê đất năm 2021"" và ""Về các biện pháp tiếp tục giải quyết khó khăn trong sản xuất và vận hành, thúc đẩy việc thực hiện các quỹ đầu tư công và bảo vệ xã hội trong thời kỳ đại dịch Nghị quyết số 84 về các nhiệm vụ và biện pháp bảo đảm trật tự và an toàn, Nghị quyết số 42 về cứu trợ người dân gặp khó khăn do giải quyết đại dịch, và cắt giảm một loạt các thủ tục hành chính.","Chinh phu cung đa chu đong ban hanh ""Thoa thuan so 52 ve viec keo dai thoi gian nop thue gia tri gia tang, thue thu nhap doanh nghiep, thue thu nhap ca nhan va tien thue đat nam 2021"" va ""Ve cac bien phap tiep tuc giai quyet kho khan trong san xuat va van hanh, thuc đay viec thuc cac quy đau tu cong va bao ve xa hoi trong thoi ky đai dich Nghi quyet so 84 ve cac nhiem vu va bien phap bao đam trat tu va an toan, Nghi quyet so 42 ve cuu tro nguoi dan gap kho khan do giai quyet đai dich, va cat giam mot loat cac thu tuc hanh chinh.",2,rule_based,deterministic-rule-baseline-precomputed,analysis_csv,0.0,remove_tones_and_drop_one_word,ok
vi-zh-2022-test-0263,政府还主动颁布《关于延长2021年增值税、企业所得税、个人所得税和土地租赁费缴纳期限的第52号议定》、《关于继续在疫情期间采取解决生产经营困难、推动落实公共投资资金、保障社会秩序和安全等任务和措施的第84号决议》、《关于救助因疫遇困者的第42号决议》、《关于支持因新冠肺炎疫情而面临困难的雇员和雇主的多项政策的第68号决议》，并削减了多种行政手续。,"Chính phủ cũng đã chủ động ban hành ""Thỏa thuận số 52 về việc kéo dài thời gian nộp thuế giá trị gia tăng, thuế thu nhập doanh nghiệp, thuế thu nhập cá nhân và tiền thuê đất năm 2021"" và ""Về các biện pháp tiếp tục giải quyết khó khăn trong sản xuất và vận hành, thúc đẩy việc thực hiện các quỹ đầu tư công và bảo vệ xã hội trong thời kỳ đại dịch Nghị quyết số 84 về các nhiệm vụ và biện pháp bảo đảm trật tự và an toàn, Nghị quyết số 42 về cứu trợ người dân gặp khó khăn do giải quyết đại dịch, và cắt giảm một loạt các thủ tục hành chính.","Chính phủ cũng chủ động ban hành ""Thỏa số 52 về việc dài thời nộp thuế giá trị gia tăng, thuế nhập doanh nghiệp, thuế thu nhập cá nhân và tiền thuê đất năm 2021"" và ""Về các biện pháp tiếp tục giải khăn trong sản xuất và vận hành, đẩy việc thực hiện quỹ đầu tư công và bảo vệ hội trong thời kỳ đại dịch Nghị quyết số 84 về các vụ và biện pháp bảo đảm và an toàn, Nghị quyết số 42 trợ người dân gặp khó khăn giải quyết đại dịch, và cắt một loạt thủ tục hành chính.",3,rule_based,deterministic-rule-baseline-precomputed,analysis_csv,0.0,word_dropout_15pct,ok
vi-zh-2022-test-0263,政府还主动颁布《关于延长2021年增值税、企业所得税、个人所得税和土地租赁费缴纳期限的第52号议定》、《关于继续在疫情期间采取解决生产经营困难、推动落实公共投资资金、保障社会秩序和安全等任务和措施的第84号决议》、《关于救助因疫遇困者的第42号决议》、《关于支持因新冠肺炎疫情而面临困难的雇员和雇主的多项政策的第68号决议》，并削减了多种行政手续。,"Chính phủ cũng đã chủ động ban hành ""Thỏa thuận số 52 về việc kéo dài thời gian nộp thuế giá trị gia tăng, thuế thu nhập doanh nghiệp, thuế thu nhập cá nhân và tiền thuê đất năm 2021"" và ""Về các biện pháp tiếp tục giải quyết khó khăn trong sản xuất và vận hành, thúc đẩy việc thực hiện các quỹ đầu tư công và bảo vệ xã hội trong thời kỳ đại dịch Nghị quyết số 84 về các nhiệm vụ và biện pháp bảo đảm trật tự và an toàn, Nghị quyết số 42 về cứu trợ người dân gặp khó khăn do giải quyết đại dịch, và cắt giảm một loạt các thủ tục hành chính.","Chính cũng phủ đã động ban hành ""Thỏa thuận 52 dài thời gian thuế giá trị gia tăng, thu nhập nghiệp, thuế thu nhập nhân và tiền thuê năm và ""Về tiếp tục giải khó khăn trong sản xuất vận hành, đẩy thực quỹ đầu tư và vệ xã hội trong kỳ dịch quyết số 84 về các nhiệm biện pháp tự và an Nghị quyết số 42 về cứu trợ người dân gặp khó giải quyết đại dịch, và cắt giảm các tục chính.",4,rule_based,deterministic-rule-baseline-precomputed,analysis_csv,0.0,word_dropout_30pct_and_swap,ok
vi-zh-2022-test-0263,政府还主动颁布《关于延长2021年增值税、企业所得税、个人所得税和土地租赁费缴纳期限的第52号议定》、《关于继续在疫情期间采取解决生产经营困难、推动落实公共投资资金、保障社会秩序和安全等任务和措施的第84号决议》、《关于救助因疫遇困者的第42号决议》、《关于支持因新冠肺炎疫情而面临困难的雇员和雇主的多项政策的第68号决议》，并削减了多种行政手续。,"Chính phủ cũng đã chủ động ban hành ""Thỏa thuận số 52 về việc kéo dài thời gian nộp thuế giá trị gia tăng, thuế thu nhập doanh nghiệp, thuế thu nhập cá nhân và tiền thuê đất năm 2021"" và ""Về các biện pháp tiếp tục giải quyết khó khăn trong sản xuất và vận hành, thúc đẩy việc thực hiện các quỹ đầu tư công và bảo vệ xã hội trong thời kỳ đại dịch Nghị quyết số 84 về các nhiệm vụ và biện pháp bảo đảm trật tự và an toàn, Nghị quyết số 42 về cứu trợ người dân gặp khó khăn do giải quyết đại dịch, và cắt giảm một loạt các thủ tục hành chính.","Chính chủ ban ""Thỏa 52 về gian thuế giá gia thuế thu doanh nhân tiền thuê đất năm 2021"" và ""Về các pháp tiếp giải trong sản xuất và thúc việc thực hiện quỹ và bảo xã trong kỳ đại quyết 84 về các vụ trật an toàn về cứu trợ người dân do giải đại dịch giảm loạt thủ hành",5,rule_based,deterministic-rule-baseline-precomputed,analysis_csv,0.0,word_dropout_50pct_and_punctuation_remove,ok
vi-zh-2022-test-0264,其中向企业提供资助的一些政策已见成效，如：企业信贷政策（延长还贷期限、重组还贷期限、减免银行利息和费用）。,"Một số chính sách hỗ trợ tài chính cho doanh nghiệp đã đạt được kết quả như: chính sách tín dụng doanh nghiệp (kéo dài thời gian trả nợ, cơ cấu lại thời hạn trả nợ, miễn giảm lãi suất ngân hàng).","Một số chính sách hỗ trợ tài chính cho doanh nghiệp đã đạt được kết quả như: chính sách tín dụng doanh nghiệp (kéo dài thời gian trả nợ, cơ cấu lại thời hạn trả nợ, miễn giảm lãi suất ngân hàng).",0,rule_based,deterministic-rule-baseline-precomputed,analysis_csv,0.0,identity,ok
vi-zh-2022-test-0264,其中向企业提供资助的一些政策已见成效，如：企业信贷政策（延长还贷期限、重组还贷期限、减免银行利息和费用）。,"Một số chính sách hỗ trợ tài chính cho doanh nghiệp đã đạt được kết quả như: chính sách tín dụng doanh nghiệp (kéo dài thời gian trả nợ, cơ cấu lại thời hạn trả nợ, miễn giảm lãi suất ngân hàng).","Mot số chính sách hỗ trợ tài chính cho doanh nghiệp đã đạt được kết quả như: chính sách tín dụng doanh nghiệp (kéo dài thời gian trả nợ, cơ cấu lại thời hạn trả nợ, miễn giảm lãi suất ngân hàng).",1,rule_based,deterministic-rule-baseline-precomputed,analysis_csv,0.0,remove_one_tone,ok
vi-zh-2022-test-0264,其中向企业提供资助的一些政策已见成效，如：企业信贷政策（延长还贷期限、重组还贷期限、减免银行利息和费用）。,"Một số chính sách hỗ trợ tài chính cho doanh nghiệp đã đạt được kết quả như: chính sách tín dụng doanh nghiệp (kéo dài thời gian trả nợ, cơ cấu lại thời hạn trả nợ, miễn giảm lãi suất ngân hàng).","Mot so chinh sach ho tro tai chinh cho doanh nghiep đa đat đuoc ket qua nhu: chinh sach tin dung nghiep (keo dai thoi gian tra no, co cau lai thoi han tra no, mien giam lai suat ngan hang).",2,rule_based,deterministic-rule-baseline-precomputed,analysis_csv,0.0,remove_tones_and_drop_one_word,ok
vi-zh-2022-test-0264,其中向企业提供资助的一些政策已见成效，如：企业信贷政策（延长还贷期限、重组还贷期限、减免银行利息和费用）。,"Một số chính sách hỗ trợ tài chính cho doanh nghiệp đã đạt được kết quả như: chính sách tín dụng doanh nghiệp (kéo dài thời gian trả nợ, cơ cấu lại thời hạn trả nợ, miễn giảm lãi suất ngân hàng).","Một số chính sách hỗ chính cho doanh nghiệp đã đạt được kết quả như: chính sách tín dụng doanh nghiệp dài thời gian trả nợ, cơ cấu lại thời nợ, miễn lãi suất ngân hàng).",3,rule_based,deterministic-rule-baseline-precomputed,analysis_csv,0.0,word_dropout_15pct,ok
vi-zh-2022-test-0264,其中向企业提供资助的一些政策已见成效，如：企业信贷政策（延长还贷期限、重组还贷期限、减免银行利息和费用）。,"Một số chính sách hỗ trợ tài chính cho doanh nghiệp đã đạt được kết quả như: chính sách tín dụng doanh nghiệp (kéo dài thời gian trả nợ, cơ cấu lại thời hạn trả nợ, miễn giảm lãi suất ngân hàng).","sách trợ hỗ tài doanh nghiệp đã đạt như: sách dụng nghiệp (kéo dài thời gian trả nợ, cơ cấu lại thời hạn nợ, miễn giảm suất ngân hàng).",4,rule_based,deterministic-rule-baseline-precomputed,analysis_csv,0.0,word_dropout_30pct_and_swap,ok
vi-zh-2022-test-0264,其中向企业提供资助的一些政策已见成效，如：企业信贷政策（延长还贷期限、重组还贷期限、减免银行利息和费用）。,"Một số chính sách hỗ trợ tài chính cho doanh nghiệp đã đạt được kết quả như: chính sách tín dụng doanh nghiệp (kéo dài thời gian trả nợ, cơ cấu lại thời hạn trả nợ, miễn giảm lãi suất ngân hàng).",chính sách hỗ cho doanh kết như chính tín dụng nghiệp (kéo trả cơ cấu hạn miễn giảm lãi suất hàng),5,rule_based,deterministic-rule-baseline-precomputed,analysis_csv,0.0,word_dropout_50pct_and_punctuation_remove,ok
vi-zh-2022-test-0265,越南政府总理范明政最近在与企业、企业协会及各地政府机关代表就新冠肺炎疫情肆虐背景下，如何解决困难，促进生产经营问题举行的全国视频会议上表示：,"Thủ tướng Việt Nam Phạm Minh Chính mới đây đã phát biểu tại hội nghị truyền hình toàn quốc với đại diện các doanh nghiệp, hiệp hội doanh nghiệp và các cơ quan chính quyền địa phương về cách tháo gỡ khó khăn, thúc đẩy sản xuất và hoạt động trong bối cảnh đại dịch COVID - 19 hoành hành:","Thủ tướng Việt Nam Phạm Minh Chính mới đây đã phát biểu tại hội nghị truyền hình toàn quốc với đại diện các doanh nghiệp, hiệp hội doanh nghiệp và các cơ quan chính quyền địa phương về cách tháo gỡ khó khăn, thúc đẩy sản xuất và hoạt động trong bối cảnh đại dịch COVID - 19 hoành hành:",0,rule_based,deterministic-rule-baseline-precomputed,analysis_csv,0.0,identity,ok
vi-zh-2022-test-0265,越南政府总理范明政最近在与企业、企业协会及各地政府机关代表就新冠肺炎疫情肆虐背景下，如何解决困难，促进生产经营问题举行的全国视频会议上表示：,"Thủ tướng Việt Nam Phạm Minh Chính mới đây đã phát biểu tại hội nghị truyền hình toàn quốc với đại diện các doanh nghiệp, hiệp hội doanh nghiệp và các cơ quan chính quyền địa phương về cách tháo gỡ khó khăn, thúc đẩy sản xuất và hoạt động trong bối cảnh đại dịch COVID - 19 hoành hành:","Thu tướng Việt Nam Phạm Minh Chính mới đây đã phát biểu tại hội nghị truyền hình toàn quốc với đại diện các doanh nghiệp, hiệp hội doanh nghiệp và các cơ quan chính quyền địa phương về cách tháo gỡ khó khăn, thúc đẩy sản xuất và hoạt động trong bối cảnh đại dịch COVID - 19 hoành hành:",1,rule_based,deterministic-rule-baseline-precomputed,analysis_csv,0.0,remove_one_tone,ok
vi-zh-2022-test-0265,越南政府总理范明政最近在与企业、企业协会及各地政府机关代表就新冠肺炎疫情肆虐背景下，如何解决困难，促进生产经营问题举行的全国视频会议上表示：,"Thủ tướng Việt Nam Phạm Minh Chính mới đây đã phát biểu tại hội nghị truyền hình toàn quốc với đại diện các doanh nghiệp, hiệp hội doanh nghiệp và các cơ quan chính quyền địa phương về cách tháo gỡ khó khăn, thúc đẩy sản xuất và hoạt động trong bối cảnh đại dịch COVID - 19 hoành hành:","Thu tuong Viet Nam Pham Minh Chinh moi đay đa phat bieu tai hoi nghi truyen hinh toan quoc voi đai dien cac doanh nghiep, hiep hoi doanh nghiep va co quan chinh quyen đia phuong ve cach thao go kho khan, thuc đay san xuat va hoat đong trong boi canh đai dich COVID - 19 hoanh hanh:",2,rule_based,deterministic-rule-baseline-precomputed,analysis_csv,0.0,remove_tones_and_drop_one_word,ok
vi-zh-2022-test-0265,越南政府总理范明政最近在与企业、企业协会及各地政府机关代表就新冠肺炎疫情肆虐背景下，如何解决困难，促进生产经营问题举行的全国视频会议上表示：,"Thủ tướng Việt Nam Phạm Minh Chính mới đây đã phát biểu tại hội nghị truyền hình toàn quốc với đại diện các doanh nghiệp, hiệp hội doanh nghiệp và các cơ quan chính quyền địa phương về cách tháo gỡ khó khăn, thúc đẩy sản xuất và hoạt động trong bối cảnh đại dịch COVID - 19 hoành hành:","tướng Việt Phạm Chính mới đây đã phát biểu tại hội nghị truyền hình quốc với đại các doanh hiệp hội doanh nghiệp và các cơ quan chính quyền địa phương về cách tháo gỡ khăn, thúc đẩy sản xuất và hoạt trong bối cảnh đại dịch - 19 hoành hành:",3,rule_based,deterministic-rule-baseline-precomputed,analysis_csv,0.0,word_dropout_15pct,ok
vi-zh-2022-test-0265,越南政府总理范明政最近在与企业、企业协会及各地政府机关代表就新冠肺炎疫情肆虐背景下，如何解决困难，促进生产经营问题举行的全国视频会议上表示：,"Thủ tướng Việt Nam Phạm Minh Chính mới đây đã phát biểu tại hội nghị truyền hình toàn quốc với đại diện các doanh nghiệp, hiệp hội doanh nghiệp và các cơ quan chính quyền địa phương về cách tháo gỡ khó khăn, thúc đẩy sản xuất và hoạt động trong bối cảnh đại dịch COVID - 19 hoành hành:","Thủ Việt tướng Nam Phạm Chính đây đã nghị hình toàn quốc với đại doanh nghiệp, hiệp doanh nghiệp và các cơ chính quyền địa phương cách tháo gỡ thúc đẩy sản xuất trong bối cảnh dịch COVID - 19 hoành hành:",4,rule_based,deterministic-rule-baseline-precomputed,analysis_csv,0.0,word_dropout_30pct_and_swap,ok
vi-zh-2022-test-0265,越南政府总理范明政最近在与企业、企业协会及各地政府机关代表就新冠肺炎疫情肆虐背景下，如何解决困难，促进生产经营问题举行的全国视频会议上表示：,"Thủ tướng Việt Nam Phạm Minh Chính mới đây đã phát biểu tại hội nghị truyền hình toàn quốc với đại diện các doanh nghiệp, hiệp hội doanh nghiệp và các cơ quan chính quyền địa phương về cách tháo gỡ khó khăn, thúc đẩy sản xuất và hoạt động trong bối cảnh đại dịch COVID - 19 hoành hành:",Thủ Việt Nam mới đã phát tại hội nghị hình toàn với đại diện nghiệp nghiệp và quyền địa tháo gỡ khó khăn thúc đẩy và cảnh đại 19 hoành,5,rule_based,deterministic-rule-baseline-precomputed,analysis_csv,0.0,word_dropout_50pct_and_punctuation_remove,ok
vi-zh-2022-test-0266,政府将成立特别工作组，协助企业排忧解难，加强分级分权，把责任落实到人。,"Chính phủ sẽ thành lập một nhóm công tác đặc biệt để hỗ trợ doanh nghiệp giải quyết các vướng mắc, tăng cường phân loại, phân cấp, phân công trách nhiệm cho người dân.","Chính phủ sẽ thành lập một nhóm công tác đặc biệt để hỗ trợ doanh nghiệp giải quyết các vướng mắc, tăng cường phân loại, phân cấp, phân công trách nhiệm cho người dân.",0,rule_based,deterministic-rule-baseline-precomputed,analysis_csv,0.0,identity,ok
vi-zh-2022-test-0266,政府将成立特别工作组，协助企业排忧解难，加强分级分权，把责任落实到人。,"Chính phủ sẽ thành lập một nhóm công tác đặc biệt để hỗ trợ doanh nghiệp giải quyết các vướng mắc, tăng cường phân loại, phân cấp, phân công trách nhiệm cho người dân.","Chinh phủ sẽ thành lập một nhóm công tác đặc biệt để hỗ trợ doanh nghiệp giải quyết các vướng mắc, tăng cường phân loại, phân cấp, phân công trách nhiệm cho người dân.",1,rule_based,deterministic-rule-baseline-precomputed,analysis_csv,0.0,remove_one_tone,ok
vi-zh-2022-test-0266,政府将成立特别工作组，协助企业排忧解难，加强分级分权，把责任落实到人。,"Chính phủ sẽ thành lập một nhóm công tác đặc biệt để hỗ trợ doanh nghiệp giải quyết các vướng mắc, tăng cường phân loại, phân cấp, phân công trách nhiệm cho người dân.","Chinh phu se thanh lap mot nhom cong tac đac biet đe ho tro doanh nghiep giai cac vuong mac, tang cuong phan loai, phan cap, phan cong trach nhiem cho nguoi dan.",2,rule_based,deterministic-rule-baseline-precomputed,analysis_csv,0.0,remove_tones_and_drop_one_word,ok
vi-zh-2022-test-0266,政府将成立特别工作组，协助企业排忧解难，加强分级分权，把责任落实到人。,"Chính phủ sẽ thành lập một nhóm công tác đặc biệt để hỗ trợ doanh nghiệp giải quyết các vướng mắc, tăng cường phân loại, phân cấp, phân công trách nhiệm cho người dân.","phủ thành lập một nhóm công tác đặc biệt để hỗ trợ nghiệp giải quyết các vướng mắc, cường phân loại, phân cấp, phân công trách nhiệm cho dân.",3,rule_based,deterministic-rule-baseline-precomputed,analysis_csv,0.0,word_dropout_15pct,ok
vi-zh-2022-test-0266,政府将成立特别工作组，协助企业排忧解难，加强分级分权，把责任落实到人。,"Chính phủ sẽ thành lập một nhóm công tác đặc biệt để hỗ trợ doanh nghiệp giải quyết các vướng mắc, tăng cường phân loại, phân cấp, phân công trách nhiệm cho người dân.","Chính thành sẽ lập một nhóm công tác đặc biệt để trợ doanh các vướng mắc, tăng phân loại, phân công trách cho dân.",4,rule_based,deterministic-rule-baseline-precomputed,analysis_csv,0.0,word_dropout_30pct_and_swap,ok
vi-zh-2022-test-0266,政府将成立特别工作组，协助企业排忧解难，加强分级分权，把责任落实到人。,"Chính phủ sẽ thành lập một nhóm công tác đặc biệt để hỗ trợ doanh nghiệp giải quyết các vướng mắc, tăng cường phân loại, phân cấp, phân công trách nhiệm cho người dân.",Chính phủ lập nhóm biệt để hỗ doanh nghiệp vướng cấp phân trách nhiệm cho người dân,5,rule_based,deterministic-rule-baseline-precomputed,analysis_csv,0.0,word_dropout_50pct_and_punctuation_remove,ok
vi-zh-2022-test-0267,政府也指示各地确保物流通畅，稳定供应链，为经济发展铺路。,"Chính phủ cũng chỉ đạo tất cả các địa phương phải đảm bảo hậu cần thông suốt, ổn định chuỗi cung ứng, tạo tiền đề cho phát triển kinh tế.","Chính phủ cũng chỉ đạo tất cả các địa phương phải đảm bảo hậu cần thông suốt, ổn định chuỗi cung ứng, tạo tiền đề cho phát triển kinh tế.",0,rule_based,deterministic-rule-baseline-precomputed,analysis_csv,0.0,identity,ok
vi-zh-2022-test-0267,政府也指示各地确保物流通畅，稳定供应链，为经济发展铺路。,"Chính phủ cũng chỉ đạo tất cả các địa phương phải đảm bảo hậu cần thông suốt, ổn định chuỗi cung ứng, tạo tiền đề cho phát triển kinh tế.","Chinh phủ cũng chỉ đạo tất cả các địa phương phải đảm bảo hậu cần thông suốt, ổn định chuỗi cung ứng, tạo tiền đề cho phát triển kinh tế.",1,rule_based,deterministic-rule-baseline-precomputed,analysis_csv,0.0,remove_one_tone,ok
vi-zh-2022-test-0267,政府也指示各地确保物流通畅，稳定供应链，为经济发展铺路。,"Chính phủ cũng chỉ đạo tất cả các địa phương phải đảm bảo hậu cần thông suốt, ổn định chuỗi cung ứng, tạo tiền đề cho phát triển kinh tế.","Chinh phu cung chi đao tat ca cac đia phuong phai đam bao hau can suot, on đinh chuoi cung ung, tao tien đe cho phat trien kinh te.",2,rule_based,deterministic-rule-baseline-precomputed,analysis_csv,0.0,remove_tones_and_drop_one_word,ok
vi-zh-2022-test-0267,政府也指示各地确保物流通畅，稳定供应链，为经济发展铺路。,"Chính phủ cũng chỉ đạo tất cả các địa phương phải đảm bảo hậu cần thông suốt, ổn định chuỗi cung ứng, tạo tiền đề cho phát triển kinh tế.","Chính phủ cũng chỉ đạo tất cả các phương phải đảm bảo hậu cần thông suốt, định chuỗi cung ứng, tạo tiền đề phát kinh tế.",3,rule_based,deterministic-rule-baseline-precomputed,analysis_csv,0.0,word_dropout_15pct,ok
vi-zh-2022-test-0267,政府也指示各地确保物流通畅，稳定供应链，为经济发展铺路。,"Chính phủ cũng chỉ đạo tất cả các địa phương phải đảm bảo hậu cần thông suốt, ổn định chuỗi cung ứng, tạo tiền đề cho phát triển kinh tế.","Chính cũng phủ đạo tất cả các phương phải đảm bảo hậu cần thông định cung ứng, tạo tiền đề kinh",4,rule_based,deterministic-rule-baseline-precomputed,analysis_csv,0.0,word_dropout_30pct_and_swap,ok
vi-zh-2022-test-0267,政府也指示各地确保物流通畅，稳定供应链，为经济发展铺路。,"Chính phủ cũng chỉ đạo tất cả các địa phương phải đảm bảo hậu cần thông suốt, ổn định chuỗi cung ứng, tạo tiền đề cho phát triển kinh tế.",Chính phủ chỉ tất cả các phương bảo cần ổn cung tiền đề kinh tế,5,rule_based,deterministic-rule-baseline-precomputed,analysis_csv,0.0,word_dropout_50pct_and_punctuation_remove,ok
vi-zh-2022-test-0268,除了一床被子，其他什么都没有,"Trừ một cái giường đầy chăn ra, thì chẳng có gì khác cả","Trừ một cái giường đầy chăn ra, thì chẳng có gì khác cả",0,rule_based,deterministic-rule-baseline-precomputed,analysis_csv,0.0,identity,ok
vi-zh-2022-test-0268,除了一床被子，其他什么都没有,"Trừ một cái giường đầy chăn ra, thì chẳng có gì khác cả","Tru một cái giường đầy chăn ra, thì chẳng có gì khác cả",1,rule_based,deterministic-rule-baseline-precomputed,analysis_csv,0.0,remove_one_tone,ok
vi-zh-2022-test-0268,除了一床被子，其他什么都没有,"Trừ một cái giường đầy chăn ra, thì chẳng có gì khác cả",Tru mot cai giuong đay chan thi chang co gi khac ca,2,rule_based,deterministic-rule-baseline-precomputed,analysis_csv,0.0,remove_tones_and_drop_one_word,ok
vi-zh-2022-test-0268,除了一床被子，其他什么都没有,"Trừ một cái giường đầy chăn ra, thì chẳng có gì khác cả","Trừ một cái chăn ra, thì chẳng có gì khác cả",3,rule_based,deterministic-rule-baseline-precomputed,analysis_csv,0.0,word_dropout_15pct,ok
vi-zh-2022-test-0268,除了一床被子，其他什么都没有,"Trừ một cái giường đầy chăn ra, thì chẳng có gì khác cả","Trừ cái một giường đầy ra, thì gì cả",4,rule_based,deterministic-rule-baseline-precomputed,analysis_csv,0.0,word_dropout_30pct_and_swap,ok
vi-zh-2022-test-0268,除了一床被子，其他什么都没有,"Trừ một cái giường đầy chăn ra, thì chẳng có gì khác cả",Trừ chăn ra có khác cả,5,rule_based,deterministic-rule-baseline-precomputed,analysis_csv,0.0,word_dropout_50pct_and_punctuation_remove,ok
vi-zh-2022-test-0269,而角落的被子此时还无法被阳光小精灵照顾,Mà chiếc khăn trong góc lúc này vẫn chưa thể nào được những tia nắng tiểu thần tiên chăm sóc.,Mà chiếc khăn trong góc lúc này vẫn chưa thể nào được những tia nắng tiểu thần tiên chăm sóc.,0,rule_based,deterministic-rule-baseline-precomputed,analysis_csv,0.0,identity,ok
vi-zh-2022-test-0269,而角落的被子此时还无法被阳光小精灵照顾,Mà chiếc khăn trong góc lúc này vẫn chưa thể nào được những tia nắng tiểu thần tiên chăm sóc.,Ma chiếc khăn trong góc lúc này vẫn chưa thể nào được những tia nắng tiểu thần tiên chăm sóc.,1,rule_based,deterministic-rule-baseline-precomputed,analysis_csv,0.0,remove_one_tone,ok
vi-zh-2022-test-0269,而角落的被子此时还无法被阳光小精灵照顾,Mà chiếc khăn trong góc lúc này vẫn chưa thể nào được những tia nắng tiểu thần tiên chăm sóc.,Ma chiec khan trong goc luc nay van chua the đuoc nhung tia nang tieu than tien cham soc.,2,rule_based,deterministic-rule-baseline-precomputed,analysis_csv,0.0,remove_tones_and_drop_one_word,ok
vi-zh-2022-test-0269,而角落的被子此时还无法被阳光小精灵照顾,Mà chiếc khăn trong góc lúc này vẫn chưa thể nào được những tia nắng tiểu thần tiên chăm sóc.,Mà chiếc trong góc lúc này vẫn nào được những tia nắng tiểu thần tiên chăm sóc.,3,rule_based,deterministic-rule-baseline-precomputed,analysis_csv,0.0,word_dropout_15pct,ok
vi-zh-2022-test-0269,而角落的被子此时还无法被阳光小精灵照顾,Mà chiếc khăn trong góc lúc này vẫn chưa thể nào được những tia nắng tiểu thần tiên chăm sóc.,Mà khăn chiếc góc thể nào được những tia nắng thần tiên chăm sóc.,4,rule_based,deterministic-rule-baseline-precomputed,analysis_csv,0.0,word_dropout_30pct_and_swap,ok
vi-zh-2022-test-0269,而角落的被子此时还无法被阳光小精灵照顾,Mà chiếc khăn trong góc lúc này vẫn chưa thể nào được những tia nắng tiểu thần tiên chăm sóc.,Mà trong vẫn nào những tia tiểu thần chăm sóc,5,rule_based,deterministic-rule-baseline-precomputed,analysis_csv,0.0,word_dropout_50pct_and_punctuation_remove,ok
vi-zh-2022-test-0270,看着看着，我的眼睛湿润了，心中感慨万千,"Cứ nhìn như vậy rồi từ từ mắt tôi ướt nhòe, trong lòng vô cùng xúc động.","Cứ nhìn như vậy rồi từ từ mắt tôi ướt nhòe, trong lòng vô cùng xúc động.",0,rule_based,deterministic-rule-baseline-precomputed,analysis_csv,0.0,identity,ok
vi-zh-2022-test-0270,看着看着，我的眼睛湿润了，心中感慨万千,"Cứ nhìn như vậy rồi từ từ mắt tôi ướt nhòe, trong lòng vô cùng xúc động.","Cu nhìn như vậy rồi từ từ mắt tôi ướt nhòe, trong lòng vô cùng xúc động.",1,rule_based,deterministic-rule-baseline-precomputed,analysis_csv,0.0,remove_one_tone,ok
vi-zh-2022-test-0270,看着看着，我的眼睛湿润了，心中感慨万千,"Cứ nhìn như vậy rồi từ từ mắt tôi ướt nhòe, trong lòng vô cùng xúc động.","Cu nhin nhu vay roi tu tu mat uot nhoe, trong long vo cung xuc đong.",2,rule_based,deterministic-rule-baseline-precomputed,analysis_csv,0.0,remove_tones_and_drop_one_word,ok
vi-zh-2022-test-0270,看着看着，我的眼睛湿润了，心中感慨万千,"Cứ nhìn như vậy rồi từ từ mắt tôi ướt nhòe, trong lòng vô cùng xúc động.","Cứ nhìn như từ từ mắt tôi ướt nhòe, lòng vô cùng xúc động.",3,rule_based,deterministic-rule-baseline-precomputed,analysis_csv,0.0,word_dropout_15pct,ok
vi-zh-2022-test-0270,看着看着，我的眼睛湿润了，心中感慨万千,"Cứ nhìn như vậy rồi từ từ mắt tôi ướt nhòe, trong lòng vô cùng xúc động.","Cứ rồi vậy từ mắt ướt nhòe, trong lòng cùng xúc động.",4,rule_based,deterministic-rule-baseline-precomputed,analysis_csv,0.0,word_dropout_30pct_and_swap,ok
vi-zh-2022-test-0270,看着看着，我的眼睛湿润了，心中感慨万千,"Cứ nhìn như vậy rồi từ từ mắt tôi ướt nhòe, trong lòng vô cùng xúc động.",Cứ vậy từ nhòe trong lòng cùng xúc,5,rule_based,deterministic-rule-baseline-precomputed,analysis_csv,0.0,word_dropout_50pct_and_punctuation_remove,ok
vi-zh-2022-test-0271,我的意思是，这应该是挺明确的。,"Ý tôi là, điều đó rất rõ ràng.","Ý tôi là, điều đó rất rõ ràng.",0,rule_based,deterministic-rule-baseline-precomputed,analysis_csv,0.0,identity,ok
vi-zh-2022-test-0271,我的意思是，这应该是挺明确的。,"Ý tôi là, điều đó rất rõ ràng.","Y tôi là, điều đó rất rõ ràng.",1,rule_based,deterministic-rule-baseline-precomputed,analysis_csv,0.0,remove_one_tone,ok
vi-zh-2022-test-0271,我的意思是，这应该是挺明确的。,"Ý tôi là, điều đó rất rõ ràng.","Y toi la, đieu rat ro rang.",2,rule_based,deterministic-rule-baseline-precomputed,analysis_csv,0.0,remove_tones_and_drop_one_word,ok
vi-zh-2022-test-0271,我的意思是，这应该是挺明确的。,"Ý tôi là, điều đó rất rõ ràng.","Ý là, điều đó rất rõ ràng.",3,rule_based,deterministic-rule-baseline-precomputed,analysis_csv,0.0,word_dropout_15pct,ok
vi-zh-2022-test-0271,我的意思是，这应该是挺明确的。,"Ý tôi là, điều đó rất rõ ràng.",Ý đó điều rất rõ ràng.,4,rule_based,deterministic-rule-baseline-precomputed,analysis_csv,0.0,word_dropout_30pct_and_swap,ok
vi-zh-2022-test-0271,我的意思是，这应该是挺明确的。,"Ý tôi là, điều đó rất rõ ràng.",Ý điều rất rõ,5,rule_based,deterministic-rule-baseline-precomputed,analysis_csv,0.0,word_dropout_50pct_and_punctuation_remove,ok
vi-zh-2022-test-0272,如果我们有了孩子我可不知道自己会不会是孩子妈妈,"Và nếu chúng ta muốn có một đứa con, em không dám chắc mình có làm mẹ được không nữa","Và nếu chúng ta muốn có một đứa con, em không dám chắc mình có làm mẹ được không nữa",0,rule_based,deterministic-rule-baseline-precomputed,analysis_csv,0.0,identity,ok
vi-zh-2022-test-0272,如果我们有了孩子我可不知道自己会不会是孩子妈妈,"Và nếu chúng ta muốn có một đứa con, em không dám chắc mình có làm mẹ được không nữa","Va nếu chúng ta muốn có một đứa con, em không dám chắc mình có làm mẹ được không nữa",1,rule_based,deterministic-rule-baseline-precomputed,analysis_csv,0.0,remove_one_tone,ok
vi-zh-2022-test-0272,如果我们有了孩子我可不知道自己会不会是孩子妈妈,"Và nếu chúng ta muốn có một đứa con, em không dám chắc mình có làm mẹ được không nữa","Va neu chung ta muon co mot đua con, em dam chac minh co lam me đuoc khong nua",2,rule_based,deterministic-rule-baseline-precomputed,analysis_csv,0.0,remove_tones_and_drop_one_word,ok
vi-zh-2022-test-0272,如果我们有了孩子我可不知道自己会不会是孩子妈妈,"Và nếu chúng ta muốn có một đứa con, em không dám chắc mình có làm mẹ được không nữa","Và chúng ta muốn có một đứa con, không dám chắc mình có làm được không nữa",3,rule_based,deterministic-rule-baseline-precomputed,analysis_csv,0.0,word_dropout_15pct,ok
vi-zh-2022-test-0272,如果我们有了孩子我可不知道自己会不会是孩子妈妈,"Và nếu chúng ta muốn có một đứa con, em không dám chắc mình có làm mẹ được không nữa",nếu muốn ta có một em không chắc mình có làm mẹ được không,4,rule_based,deterministic-rule-baseline-precomputed,analysis_csv,0.0,word_dropout_30pct_and_swap,ok
vi-zh-2022-test-0272,如果我们有了孩子我可不知道自己会不会是孩子妈妈,"Và nếu chúng ta muốn có một đứa con, em không dám chắc mình có làm mẹ được không nữa",nếu chúng ta muốn có dám chắc mẹ được không,5,rule_based,deterministic-rule-baseline-precomputed,analysis_csv,0.0,word_dropout_50pct_and_punctuation_remove,ok
vi-zh-2022-test-0273,有了温暖的港湾，我不再害怕狂风和海啸,"Có bến cảng ấm áp, tôi không còn sợ hãi cuồng phong và sóng thần nữa.","Có bến cảng ấm áp, tôi không còn sợ hãi cuồng phong và sóng thần nữa.",0,rule_based,deterministic-rule-baseline-precomputed,analysis_csv,0.0,identity,ok
vi-zh-2022-test-0273,有了温暖的港湾，我不再害怕狂风和海啸,"Có bến cảng ấm áp, tôi không còn sợ hãi cuồng phong và sóng thần nữa.","Co bến cảng ấm áp, tôi không còn sợ hãi cuồng phong và sóng thần nữa.",1,rule_based,deterministic-rule-baseline-precomputed,analysis_csv,0.0,remove_one_tone,ok
vi-zh-2022-test-0273,有了温暖的港湾，我不再害怕狂风和海啸,"Có bến cảng ấm áp, tôi không còn sợ hãi cuồng phong và sóng thần nữa.","Co ben cang am ap, toi khong con hai cuong phong va song than nua.",2,rule_based,deterministic-rule-baseline-precomputed,analysis_csv,0.0,remove_tones_and_drop_one_word,ok
vi-zh-2022-test-0273,有了温暖的港湾，我不再害怕狂风和海啸,"Có bến cảng ấm áp, tôi không còn sợ hãi cuồng phong và sóng thần nữa.","bến cảng ấm áp, tôi không còn sợ hãi cuồng phong và sóng thần",3,rule_based,deterministic-rule-baseline-precomputed,analysis_csv,0.0,word_dropout_15pct,ok
vi-zh-2022-test-0273,有了温暖的港湾，我不再害怕狂风和海啸,"Có bến cảng ấm áp, tôi không còn sợ hãi cuồng phong và sóng thần nữa.",Có tôi bến không còn sợ hãi phong và thần nữa.,4,rule_based,deterministic-rule-baseline-precomputed,analysis_csv,0.0,word_dropout_30pct_and_swap,ok
vi-zh-2022-test-0273,有了温暖的港湾，我不再害怕狂风和海啸,"Có bến cảng ấm áp, tôi không còn sợ hãi cuồng phong và sóng thần nữa.",bến tôi còn sợ cuồng và thần nữa,5,rule_based,deterministic-rule-baseline-precomputed,analysis_csv,0.0,word_dropout_50pct_and_punctuation_remove,ok
vi-zh-2022-test-0274,我永远也忘不了你扮演的小鹦我都要笑死了,Tôi không bao giờ quên tôi đã cười như thế nào khi xem bà đóng vai Kiki,Tôi không bao giờ quên tôi đã cười như thế nào khi xem bà đóng vai Kiki,0,rule_based,deterministic-rule-baseline-precomputed,analysis_csv,0.0,identity,ok
vi-zh-2022-test-0274,我永远也忘不了你扮演的小鹦我都要笑死了,Tôi không bao giờ quên tôi đã cười như thế nào khi xem bà đóng vai Kiki,Toi không bao giờ quên tôi đã cười như thế nào khi xem bà đóng vai Kiki,1,rule_based,deterministic-rule-baseline-precomputed,analysis_csv,0.0,remove_one_tone,ok
vi-zh-2022-test-0274,我永远也忘不了你扮演的小鹦我都要笑死了,Tôi không bao giờ quên tôi đã cười như thế nào khi xem bà đóng vai Kiki,Toi khong bao gio quen toi đa cuoi the nao khi xem ba đong vai Kiki,2,rule_based,deterministic-rule-baseline-precomputed,analysis_csv,0.0,remove_tones_and_drop_one_word,ok
vi-zh-2022-test-0274,我永远也忘不了你扮演的小鹦我都要笑死了,Tôi không bao giờ quên tôi đã cười như thế nào khi xem bà đóng vai Kiki,Tôi không bao giờ tôi đã như thế nào khi xem bà vai Kiki,3,rule_based,deterministic-rule-baseline-precomputed,analysis_csv,0.0,word_dropout_15pct,ok
vi-zh-2022-test-0274,我永远也忘不了你扮演的小鹦我都要笑死了,Tôi không bao giờ quên tôi đã cười như thế nào khi xem bà đóng vai Kiki,không quên bao tôi đã cười như thế nào khi xem đóng,4,rule_based,deterministic-rule-baseline-precomputed,analysis_csv,0.0,word_dropout_30pct_and_swap,ok
vi-zh-2022-test-0274,我永远也忘不了你扮演的小鹦我都要笑死了,Tôi không bao giờ quên tôi đã cười như thế nào khi xem bà đóng vai Kiki,bao giờ tôi cười như xem bà Kiki,5,rule_based,deterministic-rule-baseline-precomputed,analysis_csv,0.0,word_dropout_50pct_and_punctuation_remove,ok
vi-zh-2022-test-0275,我们在飞机里时不能说话,"Khi ở trên máy bay, chúng ta không thể nói chuyện được","Khi ở trên máy bay, chúng ta không thể nói chuyện được",0,rule_based,deterministic-rule-baseline-precomputed,analysis_csv,0.0,identity,ok
vi-zh-2022-test-0275,我们在飞机里时不能说话,"Khi ở trên máy bay, chúng ta không thể nói chuyện được","Khi o trên máy bay, chúng ta không thể nói chuyện được",1,rule_based,deterministic-rule-baseline-precomputed,analysis_csv,0.0,remove_one_tone,ok
vi-zh-2022-test-0275,我们在飞机里时不能说话,"Khi ở trên máy bay, chúng ta không thể nói chuyện được","Khi o tren may bay, chung khong the noi chuyen đuoc",2,rule_based,deterministic-rule-baseline-precomputed,analysis_csv,0.0,remove_tones_and_drop_one_word,ok
vi-zh-2022-test-0275,我们在飞机里时不能说话,"Khi ở trên máy bay, chúng ta không thể nói chuyện được","Khi ở trên máy bay, chúng ta không thể được",3,rule_based,deterministic-rule-baseline-precomputed,analysis_csv,0.0,word_dropout_15pct,ok
vi-zh-2022-test-0275,我们在飞机里时不能说话,"Khi ở trên máy bay, chúng ta không thể nói chuyện được","ở bay, trên chúng ta không thể nói",4,rule_based,deterministic-rule-baseline-precomputed,analysis_csv,0.0,word_dropout_30pct_and_swap,ok
vi-zh-2022-test-0275,我们在飞机里时不能说话,"Khi ở trên máy bay, chúng ta không thể nói chuyện được",ở trên máy ta nói được,5,rule_based,deterministic-rule-baseline-precomputed,analysis_csv,0.0,word_dropout_50pct_and_punctuation_remove,ok
vi-zh-2022-test-0276,知道吗玛丽娅在飞机里的那天你以为我没有看到可是我看到你在看我,"Cô biết không, Maria, ngày hôm đó trên máy bay cô không biết là tôi đang để ý, nhưng tôi đã thấy cô nhìn tôi","Cô biết không, Maria, ngày hôm đó trên máy bay cô không biết là tôi đang để ý, nhưng tôi đã thấy cô nhìn tôi",0,rule_based,deterministic-rule-baseline-precomputed,analysis_csv,0.0,identity,ok
vi-zh-2022-test-0276,知道吗玛丽娅在飞机里的那天你以为我没有看到可是我看到你在看我,"Cô biết không, Maria, ngày hôm đó trên máy bay cô không biết là tôi đang để ý, nhưng tôi đã thấy cô nhìn tôi","Co biết không, Maria, ngày hôm đó trên máy bay cô không biết là tôi đang để ý, nhưng tôi đã thấy cô nhìn tôi",1,rule_based,deterministic-rule-baseline-precomputed,analysis_csv,0.0,remove_one_tone,ok
vi-zh-2022-test-0276,知道吗玛丽娅在飞机里的那天你以为我没有看到可是我看到你在看我,"Cô biết không, Maria, ngày hôm đó trên máy bay cô không biết là tôi đang để ý, nhưng tôi đã thấy cô nhìn tôi","Co biet khong, Maria, ngay hom đo tren may bay co khong la toi đang đe y, nhung toi đa thay co nhin toi",2,rule_based,deterministic-rule-baseline-precomputed,analysis_csv,0.0,remove_tones_and_drop_one_word,ok
vi-zh-2022-test-0276,知道吗玛丽娅在飞机里的那天你以为我没有看到可是我看到你在看我,"Cô biết không, Maria, ngày hôm đó trên máy bay cô không biết là tôi đang để ý, nhưng tôi đã thấy cô nhìn tôi","Cô Maria, ngày đó trên máy bay cô không biết là tôi đang ý, nhưng tôi đã thấy cô nhìn tôi",3,rule_based,deterministic-rule-baseline-precomputed,analysis_csv,0.0,word_dropout_15pct,ok
vi-zh-2022-test-0276,知道吗玛丽娅在飞机里的那天你以为我没有看到可是我看到你在看我,"Cô biết không, Maria, ngày hôm đó trên máy bay cô không biết là tôi đang để ý, nhưng tôi đã thấy cô nhìn tôi","không, ngày Maria, hôm trên máy bay cô không là tôi đang để nhưng tôi cô nhìn tôi",4,rule_based,deterministic-rule-baseline-precomputed,analysis_csv,0.0,word_dropout_30pct_and_swap,ok
vi-zh-2022-test-0276,知道吗玛丽娅在飞机里的那天你以为我没有看到可是我看到你在看我,"Cô biết không, Maria, ngày hôm đó trên máy bay cô không biết là tôi đang để ý, nhưng tôi đã thấy cô nhìn tôi",biết Maria ngày hôm trên bay cô tôi ý tôi nhìn tôi,5,rule_based,deterministic-rule-baseline-precomputed,analysis_csv,0.0,word_dropout_50pct_and_punctuation_remove,ok
vi-zh-2022-test-0277,我们爱上了对方我们为彼此疯狂,"Rằng chúng ta yêu nhau, rằng chúng ta điên cuồng vì nhau","Rằng chúng ta yêu nhau, rằng chúng ta điên cuồng vì nhau",0,rule_based,deterministic-rule-baseline-precomputed,analysis_csv,0.0,identity,ok
vi-zh-2022-test-0277,我们爱上了对方我们为彼此疯狂,"Rằng chúng ta yêu nhau, rằng chúng ta điên cuồng vì nhau","Rang chúng ta yêu nhau, rằng chúng ta điên cuồng vì nhau",1,rule_based,deterministic-rule-baseline-precomputed,analysis_csv,0.0,remove_one_tone,ok
vi-zh-2022-test-0277,我们爱上了对方我们为彼此疯狂,"Rằng chúng ta yêu nhau, rằng chúng ta điên cuồng vì nhau","Rang chung ta yeu nhau, rang ta đien cuong vi nhau",2,rule_based,deterministic-rule-baseline-precomputed,analysis_csv,0.0,remove_tones_and_drop_one_word,ok
vi-zh-2022-test-0277,我们爱上了对方我们为彼此疯狂,"Rằng chúng ta yêu nhau, rằng chúng ta điên cuồng vì nhau","chúng ta yêu nhau, chúng ta điên cuồng vì nhau",3,rule_based,deterministic-rule-baseline-precomputed,analysis_csv,0.0,word_dropout_15pct,ok
vi-zh-2022-test-0277,我们爱上了对方我们为彼此疯狂,"Rằng chúng ta yêu nhau, rằng chúng ta điên cuồng vì nhau","Rằng ta chúng yêu nhau, rằng điên nhau",4,rule_based,deterministic-rule-baseline-precomputed,analysis_csv,0.0,word_dropout_30pct_and_swap,ok
vi-zh-2022-test-0277,我们爱上了对方我们为彼此疯狂,"Rằng chúng ta yêu nhau, rằng chúng ta điên cuồng vì nhau",chúng ta chúng ta cuồng nhau,5,rule_based,deterministic-rule-baseline-precomputed,analysis_csv,0.0,word_dropout_50pct_and_punctuation_remove,ok
vi-zh-2022-test-0278,孩子们，仅仅是凭借我们的想象， 他们会感到担忧，被威胁和危险。,"Trẻ em, như chúng ta vẫn thường nghĩ, sẽ cảm thấy lo sợ, bị đe dọa và nguy hiểm.","Trẻ em, như chúng ta vẫn thường nghĩ, sẽ cảm thấy lo sợ, bị đe dọa và nguy hiểm.",0,rule_based,deterministic-rule-baseline-precomputed,analysis_csv,0.0,identity,ok
vi-zh-2022-test-0278,孩子们，仅仅是凭借我们的想象， 他们会感到担忧，被威胁和危险。,"Trẻ em, như chúng ta vẫn thường nghĩ, sẽ cảm thấy lo sợ, bị đe dọa và nguy hiểm.","Tre em, như chúng ta vẫn thường nghĩ, sẽ cảm thấy lo sợ, bị đe dọa và nguy hiểm.",1,rule_based,deterministic-rule-baseline-precomputed,analysis_csv,0.0,remove_one_tone,ok
vi-zh-2022-test-0278,孩子们，仅仅是凭借我们的想象， 他们会感到担忧，被威胁和危险。,"Trẻ em, như chúng ta vẫn thường nghĩ, sẽ cảm thấy lo sợ, bị đe dọa và nguy hiểm.","Tre em, nhu chung ta van thuong nghi, se thay lo so, bi đe doa va nguy hiem.",2,rule_based,deterministic-rule-baseline-precomputed,analysis_csv,0.0,remove_tones_and_drop_one_word,ok
vi-zh-2022-test-0278,孩子们，仅仅是凭借我们的想象， 他们会感到担忧，被威胁和危险。,"Trẻ em, như chúng ta vẫn thường nghĩ, sẽ cảm thấy lo sợ, bị đe dọa và nguy hiểm.","Trẻ em, như chúng ta vẫn thường nghĩ, sẽ cảm thấy lo sợ, bị dọa hiểm.",3,rule_based,deterministic-rule-baseline-precomputed,analysis_csv,0.0,word_dropout_15pct,ok
vi-zh-2022-test-0278,孩子们，仅仅是凭借我们的想象， 他们会感到担忧，被威胁和危险。,"Trẻ em, như chúng ta vẫn thường nghĩ, sẽ cảm thấy lo sợ, bị đe dọa và nguy hiểm.","Trẻ như em, ta vẫn thường sẽ lo đe dọa và nguy hiểm.",4,rule_based,deterministic-rule-baseline-precomputed,analysis_csv,0.0,word_dropout_30pct_and_swap,ok
vi-zh-2022-test-0278,孩子们，仅仅是凭借我们的想象， 他们会感到担忧，被威胁和危险。,"Trẻ em, như chúng ta vẫn thường nghĩ, sẽ cảm thấy lo sợ, bị đe dọa và nguy hiểm.",như chúng ta vẫn cảm lo sợ dọa và nguy,5,rule_based,deterministic-rule-baseline-precomputed,analysis_csv,0.0,word_dropout_50pct_and_punctuation_remove,ok
vi-zh-2022-test-0279,我都做完了，但是没都做对，做错了两道题，所以成绩不会太好。,"Tôi đều làm hết rồi, nhưng làm không đều đúng, làm sai mất hai câu, vì vậy thành tích không quá tốt.","Tôi đều làm hết rồi, nhưng làm không đều đúng, làm sai mất hai câu, vì vậy thành tích không quá tốt.",0,rule_based,deterministic-rule-baseline-precomputed,analysis_csv,0.0,identity,ok
vi-zh-2022-test-0279,我都做完了，但是没都做对，做错了两道题，所以成绩不会太好。,"Tôi đều làm hết rồi, nhưng làm không đều đúng, làm sai mất hai câu, vì vậy thành tích không quá tốt.","Toi đều làm hết rồi, nhưng làm không đều đúng, làm sai mất hai câu, vì vậy thành tích không quá tốt.",1,rule_based,deterministic-rule-baseline-precomputed,analysis_csv,0.0,remove_one_tone,ok
vi-zh-2022-test-0279,我都做完了，但是没都做对，做错了两道题，所以成绩不会太好。,"Tôi đều làm hết rồi, nhưng làm không đều đúng, làm sai mất hai câu, vì vậy thành tích không quá tốt.","Toi đeu lam het roi, nhung lam khong đeu đung, lam mat hai cau, vi vay thanh tich khong qua tot.",2,rule_based,deterministic-rule-baseline-precomputed,analysis_csv,0.0,remove_tones_and_drop_one_word,ok
vi-zh-2022-test-0279,我都做完了，但是没都做对，做错了两道题，所以成绩不会太好。,"Tôi đều làm hết rồi, nhưng làm không đều đúng, làm sai mất hai câu, vì vậy thành tích không quá tốt.","Tôi đều làm hết rồi, nhưng không đều đúng, làm sai hai câu, vì thành tích không quá tốt.",3,rule_based,deterministic-rule-baseline-precomputed,analysis_csv,0.0,word_dropout_15pct,ok
vi-zh-2022-test-0279,我都做完了，但是没都做对，做错了两道题，所以成绩不会太好。,"Tôi đều làm hết rồi, nhưng làm không đều đúng, làm sai mất hai câu, vì vậy thành tích không quá tốt.","Tôi làm đều hết rồi, nhưng đúng, làm sai mất hai câu, thành tích không",4,rule_based,deterministic-rule-baseline-precomputed,analysis_csv,0.0,word_dropout_30pct_and_swap,ok
vi-zh-2022-test-0279,我都做完了，但是没都做对，做错了两道题，所以成绩不会太好。,"Tôi đều làm hết rồi, nhưng làm không đều đúng, làm sai mất hai câu, vì vậy thành tích không quá tốt.",đều làm hết rồi đúng làm mất câu vì thành tích,5,rule_based,deterministic-rule-baseline-precomputed,analysis_csv,0.0,word_dropout_50pct_and_punctuation_remove,ok
vi-zh-2022-test-0280,语法题不太难，我觉得都做对了。听力比较难，很多句子我没听懂。,"Câu ngữ pháp không quá khó, tôi cảm thấy làm đúng hết rồi.Phần nghe hơi khó, có nhiều câu tôi nghe không hiểu.","Câu ngữ pháp không quá khó, tôi cảm thấy làm đúng hết rồi.Phần nghe hơi khó, có nhiều câu tôi nghe không hiểu.",0,rule_based,deterministic-rule-baseline-precomputed,analysis_csv,0.0,identity,ok
vi-zh-2022-test-0280,语法题不太难，我觉得都做对了。听力比较难，很多句子我没听懂。,"Câu ngữ pháp không quá khó, tôi cảm thấy làm đúng hết rồi.Phần nghe hơi khó, có nhiều câu tôi nghe không hiểu.","Cau ngữ pháp không quá khó, tôi cảm thấy làm đúng hết rồi.Phần nghe hơi khó, có nhiều câu tôi nghe không hiểu.",1,rule_based,deterministic-rule-baseline-precomputed,analysis_csv,0.0,remove_one_tone,ok
vi-zh-2022-test-0280,语法题不太难，我觉得都做对了。听力比较难，很多句子我没听懂。,"Câu ngữ pháp không quá khó, tôi cảm thấy làm đúng hết rồi.Phần nghe hơi khó, có nhiều câu tôi nghe không hiểu.","Cau ngu phap khong qua kho, toi cam thay lam đung roi.Phan nghe hoi kho, co nhieu cau toi nghe khong hieu.",2,rule_based,deterministic-rule-baseline-precomputed,analysis_csv,0.0,remove_tones_and_drop_one_word,ok
vi-zh-2022-test-0280,语法题不太难，我觉得都做对了。听力比较难，很多句子我没听懂。,"Câu ngữ pháp không quá khó, tôi cảm thấy làm đúng hết rồi.Phần nghe hơi khó, có nhiều câu tôi nghe không hiểu.","Câu ngữ pháp không quá khó, cảm thấy làm đúng hết rồi.Phần hơi khó, có nhiều câu tôi không hiểu.",3,rule_based,deterministic-rule-baseline-precomputed,analysis_csv,0.0,word_dropout_15pct,ok
vi-zh-2022-test-0280,语法题不太难，我觉得都做对了。听力比较难，很多句子我没听懂。,"Câu ngữ pháp không quá khó, tôi cảm thấy làm đúng hết rồi.Phần nghe hơi khó, có nhiều câu tôi nghe không hiểu.","ngữ không pháp quá khó, thấy làm đúng rồi.Phần hơi khó, có nhiều tôi nghe hiểu.",4,rule_based,deterministic-rule-baseline-precomputed,analysis_csv,0.0,word_dropout_30pct_and_swap,ok
vi-zh-2022-test-0280,语法题不太难，我觉得都做对了。听力比较难，很多句子我没听懂。,"Câu ngữ pháp không quá khó, tôi cảm thấy làm đúng hết rồi.Phần nghe hơi khó, có nhiều câu tôi nghe không hiểu.",ngữ pháp không quá tôi đúng hết hơi khó có câu hiểu,5,rule_based,deterministic-rule-baseline-precomputed,analysis_csv,0.0,word_dropout_50pct_and_punctuation_remove,ok
vi-zh-2022-test-0281,我们看了你的简历，觉得你目前的工作也不错，怎么想要换工作呢?,"Chúng tôi đã xem lý lịch của bạn, cảm thấy công việc hiện tại của bạn cũng rất tốt, sao lại muốn đổi công việc thế?","Chúng tôi đã xem lý lịch của bạn, cảm thấy công việc hiện tại của bạn cũng rất tốt, sao lại muốn đổi công việc thế?",0,rule_based,deterministic-rule-baseline-precomputed,analysis_csv,0.0,identity,ok
vi-zh-2022-test-0281,我们看了你的简历，觉得你目前的工作也不错，怎么想要换工作呢?,"Chúng tôi đã xem lý lịch của bạn, cảm thấy công việc hiện tại của bạn cũng rất tốt, sao lại muốn đổi công việc thế?","Chung tôi đã xem lý lịch của bạn, cảm thấy công việc hiện tại của bạn cũng rất tốt, sao lại muốn đổi công việc thế?",1,rule_based,deterministic-rule-baseline-precomputed,analysis_csv,0.0,remove_one_tone,ok
vi-zh-2022-test-0281,我们看了你的简历，觉得你目前的工作也不错，怎么想要换工作呢?,"Chúng tôi đã xem lý lịch của bạn, cảm thấy công việc hiện tại của bạn cũng rất tốt, sao lại muốn đổi công việc thế?","Chung toi đa xem ly lich cua ban, cam thay cong viec hien cua ban cung rat tot, sao lai muon đoi cong viec the?",2,rule_based,deterministic-rule-baseline-precomputed,analysis_csv,0.0,remove_tones_and_drop_one_word,ok
vi-zh-2022-test-0281,我们看了你的简历，觉得你目前的工作也不错，怎么想要换工作呢?,"Chúng tôi đã xem lý lịch của bạn, cảm thấy công việc hiện tại của bạn cũng rất tốt, sao lại muốn đổi công việc thế?","Chúng tôi đã xem lý lịch bạn, cảm thấy công hiện tại của bạn rất sao lại muốn đổi công việc thế?",3,rule_based,deterministic-rule-baseline-precomputed,analysis_csv,0.0,word_dropout_15pct,ok
vi-zh-2022-test-0281,我们看了你的简历，觉得你目前的工作也不错，怎么想要换工作呢?,"Chúng tôi đã xem lý lịch của bạn, cảm thấy công việc hiện tại của bạn cũng rất tốt, sao lại muốn đổi công việc thế?",Chúng đã tôi xem lý lịch của công hiện của bạn cũng sao muốn đổi công việc thế?,4,rule_based,deterministic-rule-baseline-precomputed,analysis_csv,0.0,word_dropout_30pct_and_swap,ok
vi-zh-2022-test-0281,我们看了你的简历，觉得你目前的工作也不错，怎么想要换工作呢?,"Chúng tôi đã xem lý lịch của bạn, cảm thấy công việc hiện tại của bạn cũng rất tốt, sao lại muốn đổi công việc thế?",đã của cảm công việc hiện của bạn cũng rất lại muốn đổi,5,rule_based,deterministic-rule-baseline-precomputed,analysis_csv,0.0,word_dropout_50pct_and_punctuation_remove,ok
vi-zh-2022-test-0282,待遇是还可以，可那是一家小公司。,"Đãi ngộ thì khá ổn, nhưng đó là một công ty nhỏ.","Đãi ngộ thì khá ổn, nhưng đó là một công ty nhỏ.",0,rule_based,deterministic-rule-baseline-precomputed,analysis_csv,0.0,identity,ok
vi-zh-2022-test-0282,待遇是还可以，可那是一家小公司。,"Đãi ngộ thì khá ổn, nhưng đó là một công ty nhỏ.","Đai ngộ thì khá ổn, nhưng đó là một công ty nhỏ.",1,rule_based,deterministic-rule-baseline-precomputed,analysis_csv,0.0,remove_one_tone,ok
vi-zh-2022-test-0282,待遇是还可以，可那是一家小公司。,"Đãi ngộ thì khá ổn, nhưng đó là một công ty nhỏ.","Đai ngo thi kha on, nhung la mot cong ty nho.",2,rule_based,deterministic-rule-baseline-precomputed,analysis_csv,0.0,remove_tones_and_drop_one_word,ok
vi-zh-2022-test-0282,待遇是还可以，可那是一家小公司。,"Đãi ngộ thì khá ổn, nhưng đó là một công ty nhỏ.",Đãi ngộ thì khá nhưng đó là một ty nhỏ.,3,rule_based,deterministic-rule-baseline-precomputed,analysis_csv,0.0,word_dropout_15pct,ok
vi-zh-2022-test-0282,待遇是还可以，可那是一家小公司。,"Đãi ngộ thì khá ổn, nhưng đó là một công ty nhỏ.",Đãi nhưng khá đó là một ty nhỏ.,4,rule_based,deterministic-rule-baseline-precomputed,analysis_csv,0.0,word_dropout_30pct_and_swap,ok
vi-zh-2022-test-0282,待遇是还可以，可那是一家小公司。,"Đãi ngộ thì khá ổn, nhưng đó là một công ty nhỏ.",khá ổn nhưng là một nhỏ,5,rule_based,deterministic-rule-baseline-precomputed,analysis_csv,0.0,word_dropout_50pct_and_punctuation_remove,ok
vi-zh-2022-test-0283,我很希望能更上一层楼，所以看到贵公司的招聘信息后，就打算换个工作。,"Em rất hi vọng có thể tiến lên một bước cao hơn, cho nên sau khi đọc được thông tin tuyển dụng của quý công ty, liền dự định thay đổi công việc.","Em rất hi vọng có thể tiến lên một bước cao hơn, cho nên sau khi đọc được thông tin tuyển dụng của quý công ty, liền dự định thay đổi công việc.",0,rule_based,deterministic-rule-baseline-precomputed,analysis_csv,0.0,identity,ok
vi-zh-2022-test-0283,我很希望能更上一层楼，所以看到贵公司的招聘信息后，就打算换个工作。,"Em rất hi vọng có thể tiến lên một bước cao hơn, cho nên sau khi đọc được thông tin tuyển dụng của quý công ty, liền dự định thay đổi công việc.","Em rat hi vọng có thể tiến lên một bước cao hơn, cho nên sau khi đọc được thông tin tuyển dụng của quý công ty, liền dự định thay đổi công việc.",1,rule_based,deterministic-rule-baseline-precomputed,analysis_csv,0.0,remove_one_tone,ok
vi-zh-2022-test-0283,我很希望能更上一层楼，所以看到贵公司的招聘信息后，就打算换个工作。,"Em rất hi vọng có thể tiến lên một bước cao hơn, cho nên sau khi đọc được thông tin tuyển dụng của quý công ty, liền dự định thay đổi công việc.","Em rat hi vong co the tien len mot buoc cao hon, cho nen sau khi đuoc thong tin tuyen dung cua quy cong ty, lien du đinh thay đoi cong viec.",2,rule_based,deterministic-rule-baseline-precomputed,analysis_csv,0.0,remove_tones_and_drop_one_word,ok
vi-zh-2022-test-0283,我很希望能更上一层楼，所以看到贵公司的招聘信息后，就打算换个工作。,"Em rất hi vọng có thể tiến lên một bước cao hơn, cho nên sau khi đọc được thông tin tuyển dụng của quý công ty, liền dự định thay đổi công việc.","rất hi vọng có thể tiến một cao hơn, cho nên sau khi đọc được thông tuyển dụng của quý công ty, liền định thay đổi công việc.",3,rule_based,deterministic-rule-baseline-precomputed,analysis_csv,0.0,word_dropout_15pct,ok
vi-zh-2022-test-0283,我很希望能更上一层楼，所以看到贵公司的招聘信息后，就打算换个工作。,"Em rất hi vọng có thể tiến lên một bước cao hơn, cho nên sau khi đọc được thông tin tuyển dụng của quý công ty, liền dự định thay đổi công việc.","Em hi rất vọng có tiến lên một cao cho sau khi đọc được thông tin quý ty, dự định đổi công việc.",4,rule_based,deterministic-rule-baseline-precomputed,analysis_csv,0.0,word_dropout_30pct_and_swap,ok
vi-zh-2022-test-0283,我很希望能更上一层楼，所以看到贵公司的招聘信息后，就打算换个工作。,"Em rất hi vọng có thể tiến lên một bước cao hơn, cho nên sau khi đọc được thông tin tuyển dụng của quý công ty, liền dự định thay đổi công việc.",Em hi vọng có lên cao cho đọc được thông tin tuyển quý dự công việc,5,rule_based,deterministic-rule-baseline-precomputed,analysis_csv,0.0,word_dropout_50pct_and_punctuation_remove,ok
vi-zh-2022-test-0284,总经理助理做的是办公室的日常工作。,Những việc mà trợ lý Tổng giám đốc làm là những công việc thường ngày của văn phòng.,Những việc mà trợ lý Tổng giám đốc làm là những công việc thường ngày của văn phòng.,0,rule_based,deterministic-rule-baseline-precomputed,analysis_csv,0.0,identity,ok
vi-zh-2022-test-0284,总经理助理做的是办公室的日常工作。,Những việc mà trợ lý Tổng giám đốc làm là những công việc thường ngày của văn phòng.,Nhung việc mà trợ lý Tổng giám đốc làm là những công việc thường ngày của văn phòng.,1,rule_based,deterministic-rule-baseline-precomputed,analysis_csv,0.0,remove_one_tone,ok
vi-zh-2022-test-0284,总经理助理做的是办公室的日常工作。,Những việc mà trợ lý Tổng giám đốc làm là những công việc thường ngày của văn phòng.,Nhung viec ma tro ly Tong giam đoc lam nhung cong viec thuong ngay cua van phong.,2,rule_based,deterministic-rule-baseline-precomputed,analysis_csv,0.0,remove_tones_and_drop_one_word,ok
vi-zh-2022-test-0284,总经理助理做的是办公室的日常工作。,Những việc mà trợ lý Tổng giám đốc làm là những công việc thường ngày của văn phòng.,Những việc trợ lý giám đốc làm là những công việc thường ngày của văn,3,rule_based,deterministic-rule-baseline-precomputed,analysis_csv,0.0,word_dropout_15pct,ok
vi-zh-2022-test-0284,总经理助理做的是办公室的日常工作。,Những việc mà trợ lý Tổng giám đốc làm là những công việc thường ngày của văn phòng.,Những mà việc trợ Tổng đốc làm là việc thường ngày của văn,4,rule_based,deterministic-rule-baseline-precomputed,analysis_csv,0.0,word_dropout_30pct_and_swap,ok
vi-zh-2022-test-0284,总经理助理做的是办公室的日常工作。,Những việc mà trợ lý Tổng giám đốc làm là những công việc thường ngày của văn phòng.,việc Tổng đốc những việc thường ngày của phòng,5,rule_based,deterministic-rule-baseline-precomputed,analysis_csv,0.0,word_dropout_50pct_and_punctuation_remove,ok
vi-zh-2022-test-0285,我想是孩子的妈妈，就安慰她说，小孩子摔一跤没关系。,"Tôi nghĩ đó là mẹ của cậu bé, liền an ủi cô ấy nói, đứa trẻ ngã một cái không sao đâu.","Tôi nghĩ đó là mẹ của cậu bé, liền an ủi cô ấy nói, đứa trẻ ngã một cái không sao đâu.",0,rule_based,deterministic-rule-baseline-precomputed,analysis_csv,0.0,identity,ok
vi-zh-2022-test-0285,我想是孩子的妈妈，就安慰她说，小孩子摔一跤没关系。,"Tôi nghĩ đó là mẹ của cậu bé, liền an ủi cô ấy nói, đứa trẻ ngã một cái không sao đâu.","Toi nghĩ đó là mẹ của cậu bé, liền an ủi cô ấy nói, đứa trẻ ngã một cái không sao đâu.",1,rule_based,deterministic-rule-baseline-precomputed,analysis_csv,0.0,remove_one_tone,ok
vi-zh-2022-test-0285,我想是孩子的妈妈，就安慰她说，小孩子摔一跤没关系。,"Tôi nghĩ đó là mẹ của cậu bé, liền an ủi cô ấy nói, đứa trẻ ngã một cái không sao đâu.","Toi nghi đo la me cua cau be, lien an ui ay noi, đua tre nga mot cai khong sao đau.",2,rule_based,deterministic-rule-baseline-precomputed,analysis_csv,0.0,remove_tones_and_drop_one_word,ok
vi-zh-2022-test-0285,我想是孩子的妈妈，就安慰她说，小孩子摔一跤没关系。,"Tôi nghĩ đó là mẹ của cậu bé, liền an ủi cô ấy nói, đứa trẻ ngã một cái không sao đâu.","Tôi nghĩ đó là của cậu bé, liền an ủi cô ấy nói, đứa trẻ ngã một không đâu.",3,rule_based,deterministic-rule-baseline-precomputed,analysis_csv,0.0,word_dropout_15pct,ok
vi-zh-2022-test-0285,我想是孩子的妈妈，就安慰她说，小孩子摔一跤没关系。,"Tôi nghĩ đó là mẹ của cậu bé, liền an ủi cô ấy nói, đứa trẻ ngã một cái không sao đâu.","Tôi của là cậu bé, an ủi cô ấy nói, đứa trẻ ngã một đâu.",4,rule_based,deterministic-rule-baseline-precomputed,analysis_csv,0.0,word_dropout_30pct_and_swap,ok
vi-zh-2022-test-0285,我想是孩子的妈妈，就安慰她说，小孩子摔一跤没关系。,"Tôi nghĩ đó là mẹ của cậu bé, liền an ủi cô ấy nói, đứa trẻ ngã một cái không sao đâu.",Tôi là của bé liền cô ấy nói ngã cái sao,5,rule_based,deterministic-rule-baseline-precomputed,analysis_csv,0.0,word_dropout_50pct_and_punctuation_remove,ok
vi-zh-2022-test-0286,"她双眼一瞪，对我吼道: ""你骑车也不小心一点儿，这次没摔伤算你走运!""","Cô ấy trừng mắt lên, quát lên với tôi: ""Cậu đi xe cũng không cẩn thận một chút được à, lần này ngã không bị thương coi như cậu gặp may rồi đấy!""","Cô ấy trừng mắt lên, quát lên với tôi: ""Cậu đi xe cũng không cẩn thận một chút được à, lần này ngã không bị thương coi như cậu gặp may rồi đấy!""",0,rule_based,deterministic-rule-baseline-precomputed,analysis_csv,0.0,identity,ok
vi-zh-2022-test-0286,"她双眼一瞪，对我吼道: ""你骑车也不小心一点儿，这次没摔伤算你走运!""","Cô ấy trừng mắt lên, quát lên với tôi: ""Cậu đi xe cũng không cẩn thận một chút được à, lần này ngã không bị thương coi như cậu gặp may rồi đấy!""","Co ấy trừng mắt lên, quát lên với tôi: ""Cậu đi xe cũng không cẩn thận một chút được à, lần này ngã không bị thương coi như cậu gặp may rồi đấy!""",1,rule_based,deterministic-rule-baseline-precomputed,analysis_csv,0.0,remove_one_tone,ok
vi-zh-2022-test-0286,"她双眼一瞪，对我吼道: ""你骑车也不小心一点儿，这次没摔伤算你走运!""","Cô ấy trừng mắt lên, quát lên với tôi: ""Cậu đi xe cũng không cẩn thận một chút được à, lần này ngã không bị thương coi như cậu gặp may rồi đấy!""","Co ay trung mat len, quat len voi toi: ""Cau đi xe cung khong can than chut đuoc a, lan nay nga khong bi thuong coi nhu cau gap may roi đay!""",2,rule_based,deterministic-rule-baseline-precomputed,analysis_csv,0.0,remove_tones_and_drop_one_word,ok
vi-zh-2022-test-0286,"她双眼一瞪，对我吼道: ""你骑车也不小心一点儿，这次没摔伤算你走运!""","Cô ấy trừng mắt lên, quát lên với tôi: ""Cậu đi xe cũng không cẩn thận một chút được à, lần này ngã không bị thương coi như cậu gặp may rồi đấy!""","ấy mắt lên, quát lên với tôi: ""Cậu đi không cẩn thận một chút được à, lần này ngã không bị thương coi như cậu gặp rồi đấy!""",3,rule_based,deterministic-rule-baseline-precomputed,analysis_csv,0.0,word_dropout_15pct,ok
vi-zh-2022-test-0286,"她双眼一瞪，对我吼道: ""你骑车也不小心一点儿，这次没摔伤算你走运!""","Cô ấy trừng mắt lên, quát lên với tôi: ""Cậu đi xe cũng không cẩn thận một chút được à, lần này ngã không bị thương coi như cậu gặp may rồi đấy!""","Cô lên, trừng quát lên với tôi: ""Cậu cũng thận một chút được à, này ngã không bị thương coi như may rồi",4,rule_based,deterministic-rule-baseline-precomputed,analysis_csv,0.0,word_dropout_30pct_and_swap,ok
vi-zh-2022-test-0286,"她双眼一瞪，对我吼道: ""你骑车也不小心一点儿，这次没摔伤算你走运!""","Cô ấy trừng mắt lên, quát lên với tôi: ""Cậu đi xe cũng không cẩn thận một chút được à, lần này ngã không bị thương coi như cậu gặp may rồi đấy!""","trừng lên với tôi ""Cậu đi cũng không chút này ngã không bị thương coi đấy""",5,rule_based,deterministic-rule-baseline-precomputed,analysis_csv,0.0,word_dropout_50pct_and_punctuation_remove,ok
vi-zh-2022-test-0287,见邻居家的被子还在院子里晒着，心想，他们是双职工，恐怕不能回来收。,"Nhìn thấy chăn nhà hàng xóm vẫn đang phơi trong sân, liền nghĩ, vợ chồng họ đều là công nhân viên chức, e là không thể về để thu vào được.","Nhìn thấy chăn nhà hàng xóm vẫn đang phơi trong sân, liền nghĩ, vợ chồng họ đều là công nhân viên chức, e là không thể về để thu vào được.",0,rule_based,deterministic-rule-baseline-precomputed,analysis_csv,0.0,identity,ok
vi-zh-2022-test-0287,见邻居家的被子还在院子里晒着，心想，他们是双职工，恐怕不能回来收。,"Nhìn thấy chăn nhà hàng xóm vẫn đang phơi trong sân, liền nghĩ, vợ chồng họ đều là công nhân viên chức, e là không thể về để thu vào được.","Nhin thấy chăn nhà hàng xóm vẫn đang phơi trong sân, liền nghĩ, vợ chồng họ đều là công nhân viên chức, e là không thể về để thu vào được.",1,rule_based,deterministic-rule-baseline-precomputed,analysis_csv,0.0,remove_one_tone,ok
vi-zh-2022-test-0287,见邻居家的被子还在院子里晒着，心想，他们是双职工，恐怕不能回来收。,"Nhìn thấy chăn nhà hàng xóm vẫn đang phơi trong sân, liền nghĩ, vợ chồng họ đều là công nhân viên chức, e là không thể về để thu vào được.","Nhin thay chan nha hang xom van đang phoi trong san, lien nghi, vo chong đeu la cong nhan vien chuc, e la khong the ve đe thu vao đuoc.",2,rule_based,deterministic-rule-baseline-precomputed,analysis_csv,0.0,remove_tones_and_drop_one_word,ok
vi-zh-2022-test-0287,见邻居家的被子还在院子里晒着，心想，他们是双职工，恐怕不能回来收。,"Nhìn thấy chăn nhà hàng xóm vẫn đang phơi trong sân, liền nghĩ, vợ chồng họ đều là công nhân viên chức, e là không thể về để thu vào được.","Nhìn chăn nhà xóm vẫn đang phơi trong sân, liền nghĩ, vợ chồng họ đều là công nhân viên chức, e không về thu vào được.",3,rule_based,deterministic-rule-baseline-precomputed,analysis_csv,0.0,word_dropout_15pct,ok
vi-zh-2022-test-0287,见邻居家的被子还在院子里晒着，心想，他们是双职工，恐怕不能回来收。,"Nhìn thấy chăn nhà hàng xóm vẫn đang phơi trong sân, liền nghĩ, vợ chồng họ đều là công nhân viên chức, e là không thể về để thu vào được.","Nhìn chăn thấy hàng xóm vẫn đang phơi trong sân, liền nghĩ, vợ đều là công viên chức, là để vào được.",4,rule_based,deterministic-rule-baseline-precomputed,analysis_csv,0.0,word_dropout_30pct_and_swap,ok
vi-zh-2022-test-0287,见邻居家的被子还在院子里晒着，心想，他们是双职工，恐怕不能回来收。,"Nhìn thấy chăn nhà hàng xóm vẫn đang phơi trong sân, liền nghĩ, vợ chồng họ đều là công nhân viên chức, e là không thể về để thu vào được.",Nhìn thấy hàng vẫn đang phơi liền nghĩ vợ là viên e là thể để vào,5,rule_based,deterministic-rule-baseline-precomputed,analysis_csv,0.0,word_dropout_50pct_and_punctuation_remove,ok
vi-zh-2022-test-0288,第五天回到宿舍，才想起邻居家的被子。,"Ngày thứ 5 quay về phòng trọ, mới nhớ đến cái chăn của nhà hàng xóm.","Ngày thứ 5 quay về phòng trọ, mới nhớ đến cái chăn của nhà hàng xóm.",0,rule_based,deterministic-rule-baseline-precomputed,analysis_csv,0.0,identity,ok
vi-zh-2022-test-0288,第五天回到宿舍，才想起邻居家的被子。,"Ngày thứ 5 quay về phòng trọ, mới nhớ đến cái chăn của nhà hàng xóm.","Ngay thứ 5 quay về phòng trọ, mới nhớ đến cái chăn của nhà hàng xóm.",1,rule_based,deterministic-rule-baseline-precomputed,analysis_csv,0.0,remove_one_tone,ok
vi-zh-2022-test-0288,第五天回到宿舍，才想起邻居家的被子。,"Ngày thứ 5 quay về phòng trọ, mới nhớ đến cái chăn của nhà hàng xóm.","Ngay thu 5 quay ve phong tro, moi đen cai chan cua nha hang xom.",2,rule_based,deterministic-rule-baseline-precomputed,analysis_csv,0.0,remove_tones_and_drop_one_word,ok
vi-zh-2022-test-0288,第五天回到宿舍，才想起邻居家的被子。,"Ngày thứ 5 quay về phòng trọ, mới nhớ đến cái chăn của nhà hàng xóm.","thứ 5 quay về phòng trọ, mới nhớ đến chăn của nhà hàng xóm.",3,rule_based,deterministic-rule-baseline-precomputed,analysis_csv,0.0,word_dropout_15pct,ok
vi-zh-2022-test-0288,第五天回到宿舍，才想起邻居家的被子。,"Ngày thứ 5 quay về phòng trọ, mới nhớ đến cái chăn của nhà hàng xóm.","thứ phòng 5 trọ, mới nhớ đến chăn của nhà hàng",4,rule_based,deterministic-rule-baseline-precomputed,analysis_csv,0.0,word_dropout_30pct_and_swap,ok
vi-zh-2022-test-0288,第五天回到宿舍，才想起邻居家的被子。,"Ngày thứ 5 quay về phòng trọ, mới nhớ đến cái chăn của nhà hàng xóm.",Ngày về trọ mới nhớ đến của hàng,5,rule_based,deterministic-rule-baseline-precomputed,analysis_csv,0.0,word_dropout_50pct_and_punctuation_remove,ok
vi-zh-2022-test-0289,连忙去还，邻居却说，以为被小偷偷走了，就又买了一套新的。,"Liền vội vàng chạy đi trả, hàng xóm lại nói, tưởng rằng bị trộm lấy mất nên đã mua một bộ chăn mới.","Liền vội vàng chạy đi trả, hàng xóm lại nói, tưởng rằng bị trộm lấy mất nên đã mua một bộ chăn mới.",0,rule_based,deterministic-rule-baseline-precomputed,analysis_csv,0.0,identity,ok
vi-zh-2022-test-0289,连忙去还，邻居却说，以为被小偷偷走了，就又买了一套新的。,"Liền vội vàng chạy đi trả, hàng xóm lại nói, tưởng rằng bị trộm lấy mất nên đã mua một bộ chăn mới.","Lien vội vàng chạy đi trả, hàng xóm lại nói, tưởng rằng bị trộm lấy mất nên đã mua một bộ chăn mới.",1,rule_based,deterministic-rule-baseline-precomputed,analysis_csv,0.0,remove_one_tone,ok
vi-zh-2022-test-0289,连忙去还，邻居却说，以为被小偷偷走了，就又买了一套新的。,"Liền vội vàng chạy đi trả, hàng xóm lại nói, tưởng rằng bị trộm lấy mất nên đã mua một bộ chăn mới.","Lien voi vang chay đi tra, hang xom lai noi, tuong bi trom lay mat nen đa mua mot bo chan moi.",2,rule_based,deterministic-rule-baseline-precomputed,analysis_csv,0.0,remove_tones_and_drop_one_word,ok
vi-zh-2022-test-0289,连忙去还，邻居却说，以为被小偷偷走了，就又买了一套新的。,"Liền vội vàng chạy đi trả, hàng xóm lại nói, tưởng rằng bị trộm lấy mất nên đã mua một bộ chăn mới.","Liền chạy đi hàng xóm lại nói, tưởng rằng bị trộm lấy mất nên đã mua một bộ chăn mới.",3,rule_based,deterministic-rule-baseline-precomputed,analysis_csv,0.0,word_dropout_15pct,ok
vi-zh-2022-test-0289,连忙去还，邻居却说，以为被小偷偷走了，就又买了一套新的。,"Liền vội vàng chạy đi trả, hàng xóm lại nói, tưởng rằng bị trộm lấy mất nên đã mua một bộ chăn mới.","Liền đi vội trả, hàng xóm nói, tưởng rằng trộm lấy mất đã mua bộ chăn",4,rule_based,deterministic-rule-baseline-precomputed,analysis_csv,0.0,word_dropout_30pct_and_swap,ok
vi-zh-2022-test-0289,连忙去还，邻居却说，以为被小偷偷走了，就又买了一套新的。,"Liền vội vàng chạy đi trả, hàng xóm lại nói, tưởng rằng bị trộm lấy mất nên đã mua một bộ chăn mới.",Liền đi trả hàng xóm lại rằng lấy đã mua chăn mới,5,rule_based,deterministic-rule-baseline-precomputed,analysis_csv,0.0,word_dropout_50pct_and_punctuation_remove,ok
vi-zh-2022-test-0290,大学本科及以上学历，英语，文秘或相关专业毕业。,"Trình độ học vấn đại học chính quy trở lên, tốt nghiệp chuyên ngành tiếng Anh, thư ký hoặc các chuyên ngành có liên quan.","Trình độ học vấn đại học chính quy trở lên, tốt nghiệp chuyên ngành tiếng Anh, thư ký hoặc các chuyên ngành có liên quan.",0,rule_based,deterministic-rule-baseline-precomputed,analysis_csv,0.0,identity,ok
vi-zh-2022-test-0290,大学本科及以上学历，英语，文秘或相关专业毕业。,"Trình độ học vấn đại học chính quy trở lên, tốt nghiệp chuyên ngành tiếng Anh, thư ký hoặc các chuyên ngành có liên quan.","Trinh độ học vấn đại học chính quy trở lên, tốt nghiệp chuyên ngành tiếng Anh, thư ký hoặc các chuyên ngành có liên quan.",1,rule_based,deterministic-rule-baseline-precomputed,analysis_csv,0.0,remove_one_tone,ok
vi-zh-2022-test-0290,大学本科及以上学历，英语，文秘或相关专业毕业。,"Trình độ học vấn đại học chính quy trở lên, tốt nghiệp chuyên ngành tiếng Anh, thư ký hoặc các chuyên ngành có liên quan.","Trinh đo hoc van đai hoc chinh quy tro len, tot nghiep nganh tieng Anh, thu ky hoac cac chuyen nganh co lien quan.",2,rule_based,deterministic-rule-baseline-precomputed,analysis_csv,0.0,remove_tones_and_drop_one_word,ok
vi-zh-2022-test-0290,大学本科及以上学历，英语，文秘或相关专业毕业。,"Trình độ học vấn đại học chính quy trở lên, tốt nghiệp chuyên ngành tiếng Anh, thư ký hoặc các chuyên ngành có liên quan.","Trình độ học vấn đại học quy lên, tốt nghiệp chuyên ngành tiếng Anh, thư ký hoặc các chuyên ngành liên",3,rule_based,deterministic-rule-baseline-precomputed,analysis_csv,0.0,word_dropout_15pct,ok
vi-zh-2022-test-0290,大学本科及以上学历，英语，文秘或相关专业毕业。,"Trình độ học vấn đại học chính quy trở lên, tốt nghiệp chuyên ngành tiếng Anh, thư ký hoặc các chuyên ngành có liên quan.",Trình đại độ học chính quy trở tốt nghiệp tiếng thư ký hoặc các ngành có liên quan.,4,rule_based,deterministic-rule-baseline-precomputed,analysis_csv,0.0,word_dropout_30pct_and_swap,ok
vi-zh-2022-test-0290,大学本科及以上学历，英语，文秘或相关专业毕业。,"Trình độ học vấn đại học chính quy trở lên, tốt nghiệp chuyên ngành tiếng Anh, thư ký hoặc các chuyên ngành có liên quan.",Trình học chính trở nghiệp tiếng Anh thư các chuyên ngành có,5,rule_based,deterministic-rule-baseline-precomputed,analysis_csv,0.0,word_dropout_50pct_and_punctuation_remove,ok
vi-zh-2022-test-0291,具有三年以上外企英语翻译或秘书相关工作经历者优先考虑。,Những người từng có kinh nghiệm 3 năm trở lên làm phiên dịch tiếng Anh hoặc công việc liên quan đến thư ký cho doanh nghiệp nước ngoài sẽ được ưu tiên xem xét.,Những người từng có kinh nghiệm 3 năm trở lên làm phiên dịch tiếng Anh hoặc công việc liên quan đến thư ký cho doanh nghiệp nước ngoài sẽ được ưu tiên xem xét.,0,rule_based,deterministic-rule-baseline-precomputed,analysis_csv,0.0,identity,ok
vi-zh-2022-test-0291,具有三年以上外企英语翻译或秘书相关工作经历者优先考虑。,Những người từng có kinh nghiệm 3 năm trở lên làm phiên dịch tiếng Anh hoặc công việc liên quan đến thư ký cho doanh nghiệp nước ngoài sẽ được ưu tiên xem xét.,Nhung người từng có kinh nghiệm 3 năm trở lên làm phiên dịch tiếng Anh hoặc công việc liên quan đến thư ký cho doanh nghiệp nước ngoài sẽ được ưu tiên xem xét.,1,rule_based,deterministic-rule-baseline-precomputed,analysis_csv,0.0,remove_one_tone,ok
vi-zh-2022-test-0291,具有三年以上外企英语翻译或秘书相关工作经历者优先考虑。,Những người từng có kinh nghiệm 3 năm trở lên làm phiên dịch tiếng Anh hoặc công việc liên quan đến thư ký cho doanh nghiệp nước ngoài sẽ được ưu tiên xem xét.,Nhung nguoi tung co kinh nghiem 3 nam tro len lam phien dich tieng Anh hoac cong lien quan đen thu ky cho doanh nghiep nuoc ngoai se đuoc uu tien xem xet.,2,rule_based,deterministic-rule-baseline-precomputed,analysis_csv,0.0,remove_tones_and_drop_one_word,ok
vi-zh-2022-test-0291,具有三年以上外企英语翻译或秘书相关工作经历者优先考虑。,Những người từng có kinh nghiệm 3 năm trở lên làm phiên dịch tiếng Anh hoặc công việc liên quan đến thư ký cho doanh nghiệp nước ngoài sẽ được ưu tiên xem xét.,Những từng có kinh nghiệm lên làm phiên dịch tiếng Anh hoặc công việc liên quan đến thư ký cho nghiệp nước ngoài sẽ được ưu tiên xem xét.,3,rule_based,deterministic-rule-baseline-precomputed,analysis_csv,0.0,word_dropout_15pct,ok
vi-zh-2022-test-0291,具有三年以上外企英语翻译或秘书相关工作经历者优先考虑。,Những người từng có kinh nghiệm 3 năm trở lên làm phiên dịch tiếng Anh hoặc công việc liên quan đến thư ký cho doanh nghiệp nước ngoài sẽ được ưu tiên xem xét.,Những có từng năm trở lên phiên dịch tiếng Anh hoặc công việc quan đến ký cho doanh nước sẽ được ưu tiên xem,4,rule_based,deterministic-rule-baseline-precomputed,analysis_csv,0.0,word_dropout_30pct_and_swap,ok
vi-zh-2022-test-0291,具有三年以上外企英语翻译或秘书相关工作经历者优先考虑。,Những người từng có kinh nghiệm 3 năm trở lên làm phiên dịch tiếng Anh hoặc công việc liên quan đến thư ký cho doanh nghiệp nước ngoài sẽ được ưu tiên xem xét.,người 3 năm lên làm dịch Anh hoặc việc quan đến ký cho nước sẽ ưu xem,5,rule_based,deterministic-rule-baseline-precomputed,analysis_csv,0.0,word_dropout_50pct_and_punctuation_remove,ok
vi-zh-2022-test-0292,工作态度积极，认真负责; 熟悉常用办公软件。,"Thái độ làm việc tích cực, làm việc kỹ lưỡng, có tinh thần trách nhiệm; thành thạo phần mềm tin học văn phòng thông dụng.","Thái độ làm việc tích cực, làm việc kỹ lưỡng, có tinh thần trách nhiệm; thành thạo phần mềm tin học văn phòng thông dụng.",0,rule_based,deterministic-rule-baseline-precomputed,analysis_csv,0.0,identity,ok
vi-zh-2022-test-0292,工作态度积极，认真负责; 熟悉常用办公软件。,"Thái độ làm việc tích cực, làm việc kỹ lưỡng, có tinh thần trách nhiệm; thành thạo phần mềm tin học văn phòng thông dụng.","Thai độ làm việc tích cực, làm việc kỹ lưỡng, có tinh thần trách nhiệm; thành thạo phần mềm tin học văn phòng thông dụng.",1,rule_based,deterministic-rule-baseline-precomputed,analysis_csv,0.0,remove_one_tone,ok
vi-zh-2022-test-0292,工作态度积极，认真负责; 熟悉常用办公软件。,"Thái độ làm việc tích cực, làm việc kỹ lưỡng, có tinh thần trách nhiệm; thành thạo phần mềm tin học văn phòng thông dụng.","Thai đo lam viec tich cuc, lam viec ky luong, co tinh trach nhiem; thanh thao phan mem tin hoc van phong thong dung.",2,rule_based,deterministic-rule-baseline-precomputed,analysis_csv,0.0,remove_tones_and_drop_one_word,ok
vi-zh-2022-test-0292,工作态度积极，认真负责; 熟悉常用办公软件。,"Thái độ làm việc tích cực, làm việc kỹ lưỡng, có tinh thần trách nhiệm; thành thạo phần mềm tin học văn phòng thông dụng.","Thái độ việc tích cực, làm việc kỹ có tinh thần nhiệm; thành thạo phần tin học văn phòng thông dụng.",3,rule_based,deterministic-rule-baseline-precomputed,analysis_csv,0.0,word_dropout_15pct,ok
vi-zh-2022-test-0292,工作态度积极，认真负责; 熟悉常用办公软件。,"Thái độ làm việc tích cực, làm việc kỹ lưỡng, có tinh thần trách nhiệm; thành thạo phần mềm tin học văn phòng thông dụng.","Thái việc độ cực, làm kỹ lưỡng, có tinh thần trách nhiệm; thành phần mềm học văn dụng.",4,rule_based,deterministic-rule-baseline-precomputed,analysis_csv,0.0,word_dropout_30pct_and_swap,ok
vi-zh-2022-test-0292,工作态度积极，认真负责; 熟悉常用办公软件。,"Thái độ làm việc tích cực, làm việc kỹ lưỡng, có tinh thần trách nhiệm; thành thạo phần mềm tin học văn phòng thông dụng.",độ làm tích kỹ tinh trách nhiệm thành thạo học thông dụng,5,rule_based,deterministic-rule-baseline-precomputed,analysis_csv,0.0,word_dropout_50pct_and_punctuation_remove,ok
vi-zh-2022-test-0293,我的自行车坏了，能把你的借给我吗?,"Xe đạp của tôi hỏng rồi, có thể cho tôi mượn xe của bạn không?","Xe đạp của tôi hỏng rồi, có thể cho tôi mượn xe của bạn không?",0,rule_based,deterministic-rule-baseline-precomputed,analysis_csv,0.0,identity,ok
vi-zh-2022-test-0293,我的自行车坏了，能把你的借给我吗?,"Xe đạp của tôi hỏng rồi, có thể cho tôi mượn xe của bạn không?","Xe đap của tôi hỏng rồi, có thể cho tôi mượn xe của bạn không?",1,rule_based,deterministic-rule-baseline-precomputed,analysis_csv,0.0,remove_one_tone,ok
vi-zh-2022-test-0293,我的自行车坏了，能把你的借给我吗?,"Xe đạp của tôi hỏng rồi, có thể cho tôi mượn xe của bạn không?","Xe đap cua toi hong roi, co cho toi muon xe cua ban khong?",2,rule_based,deterministic-rule-baseline-precomputed,analysis_csv,0.0,remove_tones_and_drop_one_word,ok
vi-zh-2022-test-0293,我的自行车坏了，能把你的借给我吗?,"Xe đạp của tôi hỏng rồi, có thể cho tôi mượn xe của bạn không?","Xe đạp của tôi hỏng rồi, có thể tôi mượn xe của bạn",3,rule_based,deterministic-rule-baseline-precomputed,analysis_csv,0.0,word_dropout_15pct,ok
vi-zh-2022-test-0293,我的自行车坏了，能把你的借给我吗?,"Xe đạp của tôi hỏng rồi, có thể cho tôi mượn xe của bạn không?",Xe của đạp hỏng thể cho mượn xe bạn không?,4,rule_based,deterministic-rule-baseline-precomputed,analysis_csv,0.0,word_dropout_30pct_and_swap,ok
vi-zh-2022-test-0293,我的自行车坏了，能把你的借给我吗?,"Xe đạp của tôi hỏng rồi, có thể cho tôi mượn xe của bạn không?",đạp của hỏng có cho tôi xe của,5,rule_based,deterministic-rule-baseline-precomputed,analysis_csv,0.0,word_dropout_50pct_and_punctuation_remove,ok
vi-zh-2022-test-0294,没问题呀，只要我能帮得上,"Không vấn đề gì, chỉ cần tớ có thể giúp được.","Không vấn đề gì, chỉ cần tớ có thể giúp được.",0,rule_based,deterministic-rule-baseline-precomputed,analysis_csv,0.0,identity,ok
vi-zh-2022-test-0294,没问题呀，只要我能帮得上,"Không vấn đề gì, chỉ cần tớ có thể giúp được.","Khong vấn đề gì, chỉ cần tớ có thể giúp được.",1,rule_based,deterministic-rule-baseline-precomputed,analysis_csv,0.0,remove_one_tone,ok
vi-zh-2022-test-0294,没问题呀，只要我能帮得上,"Không vấn đề gì, chỉ cần tớ có thể giúp được.","Khong van đe gi, chi to co the giup đuoc.",2,rule_based,deterministic-rule-baseline-precomputed,analysis_csv,0.0,remove_tones_and_drop_one_word,ok
vi-zh-2022-test-0294,没问题呀，只要我能帮得上,"Không vấn đề gì, chỉ cần tớ có thể giúp được.",Không vấn đề chỉ cần có thể giúp được.,3,rule_based,deterministic-rule-baseline-precomputed,analysis_csv,0.0,word_dropout_15pct,ok
vi-zh-2022-test-0294,没问题呀，只要我能帮得上,"Không vấn đề gì, chỉ cần tớ có thể giúp được.",vấn chỉ đề cần tớ có thể giúp,4,rule_based,deterministic-rule-baseline-precomputed,analysis_csv,0.0,word_dropout_30pct_and_swap,ok
vi-zh-2022-test-0294,没问题呀，只要我能帮得上,"Không vấn đề gì, chỉ cần tớ có thể giúp được.",Không đề chỉ có giúp được,5,rule_based,deterministic-rule-baseline-precomputed,analysis_csv,0.0,word_dropout_50pct_and_punctuation_remove,ok
vi-zh-2022-test-0295,看看这种布料是哪家公司买走的,Xem xem loại vải này là do công ty nào mua.,Xem xem loại vải này là do công ty nào mua.,0,rule_based,deterministic-rule-baseline-precomputed,analysis_csv,0.0,identity,ok
vi-zh-2022-test-0295,看看这种布料是哪家公司买走的,Xem xem loại vải này là do công ty nào mua.,Xem xem loai vải này là do công ty nào mua.,1,rule_based,deterministic-rule-baseline-precomputed,analysis_csv,0.0,remove_one_tone,ok
vi-zh-2022-test-0295,看看这种布料是哪家公司买走的,Xem xem loại vải này là do công ty nào mua.,Xem xem loai vai nay do cong ty nao mua.,2,rule_based,deterministic-rule-baseline-precomputed,analysis_csv,0.0,remove_tones_and_drop_one_word,ok
vi-zh-2022-test-0295,看看这种布料是哪家公司买走的,Xem xem loại vải này là do công ty nào mua.,Xem xem loại này là do công ty nào,3,rule_based,deterministic-rule-baseline-precomputed,analysis_csv,0.0,word_dropout_15pct,ok
vi-zh-2022-test-0295,看看这种布料是哪家公司买走的,Xem xem loại vải này là do công ty nào mua.,Xem này loại do công ty nào mua.,4,rule_based,deterministic-rule-baseline-precomputed,analysis_csv,0.0,word_dropout_30pct_and_swap,ok
vi-zh-2022-test-0295,看看这种布料是哪家公司买走的,Xem xem loại vải này là do công ty nào mua.,Xem xem vải ty nào mua,5,rule_based,deterministic-rule-baseline-precomputed,analysis_csv,0.0,word_dropout_50pct_and_punctuation_remove,ok
vi-zh-2022-test-0296,我一直以为你发自肺腑说给我听的,Em cứ tưởng là anh nói từ tận tâm can cho em nghe cơ.,Em cứ tưởng là anh nói từ tận tâm can cho em nghe cơ.,0,rule_based,deterministic-rule-baseline-precomputed,analysis_csv,0.0,identity,ok
vi-zh-2022-test-0296,我一直以为你发自肺腑说给我听的,Em cứ tưởng là anh nói từ tận tâm can cho em nghe cơ.,Em cu tưởng là anh nói từ tận tâm can cho em nghe cơ.,1,rule_based,deterministic-rule-baseline-precomputed,analysis_csv,0.0,remove_one_tone,ok
vi-zh-2022-test-0296,我一直以为你发自肺腑说给我听的,Em cứ tưởng là anh nói từ tận tâm can cho em nghe cơ.,Em cu tuong la anh noi tu tam can cho em nghe co.,2,rule_based,deterministic-rule-baseline-precomputed,analysis_csv,0.0,remove_tones_and_drop_one_word,ok
vi-zh-2022-test-0296,我一直以为你发自肺腑说给我听的,Em cứ tưởng là anh nói từ tận tâm can cho em nghe cơ.,Em cứ tưởng là anh nói tâm can cho em nghe cơ.,3,rule_based,deterministic-rule-baseline-precomputed,analysis_csv,0.0,word_dropout_15pct,ok
vi-zh-2022-test-0296,我一直以为你发自肺腑说给我听的,Em cứ tưởng là anh nói từ tận tâm can cho em nghe cơ.,Em là cứ anh từ tận can cho em cơ.,4,rule_based,deterministic-rule-baseline-precomputed,analysis_csv,0.0,word_dropout_30pct_and_swap,ok
vi-zh-2022-test-0296,我一直以为你发自肺腑说给我听的,Em cứ tưởng là anh nói từ tận tâm can cho em nghe cơ.,cứ tưởng là nói tận can nghe,5,rule_based,deterministic-rule-baseline-precomputed,analysis_csv,0.0,word_dropout_50pct_and_punctuation_remove,ok
vi-zh-2022-test-0297,现在北京，上海，广州，深圳的房价太高了，根本就买不起房子了,"Bây giờ giá nhà ở Bắc Kinh, Thượng Hải, Quảng Châu, Thâm Quyến cao quá, căn bản là không đủ tiền để mua nhà.","Bây giờ giá nhà ở Bắc Kinh, Thượng Hải, Quảng Châu, Thâm Quyến cao quá, căn bản là không đủ tiền để mua nhà.",0,rule_based,deterministic-rule-baseline-precomputed,analysis_csv,0.0,identity,ok
vi-zh-2022-test-0297,现在北京，上海，广州，深圳的房价太高了，根本就买不起房子了,"Bây giờ giá nhà ở Bắc Kinh, Thượng Hải, Quảng Châu, Thâm Quyến cao quá, căn bản là không đủ tiền để mua nhà.","Bay giờ giá nhà ở Bắc Kinh, Thượng Hải, Quảng Châu, Thâm Quyến cao quá, căn bản là không đủ tiền để mua nhà.",1,rule_based,deterministic-rule-baseline-precomputed,analysis_csv,0.0,remove_one_tone,ok
vi-zh-2022-test-0297,现在北京，上海，广州，深圳的房价太高了，根本就买不起房子了,"Bây giờ giá nhà ở Bắc Kinh, Thượng Hải, Quảng Châu, Thâm Quyến cao quá, căn bản là không đủ tiền để mua nhà.","Bay gio gia nha o Bac Kinh, Thuong Hai, Quang Chau, Tham cao qua, can ban la khong đu tien đe mua nha.",2,rule_based,deterministic-rule-baseline-precomputed,analysis_csv,0.0,remove_tones_and_drop_one_word,ok
vi-zh-2022-test-0297,现在北京，上海，广州，深圳的房价太高了，根本就买不起房子了,"Bây giờ giá nhà ở Bắc Kinh, Thượng Hải, Quảng Châu, Thâm Quyến cao quá, căn bản là không đủ tiền để mua nhà.","Bây giờ giá nhà Bắc Kinh, Thượng Hải, Quảng Châu, Thâm Quyến cao quá, căn là không đủ tiền để",3,rule_based,deterministic-rule-baseline-precomputed,analysis_csv,0.0,word_dropout_15pct,ok
vi-zh-2022-test-0297,现在北京，上海，广州，深圳的房价太高了，根本就买不起房子了,"Bây giờ giá nhà ở Bắc Kinh, Thượng Hải, Quảng Châu, Thâm Quyến cao quá, căn bản là không đủ tiền để mua nhà.","Bây nhà giá ở Bắc Kinh, Châu, Thâm cao quá, căn bản là không đủ để mua",4,rule_based,deterministic-rule-baseline-precomputed,analysis_csv,0.0,word_dropout_30pct_and_swap,ok
vi-zh-2022-test-0297,现在北京，上海，广州，深圳的房价太高了，根本就买不起房子了,"Bây giờ giá nhà ở Bắc Kinh, Thượng Hải, Quảng Châu, Thâm Quyến cao quá, căn bản là không đủ tiền để mua nhà.",nhà ở Quảng Châu Quyến cao quá bản không tiền mua nhà,5,rule_based,deterministic-rule-baseline-precomputed,analysis_csv,0.0,word_dropout_50pct_and_punctuation_remove,ok
vi-zh-2022-test-0298,我们坐地铁去机场吧，不仅时间花费少，而且不拥挤,"Chúng ta đi tàu điện ngầm tới sân bay nhé, không những tiêu tốn ít thời gian, mà còn không chen lấn","Chúng ta đi tàu điện ngầm tới sân bay nhé, không những tiêu tốn ít thời gian, mà còn không chen lấn",0,rule_based,deterministic-rule-baseline-precomputed,analysis_csv,0.0,identity,ok
vi-zh-2022-test-0298,我们坐地铁去机场吧，不仅时间花费少，而且不拥挤,"Chúng ta đi tàu điện ngầm tới sân bay nhé, không những tiêu tốn ít thời gian, mà còn không chen lấn","Chung ta đi tàu điện ngầm tới sân bay nhé, không những tiêu tốn ít thời gian, mà còn không chen lấn",1,rule_based,deterministic-rule-baseline-precomputed,analysis_csv,0.0,remove_one_tone,ok
vi-zh-2022-test-0298,我们坐地铁去机场吧，不仅时间花费少，而且不拥挤,"Chúng ta đi tàu điện ngầm tới sân bay nhé, không những tiêu tốn ít thời gian, mà còn không chen lấn","Chung ta đi tau đien ngam toi san bay nhe, khong tieu ton it thoi gian, ma con khong chen lan",2,rule_based,deterministic-rule-baseline-precomputed,analysis_csv,0.0,remove_tones_and_drop_one_word,ok
vi-zh-2022-test-0298,我们坐地铁去机场吧，不仅时间花费少，而且不拥挤,"Chúng ta đi tàu điện ngầm tới sân bay nhé, không những tiêu tốn ít thời gian, mà còn không chen lấn","Chúng đi tàu điện ngầm tới bay nhé, không những tiêu tốn ít thời gian, mà còn chen lấn",3,rule_based,deterministic-rule-baseline-precomputed,analysis_csv,0.0,word_dropout_15pct,ok
vi-zh-2022-test-0298,我们坐地铁去机场吧，不仅时间花费少，而且不拥挤,"Chúng ta đi tàu điện ngầm tới sân bay nhé, không những tiêu tốn ít thời gian, mà còn không chen lấn","tàu ngầm điện tới bay nhé, không tiêu tốn ít gian, mà còn chen lấn",4,rule_based,deterministic-rule-baseline-precomputed,analysis_csv,0.0,word_dropout_30pct_and_swap,ok
vi-zh-2022-test-0298,我们坐地铁去机场吧，不仅时间花费少，而且不拥挤,"Chúng ta đi tàu điện ngầm tới sân bay nhé, không những tiêu tốn ít thời gian, mà còn không chen lấn",Chúng đi tàu điện ngầm tới nhé không những tốn thời,5,rule_based,deterministic-rule-baseline-precomputed,analysis_csv,0.0,word_dropout_50pct_and_punctuation_remove,ok
vi-zh-2022-test-0299,家里停电了，你去超市买几根蜡烛,"Nhà mất điện rồi, anh đi siêu thị mua vài cây nến đi.","Nhà mất điện rồi, anh đi siêu thị mua vài cây nến đi.",0,rule_based,deterministic-rule-baseline-precomputed,analysis_csv,0.0,identity,ok
vi-zh-2022-test-0299,家里停电了，你去超市买几根蜡烛,"Nhà mất điện rồi, anh đi siêu thị mua vài cây nến đi.","Nha mất điện rồi, anh đi siêu thị mua vài cây nến đi.",1,rule_based,deterministic-rule-baseline-precomputed,analysis_csv,0.0,remove_one_tone,ok
vi-zh-2022-test-0299,家里停电了，你去超市买几根蜡烛,"Nhà mất điện rồi, anh đi siêu thị mua vài cây nến đi.","Nha mat đien roi, anh đi thi mua vai cay nen đi.",2,rule_based,deterministic-rule-baseline-precomputed,analysis_csv,0.0,remove_tones_and_drop_one_word,ok
vi-zh-2022-test-0299,家里停电了，你去超市买几根蜡烛,"Nhà mất điện rồi, anh đi siêu thị mua vài cây nến đi.","mất điện rồi, anh đi siêu thị mua cây nến đi.",3,rule_based,deterministic-rule-baseline-precomputed,analysis_csv,0.0,word_dropout_15pct,ok
vi-zh-2022-test-0299,家里停电了，你去超市买几根蜡烛,"Nhà mất điện rồi, anh đi siêu thị mua vài cây nến đi.",Nhà điện mất anh siêu thị mua vài đi.,4,rule_based,deterministic-rule-baseline-precomputed,analysis_csv,0.0,word_dropout_30pct_and_swap,ok
vi-zh-2022-test-0299,家里停电了，你去超市买几根蜡烛,"Nhà mất điện rồi, anh đi siêu thị mua vài cây nến đi.",mất rồi đi mua vài đi,5,rule_based,deterministic-rule-baseline-precomputed,analysis_csv,0.0,word_dropout_50pct_and_punctuation_remove,ok
vi-zh-2022-test-0300,我觉得停电这种事情发生在那种乡下会比较多，像这种大城市都不会那么轻而易举就会停电了,"Tôi nghĩ việc mất điện này xảy ra ở những vùng nông thôn thì tương đối nhiều, nhưng ở các thành phố lớn thì sẽ không bị mất điện dễ dàng như vậy.","Tôi nghĩ việc mất điện này xảy ra ở những vùng nông thôn thì tương đối nhiều, nhưng ở các thành phố lớn thì sẽ không bị mất điện dễ dàng như vậy.",0,rule_based,deterministic-rule-baseline-precomputed,analysis_csv,0.0,identity,ok
vi-zh-2022-test-0300,我觉得停电这种事情发生在那种乡下会比较多，像这种大城市都不会那么轻而易举就会停电了,"Tôi nghĩ việc mất điện này xảy ra ở những vùng nông thôn thì tương đối nhiều, nhưng ở các thành phố lớn thì sẽ không bị mất điện dễ dàng như vậy.","Toi nghĩ việc mất điện này xảy ra ở những vùng nông thôn thì tương đối nhiều, nhưng ở các thành phố lớn thì sẽ không bị mất điện dễ dàng như vậy.",1,rule_based,deterministic-rule-baseline-precomputed,analysis_csv,0.0,remove_one_tone,ok
vi-zh-2022-test-0300,我觉得停电这种事情发生在那种乡下会比较多，像这种大城市都不会那么轻而易举就会停电了,"Tôi nghĩ việc mất điện này xảy ra ở những vùng nông thôn thì tương đối nhiều, nhưng ở các thành phố lớn thì sẽ không bị mất điện dễ dàng như vậy.",Toi nghi viec mat đien nay xay ra o nhung vung nong thon thi tuong đoi nhung o cac thanh pho lon thi se khong bi mat đien de dang nhu vay.,2,rule_based,deterministic-rule-baseline-precomputed,analysis_csv,0.0,remove_tones_and_drop_one_word,ok
vi-zh-2022-test-0300,我觉得停电这种事情发生在那种乡下会比较多，像这种大城市都不会那么轻而易举就会停电了,"Tôi nghĩ việc mất điện này xảy ra ở những vùng nông thôn thì tương đối nhiều, nhưng ở các thành phố lớn thì sẽ không bị mất điện dễ dàng như vậy.","Tôi nghĩ việc mất điện này xảy ra ở những vùng nông thôn thì đối nhiều, nhưng ở thành phố lớn thì sẽ không bị dàng như vậy.",3,rule_based,deterministic-rule-baseline-precomputed,analysis_csv,0.0,word_dropout_15pct,ok
vi-zh-2022-test-0300,我觉得停电这种事情发生在那种乡下会比较多，像这种大城市都不会那么轻而易举就会停电了,"Tôi nghĩ việc mất điện này xảy ra ở những vùng nông thôn thì tương đối nhiều, nhưng ở các thành phố lớn thì sẽ không bị mất điện dễ dàng như vậy.","Tôi mất việc điện này ra vùng thôn thì tương đối nhiều, nhưng ở các thành phố lớn sẽ bị mất dễ dàng",4,rule_based,deterministic-rule-baseline-precomputed,analysis_csv,0.0,word_dropout_30pct_and_swap,ok
vi-zh-2022-test-0300,我觉得停电这种事情发生在那种乡下会比较多，像这种大城市都不会那么轻而易举就会停电了,"Tôi nghĩ việc mất điện này xảy ra ở những vùng nông thôn thì tương đối nhiều, nhưng ở các thành phố lớn thì sẽ không bị mất điện dễ dàng như vậy.",Tôi nghĩ này xảy ra ở vùng thì đối các lớn thì điện dễ dàng như,5,rule_based,deterministic-rule-baseline-precomputed,analysis_csv,0.0,word_dropout_50pct_and_punctuation_remove,ok
