STT,ID_cau_VLSP,Nguon_ZH,Tham_chieu_VI,Ban_dich_He_A,Ban_dich_He_B
1,vi-zh-2022-test-0001,在遭受新冠肺炎疫情不小影响的背景下，2022年对越南恢复和发展经济具有重要意义。,Năm 2022 là năm có ý nghĩa quan trọng trong phục hồi và phát triển kinh tế Việt Nam sau những tác động của dịch COVID - 19.,"Trong bối cảnh chịu ảnh hưởng không nhỏ từ đại dịch COVID-19, năm 2022 có ý nghĩa quan trọng đối với sự phục hồi và phát triển kinh tế của Việt Nam.","Trong bối cảnh ảnh hưởng nặng nề của dịch bệnh Covid-19, năm 2022 có ý nghĩa rất lớn đối với sự phục hồi và phát triển kinh tế của Việt Nam."
2,vi-zh-2022-test-0002,与新冠肺炎病毒共处不仅是医疗卫生问题，而且还涉及国家经济及社会所有活动的运作方式。,Sống chung với dịch COVID-19 không chỉ là vấn đề về y tế mà còn liên quan tới cả cách thức vận hành nền kinh tế và mọi hoạt động của xã hội.,Việc chung sống với virus SARS-CoV-2 không chỉ là vấn đề y tế công cộng mà còn liên quan đến cách thức vận hành của nền kinh tế quốc gia và mọi hoạt động xã hội.,"Sống chung với Covid-19 không chỉ là vấn đề y tế, sức khỏe mà còn liên quan đến cách thức vận hành của mọi hoạt động kinh tế, xã hội của đất nước."
3,vi-zh-2022-test-0003,为使经济尽可能早地恢复并可持续发展，同塔省国会代表黎明欢表示，应考虑经济自主性，制定政策提高经济主动性、抵御力和自主性。,"Để nền kinh tế phát triển ổn định, sớm phục hồi, đại biểu Lê Minh Hoan, đoàn đại biểu Quốc hội tỉnh Đồng Tháp, cho rằng cần xem xét đến tính tự chủ của nền kinh tế, có chính sách nâng cao sức chủ động, sức chống chịu, tính tự chủ của nền kinh tế.","Để nền kinh tế phục hồi và phát triển bền vững trong thời gian sớm nhất, đại biểu Quốc hội tỉnh Đồng Tháp Lê Minh Hoan cho rằng cần xem xét tính tự chủ của nền kinh tế, xây dựng các chính sách nâng cao tính chủ động, khả năng chống chịu và tự chủ của nền kinh tế.","Để nền kinh tế phục hồi và phát triển bền vững trong thời gian sớm nhất, ông Leong Huân, đại diện Quốc hội tỉnh Đồng Tháp cho rằng, cần xem xét tự chủ kinh tế và xây dựng chính sách nâng cao tính chủ động, tự cường, tự chủ về kinh tế."
4,vi-zh-2022-test-0004,尽早恢复经济、与病毒安全共处,"Sớm phục hồi kinh tế, sống chung an toàn với dịch COVID - 19","Sớm phục hồi kinh tế, chung sống an toàn với virus",Khôi phục nền kinh tế càng sớm càng tốt và chung sống an toàn với virus
5,vi-zh-2022-test-0005,此外，进出口还实现了正增长。,"Ngoài ra, một số tín hiệu về xuất nhập khẩu vẫn tăng trưởng.","Ngoài ra, xuất nhập khẩu cũng đạt mức tăng trưởng dương.","Ngoài ra, xuất nhập khẩu cũng đạt mức tăng trưởng tích cực."
6,vi-zh-2022-test-0006,国会将就此颁布更详细的新决议。,Chắc chắn Quốc hội sẽ ban hành Nghị quyết nói rõ vấn đề này.,Quốc hội sẽ ban hành một nghị quyết chi tiết hơn về vấn đề này.,Quốc hội sẽ ban hành nghị quyết mới chi tiết hơn về vấn đề này.
7,vi-zh-2022-test-0007,防疫工作的方针是安全、灵活适应和有效防控，先决条件是提高疫苗覆盖率。,"Về phòng chống dịch, cần đặt trọng tâm vào chủ trương thích ứng an toàn, linh hoạt và có hiệu quả với dịch bệnh, điều kiện tiên quyết là bao phủ vaccine.","Phương châm công tác phòng chống dịch là an toàn, linh hoạt thích ứng và kiểm soát hiệu quả, điều kiện tiên quyết là nâng cao tỷ lệ bao phủ vắc-xin.","Phương châm của công tác phòng chống dịch bệnh là an toàn, thích ứng linh hoạt, phòng ngừa và kiểm soát hiệu quả, điều kiện tiên quyết là tăng cường độ bao phủ vắc xin."
8,vi-zh-2022-test-0008,越南不能一直封闭，要重新开放，以解决就业、收入、经济社会发展等问题。,"Việt Nam không thể đóng cửa mãi, mà phải mở cửa để giải quyết việc làm, thu nhập, phát triển kinh tế - xã hội.","Việt Nam không thể tiếp tục đóng cửa mà cần mở cửa trở lại để giải quyết các vấn đề về việc làm, thu nhập, phát triển kinh tế - xã hội.","Việt Nam không thể tiếp tục đóng cửa và phải mở cửa trở lại để giải quyết các vấn đề như việc làm, thu nhập và phát triển kinh tế, xã hội."
9,vi-zh-2022-test-0009,2021年是越南实施2021-2026年新阶段性别平等战略的第一年。,Năm 2021 là năm Việt Nam bắt đầu thực hiện Chiến lược bình đẳng giới của giai đoạn mới (2021- 2026).,Năm 2021 là năm đầu tiên Việt Nam triển khai chiến lược bình đẳng giới giai đoạn mới 2021-2026.,Năm 2021 là năm đầu tiên Việt Nam thực hiện giai đoạn mới của Chiến lược bình đẳng giới 2021-2026.
10,vi-zh-2022-test-0010,其他研究也显示，新冠肺炎疫情对女性产生了深远的影响，女性失业率比男性高得多，但仍要肩负在学校停课期间照顾家庭和孩子的重担。,"Các nghiên cứu khác cũng cho thấy dịch Covid-19 đã tác động sâu sắc đối với phụ nữ, những người có nguy cơ mất việc làm cao hơn nhiều so với nam giới, trong khi vẫn phải đảm nhận gánh nặng trong sóc gia đình, con cái khi các trường học bị đóng cửa.","Các nghiên cứu khác cũng chỉ ra rằng đại dịch COVID-19 đã tác động sâu sắc đến phụ nữ, với tỷ lệ thất nghiệp ở phụ nữ cao hơn đáng kể so với nam giới, trong khi họ vẫn phải gánh vác trách nhiệm chăm sóc gia đình và con cái trong thời gian trường học đóng cửa.","Các nghiên cứu khác chỉ ra rằng đại dịch COVID-19 đã tác động sâu sắc đến phụ nữ, những người đang có tỷ lệ thất nghiệp cao hơn nhiều so với nam giới nhưng vẫn phải gánh gánh nặng chăm sóc gia đình và con cái khi trường học đóng cửa."
11,vi-zh-2022-test-0011,特别是对越南来说，2020年以来，越南经历了4波疫情，给社会经济的所有领域造成了严重影响，成为实施性别平等和妇女进步事业乃至性别平等国家战略目标的挑战。,"Riêng đối với Việt Nam, từ năm 2020 đến nay, Việt Nam đã trải qua 4 đợt bùng phát dịch, tác động nghiêm trọng tới tất cả các lĩnh vực của nền kinh tế - xã hội, gây thách thức cho việc thực hiện bình đẳng giới và vì sự tiến bộ phụ nữ cũng như việc triển khai thực hiện các mục tiêu chiến lược quốc gia về bình đẳng giới.","Đặc biệt đối với Việt Nam, kể từ năm 2020, Việt Nam đã trải qua 4 đợt dịch bệnh, gây ảnh hưởng nghiêm trọng đến mọi lĩnh vực kinh tế - xã hội, trở thành thách thức đối với việc thực hiện mục tiêu bình đẳng giới và tiến bộ của phụ nữ, cũng như các mục tiêu chiến lược quốc gia về bình đẳng giới.","Đặc biệt đối với Việt Nam, kể từ năm 2020, Việt Nam đã trải qua 4 đợt dịch bệnh, tác động nghiêm trọng đến mọi lĩnh vực của kinh tế xã hội và trở thành thách thức thực hiện sự nghiệp bình đẳng giới, vì sự tiến bộ của phụ nữ và thậm chí là mục tiêu chiến lược quốc gia về bình đẳng giới."
12,vi-zh-2022-test-0012,越南政府总理范明政10月20日上午在15届国会2次会议开幕式上做2021年经济社会情况及2022年经济社会发展计划草案报告，概述越南各领域取得的重要结果，其中包括新冠疫情防控工作。,"Báo cáo về tình hình kinh tế - xã hội năm 2021 dự kiến kế hoạch phát triển kinh tế xã hội năm 2022, tại phiên khai mạc kỳ họp thứ 2, Quốc hội khóa XV sáng 20/10, Thủ tướng Phạm Minh Chính khái quát lại những kết quả quan trọng mà Việt Nam đạt được trên các lĩnh vực, trong đó đặc biệt nhấn mạnh đến công tác phòng chống dịch COVID - 19.","Sáng ngày 20 tháng 10, tại lễ khai mạc kỳ họp thứ hai, Quốc hội khóa 15, Thủ tướng Chính phủ Việt Nam Phạm Minh Chính đã trình bày báo cáo về tình hình kinh tế - xã hội năm 2021 và kế hoạch phát triển kinh tế - xã hội năm 2022. Báo cáo đã khái quát những kết quả quan trọng đạt được trên các lĩnh vực của Việt Nam, trong đó có công tác phòng, chống dịch bệnh COVID-19.","Sáng 20/10, Thủ tướng Phạm Minh Chính đã báo cáo về tình hình kinh tế, xã hội năm 2021 và dự thảo kế hoạch phát triển kinh tế, xã hội năm 2022 tại lễ khai mạc kỳ họp thứ hai, Quốc hội lần thứ 15, nêu những kết quả quan trọng đạt được trên nhiều lĩnh vực ở Việt Nam, trong đó có công tác phòng, chống dịch bệnh vương miện mới."
13,vi-zh-2022-test-0013,集中复苏经济，维持增长动力,"Tập trung phục hồi kinh tế, duy trì các động lực tăng trưởng","Tập trung phục hồi kinh tế, duy trì động lực tăng trưởng",Tập trung phục hồi nền kinh tế và duy trì đà tăng trưởng
14,vi-zh-2022-test-0014,防疫工作是政府指导、调控工作的优先,"Công tác phòng, chống dịch COVID-19 là ưu tiên hàng đầu trong chỉ đạo, điều hành",Công tác phòng chống dịch bệnh là ưu tiên hàng đầu trong công tác chỉ đạo và điều tiết của chính phủ.,Công tác phòng chống dịch bệnh là ưu tiên trong hướng dẫn và quy định của chính phủ
15,vi-zh-2022-test-0015,"集中复苏经济，维持增长动力,不让增长动力减弱","Tập trung khôi phục kinh tế , duy trì động lực tăng trưởng , không để suy giảm động lực tăng trưởng","Tập trung phục hồi kinh tế, duy trì động lực tăng trưởng, không để động lực tăng trưởng suy yếu.","Tập trung phục hồi nền kinh tế, duy trì đà tăng trưởng, ngăn chặn đà tăng trưởng suy yếu"
16,vi-zh-2022-test-0016,范明政强调，今年最后几个月将集中防疫，制定安全、灵活路线图，有效控制疫情，克服疫情后果，恢复、发展经济社会。,"Thủ tướng Phạm Minh Chính khẳng định trong những tháng cuối năm, sẽ tập trung nỗ lực cao nhất cho phòng, chống dịch COVID-19, có lộ trình thích ứng an toàn, linh hoạt, phấn đấu kiểm soát hiệu quả dịch bệnh trên phạm vi toàn quốc để tập trung khắc phục hậu quả của dịch bệnh và khôi phục, phát triển kinh tế xã hội.","Phạm Minh Chính nhấn mạnh, những tháng cuối năm sẽ tập trung phòng chống dịch bệnh, xây dựng lộ trình an toàn, linh hoạt, kiểm soát hiệu quả dịch bệnh, khắc phục hậu quả dịch bệnh, phục hồi và phát triển kinh tế xã hội.","Fan Mingzheng nhấn mạnh, trong những tháng cuối năm nay, chúng ta sẽ tập trung vào công tác phòng chống dịch bệnh, xây dựng lộ trình an toàn và linh hoạt, kiểm soát dịch bệnh hiệu quả, khắc phục hậu quả của dịch bệnh, khôi phục và phát triển kinh tế, xã hội."
17,vi-zh-2022-test-0017,政府也灵活调整财政、货币及其他政策以保障宏观经济稳定，促进生产经营；开展切实、有效帮扶政策、机制。,"Chính phủ cũng sẽ điều chỉnh linh hoạt chính sách tài khóa, tiền tệ và các chính sách khác để giữ vững ổn định vĩ mô, bảo đảm các cân đối lớn, thúc đẩy sản xuất kinh doanh, tập trung ưu tiên triển khai các cơ chế, chính sách hỗ trợ thiết thực, hiệu quả .","Chính phủ cũng linh hoạt điều chỉnh các chính sách tài khóa, tiền tệ và các chính sách khác để đảm bảo ổn định kinh tế vĩ mô, thúc đẩy sản xuất kinh doanh; triển khai các chính sách, cơ chế hỗ trợ thiết thực, hiệu quả.","Chính phủ cũng đã điều chỉnh linh hoạt các chính sách tài khóa, tiền tệ và các chính sách khác nhằm bảo đảm ổn định kinh tế vĩ mô và thúc đẩy sản xuất kinh doanh; triển khai các chính sách, cơ chế hỗ trợ thiết thực, hiệu quả."
18,vi-zh-2022-test-0018,为实现16个指标，范明政提出12个主要任务和措施，其中包括灵活、有效实施防疫措施并复苏、发展经济社会；优先制定、完善体制，改革行政手续，改善营商投资环境。,"Để thực hiện 16 chỉ tiêu này là 12 nhiệm vụ, giải pháp chủ yếu, trong đó đầu tiên là tập trung thực hiện linh hoạt, hiệu quả mục tiêu vừa phòng, chống dịch COVID-19, vừa phục hồi, phát triển KTXH; tiếp đó là ưu tiên công tác xây dựng, hoàn thiện thể chế, tập trung tháo gỡ khó khăn, cải cách thủ tục hành chính, cải thiện môi trường đầu tư kinh doanh.","Để thực hiện 16 chỉ tiêu, Phạm Minh Chính đã đề xuất 12 nhiệm vụ và giải pháp trọng tâm, bao gồm việc triển khai linh hoạt, hiệu quả các biện pháp phòng chống dịch bệnh, đồng thời phục hồi và phát triển kinh tế - xã hội; ưu tiên xây dựng, hoàn thiện thể chế, cải cách thủ tục hành chính, cải thiện môi trường kinh doanh và đầu tư.","Để đạt được 16 chỉ số, Fan Mingzheng đề xuất 12 nhiệm vụ, biện pháp chính, bao gồm thực hiện linh hoạt, hiệu quả các biện pháp phòng chống dịch bệnh và phục hồi, phát triển kinh tế, xã hội; ưu tiên xây dựng và hoàn thiện hệ thống, cải cách thủ tục hành chính, cải thiện môi trường đầu tư, kinh doanh."
19,vi-zh-2022-test-0019,配套、高效开展对外活动，主动、积极融入国际，巩固越南在国际舞台上的地位和威望。,"Triển khai đồng bộ, hiệu quả hoạt động đối ngoại, chủ động, tích cực hội nhập quốc tế, góp phần củng cố vị thế, uy tín của Việt Nam trên trường quốc tế.","Tổ chức các hoạt động đối ngoại đồng bộ, hiệu quả, chủ động, tích cực hội nhập quốc tế, củng cố vị thế và uy tín của Việt Nam trên trường quốc tế.","Chúng ta sẽ thực hiện các hoạt động đối ngoại hỗ trợ và hiệu quả, chủ động, tích cực hội nhập quốc tế, củng cố vị thế và uy tín của Việt Nam trên trường quốc tế."
20,vi-zh-2022-test-0020,有效开展战略伙伴关系、全面伙伴关系框架及自贸协定。,"Tăng cường các hoạt động ngoại giao cấp cao, khai thác hiệu quả các khuôn khổ quan hệ đối tác chiến lược, đối tác toàn diện, các hiệp định thương mại tự do (FTA).","Triển khai hiệu quả quan hệ đối tác chiến lược, khuôn khổ quan hệ đối tác toàn diện và hiệp định thương mại tự do.","Triển khai hiệu quả các quan hệ đối tác chiến lược, khuôn khổ đối tác toàn diện và các hiệp định thương mại tự do."
21,vi-zh-2022-test-0021,进一步做好对外新闻工作、文化外交、海外越南人工作等”。,"Làm tốt hơn nữa công tác thông tin đối ngoại, ngoại giao văn hóa, công tác người Việt Nam ở nước ngoài và bảo hộ công dân"".","Tiếp tục làm tốt công tác báo chí đối ngoại, ngoại giao văn hóa, công tác đối với người Việt Nam ở nước ngoài, v.v.","Chúng tôi sẽ nâng cao hơn nữa công tác thông tấn đối ngoại, ngoại giao văn hóa, công tác người Việt Nam ở nước ngoài, v.v.”"
22,vi-zh-2022-test-0022,范明政表示，相信以全民族大团结及人民对党的领导的信心，越南必将击退疫情，复苏和发展经济社会，推动国家在革新、融入与发展道路上稳步前进。,"Người đứng đầu Chính phủ tin tưởng với sức mạnh đại đoàn kết toàn dân tộc và niềm tin của Nhân dân vào sự lãnh đạo của Đảng, nhất định Việt Nam sẽ sớm đẩy lùi dịch bệnh để phục hồi và phát triển KTXH, đưa đất nước vững bước tiến lên trên con đường đổi mới, hội nhập và phát triển.","Phạm Minh Chính bày tỏ tin tưởng rằng, với sự đoàn kết toàn dân tộc và niềm tin của nhân dân vào sự lãnh đạo của Đảng, Việt Nam nhất định sẽ đẩy lùi dịch bệnh, phục hồi và phát triển kinh tế - xã hội, đưa đất nước vững bước tiến trên con đường đổi mới, hội nhập và phát triển.","Phạm Minh Chính bày tỏ tin tưởng với sự đoàn kết to lớn của toàn dân tộc và sự tin tưởng của nhân dân vào sự lãnh đạo của Đảng, Việt Nam sẽ đẩy lùi dịch bệnh, phục hồi và phát triển kinh tế, xã hội, thúc đẩy đất nước vững bước trên con đường đổi mới, hội nhập và phát triển."
23,vi-zh-2022-test-0023,叙利亚政府和反对派日前正式同意在联合国的参与下开始修宪进程。,"Chính phủ Syria và phe đối lập vừa chính thức nhất trí khởi động tiến trình soạn thảo nội dung sửa đổi hiếp pháp, dưới sự tham gia của Liên Hợp Quốc.",Chính phủ Syria và phe đối lập mới đây đã chính thức đồng ý khởi động tiến trình sửa đổi hiến pháp dưới sự tham gia của Liên Hợp Quốc.,Chính phủ Syria và các đảng đối lập mới đây đã chính thức đồng ý bắt đầu quá trình sửa đổi hiến pháp với sự tham gia của Liên hợp quốc.
24,vi-zh-2022-test-0024,叙利亚宪法委员会在日内瓦举行的本轮磋商计划持续一周，希望达成全面、长期的法律基础，解决叙利亚各党派的分歧，为更广泛的政治进程敞开大门。,"Vòng đàm phán Ủy ban Hiến pháp Syria (SCC) tiến hành tại Geneva lần này dự kiến kéo dài trong 1 tuần, với mong muốn đạt được một cơ sở pháp lý toàn diện, lâu dài, khắc phục sự khác biệt giữa các đảng phái tại Syria và mở ra cánh cửa cho một tiến trình chính trị rộng lớn hơn.","Vòng đàm phán lần này của Ủy ban Hiến pháp Syria tại Geneva dự kiến kéo dài một tuần, với hy vọng đạt được nền tảng pháp lý toàn diện và lâu dài, giải quyết những bất đồng giữa các bên tại Syria, mở đường cho một tiến trình chính trị rộng lớn hơn.","Vòng tham vấn hiện tại do Ủy ban Hiến pháp Syria tổ chức tại Geneva dự kiến ​​sẽ kéo dài trong một tuần, với hy vọng đạt được cơ sở pháp lý toàn diện và lâu dài, giải quyết những khác biệt giữa các đảng phái ở Syria và mở ra cánh cửa cho một tiến trình chính trị rộng lớn hơn."
25,vi-zh-2022-test-0025,过去2年，该委员会开了5次会，但由于反对派和叙利亚政府之间存在分歧，均未取得进展，尽管该中东国家数百万人须等待新宪法生效后才能举行全国大选。,"Trong 2 năm qua, ủy ban này đã nhóm họp 5 lần, nhưng kết quả thu lại không đáng kể do các bất đồng giữa phe đối lập và Chính phủ Syria, bất chấp việc hàng triệu người dân quốc gia Trung Đông vẫn đang mòn mỏi chờ đợi một cuộc bầu cử quy mô toàn quốc, vốn chỉ được tiến hành sau khi có hiến pháp mới.","Trong 2 năm qua, ủy ban này đã họp 5 lần, nhưng do những bất đồng giữa phe đối lập và chính phủ Syria, không có tiến triển nào đạt được, mặc dù hàng triệu người dân nước này đang chờ đợi cuộc tổng tuyển cử diễn ra sau khi hiến pháp mới có hiệu lực.","Ủy ban đã họp năm lần trong hai năm qua nhưng không đạt được tiến bộ nào do sự khác biệt giữa phe đối lập và chính phủ Syria, ngay cả khi hàng triệu người dân ở quốc gia Trung Đông này phải chờ hiến pháp mới có hiệu lực trước khi các cuộc bầu cử quốc gia được tổ chức."
26,vi-zh-2022-test-0026,因此，观察人士希望本轮对话有助于叙利亚制定双方都能接受的新宪法。,"Vì vậy, giới quan sát hy vọng vòng đối thoại lần này giúp Syria có một bản hiến pháp mới mà các bên cùng có thể chấp nhận.","Vì vậy, các nhà quan sát hy vọng vòng đối thoại lần này sẽ giúp Syria soạn thảo một hiến pháp mới mà cả hai bên đều có thể chấp nhận.","Vì vậy, giới quan sát hy vọng vòng đối thoại này sẽ giúp Syria xây dựng một hiến pháp mới được cả hai bên chấp nhận."
27,vi-zh-2022-test-0027,叙利亚10多年的冲突中，西方国家、阿拉伯国家与支持叙利亚政府的俄罗斯、中国和伊朗之间存在深刻分歧。,"Hơn 10 năm xung đột ở Syria, với sự bất đồng sâu sắc giữa một bên là các nước phương Tây cùng khối Arab và bên kia là Nga, Trung Quốc và Iran.","Trong cuộc xung đột kéo dài hơn một thập kỷ tại Syria, các nước phương Tây, các quốc gia Ả Rập và Nga, Trung Quốc, Iran ủng hộ chính phủ Syria đã tồn tại những bất đồng sâu sắc.","Trong cuộc xung đột kéo dài hơn 10 năm ở Syria, đã có sự khác biệt sâu sắc giữa các nước phương Tây, các nước Ả Rập và Nga, Trung Quốc, Iran ủng hộ chính phủ Syria."
28,vi-zh-2022-test-0028,目前，叙利亚政府已经夺回大部分领土的控制权，但基础设施遭到严重破坏，需要数十年或数百年的时间才能恢复。,"Đến nay, Chính phủ Syria đã giành lại gần hết quyền kiểm soát lãnh thổ nhưng hạ tầng cơ sở đã bị tàn phá nặng nề phải mất hàng chục hoặc hàng trăm năm sau mới phục hồi.","Hiện tại, chính phủ Syria đã giành lại quyền kiểm soát phần lớn lãnh thổ, nhưng cơ sở hạ tầng bị tàn phá nặng nề, cần nhiều thập kỷ hoặc thậm chí hàng thế kỷ để phục hồi.","Chính phủ Syria đã giành lại quyền kiểm soát phần lớn lãnh thổ, nhưng cơ sở hạ tầng đã bị hư hại nghiêm trọng và sẽ phải mất hàng thập kỷ hoặc thế kỷ để phục hồi."
29,vi-zh-2022-test-0029,令人担忧的是，儿童是叙利亚长期冲突中最大的受害者。,"Đáng quan ngại, là trẻ em chính là nạn nhân chịu ảnh hưởng lớn nhất trong cuộc xung đột kéo dài ở Syria.",Điều đáng lo ngại là trẻ em là những nạn nhân lớn nhất trong cuộc xung đột kéo dài ở Syria.,Điều đáng lo ngại là trẻ em là nạn nhân lớn nhất trong cuộc xung đột kéo dài ở Syria.
30,vi-zh-2022-test-0030,据联合国儿童基金会的报告，过去10年，超过100万儿童在叙利亚境外的难民营出生，350万儿童失学，90%的叙利亚儿童急需救济。,"Theo báo cáo của Quỹ Nhi đồng Liên Hợp Quốc, trong vòng 10 năm qua, hơn 1 triệu trẻ em được sinh ra trong các trại tị nạn ngoài Syria, 3,5 triệu trẻ em thất học, 90% trẻ em Syria đang rất cần được hỗ trợ cả về vật chất và tâm lý.","Theo báo cáo của Quỹ Nhi đồng Liên Hợp Quốc, trong 10 năm qua, hơn 1 triệu trẻ em đã chào đời tại các trại tị nạn bên ngoài Syria, 3,5 triệu trẻ em không được đến trường và 90% trẻ em Syria đang rất cần viện trợ nhân đạo.","Theo báo cáo của Quỹ Nhi đồng Liên hợp quốc, hơn 1 triệu trẻ em đã được sinh ra trong các trại tị nạn bên ngoài Syria trong 10 năm qua, 3,5 triệu trẻ em không được đến trường và 90% trẻ em Syria đang cần được cứu trợ khẩn cấp."
31,vi-zh-2022-test-0031,而叙利亚冲突每天都在继续。,"Trong khi đó, xung đột ở Syria vẫn tiếp tục diễn ra hàng ngày.",Và cuộc xung đột ở Syria vẫn tiếp diễn hàng ngày.,Và cuộc xung đột ở Syria vẫn tiếp diễn mỗi ngày.
32,vi-zh-2022-test-0032,这令人担忧，尽管得到了许多国际组织和有关国家的支持，但叙利亚恢复和平仍然是一个难题。,"Điều này làm dấy lên quan ngại mặc dù được nhiều tổ chức quốc tế và các quốc gia liên quan quan tâm hỗ trợ, tuy nhiên, việc lập lại hòa bình cho Syria vẫn còn là bài toán khó.","Điều này thật đáng lo ngại, mặc dù đã nhận được sự ủng hộ của nhiều tổ chức quốc tế và các quốc gia liên quan, nhưng việc khôi phục hòa bình cho Syria vẫn là một thách thức lớn.","Điều này thật đáng lo ngại. Bất chấp sự hỗ trợ của nhiều tổ chức quốc tế và các nước liên quan, việc khôi phục hòa bình ở Syria vẫn là một bài toán khó."
33,vi-zh-2022-test-0033,越南政府颁布关于“安全、灵活适应并有效控制新冠肺炎疫情”的第128号决议后，各部门、各地方迅速从“封闭”模式转为“新常态”模式。,"Sau khi chính phủ Việt Nam ban bố nghị quyết 128 “thích ứng an toàn, linh hoạt, kiểm soát hiệu quả dịch Covid-19”, mhiều bộ, ngành, địa phương tại Việt Nam nhanh chóng chuyển từ trạng thái “đóng cửa” sang trạng thái thích ứng bình thường mới.","Sau khi Chính phủ Việt Nam ban hành Nghị quyết số 128 về ""An toàn, linh hoạt thích ứng và kiểm soát hiệu quả dịch COVID-19"", các bộ, ngành, địa phương đã nhanh chóng chuyển đổi từ trạng thái ""đóng băng"" sang trạng thái ""bình thường mới"".","Sau khi Chính phủ ban hành Nghị quyết số 128 về “Thích ứng an toàn, linh hoạt và kiểm soát hiệu quả dịch bệnh Covid-19”, nhiều sở, ngành, địa phương đã nhanh chóng chuyển từ chế độ “đóng cửa” sang chế độ “bình thường mới”."
34,vi-zh-2022-test-0034,九龙江平原地区集中防控疫情3个月后，多个省市目前已经基本控制了疫情。,"Tại đồng bằng sông Cửu Long, sau 3 tháng tập trung phòng, chống dịch Covid-19, đến nay nhiều tỉnh đã cơ bản kiểm soát được dịch.","Sau 3 tháng tập trung phòng chống dịch tại vùng đồng bằng sông Cửu Long, nhiều tỉnh thành hiện đã cơ bản kiểm soát được dịch bệnh.","Ba tháng sau khi phòng chống dịch tập trung ở đồng bằng Cửu Long Giang, nhiều tỉnh, thành phố hiện đã cơ bản kiểm soát được dịch bệnh."
35,vi-zh-2022-test-0035,其中，同塔省约有200家企业已恢复活动。,"Trong đó, riêng tỉnh Đồng Tháp, hiện có hơn 200 doanh nghiệp đã dần sản xuất trở lại.","Trong đó, tỉnh Đồng Tháp có khoảng 200 doanh nghiệp đã hoạt động trở lại.","Trong đó, khoảng 200 doanh nghiệp ở tỉnh Đồng Tháp đã hoạt động trở lại."
36,vi-zh-2022-test-0036,落实第128号决议，谅山省为口岸商品通关活动安全、快速进行提供便利条件，确保实现防控疫情、发展经济“双胜利”。,"Triển khai thực hiện Nghị quyết 128, tỉnh Lạng Sơn đã và đang tạo điều kiện thuận lợi để hoạt động thông quan hàng hóa qua cửa khẩu diễn ra an toàn, nhanh chóng, đảm bảo thực hiện mục tiêu kép vừa phòng chống dịch vừa phục hồi phát triển kinh tế.","Để thực hiện Nghị quyết số 128, tỉnh Lạng Sơn đã tạo điều kiện thuận lợi cho hoạt động thông quan hàng hóa tại cửa khẩu diễn ra an toàn, nhanh chóng, đảm bảo đạt được ""thắng lợi kép"" trong công tác phòng chống dịch bệnh và phát triển kinh tế.","Thực hiện Nghị quyết số 128, tỉnh Lạng Sơn tạo điều kiện thuận lợi cho hoạt động thông quan hàng hóa tại cảng diễn ra an toàn, nhanh chóng, bảo đảm “chiến thắng kép” trong công tác phòng, chống dịch bệnh và phát triển kinh tế."
37,vi-zh-2022-test-0037,交通运输部副部长黎庭寿说：“货运和客运是我部最主要的2个领域。,Thứ trưởng Lê Đình Thọ khẳng định: “Ngành giao thông có 2 lĩnh vực chính là: vận tải hàng hóa và vận tải hành khách.,"Thứ trưởng Bộ Giao thông Vận tải Lê Đình Thọ cho biết: ""Vận tải hàng hóa và vận tải hành khách là hai lĩnh vực chính yếu nhất của Bộ chúng tôi.""",Thứ trưởng Bộ GTVT Lê Đình Thọ cho biết: “Vận tải hàng hóa và hành khách là hai lĩnh vực quan trọng nhất của Bộ chúng ta.
38,vi-zh-2022-test-0038,现在落实第128号决议，我们将审视、颁布新规定，确保符合决议目的、要求及卫生部相关防疫规定。,"Khi triển khai Nghị quyết 128, chúng tôi rà soát, ban hành quy định mới để phù hợp với mục đích yêu cầu, đặc biệt là quy định mới của Bộ y tế.","Hiện tại, để thực hiện Nghị quyết số 128, chúng tôi sẽ xem xét và ban hành các quy định mới, đảm bảo tuân thủ mục đích, yêu cầu của nghị quyết cũng như các quy định phòng chống dịch bệnh liên quan của Bộ Y tế.","Nay để thực hiện Nghị quyết số 128, chúng ta sẽ rà soát, ban hành các quy định mới bảo đảm đúng mục đích, yêu cầu của Nghị quyết và các quy định phòng chống dịch có liên quan của Bộ Y tế."
39,vi-zh-2022-test-0039,巴地头顿省人民委员会副主席陈文俊表示，该省正逐步从防控疫情状态转为安全适应状态。,"Theo ông Trần Văn Tuấn, Phó Chủ tịch UBND tỉnh Bà Rịa – Vũng Tàu, tỉnh đang chuyển trang thái từ chống dịch sang phòng dịch và thích ứng an toàn.","Phó Chủ tịch Ủy ban Nhân dân tỉnh Bà Rịa - Vũng Tàu, ông Trần Văn Tuấn, cho biết tỉnh đang dần chuyển từ trạng thái kiểm soát dịch bệnh sang trạng thái thích ứng an toàn.","Ông Trần Văn Tuấn, Phó Chủ tịch UBND tỉnh Bà Rịa-Vũng Tàu, cho biết tỉnh đang dần chuyển từ trạng thái phòng, chống dịch sang trạng thái thích ứng an toàn."
40,vi-zh-2022-test-0040,在该地区各国正加快完成疫苗接种计划的背景下，欧洲正逐步适应并采取措施促进经济增长。,"Tuy nhiên, với nhiều giải pháp, kinh tế châu Âu đang có dấu hiệu tăng trưởng tích cực.","Trong bối cảnh các quốc gia trong khu vực đang đẩy nhanh tiến độ hoàn thành kế hoạch tiêm chủng, châu Âu đang dần thích ứng và thực hiện các biện pháp thúc đẩy tăng trưởng kinh tế.",Châu Âu đang dần thích nghi và thực hiện các biện pháp nhằm thúc đẩy tăng trưởng kinh tế khi các nước trong khu vực đẩy nhanh việc hoàn thành các chương trình tiêm chủng của mình.
41,vi-zh-2022-test-0041,放宽防疫措施是经济复苏的“杠杆”,Nới lỏng các biện pháp kiểm soát dịch bệnh là “đòn bẩy” phục hồi nền kinh tế,"Nới lỏng các biện pháp phòng dịch là ""đòn bẩy"" cho sự phục hồi kinh tế.",Nới lỏng các biện pháp phòng chống dịch là “đòn bẩy” phục hồi kinh tế
42,vi-zh-2022-test-0042,据初步评估，在欧洲各国放松防疫限制措施以及政府提供资助后，欧盟经济继续显示积极的复苏迹象。,"Theo đánh giá sơ bộ, khu vực EU tiếp tục cho thấy những dấu hiệu phục hồi tích cực khi các quốc gia nới lỏng nhiều biện pháp hạn chế nhằm ngăn chặn đại dịch COVID-19 và sự hỗ trợ liên tục của các Chính phủ.","Theo đánh giá ban đầu, kinh tế Liên minh châu Âu tiếp tục cho thấy những dấu hiệu phục hồi tích cực sau khi các nước châu Âu nới lỏng các biện pháp phòng chống dịch bệnh và chính phủ cung cấp các khoản tài trợ.","Theo đánh giá sơ bộ, nền kinh tế EU tiếp tục có dấu hiệu phục hồi tích cực sau khi các nước châu Âu nới lỏng các hạn chế chống dịch và các chính phủ cung cấp kinh phí."
43,vi-zh-2022-test-0043,欧盟各国经济复苏的驱动力是向企业（制造业）和净出口投资。,"Động lực cho sự phục hồi kinh tế của các nước EU là đầu tư của doanh nghiệp (trong lĩnh vực sản xuất), xuất khẩu ròng.",Động lực phục hồi kinh tế của các nước Liên minh Châu Âu là đầu tư vào doanh nghiệp (sản xuất) và xuất khẩu ròng.,Sự phục hồi kinh tế ở các nước EU được thúc đẩy bởi đầu tư vào doanh nghiệp (sản xuất) và xuất khẩu ròng.
44,vi-zh-2022-test-0044,尽管欧元区通胀率居高不下，但原因是受疫情及相关因素影响，这个通胀率仍被认为是暂时的。,"Mặc dù tỷ lệ lạm phát của khu vực đồng Euro vẫn duy trì ở mức cao, mức lạm phát này vẫn được đánh giá mang tính chất tạm thời do các yếu tố liên quan đến đại dịch.","Mặc dù tỷ lệ lạm phát của khu vực đồng Euro vẫn ở mức cao, nhưng do ảnh hưởng của đại dịch và các yếu tố liên quan, tỷ lệ lạm phát này vẫn được xem là tạm thời.",Mặc dù tỷ lệ lạm phát tại khu vực đồng Euro vẫn ở mức cao nhưng vẫn được coi là tạm thời do ảnh hưởng của dịch bệnh và các yếu tố liên quan.
45,vi-zh-2022-test-0045,疫情后经济复苏基金是欧盟至2027年长期预算计划的一部分，旨在克服疫情爆发造成的经济和社会后果。,"Quỹ phục hồi kinh tế hậu COVID-19 là một phần trong gói ngân sách dài hạn đến năm 2027 của EU, nhằm giải quyết những hậu quả về kinh tế và xã hội sau khi đại dịch COVID-19 bùng phát.","Quỹ phục hồi kinh tế sau đại dịch là một phần trong kế hoạch ngân sách dài hạn của Liên minh Châu Âu đến năm 2027, nhằm khắc phục những hậu quả kinh tế và xã hội do đại dịch gây ra.",Quỹ phục hồi kinh tế sau dịch bệnh là một phần trong kế hoạch ngân sách dài hạn của EU cho đến năm 2027 và được thiết kế để khắc phục hậu quả kinh tế và xã hội do dịch bệnh bùng phát.
46,vi-zh-2022-test-0046,7月中旬，欧盟还正式批准了12个国家提交的复苏计划，为欧盟首次发放无偿援助和贷款铺平了道路。,"Giữa tháng 7, EU cũng chính thức thông qua kế hoạch phục hồi do 12 nước đệ trình, nhằm mở đường cho đợt giải ngân các khoản tài trợ và cho vay đầu tiên của khối này.","Vào giữa tháng 7, Liên minh châu Âu cũng đã chính thức phê duyệt các kế hoạch phục hồi do 12 quốc gia đệ trình, mở đường cho việc EU lần đầu tiên giải ngân viện trợ không hoàn lại và cho vay.","Giữa tháng 7, EU cũng chính thức phê duyệt các kế hoạch phục hồi do 12 nước đệ trình, mở đường cho EU lần đầu tiên cấp viện trợ và cho vay miễn phí."
47,vi-zh-2022-test-0047,越南党和国家明确可持续减贫是国家革新、建设和发展的贯穿性、统领性、重要的大主张。,"Đảng và Nhà nước Việt Nam xác định công tác giảm nghèo bền vững là chủ trương lớn, quan trọng, nhất quán, xuyên suốt trong quá trình thực hiện công cuộc đổi mới, xây dựng và phát triển đất nước.","Đảng và Nhà nước Việt Nam xác định giảm nghèo bền vững là chủ trương xuyên suốt, bao trùm, quan trọng trong công cuộc đổi mới, xây dựng và phát triển đất nước.","Đảng và Nhà nước Việt Nam đã xác định rõ giảm nghèo bền vững là vấn đề xuyên suốt, hàng đầu và quan trọng trong công cuộc đổi mới, xây dựng và phát triển đất nước."
48,vi-zh-2022-test-0048,越南还制定了2021-2025年阶段贫困线标准，为农村地区人均月收入150万盾，城市地区200万盾。,"Việt Nam cũng xây dựng chuẩn nghèo giai đoạn 2021-2025 với tiêu chí thu nhập bình quân đầu người một tháng tại khu vực nông thôn là 1.500.000 đồng, khu vực thành thị là 2.000.000 đồng","Việt Nam cũng đã ban hành chuẩn nghèo giai đoạn 2021-2025, với mức thu nhập bình quân đầu người hàng tháng là 1,5 triệu đồng đối với khu vực nông thôn và 2 triệu đồng đối với khu vực thành thị.","Việt Nam cũng đã đưa ra chuẩn nghèo cho giai đoạn 2021-2025, đó là thu nhập bình quân đầu người mỗi tháng là 1,5 triệu đồng ở nông thôn và 2 triệu đồng ở thành thị."
49,vi-zh-2022-test-0049,该计划的目标是多维、包容、可持续减贫，防止返贫和新致贫发生；支持贫困户和贫困者脱离最低生活标准，享有国家多维贫困线规定的基本社会服务，提高生活质量；支持沿海地区和海岛贫困地区脱离贫困和特困状况。,"Mục tiêu của kế hoạch nói trên là giảm nghèo đa chiều, bao trùm, bền vững, hạn chế tái nghèo và phát sinh nghèo; hỗ trợ người nghèo, hộ nghèo vượt lên mức sống tối thiểu, tiếp cận các dịch vụ xã hội cơ bản theo chuẩn nghèo đa chiều quốc gia, nâng cao chất lượng cuộc sống; hỗ trợ các huyện nghèo, xã đặc biệt khó khăn vùng bãi ngang ven biển và hải đảo thoát khỏi tình trạng nghèo, đặc biệt khó khăn.","Mục tiêu của kế hoạch là giảm nghèo đa chiều, bao trùm và bền vững, ngăn ngừa tái nghèo và phát sinh nghèo mới; hỗ trợ các hộ nghèo và người nghèo thoát khỏi mức sống tối thiểu, được hưởng các dịch vụ xã hội cơ bản theo quy định của đường nghèo đa chiều quốc gia, nâng cao chất lượng cuộc sống; hỗ trợ các vùng nghèo, vùng đặc biệt khó khăn ở khu vực ven biển và hải đảo thoát khỏi tình trạng nghèo và đặc biệt khó khăn.","Mục tiêu của kế hoạch là giảm nghèo đa chiều, toàn diện, bền vững và ngăn ngừa tái nghèo, nghèo mới; hỗ trợ hộ nghèo, người nghèo thoát khỏi mức sống tối thiểu, được hưởng các dịch vụ xã hội cơ bản theo chuẩn nghèo đa chiều quốc gia và nâng cao chất lượng cuộc sống; hỗ trợ các vùng ven biển, vùng nghèo hải đảo thoát nghèo, nghèo cùng cực."
50,vi-zh-2022-test-0050,该计划还投资发展贫困核心地区的社会经济基础设施，提高贫困人口的收入和生活质量，培训职业技能，创造良好的就业机会，支持弱势群体脱贫。,"Chương trình cũng đầu tư phát triển hạ tầng kinh tế - xã hội vùng lõi nghèo, nâng cao thu nhập, chất lượng cuộc sống của người nghèo, đào tạo kỹ năng nghề, tạo việc làm tốt, hỗ trợ đối tượng yếu thế không rơi vào tình trạng nghèo đói.","Kế hoạch này còn đầu tư phát triển cơ sở hạ tầng kinh tế - xã hội tại các khu vực nghèo khó, nâng cao thu nhập và chất lượng cuộc sống cho người dân nghèo, đào tạo kỹ năng nghề, tạo cơ hội việc làm tốt, hỗ trợ các nhóm yếu thế thoát nghèo.","Kế hoạch cũng đầu tư phát triển cơ sở hạ tầng kinh tế - xã hội ở các vùng đói nghèo cốt lõi, cải thiện thu nhập và chất lượng cuộc sống của người nghèo, đào tạo kỹ năng nghề, tạo cơ hội việc làm tốt và hỗ trợ các nhóm thiệt thòi thoát nghèo."
51,vi-zh-2022-test-0051,越南还推动实现包容性减贫目标，特别是提高收入和保障基本社会服务，如就业、教育、医疗、住房、清洁生活用水和卫生、信息等，以进一步为所有人、在任何地方、任何时候、从各个方向消除饥饿贫困。,"Việt Nam cũng đẩy mạnh thực hiện mục tiêu giảm nghèo bao trùm, nhất là nâng cao thu nhập và bảo đảm các chiều dịch vụ xã hội cơ bản như việc làm, giáo dục, y tế, nhà ở, nước sạch sinh hoạt và vệ sinh, thông tin để tiến tới xoá bỏ nghèo đói cho mọi người, ở mọi nơi, mọi thời điểm và mọi chiều.","Việt Nam cũng thúc đẩy các mục tiêu giảm nghèo bao trùm, đặc biệt là tăng thu nhập và đảm bảo các dịch vụ xã hội cơ bản như việc làm, giáo dục, y tế, nhà ở, nước sạch và vệ sinh, thông tin, v.v., nhằm xóa bỏ nạn đói và nghèo đói cho tất cả mọi người, ở mọi nơi, mọi lúc, từ mọi phía.","Việt Nam cũng thúc đẩy mục tiêu giảm nghèo toàn diện, đặc biệt là tăng thu nhập và đảm bảo các dịch vụ xã hội cơ bản như việc làm, giáo dục, chăm sóc y tế, nhà ở, nước sạch và vệ sinh, thông tin... nhằm xóa đói hơn nữa tình trạng đói nghèo cho mọi người, mọi nơi, mọi lúc và từ mọi hướng."
52,vi-zh-2022-test-0052,越南疫情防控工作正出现积极信号。,Việt Nam đang ghi nhận những tín hiệu tích cực trong công tác phòng chống dịch.,Công tác phòng chống dịch bệnh tại Việt Nam đang có những tín hiệu tích cực.,"Công tác phòng, chống dịch của Việt Nam đang có những tín hiệu tích cực."
53,vi-zh-2022-test-0053,这是越南着手恢复生产，发展经济的时候。,"Đây là thời điểm Việt Nam có thể bắt tay nhanh chóng vào khôi phục sản xuất, phát triển kinh tế.","Đây là thời điểm Việt Nam bắt tay vào khôi phục sản xuất, phát triển kinh tế.",Đây là thời điểm Việt Nam bắt đầu khôi phục sản xuất và phát triển kinh tế.
54,vi-zh-2022-test-0054,各级领导人几天来做出的指导表明越南恢复增长的巨大决心。,Một loạt chỉ đạo mang tính định hướng của các cấp lãnh đạo được đưa ra trong những ngày qua cho thấy quyết tâm rất lớn của Việt Nam trong việc lấy lại đà tăng trưởng.,Những chỉ đạo của các cấp lãnh đạo trong những ngày qua cho thấy quyết tâm phục hồi tăng trưởng mạnh mẽ của Việt Nam.,Sự chỉ đạo của lãnh đạo các cấp trong những ngày qua thể hiện quyết tâm cao độ của Việt Nam trong việc khôi phục tăng trưởng.
55,vi-zh-2022-test-0055,"政府10月11日颁布的决议暂时规定“安全、灵活适应，有效控制疫情""。","Ngày 10-11 chính phủ ban bố nghị quyết 128/NQ-CP quy định tạm thời “Thích ứng an toàn, linh hoạt, kiểm soát hiệu quả dịch COVID -19”","Nghị quyết do chính phủ ban hành ngày 11 tháng 10 quy định tạm thời ""an toàn, thích ứng linh hoạt, kiểm soát hiệu quả dịch bệnh"".","Nghị quyết của Chính phủ ban hành ngày 11/10 tạm thời quy định “an toàn, thích ứng linh hoạt và kiểm soát dịch hiệu quả”."
56,vi-zh-2022-test-0056,在世界经济恢复趋势中避免错失经济发展机遇,Không để nền kinh tế bị lỡ nhịp trong xu hướng hồi phục kinh tế thế giới,"Trong xu hướng phục hồi kinh tế toàn cầu, cần tránh bỏ lỡ cơ hội phát triển kinh tế.",Tránh bỏ lỡ cơ hội phát triển kinh tế trong xu hướng phục hồi kinh tế thế giới
57,vi-zh-2022-test-0057,国内航空公司10月10日重新运营国内航班。,"Từ ngày 10/10, các hãng hàng không trong nước cũng đã khai thác trở lại đường bay nội địa.",Các hãng hàng không nội địa nối lại hoạt động bay nội địa từ ngày 10 tháng 10.,Các hãng hàng không trong nước sẽ khai thác trở lại các chuyến bay nội địa từ ngày 10/10.
58,vi-zh-2022-test-0058,此前，塔利班领导人还参加了在首都喀布尔哈米德卡尔扎伊国际机场举行的接受卡塔尔、中国、阿联酋、巴基斯坦和乌兹别克斯坦援助活动。,"Tiến trình này được xúc tiến chỉ ít ngày sau khi lãnh đạo Taliban có cuộc hội đàm với Simon Gass, đại diện cấp cao tại Afghanistan của Thủ tướng Anh Boris Johnson (hôm 5/10).","Trước đó, các lãnh đạo Taliban đã tham gia hoạt động tiếp nhận viện trợ từ Qatar, Trung Quốc, Các Tiểu vương quốc Ả Rập Thống nhất, Pakistan và Uzbekistan tại Sân bay Quốc tế Hamid Karzai ở thủ đô Kabul.","Trước đó, thủ lĩnh Taliban cũng tham gia một sự kiện được tổ chức tại sân bay quốc tế Hamid Karzai ở thủ đô Kabul để nhận viện trợ từ Qatar, Trung Quốc, Các Tiểu vương quốc Ả Rập Thống nhất, Pakistan và Uzbekistan."
59,vi-zh-2022-test-0059,多名地区和西方分析人士一致认为，塔利班领导人积极接触国际社会，旨在打破孤立并寻求国际承认。,"Nhiều nhà phân tích khu vực và phương Tây có chung nhận định rằng: việc lãnh đạo Taliban tích cực tham gia các cuộc tiếp xúc với thế giới nhằm mục tiêu phá vỡ thế cô lập, tìm kiếm sự cộng nhận quốc tế.","Nhiều nhà phân tích khu vực và phương Tây cùng nhận định rằng, các nhà lãnh đạo Taliban đang tích cực tiếp xúc với cộng đồng quốc tế nhằm phá vỡ sự cô lập và tìm kiếm sự công nhận quốc tế.",Nhiều nhà phân tích khu vực và phương Tây đồng ý rằng các thủ lĩnh Taliban tích cực tham gia với cộng đồng quốc tế nhằm phá vỡ sự cô lập và tìm kiếm sự công nhận của quốc tế.
60,vi-zh-2022-test-0060,然而，在阿富汗可能发生严重人道主义灾难的背景下，在对塔利班施压的同时，国际社会也在努力寻找解决方案，以防止这个南亚国家人道主义局势恶化。,"Tuy nhiên, trong bối cảnh có thể xảy một thậm họa nhân đạo nghiêm trọng tại Afghanistan, cùng với việc gây sức ép lên Taliban, cộng đồng quốc tế cũng đang nỗ lực tìm giải pháp ngăn chặn tình trạng nhân đạo đang ngày càng xấu đi tại quốc gia Nam Á.","Tuy nhiên, trong bối cảnh có nguy cơ xảy ra thảm họa nhân đạo nghiêm trọng tại Afghanistan, song song với việc gây áp lực lên Taliban, cộng đồng quốc tế cũng đang nỗ lực tìm kiếm các giải pháp nhằm ngăn chặn tình hình nhân đạo tại quốc gia Nam Á này xấu đi.","Tuy nhiên, trong bối cảnh có thể xảy ra thảm họa nhân đạo nghiêm trọng ở Afghanistan, đồng thời gây áp lực lên Taliban, cộng đồng quốc tế cũng đang nỗ lực tìm giải pháp ngăn chặn tình hình nhân đạo ở quốc gia Nam Á này xấu đi."
61,vi-zh-2022-test-0061,救济上千万面临粮食危机的阿富汗人是一项紧迫而必要的任务，而建设一个稳定、进步的社会则是阿富汗国家和人民的根本、长远之计。,"Cứu trợ hàng triệu người Afghanistan đang đối mặt với tình trạng khủng hoảng lương thực là nhiệm vụ cần thiết, cấp bách, tuy nhiên, giải pháp căn cơ, lâu dài cho đất nước và người dân Afghanistan, vẫn là xây dựng một xã hội ổn định, tiến bộ.","Cứu trợ hàng chục triệu người Afghanistan đang đối mặt với khủng hoảng lương thực là một nhiệm vụ cấp bách và cần thiết, trong khi xây dựng một xã hội ổn định, tiến bộ là kế sách căn bản, lâu dài cho quốc gia và nhân dân Afghanistan.","Cứu trợ hàng chục triệu người dân Afghanistan đang gặp khủng hoảng lương thực là nhiệm vụ cấp bách, cần thiết, xây dựng xã hội ổn định, tiến bộ là giải pháp căn bản, lâu dài cho đất nước và người dân Afghanistan."
62,vi-zh-2022-test-0062,因此，必须要在不仅党内而且整个政治体系进行建设整顿，使之不断纯洁强大。,"Vì thế, xây dựng chỉnh đốn, làm trong sạch đội ngũ cán bộ không chỉ trong Đảng mà trong cả hệ thống chính trị.","Vì vậy, cần phải tiến hành xây dựng và chỉnh đốn không chỉ trong Đảng mà còn trong toàn bộ hệ thống chính trị, để Đảng và hệ thống chính trị ngày càng trong sạch, vững mạnh.","Vì vậy, chúng ta phải tiến hành xây dựng, chỉnh đốn không chỉ trong Đảng mà cả toàn bộ hệ thống chính trị để nó tiếp tục trong sạch, vững mạnh."
63,vi-zh-2022-test-0063,因为，我们之前只聚焦党内的党建工作。,Bởi trước đây chúng ta chỉ tập trung nói trong xây dựng Đảng.,"Bởi vì, trước đây chúng tôi chỉ tập trung vào công tác xây dựng Đảng trong nội bộ Đảng.","Bởi vì, trước đây chúng ta chỉ chú trọng đến công tác xây dựng đảng trong nội bộ đảng."
64,vi-zh-2022-test-0064,但是，越南共产党是执政党，是领导国家、社会的力量。,"Nhưng Đảng là Đảng cầm quyền, Đảng lãnh đạo Nhà nước xã hội.","Tuy nhiên, Đảng Cộng sản Việt Nam là đảng cầm quyền, là lực lượng lãnh đạo đất nước và xã hội.","Tuy nhiên, Đảng Cộng sản Việt Nam là đảng cầm quyền, là lực lượng lãnh đạo đất nước và xã hội."
65,vi-zh-2022-test-0065,越共十三届四中全会上，越共中央总书记阮富仲特别强调了党员要“言行一致”，在执行党和国家决议、政策、法律中发挥表率作用的观点。,"Tại Hội nghị Trung ương 4, khóa XIII lần này, Tổng Bí thư Nguyễn Phú Trọng nhấn mạnh quan điểm đảng viên phải “nói đi đôi với làm”, gương mẫu chấp hành các nghị quyết, chính sách, pháp luật của Đảng và Nhà nước.","Tại Hội nghị Trung ương 4 khóa XIII Đảng Cộng sản Việt Nam, Tổng Bí thư Nguyễn Phú Trọng đã đặc biệt nhấn mạnh quan điểm về việc đảng viên phải ""nói đi đôi với làm"", phát huy vai trò tiên phong trong việc thực hiện các nghị quyết, chủ trương, chính sách và pháp luật của Đảng và Nhà nước.","Tại Phiên họp toàn thể lần thứ 4 Ban Chấp hành Trung ương Đảng Cộng sản Việt Nam khóa 13, Tổng Bí thư Ban Chấp hành Trung ương Đảng Cộng sản Việt Nam Nguyễn Phú Trọng đặc biệt nhấn mạnh quan điểm đảng viên phải “nói đi đôi với làm”, phát huy vai trò lãnh đạo trong thực hiện các nghị quyết, chính sách, pháp luật của Đảng, Nhà nước."
66,vi-zh-2022-test-0066,阮富仲指出，每一名中央委员会委员的责任，就是要发挥一把手的表率作用。,"Tổng Bí thư nêu rất rõ trách nhiệm của mỗi Ủy viên Trung ương phải gương mẫu, phải gánh trọng trách là người đứng đầu.","Tổng Bí thư Nguyễn Phú Trọng chỉ ra rằng, trách nhiệm của mỗi Ủy viên Trung ương là phải phát huy vai trò người đứng đầu, làm gương.",Nguyễn Phú Trọng chỉ ra rằng trách nhiệm của mỗi Ủy viên Trung ương là phải làm gương mẫu lãnh đạo.
67,vi-zh-2022-test-0067,越共十三届四中全会强调打击由政治思想、道德、生活作风堕落现象引发的消极现象，从而加强建党整党。,"Hội nghị Trung ương 4 khóa XIII nhấn mạnh chủ trương chống tiêu cực do suy thoái về tư tưởng, chính trị, đạo đức và lối sống để xây dựng, chỉnh đốn Đảng.","Đại hội đại biểu toàn quốc lần thứ XIII của Đảng Cộng sản Việt Nam nhấn mạnh việc đấu tranh chống các hiện tượng tiêu cực bắt nguồn từ sự suy thoái về tư tưởng chính trị, đạo đức, lối sống, qua đó tăng cường công tác xây dựng, chỉnh đốn Đảng.","Phiên họp toàn thể lần thứ 4 Ban Chấp hành Trung ương Đảng Cộng sản Việt Nam khóa 13 nhấn mạnh đấu tranh chống những hiện tượng tiêu cực do suy thoái về tư tưởng chính trị, đạo đức, lối sống, qua đó tăng cường xây dựng đảng, củng cố đảng."
68,vi-zh-2022-test-0068,因为，消极现象是其他堕落现象特别是贪腐行为的根源。,"Bởi tiêu cực là “cái gốc” là nguồn để đi đến những suy thoái khác, đặc biệt là tham nhũng.","Bởi vì, những hiện tượng tiêu cực là nguồn gốc của các hiện tượng suy đồi khác, đặc biệt là hành vi tham nhũng.","Bởi vì những hiện tượng tiêu cực là nguyên nhân sâu xa của những hiện tượng thoái hóa khác, đặc biệt là những hành vi tham nhũng."
69,vi-zh-2022-test-0069,对此，国会文化、教育和青少年儿童委员会前副主任阮曰职认为，党员不自我锻炼，反而道德、生活作风堕落，那么将滑向“自我演变”、“自我转化”。,"Về vấn đề này, tiến sỹ Nguyễn Viết Chức, nguyên Phó Chủ nhiệm Ủy ban văn hóa giáo dục thanh niên, thiếu niên nhi đồng của Quốc hội, lập luận rằng: đảng viên không rèn luyện, suy thoái đạo đức lối sống thì sẽ dẫn đến “tự diễn biến”, “tự chuyển hóa”","Về vấn đề này, ông Nguyễn Viết Chức, nguyên Phó Chủ nhiệm Ủy ban Văn hóa, Giáo dục, Thanh niên, Thiếu niên và Nhi đồng của Quốc hội, cho rằng nếu đảng viên không tự tu dưỡng, rèn luyện, mà còn suy đồi đạo đức, lối sống thì sẽ trượt dài vào ""tự diễn biến"", ""tự chuyển hóa"".","Về vấn đề này, ông Nguyễn Duyệt Chi, nguyên Phó Chủ nhiệm Ủy ban Văn hóa, Giáo dục, Thanh niên, Nhi đồng của Quốc hội, cho rằng nếu đảng viên không rèn luyện bản thân mà sa sút về đạo đức, lối sống thì sẽ rơi vào tình trạng “tự diễn biến”, “tự chuyển hóa”."
70,vi-zh-2022-test-0070,理解‘自我演变’是什么，就明白建设纯洁、强大的党就是预防‘自我演变’现象的根本措施”。,"Phải hiểu tự diễn biến là gì, rõ ràng làm trong sạch vững mạnh đấy chính là biện pháp chống tự diễn biến tận gốc sâu sắc nhất.","Hiểu được ""tự diễn biến"" là gì thì sẽ hiểu rằng xây dựng Đảng trong sạch, vững mạnh chính là biện pháp căn bản để phòng ngừa hiện tượng ""tự diễn biến"".","Nếu hiểu “tự diễn biến” là gì thì các bạn sẽ hiểu rằng xây dựng Đảng trong sạch, vững mạnh là biện pháp cơ bản để ngăn chặn hiện tượng “tự diễn biến””."
71,vi-zh-2022-test-0071,这是党建工作中新的领导指导方针。,Đây là phương châm mới trong chỉ đạo thực hiện công tác xây dựng Đảng.,Đây là phương châm chỉ đạo lãnh đạo mới trong công tác xây dựng Đảng.,Đây là đường lối lãnh đạo mới trong công tác xây dựng Đảng.
72,vi-zh-2022-test-0072,越共十三届四中全会特别强调了发挥党员在建党整党，提高党的战斗力等工作中的先锋作用问题。,"Hội nghị Trung ương 4 lần này có ý nghĩa quan trọng trong việc phát huy tính tiên phong của cán bộ, đảng viên trong công tác xây dựng, chỉnh đốn Đảng, nâng cao năng lực sức chiến đấu của Đảng.","Đại hội đại biểu toàn quốc lần thứ XIII của Đảng Cộng sản Việt Nam đặc biệt nhấn mạnh vai trò tiên phong của đảng viên trong công tác xây dựng Đảng, chỉnh đốn Đảng và nâng cao năng lực chiến đấu của Đảng.","Phiên họp toàn thể lần thứ 4 Ban Chấp hành Trung ương Đảng Cộng sản Việt Nam khóa 13 đặc biệt nhấn mạnh vấn đề phát huy vai trò tiên phong của đảng viên trong xây dựng, củng cố đảng và nâng cao hiệu quả chiến đấu của đảng."
73,vi-zh-2022-test-0073,只要每一名党员都真正发挥表率作用，击退消极，坚决与“自我演变”、“自我转化”现象作斗争，那么越南共产党就一定能不断发展强大，不辜负人民的信任。,"Chỉ cần mỗi đảng viên thực sự gương mẫu, đẩy lùi tiêu cực, chống lại các biểu hiện “tự diễn biến”, “tự chuyển hóa” thì nhất định Đảng cộng sản Việt Nam vững mạnh, đáp ứng niềm tin tưởng của nhân dân.","Chỉ cần mỗi đảng viên thực sự phát huy vai trò tiên phong, đẩy lùi cái tiêu cực, kiên quyết đấu tranh với hiện tượng ""tự diễn biến"", ""tự chuyển hóa"", thì Đảng Cộng sản Việt Nam nhất định sẽ không ngừng phát triển lớn mạnh, không phụ lòng tin của nhân dân.","Chỉ cần mỗi đảng viên thực sự phát huy vai trò gương mẫu, đấu tranh tiêu cực, kiên quyết đấu tranh chống các hiện tượng “tự diễn biến”, “tự chuyển hóa” thì Đảng Cộng sản Việt Nam chắc chắn sẽ tiếp tục lớn mạnh, ngày càng lớn mạnh, xứng đáng với niềm tin của nhân dân."
74,vi-zh-2022-test-0074,为期三天半的越南共产党第十三届中央委员会第四次会议10月7日在河内落幕。,"Ngày 7/10/2021, Hội nghị lần thứ 4 Ban chấp hành Trung ương Đảng cộng sản Việt Nam khóa XIII kết thúc sau ba ngày rưỡi làm việc tại Hà Nội.","Hội nghị lần thứ tư, Ban Chấp hành Trung ương Đảng Cộng sản Việt Nam khóa XIII, kéo dài ba ngày rưỡi, đã bế mạc vào ngày 7 tháng 10 tại Hà Nội.",Cuộc họp lần thứ tư kéo dài ba ngày rưỡi của Ban Chấp hành Trung ương Đảng Cộng sản Việt Nam khóa 13 đã kết thúc tại Hà Nội vào ngày 7/10.
75,vi-zh-2022-test-0075,实际表明，自越南共产党建党以来，由于有了一位正确、英明的领袖，从而赢得了一场又一场的胜利，创造了20世纪的多个奇迹。,"Thực tế từ ngày có Đảng, nhân dân Việt Nam đã có người lãnh đạo đúng đắn, sáng suốt, và nhờ thế đã giành được hết thắng lợi này đến thắng lợi khác, lập nên những kỳ tích trong thế kỷ XX.","Thực tế đã chứng minh, kể từ khi Đảng Cộng sản Việt Nam ra đời, nhờ có một người lãnh đạo đúng đắn và sáng suốt, chúng ta đã giành hết thắng lợi này đến thắng lợi khác, tạo nên nhiều kỳ tích của thế kỷ 20.","Thực tế đã chứng minh, từ khi thành lập Đảng Cộng sản Việt Nam nhờ có người lãnh đạo đúng đắn, sáng suốt đã giành hết thắng lợi này đến thắng lợi khác và làm nên nhiều kỳ tích trong thế kỷ 20."
76,vi-zh-2022-test-0076,阮富仲指出：“这次会议提出的新内容是中央委员会按照越共十三大决议精神，不仅在建党整党方面，而且在政治体系建设方面扩大范围；在遏制和打击的同时主动预防、坚决斗争和严厉惩处政治思想、道德、生活作风堕落和贪污腐败等消极现象，同时补充和明确政治思想、道德品质、生活作风堕落以及“自我演变”和“自我转化”的具体表现”。,"Tổng Bí thư Nguyễn Phú Trọng chỉ rõ:Cái mới của lần này là Trung ương đã mở rộng phạm vi, không chỉ trong xây dựng, chỉnh đốn Đảng mà còn bao gồm cả trong xây dựng hệ thống chính trị đúng theo tinh thần Nghị quyết Đại hội XIII của Đảng; cùng với ngăn chặn, đẩy lùi thì phải chủ động phòng ngừa, kiên quyết đấu tranh, xử lý nghiêm sự suy thoái về tư tưởng chính trị, đạo đức, lối sống và những hành vi tham nhũng, tiêu cực.","Tổng Bí thư Nguyễn Phú Trọng chỉ ra: ""Nội dung mới được nêu ra trong hội nghị lần này là Ban Chấp hành Trung ương, theo tinh thần Nghị quyết Đại hội XIII của Đảng, đã mở rộng phạm vi không chỉ trong công tác xây dựng, chỉnh đốn Đảng mà còn cả trong xây dựng hệ thống chính trị; chủ động phòng ngừa, kiên quyết đấu tranh, xử lý nghiêm các biểu hiện tiêu cực như suy thoái về tư tưởng chính trị, đạo đức, lối sống và tham nhũng, tiêu cực, đồng thời bổ sung, làm rõ những biểu hiện cụ thể của suy thoái về tư tưởng chính trị, đạo đức, lối sống cùng với ""tự diễn biến"", ""tự chuyển hóa"".""","Nguyễn Phú Trọng chỉ rõ: “Nội dung mới mà kỳ họp này đề ra là Ban Chấp hành Trung ương, theo tinh thần nghị quyết Đại hội XIII của Đảng Cộng sản Việt Nam, không chỉ mở rộng phạm vi xây dựng, củng cố đảng mà còn mở rộng phạm vi xây dựng hệ thống chính trị; đồng thời ngăn chặn, đấu tranh, chủ động phòng ngừa, kiên quyết đấu tranh và trừng phạt nghiêm khắc các hiện tượng tiêu cực như tư tưởng chính trị, đạo đức, suy thoái lối sống, tham nhũng, đồng thời bổ sung, làm rõ những biểu hiện cụ thể về tư tưởng chính trị, đạo đức, lối sống.” suy thoái về phong cách, và “tự diễn biến”, “tự chuyển hóa”."
77,vi-zh-2022-test-0077,道德和生活堕落表现在自私、投机取巧、谋取个人利益、贪名利、贪权、贪污、消极；搞派系，不团结；官僚主义，远离人民，对人民的困难和迫切需要漠不关心。,"Sự suy thoái về đạo đức, lối sống thể hiện ở chỗ: Sống ích kỷ, thực dụng, cơ hội, vụ lợi, hám danh, hám quyền lực, tham nhũng, tiêu cực; bè phái cục bộ, mất đoàn kết; quan liêu, xa dân, vô cảm trước những khó khăn, bức xúc của dân.","Sự suy đồi về đạo đức và lối sống thể hiện ở việc ích kỷ, cơ hội chủ nghĩa, mưu cầu lợi ích cá nhân, ham danh lợi, ham quyền lực, tham nhũng, tiêu cực; bè phái, mất đoàn kết; quan liêu, xa rời nhân dân, thờ ơ với khó khăn và những nhu cầu cấp thiết của nhân dân.","Sự suy thoái về đạo đức và cuộc sống thể hiện ở tính ích kỷ, cơ hội, trục lợi cá nhân, tham danh lợi, tham quyền lực, tham nhũng, thụ động; tham gia vào các phe phái và mất đoàn kết; quan liêu, xa dân, thờ ơ trước những khó khăn, nhu cầu bức thiết của nhân dân."
78,vi-zh-2022-test-0078,阮富仲说：“越共中央高度一致认为，要围绕越共十二届四中全会提出的四项任务和措施，更加配套、彻底地开展更多具体、切实的工作；同时补充和强调以下两项任务和措施：建设各级干部队伍特别是战略性干部队伍，及具备与任务相匹配的能力和威信的领导干部；坚决、坚持反腐倡廉，严惩违法干部”。,"Tổng bí thư Nguyễn Phú Trọng nêu rõ: Trung ương thống nhất cao phải tiến hành đồng bộ và quyết liệt hơn nữa nhiều công việc cụ thể, thiết thực, tập trung vào 4 nhóm nhiệm vụ, giải pháp mà Hội nghị Trung ương 4 khoá XII đã đề ra; đồng thời bổ sung nhấn mạnh thêm 2 nhóm nhiệm vụ, giải pháp là: Xây dựng đội ngũ cán bộ các cấp, nhất là cấp chiến lược và người đứng đầu đủ phẩm chất, năng lực và uy tín, ngang tầm nhiệm vụ; Kiên quyết, kiên trì đấu tranh phòng, chống tham nhũng, tiêu cực, xử lý nghiêm cán bộ sai phạm.","Tổng Bí thư Nguyễn Phú Trọng nói: ""Ban Chấp hành Trung ương Đảng Cộng sản Việt Nam hoàn toàn nhất trí cho rằng, cần triển khai nhiều công việc cụ thể, thiết thực hơn nữa, đồng bộ, quyết liệt hơn nữa, tập trung vào 4 nhiệm vụ, giải pháp đã được đề ra tại Hội nghị Trung ương 4 khóa XII; đồng thời bổ sung, nhấn mạnh thêm 2 nhiệm vụ, giải pháp sau: xây dựng đội ngũ cán bộ các cấp, nhất là cán bộ chiến lược, cán bộ lãnh đạo có đủ phẩm chất, năng lực, uy tín, ngang tầm nhiệm vụ; kiên quyết, kiên trì đấu tranh phòng, chống tham nhũng, tiêu cực, xử lý nghiêm cán bộ sai phạm"".","Nguyễn Phú Trọng cho biết: “Trung ương Đảng Cộng sản Việt Nam nhất trí tin tưởng, cần phải tiến hành đồng bộ, xuyên suốt hơn nữa bốn nhiệm vụ, giải pháp do Hội nghị toàn thể lần thứ IV Ban Chấp hành Trung ương Đảng Cộng sản Việt Nam khóa XII đề ra, đồng thời bổ sung, nhấn mạnh hai nhiệm vụ, giải pháp sau: xây dựng đội ngũ cán bộ các cấp, nhất là đội ngũ cán bộ chiến lược và đội ngũ cán bộ lãnh đạo có năng lực, uy tín phù hợp với nhiệm vụ; kiên trì đấu tranh chống tham nhũng, đề cao liêm chính và trừng trị nghiêm khắc những cán bộ vi phạm pháp luật.”"
79,vi-zh-2022-test-0079,越共中央总书记阮富仲的讲话传递了越南党和国家在新冠肺炎疫情期间继续保障人民生计和健康的信息；也谈到了在今年余下的几个月和明年2022年恢复和发展经济的措施。,"Những chỉ dẫn trong phát biểu khai mạc Hội nghị của Tổng Bí thư Nguyễn Phú Trọng cho thấy thông điệp mạnh mẽ của Đảng và Nhà nước Việt Nam là tiếp tục đặt mục tiêu an toàn trước dịch bệnh Covid 19; đảm bảo sinh kế, sức khỏe của người dân; song song với đó là phục hồi và phát triển kinh tế trong những tháng còn lại của năm và kế hoạch cho năm 2022 tới.",Bài phát biểu của Tổng Bí thư Đảng Cộng sản Việt Nam Nguyễn Phú Trọng đã truyền tải thông điệp về việc Đảng và Nhà nước Việt Nam tiếp tục đảm bảo sinh kế và sức khỏe cho người dân trong bối cảnh dịch bệnh COVID-19; đồng thời đề cập đến các biện pháp phục hồi và phát triển kinh tế trong những tháng còn lại của năm nay và năm 2022.,"Bài phát biểu của Tổng Bí thư Trung ương Đảng Cộng sản Việt Nam Nguyễn Phú Trọng đã truyền tải thông điệp Đảng, Nhà nước Việt Nam sẽ tiếp tục bảo vệ sinh kế, sức khỏe của người dân trong đại dịch Covid-19; đồng thời bàn về các biện pháp phục hồi và phát triển nền kinh tế trong những tháng còn lại của năm nay và năm sau trong năm 2022."
80,vi-zh-2022-test-0080,河内市北慈廉郡古瑞坊居民杜氏川认为，阮富仲总书记在会上的讲话基于对当前面临的机遇和挑战的正确评估提出了新的发展方向。,"Bà Đỗ Thị Xuyến, phường Cổ Nhuế, Quận Bắc Từ Liêm, Hà Nội, cho rằng những đường hướng mà Tổng Bí thư Nguyễn Phú Trọng nêu ra trong phát biểu khai mạc Hội nghị dựa trên những nhận định đúng về những thời cơ và thách thức trong tình hình hiện nay.","Bà Đỗ Thị Xuyên, cư dân phường Cổ Nhuế, quận Bắc Từ Liêm, thành phố Hà Nội, nhận định rằng bài phát biểu của Tổng Bí thư Nguyễn Phú Trọng tại hội nghị đã đề ra những định hướng phát triển mới dựa trên đánh giá đúng đắn về những cơ hội và thách thức đang đối mặt.","Bà Đỗ Thị Tray, cư dân Qu Thụy Fong, quận Bắc Từ Liêm, TP Hà Nội, tin rằng bài phát biểu của Tổng Bí thư Nguyễn Phú Trọng tại cuộc họp đã đề xuất hướng phát triển mới trên cơ sở đánh giá đúng cơ hội, thách thức hiện nay."
81,vi-zh-2022-test-0081,阮富仲在第十三届中央委员会第四次会议上发表的讲话给我留下了非常深刻的印象，我个人高度评价总书记对疫情之下社会经济发展情况所做的评估。,"""Tôi rất tâm đắc với bài phát biểu của Tổng Bí thư Nguyễn Phú Trọng tại Hội nghị lần thứ 4, Ban chấp hành Trung ương khóa XIII， cá nhân tôi đánh giá cao những nhận định của Tổng Bí thư về tình hình kinh tế xã hội trước ảnh hưởng của đại dịch Covid- 19.","Bài phát biểu của Tổng Bí thư Nguyễn Phú Trọng tại Hội nghị lần thứ tư Ban Chấp hành Trung ương khóa XIII đã để lại cho tôi ấn tượng sâu sắc, cá nhân tôi đánh giá cao những nhận định của Tổng Bí thư về tình hình phát triển kinh tế - xã hội trong bối cảnh dịch bệnh.",Bài phát biểu của Nguyễn Phú Trọng tại kỳ họp thứ 4 Ban Chấp hành Trung ương khóa 13 để lại trong tôi ấn tượng rất sâu sắc. Cá nhân tôi đánh giá cao đánh giá của Tổng Bí thư về phát triển kinh tế - xã hội trong thời kỳ dịch bệnh.
82,vi-zh-2022-test-0082,作为一名党员，我个人对党和国家的主张政策和计划充满信心，并相信越南社会经济将及早稳定，恢复发展”。,"Là một đảng viên, bản thân tôi bày tỏ sự tin tưởng trước những chủ trương, chính sách, kế hoạch của Đảng, Nhà nước trong thời gian tới và tin tưởng rằng tình hình kinh tế -xã hội sẽ sớm ổn định phục hồi và có sự phát triển"".","Với tư cách là một đảng viên, tôi tin tưởng vào các chủ trương, chính sách và kế hoạch của Đảng và Nhà nước, đồng thời tin rằng kinh tế - xã hội Việt Nam sẽ sớm ổn định và phục hồi phát triển.","Với tư cách là một đảng viên, tôi tin tưởng vào các chủ trương, chính sách và kế hoạch của Đảng và Nhà nước, đồng thời tin rằng kinh tế - xã hội Việt Nam sẽ sớm ổn định và phục hồi phát triển."
83,vi-zh-2022-test-0083,所以我认为，在这波疫情之后，我们可以拟定更多方案。,Vì thế tôi nghĩ là tính dự báo sau đợt này chúng ta có thể xây dựng được nhiều kịch bản và các kịch bản đó sẽ không bị bất ngờ như sự bùng phát vừa rồi đã diễn ra.,"Vì vậy, tôi cho rằng sau đợt dịch này, chúng ta có thể đề ra nhiều phương án hơn.","Vì vậy tôi nghĩ rằng sau làn sóng dịch bệnh này, chúng ta có thể xây dựng thêm nhiều kế hoạch hơn."
84,vi-zh-2022-test-0084,基于对可能出现的各种情况的评估和分析，特别是对世界和越南疫情演变的研判，本次会议明确提出了新形势下防疫和恢复经济社会发展的主张和观点，旨在实现2021年经济社会发展目标。,"Trên cơ sở phân tích, dự báo các khả năng có thể xảy ra, nhất là tình hình dịch bệnh trên thế giới và ở Việt Nam trong thời gian tới, Hội nghị Trung ương lần này xác định rõ quan điểm, chủ trương về phòng, chống dịch bệnh và phục hồi, phát triển kinh tế - xã hội trong tình hình mới nhằm hoàn thành chỉ tiêu phát triển kinh tế xã hội năm 2021.","Dựa trên việc đánh giá và phân tích các tình huống có thể xảy ra, đặc biệt là nhận định về diễn biến dịch bệnh trên thế giới và tại Việt Nam, hội nghị đã đưa ra những chủ trương và quan điểm về công tác phòng chống dịch và phục hồi phát triển kinh tế - xã hội trong bối cảnh mới, nhằm thực hiện mục tiêu phát triển kinh tế - xã hội năm 2021.","Trên cơ sở đánh giá, phân tích nhiều tình huống có thể xảy ra, đặc biệt là nghiên cứu, nhận định diễn biến dịch bệnh trên thế giới và Việt Nam, kỳ họp lần này đề xuất rõ ràng các ý tưởng, quan điểm về phòng chống dịch bệnh và khôi phục phát triển kinh tế, xã hội trong tình hình mới, hướng tới đạt được các mục tiêu phát triển kinh tế, xã hội năm 2021."
85,vi-zh-2022-test-0085,此外，会议还提出了总体、基本和重要目标以及方向、主张、政策、任务、方案和2022年的具体实施方案和路线图，均符合实际，具有较高可行性，为从现在到2021年底和2022年全年集中领导和指导打下前提。,"Hội nghị cũng đề ra mục tiêu tổng quát, các chỉ tiêu cơ bản, quan trọng nhất; các định hướng, chủ trương, chính sách, nhiệm vụ, giải pháp và kế hoạch, lộ trình triển khai thực hiện cụ thể cho năm 2022, bảo đảm sát với thực tiễn, có tính khả thi cao để tập trung lãnh đạo, chỉ đạo thực hiện từ nay đến cuối năm 2021 và trong cả năm 2022.","Ngoài ra, hội nghị còn đề ra các mục tiêu tổng quát, cơ bản và quan trọng cùng với phương hướng, chủ trương, chính sách, nhiệm vụ, kế hoạch và lộ trình thực hiện cụ thể cho năm 2022, đều phù hợp với thực tế và có tính khả thi cao, tạo tiền đề cho việc tập trung lãnh đạo, chỉ đạo từ nay đến cuối năm 2021 và cả năm 2022.","Ngoài ra, kỳ họp cũng đề xuất các mục tiêu tổng thể, cơ bản, quan trọng cũng như các phương hướng, đề xuất, chính sách, nhiệm vụ, kế hoạch và kế hoạch, lộ trình thực hiện cụ thể cho năm 2022 đều có tính thực tế và khả thi cao, làm tiền đề cho sự lãnh đạo, chỉ đạo tập trung từ nay đến cuối năm 2021 và trong suốt năm 2022."
86,vi-zh-2022-test-0086,中央会议传递的正确信息体现了党意民心和在新形势下建设和发展国家的决心。,"Những thông điệp đúng đắn từ Hội nghị Trung ương lần thể hiện ý Đảng, lòng dân, quyết tâm vì mục tiêu xây dựng và phát triển đất nước trong tình hình mới.","Thông điệp chính xác được truyền tải từ hội nghị trung ương thể hiện sự đồng lòng của Đảng và nhân dân, cùng quyết tâm xây dựng và phát triển đất nước trong bối cảnh mới.",Thông điệp đúng đắn của Trung ương Đảng thể hiện ý chí của Đảng và quyết tâm của nhân dân xây dựng và phát triển đất nước trong tình hình mới.
87,vi-zh-2022-test-0087,越南从“零新冠”目标转向适应、与疫情安全共处目标，为开放、逐步恢复经济创造条件。,"Theo đó, chuyển mục tiêu “không ca mắc” (Zero Covid) sang mục tiêu thích ứng và chung sống an toàn với dịch bệnh, tạo điều kiện mở cửa và từng bước khôi phục hoạt động kinh tế.","Việt Nam chuyển đổi từ mục tiêu ""không COVID"" sang mục tiêu thích ứng, sống an toàn với dịch bệnh, tạo điều kiện mở cửa, phục hồi kinh tế dần dần.","Việt Nam đã chuyển từ mục tiêu “không có Covid-19” sang mục tiêu thích ứng và chung sống an toàn với dịch bệnh, tạo điều kiện mở cửa và từng bước vực dậy nền kinh tế."
88,vi-zh-2022-test-0088,安全适应，为随时开放、恢复经济做准备,"Thích ứng an toàn, sẵn sàng mở cửa và khôi phục hoạt động kinh tế",Chuẩn bị sẵn sàng để mở cửa và phục hồi kinh tế bất cứ lúc nào.,"Thích ứng an toàn và chuẩn bị mở cửa, phục hồi nền kinh tế bất cứ lúc nào"
89,vi-zh-2022-test-0089,越南卫生部卫生环境管理局局长阮氏莲香表示，安全适应意味着不追求零新增目标，而允许社区存在一定数量的病例，但须保障人民生命安全，继续发展经济社会及人民日常活动。,"Theo Phó Giáo sư, Tiến sỹ Nguyễn Thị Liên Hương, Cục trưởng Cục Quản lý môi trường y tế - Bộ Y tế, thích ứng an toàn có nghĩa là không theo đuổi mục tiêu không có ca mắc Covid-19, mà chấp nhận có số ca mắc nhất định trong cộng đồng, nhưng phải đảm bảo an toàn tính mạng người dân và tiếp tục các hoạt động phát triển kinh tế xã hội, hoạt động sinh hoạt của người dân.","Bà Nguyễn Thị Liên Hương, Cục trưởng Cục Quản lý Môi trường Y tế, Bộ Y tế Việt Nam, cho biết thích ứng an toàn có nghĩa là không theo đuổi mục tiêu không có ca nhiễm mới, mà cho phép cộng đồng có một số lượng ca bệnh nhất định, nhưng phải đảm bảo an toàn tính mạng cho người dân, tiếp tục phát triển kinh tế xã hội và các hoạt động thường nhật của người dân.","Bà Nguyễn Thị Liên Hương, Cục trưởng Cục Quản lý Y tế và Môi trường, Bộ Y tế Việt Nam, cho rằng thích ứng an toàn có nghĩa là không theo đuổi mục tiêu không có ca nhiễm mới mà cho phép một số ca nhiễm nhất định trong cộng đồng nhưng phải đảm bảo an toàn tính mạng người dân và tiếp tục phát triển kinh tế, xã hội và sinh hoạt của người dân."
90,vi-zh-2022-test-0090,检测速度要快、科学、合理。,"Còn xét nghiệm là phải thần tốc, khoa học, hợp lý và hiệu quả.","Tốc độ kiểm tra cần nhanh chóng, khoa học và hợp lý.","Tốc độ phát hiện phải nhanh, khoa học và hợp lý."
91,vi-zh-2022-test-0091,重新开放经济是迫切要求，但范明政要求慎重、有序开放并制定适合、有效的路线图，在各地逐步、灵活实施，确保开放与安全的平衡。,"Khẳng định việc mở cửa trở lại nền kinh tế là yêu cầu cấp bách, song Thủ tướng đồng thời lưu ý việc mở cửa phải thận trọng, có kế hoạch, lộ trình phù hợp, hiệu quả, thực hiện từng bước và linh hoạt áp dụng cho từng địa phương, bảo đảm hài hòa giữa mở cửa và an toàn dịch bệnh.","Việc mở cửa lại nền kinh tế là yêu cầu cấp thiết, nhưng Phạm Minh Chính yêu cầu mở cửa một cách thận trọng, có trật tự và xây dựng lộ trình phù hợp, hiệu quả, triển khai từng bước, linh hoạt tại các địa phương, đảm bảo cân bằng giữa mở cửa và an toàn.","Mở cửa lại nền kinh tế là yêu cầu cấp bách, nhưng Fan Mingzheng yêu cầu mở cửa thận trọng, có trật tự và xây dựng lộ trình phù hợp, hiệu quả, có thể thực hiện từng bước, linh hoạt ở nhiều nơi để đảm bảo cân bằng giữa mở cửa và an ninh."
92,vi-zh-2022-test-0092,随时开放、恢复经济活动,"Sẵn sàng mở cửa, khôi phục hoạt động kinh tế","Mở cửa mọi lúc, khôi phục hoạt động kinh tế",Mở cửa và tiếp tục các hoạt động kinh tế bất cứ lúc nào
93,vi-zh-2022-test-0093,越南已经并继续是外国投资者的目的地。,"Việt Nam đã, đang và sẽ tiếp tục là điểm đến hàng đầu của các nhà đầu tư quốc tế",Việt Nam đã và tiếp tục là điểm đến của các nhà đầu tư nước ngoài.,Việt Nam đã và đang tiếp tục là điểm đến của các nhà đầu tư nước ngoài.
94,vi-zh-2022-test-0094,建党整党一直是党的核心任务并具有至关重要的意义。,"Việc xây dựng, chỉnh đốn Đảng luôn luôn là nhiệm vụ then chốt, đặc biệt quan trọng, có ý nghĩa sống còn đối với Đảng và chế độ.",Việc xây dựng và chỉnh đốn Đảng luôn là nhiệm vụ cốt lõi và có ý nghĩa vô cùng quan trọng của Đảng.,"Xây dựng Đảng, củng cố Đảng luôn là nhiệm vụ cốt lõi của Đảng và có ý nghĩa sống còn."
95,vi-zh-2022-test-0095,进而，正确评估情况和查明原因；明确每个目标、观点、指导思想、主张以及符合每个内容和问题的措施，特别是本任期内具有突破性的解决方案”。,"Từ đó, đánh giá đúng tình hình và nguyên nhân; xác định rõ mục tiêu, quan điểm, tư tưởng chỉ đạo và những chủ trương, biện pháp phù hợp đối với từng nội dung, vấn đề, nhất là những giải pháp có tính đột phá trong nhiệm kỳ này”.","Tiếp theo, đánh giá đúng tình hình và làm rõ nguyên nhân; xác định rõ từng mục tiêu, quan điểm, tư tưởng chỉ đạo, chủ trương cũng như các biện pháp phù hợp với từng nội dung và vấn đề, đặc biệt là các giải pháp đột phá trong nhiệm kỳ này.","Sau đó, đánh giá đúng thực trạng và xác định nguyên nhân; làm rõ từng mục tiêu, quan điểm, tư tưởng chỉ đạo, chủ trương, biện pháp phù hợp với từng nội dung, vấn đề, đặc biệt là những giải pháp đột phá trong nhiệm kỳ này.”"
96,vi-zh-2022-test-0096,越共十二届四中全会决议准确抓住了问题，正确评估了现状，发挥了整个政治体系和全国人民的综合力量，配套、有效采取各项措施，斗争并防止、遏制堕落现象、“自我演变”和“自我转化”表现，巩固了人民对党的信心。,"Nghị quyết Trung ương 4 (khóa XII) đã lựa chọn vấn đề, đánh giá đúng thực trạng, phát huy sức mạnh tổng hợp của cả hệ thống chính trị, của nhân dân thực hiện đồng bộ các giải pháp để đấu tranh ngăn chặn, đẩy lùi sự suy thoái, ""tự diễn biến"", ""tự chuyển hoá"" có hiệu quả, củng cố niềm tin của nhân dân đối với Đảng.","Nghị quyết Hội nghị Trung ương 4 khóa XII của Đảng Cộng sản Việt Nam đã nắm bắt chính xác vấn đề, đánh giá đúng thực trạng, phát huy sức mạnh tổng hợp của toàn hệ thống chính trị và nhân dân cả nước, đồng bộ, hiệu quả các biện pháp đấu tranh, ngăn chặn, đẩy lùi suy thoái tư tưởng chính trị, đạo đức, lối sống, ""tự diễn biến"", ""tự chuyển hóa"", củng cố niềm tin của nhân dân vào Đảng.","Nghị quyết Hội nghị toàn thể lần thứ IV Ban Chấp hành Trung ương Đảng Cộng sản Việt Nam khóa XII đã quán triệt đúng vấn đề, đánh giá đúng tình hình hiện nay, phát huy sức mạnh toàn diện của cả hệ thống chính trị và nhân dân cả nước, phối hợp và triển khai có hiệu quả các giải pháp đấu tranh, ngăn chặn, kiềm chế hiện tượng thoái hóa, “tự diễn biến”, “tự chuyển hóa”, củng cố niềm tin của nhân dân vào Đảng."
97,vi-zh-2022-test-0097,胡志明国家政治学院党建研究院前院长阮明俊评价称：“批评工作提升到新的高点，即对敏感问题、具体问题、明显表现进行批评。,"Phó Giáo sư, Tiến sỹ Nguyễn Minh Tuấn, nguyên Viện trưởng Viện Xây dựng Đảng, Học viện Chính trị Quốc gia Hồ Chí Minh, đánh giá: “Phê bình đã ở mức cao hơn, tức là phê bình việc rất nhạy cảm.","Nguyên viện trưởng Viện Xây dựng Đảng, Học viện Chính trị Quốc gia Hồ Chí Minh, ông Nguyễn Minh Tuấn nhận định: ""Công tác phê bình đã nâng lên một tầm cao mới, đó là phê bình những vấn đề nhạy cảm, những vấn đề cụ thể, những biểu hiện rõ ràng.""","Nguyễn Minh Tuân, nguyên Viện trưởng Viện Nghiên cứu Xây dựng Đảng, Viện Khoa học Chính trị Quốc gia Hồ Chí Minh, nhận xét: “Công tác phê bình đã được nâng lên một tầm cao mới, đó là phê phán những vấn đề nhạy cảm, những vấn đề cụ thể, biểu hiện rõ ràng."
98,vi-zh-2022-test-0098,越共十二届四中全会决议完善了解决党建工作紧迫问题所需的机制。,"Với Nghị quyết Trung ương 4 (khóa XII), những vấn đề cấp bách của công tác xây dựng Đảng được hoàn thiện thể chế.",Nghị quyết Hội nghị Trung ương 4 khóa XII Đảng Cộng sản Việt Nam đã hoàn thiện cơ chế cần thiết để giải quyết các vấn đề cấp bách trong công tác xây dựng Đảng.,Nghị quyết Hội nghị toàn thể lần thứ 4 Ban Chấp hành Trung ương Đảng Cộng sản Việt Nam khóa 12 đã hoàn thiện các cơ chế cần thiết để giải quyết những vấn đề bức xúc trong công tác xây dựng Đảng.
99,vi-zh-2022-test-0099,此前，没有一次中央全体会议曾通过那么多关于干部工作的规定和流程。,"Chưa có nhiệm kỳ nào Trung ương lại ban hành mới nhiều quy định, quy trình trong công tác cán bộ.","Trước đây, chưa từng có một kỳ họp toàn thể trung ương nào thông qua nhiều quy định và quy trình về công tác cán bộ đến vậy.","Trước đây, chưa có hội nghị toàn thể trung ương nào thông qua nhiều quy định, thủ tục về công tác cán bộ như vậy."
100,vi-zh-2022-test-0100,多个党委、党组织、干部、党员的违规行为受到了处理，不管违规者是谁、从事什么工作、已经调去担任什么职务或者已经退休。,"Nhiều vi phạm của cấp ủy, tổ chức Đảng, của cán bộ, đảng viên, bất kể người đó là ai, trong lĩnh vực nào dần được xử lý nghiêm khắc, dứt điểm, nhiều cán bộ, đảng viên vi phạm vẫn bị xử lý dù đã chuyển công tác hay nghỉ hưu.","Nhiều hành vi vi phạm quy định của các đảng ủy, tổ chức đảng, cán bộ, đảng viên đã bị xử lý, bất kể người vi phạm là ai, làm công việc gì, đã được điều chuyển giữ chức vụ gì hay đã nghỉ hưu.","Các hành vi vi phạm của nhiều cấp ủy, tổ chức đảng, cán bộ, đảng viên đều bị xử lý bất kể người vi phạm là ai, giữ chức vụ gì, được điều động đến chức vụ nào, đã nghỉ hưu hay chưa."
101,vi-zh-2022-test-0101,十二届任期内处分了110名中央管理干部。,Chỉ tính riêng trong nhiệm kỳ khóa XII đã thi hành kỷ luật hơn 110 cán bộ thuộc diện Trung ương quản lý.,"Trong nhiệm kỳ thứ mười hai, đã xử lý kỷ luật 110 cán bộ thuộc diện quản lý của Trung ương.","Trong nhiệm kỳ thứ 12, 110 cán bộ quản lý trung ương bị kỷ luật."
102,vi-zh-2022-test-0102,他此次美国之行旨在具体化欧盟与美国领导人于今年6月在美欧峰会上达成的协议，为双方于11月签署贸易协议迈出重要一步，同时也释放愿继续恢复两个战略盟友之间的跨大西洋关系的善意。,Ủy viên Thương mại Liên minh châu Âu (EU) Valdis Dombrovskis có chuyến thăm Mỹ từ 26/9 - 01/10.,"Chuyến thăm Hoa Kỳ lần này của ông nhằm cụ thể hóa các thỏa thuận đã đạt được giữa Liên minh châu Âu và Hoa Kỳ tại hội nghị thượng đỉnh Mỹ-Âu vào tháng 6 năm nay, tạo một bước tiến quan trọng cho việc ký kết hiệp định thương mại giữa hai bên vào tháng 11, đồng thời thể hiện thiện chí tiếp tục khôi phục mối quan hệ xuyên Đại Tây Dương giữa hai đồng minh chiến lược.","Chuyến đi Mỹ của ông nhằm cụ thể hóa thỏa thuận mà các nhà lãnh đạo Liên minh châu Âu và Mỹ đạt được tại hội nghị thượng đỉnh Mỹ-EU hồi tháng 6 năm nay, tiến một bước quan trọng hướng tới việc ký kết thỏa thuận thương mại vào tháng 11, đồng thời thể hiện thiện chí trong việc tiếp tục khôi phục mối quan hệ xuyên Đại Tây Dương giữa hai đồng minh chiến lược."
103,vi-zh-2022-test-0103,扩大和加强贸易-投资关系,Mở rộng và củng cố quan hệ thương mại - đầu tư,Mở rộng và tăng cường quan hệ thương mại - đầu tư,Mở rộng và tăng cường quan hệ thương mại - đầu tư
104,vi-zh-2022-test-0104,该委员会旨在讨论跨大西洋联盟正面临的一些主要经济和技术挑战。,Việc thành lập Hội đồng nhằm thảo luận về một số thách thức kinh tế và công nghệ lớn mà liên minh xuyên Đại Tây Dương này đang phải đối mặt.,Ủy ban này nhằm mục đích thảo luận về một số thách thức kinh tế và công nghệ chính mà liên minh xuyên Đại Tây Dương đang đối mặt.,Ủy ban nhằm mục đích thảo luận về một số thách thức kinh tế và công nghệ chính mà liên minh xuyên Đại Tây Dương phải đối mặt.
105,vi-zh-2022-test-0105,此外，该机制将协商解决贸易争端，合理化法律程序，并为大西洋两岸的新兴科技公司制定共同规则。,"Ngoài ra, cơ chế này sẽ tham vấn giải quyết mâu thuẫn thương mại, hợp lý hóa các thủ tục pháp lý và phát triển quy tắc chung đối với các công ty công nghệ mới nổi ở hai bên bờ Đại Tây Dương.","Ngoài ra, cơ chế này sẽ giải quyết tranh chấp thương mại thông qua thương lượng, hợp lý hóa các quy trình pháp lý và thiết lập các quy tắc chung cho các công ty công nghệ mới nổi ở cả hai bờ Đại Tây Dương.","Ngoài ra, cơ chế này sẽ đàm phán giải quyết các tranh chấp thương mại, hợp lý hóa các thủ tục pháp lý và thiết lập các quy tắc chung cho các công ty công nghệ mới nổi ở cả hai bờ Đại Tây Dương."
106,vi-zh-2022-test-0106,欧洲对此迅速做出反应，对哈雷戴维森摩托车、李维斯牛仔裤、烟草、玉米、大米和橙汁等美输欧商品加征关税。,"Phía châu Âu nhanh chóng phản ứng bằng cách đánh thuế vào các mặt hàng nhập khẩu của Mỹ vào EU như xe máy Harley-Davidson, quần jeans Levi's, thuốc lá, ngô, gạo, nước cam.","Châu Âu đã nhanh chóng phản ứng bằng cách áp thuế đối với các mặt hàng xuất khẩu của Mỹ sang châu Âu như xe máy Harley-Davidson, quần jeans Levi's, thuốc lá, ngô, gạo và nước cam.","Châu Âu phản ứng nhanh chóng và áp đặt thuế bổ sung đối với hàng hóa Mỹ xuất khẩu sang châu Âu, bao gồm xe máy Harley-Davidson, quần jean Levi's, thuốc lá, ngô, gạo và nước cam."
107,vi-zh-2022-test-0107,虽然面临不少不利情况，但截至目前可以看到越南的力量和发展条件仍然得到维持.,Mặc dù gặp phải rất nhiều bất lợi nhưng cho đến nay có thể thấy nội lực và điều kiện phát triển của Việt Nam vẫn được duy trì,"Mặc dù đối mặt với nhiều tình huống bất lợi, nhưng cho đến nay có thể thấy sức mạnh và điều kiện phát triển của Việt Nam vẫn được duy trì.",Dù phải đối mặt với nhiều tình huống bất lợi nhưng đến nay có thể thấy sức mạnh và điều kiện phát triển của Việt Nam vẫn được duy trì.
108,vi-zh-2022-test-0108,近日的国际舆论表明，新冠肺炎疫情无法击败越南，因为越南的内部力量强大，居民区资源强大，拥有近一亿充满活力的活跃人口。,"Dư luận quốc tế những ngày này chỉ ra rằng đại dịch COVID-19 không thể đánh bại Việt Nam do Việt Nam có nội lực mạnh với một cộng đồng dân cư đông, gần 100 triệu dân đầy sức sống, năng động.","Dư luận quốc tế gần đây cho thấy đại dịch COVID-19 không thể đánh bại Việt Nam, bởi Việt Nam có nội lực mạnh, nguồn lực khu dân cư dồi dào, cùng với gần một trăm triệu dân số năng động, đầy sức sống.","Dư luận quốc tế gần đây cho thấy, dịch Covid-19 không thể đánh bại Việt Nam bởi Việt Nam có nội lực vững mạnh, nguồn lực dân cư vững mạnh và dân số sôi động, năng động với gần 100 triệu người."
109,vi-zh-2022-test-0109,越南的中产阶级正迅速增加，他们的收入日益增加有助于促进国内消费。,"Tầng lớp trung lưu của Việt Nam gia tăng nhanh chóng , thu nhập của họ ngày càng tăng , có lợi cho tiêu dùng trong nước","Tầng lớp trung lưu ở Việt Nam đang gia tăng nhanh chóng, thu nhập ngày càng tăng của họ góp phần thúc đẩy tiêu dùng nội địa.",Tầng lớp trung lưu của Việt Nam đang phát triển nhanh chóng và thu nhập ngày càng tăng của họ đang giúp thúc đẩy tiêu dùng trong nước.
110,vi-zh-2022-test-0110,据科技考察和咨询公司（Technavio）称，2020年至2024年间，越南半导体产业将以19%的年复合增长率增长，约61.6亿美元。,"Theo công ty khảo sát và tư vấn công nghệ Technavio, ngành công nghiệp bán dẫn của Việt Nam sẽ tăng trưởng với tốc độ kép hàng năm là 19%, tương đương khoảng 6,16 tỷ đô la trong khoảng thời gian từ 2020-2024.","Theo công ty nghiên cứu và tư vấn công nghệ Technavio, ngành công nghiệp bán dẫn Việt Nam sẽ tăng trưởng với tốc độ tăng trưởng kép hàng năm là 19% trong giai đoạn 2020-2024, đạt khoảng 6,16 tỷ USD.","Theo công ty tư vấn và giám định công nghệ (Technavio), ngành bán dẫn Việt Nam sẽ tăng trưởng với tốc độ tăng trưởng kép hàng năm là 19% từ năm 2020 đến năm 2024, xấp xỉ 6,16 tỷ USD."
111,vi-zh-2022-test-0111,"《电子时报》(DIGITIMES)则指出，根据越共十三大提出的目标,即“数字技术将创造国内生产总值的30%，而不是当前的仅为8%”，预计未来5年，越南半导体产业将大幅增长。","Trang Digitimes thì chỉ ra rằng, ngành công nghiệp bán dẫn của Việt Nam được kỳ vọng tăng trưởng sẽ tăng trưởng vượt bậc trong 5 năm tới theo như mục tiêu Đại hội Đảng XIII đặt ra: “Kỹ thuật số sẽ tạo ra 30% tổng sản phẩm quốc nội so với 8% như hiện nay”.","Theo Đài Điện tử (DIGITIMES), dựa trên mục tiêu Đại hội XIII Đảng Cộng sản Việt Nam đề ra, đó là ""công nghệ số sẽ đóng góp 30% GDP, thay vì chỉ 8% như hiện nay"", ngành công nghiệp bán dẫn Việt Nam dự kiến sẽ tăng trưởng mạnh mẽ trong 5 năm tới.","""DIGITIMES"" chỉ ra rằng, theo mục tiêu mà Đại hội đại biểu toàn quốc lần thứ 13 của Đảng Cộng sản Việt Nam đưa ra là ""công nghệ số sẽ tạo ra 30% GDP, thay vì 8% như hiện nay"", ngành bán dẫn Việt Nam được dự đoán sẽ tăng trưởng đáng kể trong 5 năm tới."
112,vi-zh-2022-test-0112,非常重要的是，《越欧自贸协定》、《全面且先进的跨太平洋伙伴关系协定》（CPTPP）、《越英自贸协定》等助力越南在新冠肺炎大流行背景下促进贸易。,"Điều rất quan trọng là các Hiệp định thương mại tự do EU-Việt Nam (EVFTA) và Hiệp định đối tác toàn diện và tiến bộ xuyên Thái Bình Dương, Hiệp định thương mại tư do Việt Anh đã giúp Việt Nam thúc đẩy thương mại trong bối cảnh đại dịch.","Hiệp định Thương mại Tự do Việt Nam - Liên minh Châu Âu (EVFTA), Hiệp định Đối tác Toàn diện và Tiến bộ xuyên Thái Bình Dương (CPTPP), Hiệp định Thương mại Tự do Việt Nam - Vương quốc Anh (UKVFTA) và các hiệp định khác đã góp phần thúc đẩy thương mại của Việt Nam trong bối cảnh đại dịch COVID-19.","Điều rất quan trọng là Hiệp định Thương mại tự do Việt Nam - EU, Hiệp định Đối tác toàn diện và tiến bộ xuyên Thái Bình Dương (CPTPP), Hiệp định thương mại tự do Việt Nam - Anh... đã giúp Việt Nam thúc đẩy thương mại trong bối cảnh đại dịch Covid-19."
113,vi-zh-2022-test-0113,新冠肺炎大流行给越南带来了许多困难，但在党的领导、政府和政治体系的积极行动下，危机似乎也成为点燃民族力量的契机，获得了各阶层人民对政府的突破性经济改革的共识与支持。,"Đại dịch COVID-19 gây ra cho Việt Nam nhiều khó khăn, nhưng dưới sự lãnh đạo của Đảng, hành động quyết liệt của Chính phủ và hệ thống chính trị, khủng hoảng dường như cũng là cơ hội làm bùng lên sức mạnh dân tộc, thu hút sự đồng tình, ủng hộ của các tầng lớp nhân dân đối với những cải cách đột phá về kinh tế của Chính phủ.","Đại dịch COVID-19 đã mang đến nhiều khó khăn cho Việt Nam, nhưng dưới sự lãnh đạo của Đảng, hành động tích cực của Chính phủ và hệ thống chính trị, cuộc khủng hoảng dường như cũng trở thành cơ hội để khơi dậy sức mạnh dân tộc, nhận được sự đồng thuận và ủng hộ của nhân dân các tầng lớp đối với những cải cách kinh tế đột phá của Chính phủ.","Đại dịch Covid-19 đã mang đến nhiều khó khăn cho Việt Nam, nhưng với những hành động tích cực của lãnh đạo Đảng, Chính phủ và hệ thống chính trị, cuộc khủng hoảng dường như đã trở thành cơ hội khơi dậy sức mạnh dân tộc và giành được sự đồng thuận, ủng hộ của người dân các tầng lớp đối với những cải cách kinh tế đột phá của Chính phủ."
114,vi-zh-2022-test-0114,及时排除困难是企业恢复生产经营活动和经济早日复苏的巨大动力。,"Khó khăn được tháo gỡ kịp thời, đó chính là động lực rất lớn để doanh nghiệp khôi phục hoạt động sản xuất, kinh doanh và sớm hồi phục nền kinh tế.",Kịp thời tháo gỡ khó khăn là động lực to lớn để doanh nghiệp khôi phục sản xuất kinh doanh và nền kinh tế sớm phục hồi.,"Tháo gỡ khó khăn kịp thời là động lực rất lớn để doanh nghiệp tiếp tục hoạt động sản xuất, kinh doanh và sớm phục hồi nền kinh tế."
115,vi-zh-2022-test-0115,据财政部测算，今年全国97%以上的企业获得减免30%的所得税。,"Theo tính toán của Bộ Tài chính, có tới hơn 97% doanh nghiệp của cả nước được giảm 30% thuế thu nhập doanh nghiệp trong năm nay.","Theo tính toán của Bộ Tài chính, hơn 97% doanh nghiệp trên cả nước trong năm nay được giảm 30% thuế thu nhập doanh nghiệp.","Theo ước tính của Bộ Tài chính, hơn 97% doanh nghiệp trên cả nước được giảm 30% thuế thu nhập trong năm nay."
116,vi-zh-2022-test-0116,其中大部分是受疫情影响的中小型企业。,"Đây hầu hết là các doanh nghiệp có quy mô vừa và nhỏ, chịu tác động tiêu cực của đại dịch COVID-19.",Phần lớn trong số đó là các doanh nghiệp vừa và nhỏ bị ảnh hưởng bởi dịch bệnh.,Hầu hết trong số họ là các doanh nghiệp vừa và nhỏ bị ảnh hưởng bởi dịch bệnh.
117,vi-zh-2022-test-0117,此外，预计今年三、四季度，全国有近400万个经营户和个人获免个人所得税和增值税。,"Bên cạnh đó, ước tính có gần 4 triệu hộ và cá nhân kinh doanh cả nước được miễn thuế thu nhập cá nhân và thuế giá trị gia tăng phát sinh trong quý 3 và 4 này.","Ngoài ra, dự kiến trong quý 3 và quý 4 năm nay, gần 4 triệu hộ kinh doanh và cá nhân trên toàn quốc sẽ được miễn thuế thu nhập cá nhân và thuế giá trị gia tăng.","Ngoài ra, ước tính trong quý III và quý IV năm nay, gần 4 triệu hộ, cá nhân kinh doanh trên cả nước sẽ được miễn thuế thu nhập cá nhân và thuế giá trị gia tăng."
118,vi-zh-2022-test-0118,根据第406号决议的免税和减税方案，企业和人民将得到约20万亿越南盾资助。,"Các giải pháp miễn, giảm thuế theo Nghị quyết 406 sẽ hỗ trợ doanh nghiệp và người dân khoảng 20.000 tỉ đồng.","Theo các chính sách miễn giảm thuế theo Nghị quyết số 406, doanh nghiệp và người dân sẽ nhận được sự hỗ trợ khoảng 20 nghìn tỷ đồng.","Theo gói miễn, giảm thuế của Nghị quyết số 406, doanh nghiệp và người dân sẽ nhận được khoảng 20 nghìn tỷ đồng tài trợ."
119,vi-zh-2022-test-0119,其中大多数企业都陷入资金流动性困境。,Hầu hết doanh nghiệp đều trong tình trạng khó khăn về thanh khoản.,Phần lớn các doanh nghiệp này đang gặp khó khăn về dòng tiền.,Hầu hết các công ty này đều gặp khó khăn về thanh khoản.
120,vi-zh-2022-test-0120,舆论认为，这些资助政策是及时的、带来积极效果，有助于企业克服困难、稳定生产经营。,"Dư luận đánh giá các giải pháp hỗ trợ là kịp thời, có tác động tích cực, góp phần tháo gỡ khó khăn, ổn định hoạt động sản xuất kinh doanh.","Dư luận cho rằng các chính sách hỗ trợ này kịp thời, mang lại hiệu quả tích cực, giúp doanh nghiệp vượt qua khó khăn, ổn định sản xuất kinh doanh.","Dư luận cho rằng, những chính sách tài trợ này là kịp thời và mang lại kết quả tích cực, giúp doanh nghiệp vượt qua khó khăn, ổn định sản xuất, kinh doanh."
121,vi-zh-2022-test-0121,意大利外长路易吉·迪·马约9月26日明确表态，该国拒绝承认塔利班政权，因为在塔利班的高层管理人员中，有17位是恐怖分子并且塔利班不断地侵犯妇女和儿童的权益。,"Trong một tuyên bố hôm 26/9, Ngoại trưởng Italy Luigi Di Maio nhấn mạnh rằng chưa nên công nhận Chính phủ của Taliban vì trong số các bộ trưởng có 17 đối tượng khủng bố, trong khi quyền con người của phụ nữ và trẻ em gái liên tục bị vi phạm.","Ngoại trưởng Ý Luigi Di Maio ngày 26 tháng 9 đã tuyên bố rõ ràng rằng nước này từ chối công nhận chính quyền Taliban, bởi vì trong số các quan chức cấp cao của Taliban có 17 người là khủng bố và Taliban liên tục xâm phạm quyền lợi của phụ nữ và trẻ em.",Ngoại trưởng Ý Luigi Di Maio ngày 26/9 nói rõ rằng đất nước của ông từ chối công nhận chế độ Taliban vì 17 lãnh đạo cấp cao của Taliban là những kẻ khủng bố và Taliban tiếp tục vi phạm quyền của phụ nữ và trẻ em.
122,vi-zh-2022-test-0122,塔利班掌权一个半月后，阿富汗仍面临安全、社会民生等一系列严重挑战。,"Một tháng rưỡi sau khi Taliban trở lại nắm quyền, đất nước Afghanistan vẫn phải đối mặt với hàng loạt thách thức nghiêm trọng cả về an ninh và an sinh-xã hội.","Sau một tháng rưỡi Taliban nắm quyền, Afghanistan vẫn đối mặt với hàng loạt thách thức nghiêm trọng về an ninh, đời sống xã hội và dân sinh.","Một tháng rưỡi sau khi Taliban lên nắm quyền, Afghanistan vẫn phải đối mặt với hàng loạt thách thức nghiêm trọng như an ninh, xã hội và sinh kế của người dân."
123,vi-zh-2022-test-0123,联合国中央应急基金发放了4500万美元的救生资金，以帮助防止阿富汗医疗体系崩溃。,"Liên hợp quốc mới đây tuyên bố trích 45 triệu USD từ Quỹ ứng phó khẩn cấp của Liên hợp quốc (CERF) để giúp Afghanistan đối phó với tình trạng thiếu thuốc men, vật tư y tế và nhiên liệu.",Quỹ Ứng phó Khẩn cấp Trung ương của Liên Hợp Quốc đã phân bổ 45 triệu đô la Mỹ để hỗ trợ ngăn chặn sự sụp đổ của hệ thống y tế Afghanistan.,Quỹ ứng phó khẩn cấp trung ương của Liên hợp quốc đã cấp 45 triệu USD tài trợ cứu người nhằm giúp ngăn chặn hệ thống chăm sóc sức khỏe của Afghanistan sụp đổ.
124,vi-zh-2022-test-0124,保护和维持企业安全生产经营活动是经济复苏涉及的第一要素。,"Chủ trương bảo vệ, hỗ trợ duy trì hoạt động sản xuất kinh doanh an toàn của doanh nghiệp trong điều kiện sống chung với dịch là yếu tố nhắc đến trước tiên trong khôi phục kinh tế.",Bảo vệ và duy trì hoạt động sản xuất kinh doanh an toàn của doanh nghiệp là yếu tố hàng đầu trong quá trình phục hồi kinh tế.,"Bảo vệ và duy trì hoạt động sản xuất, kinh doanh an toàn của doanh nghiệp là yếu tố đầu tiên tham gia phục hồi kinh tế."
125,vi-zh-2022-test-0125,"广宁省人民委员会常务副主席高祥辉说：“我们制定了具体的措施""。","Phó chủ tịch thường trực UBND tỉnh Quảng Ninh Cao Tường Huy cho biết về kịch bản bình thường mới của tỉnh trong thời gian tới: “Chúng tôi có giải pháp rất cụ thể"".","Phó Chủ tịch Thường trực Ủy ban Nhân dân tỉnh Quảng Ninh Cao Tường Huy cho biết: ""Chúng tôi đã đề ra các biện pháp cụ thể"".","Ông Cao Xiang Hui, Phó Chủ tịch UBND tỉnh Quảng Ninh cho biết: “Chúng tôi đã xây dựng các biện pháp cụ thể."
126,vi-zh-2022-test-0126,一是抓紧实施重点项目，为10月底开工建设绿色下龙、东朝高尔夫球场、万宁港等项目创造有利条件。,"Thứ nhất quyết liệt triển khai thi công các dự án trọng điểm, và tạo mọi điều kiện thuận lợi nhất để triển khai cụ thể cuối tháng 10 khởi công dự án Hạ Long Xanh, sân golf ở Đông Triều, dự án cảng Vạn Ninh.","Một là đẩy nhanh tiến độ thực hiện các dự án trọng điểm, tạo điều kiện thuận lợi cho việc khởi công xây dựng các dự án Sân golf Hạ Long Xanh, Đông Triều, Cảng Vạn Ninh vào cuối tháng 10.","Trước hết, chúng ta phải đẩy nhanh tiến độ triển khai các dự án trọng điểm, tạo điều kiện thuận lợi cho việc xây dựng Hạ Long xanh, sân golf Đồng Chao, cảng Vạn Ninh và các dự án khác khởi công vào cuối tháng 10."
127,vi-zh-2022-test-0127,范明政强调，政府和国会努力陪伴企业，本着“想真、说真、做实、有效、人民和企业真正受益”的精神，“不要说不，不要说难，不要说了不做”，早日恢复，发展经济社会。,"Phạm Minh Chính nhấn mạnh, Chính phủ và Quốc hội cố gắng đồng hành cùng doanh nghiệp một cách thực sự, trên tinh thần “nghĩ thật, nói thật, làm thật, hiệu quả thật, nhân dân và doanh nghiệp được thụ hưởng thật”, “không nói không, không nói khó, không nói có mà không làm” khi giải quyết các kiến nghị, khó khăn, sớm khôi phục, phát triển kinh tế - xã hội.","Phạm Minh Chính nhấn mạnh, Chính phủ và Quốc hội nỗ lực đồng hành cùng doanh nghiệp, với tinh thần ""nghĩ thật, nói thật, làm thật, hiệu quả thật, người dân và doanh nghiệp thụ hưởng thật"", ""không nói không, không nói khó, không nói rồi không làm"", sớm phục hồi, phát triển kinh tế xã hội.","Fan Mingzheng nhấn mạnh Chính phủ và Quốc hội nỗ lực đồng hành cùng doanh nghiệp, trên tinh thần “nghĩ đúng, nói thật, thiết thực, hiệu quả, người dân và doanh nghiệp thực sự được hưởng lợi”, “không nói không, không nói khó, không nói, không làm”, để phục hồi sớm nhất và phát triển kinh tế, xã hội."
128,vi-zh-2022-test-0128,对古巴的访问打开了越古两国合作关系新发展篇章，在任何困难都不能阻挡的互相信任、兄弟般团结情谊基础上实现“共赢”目标。,"Với Cuba, chuyến thăm mở ra một giai đoạn hợp tác phát triển mới giữa hai nước, hướng tới mục tiêu “cùng thắng” dựa trên cơ sở niềm tin sâu sắc, tình đoàn kết, anh em gắn bó bền chặt, không khó khăn nào ngăn cản được.","Chuyến thăm Cuba đã mở ra một chương mới trong quan hệ hợp tác giữa Việt Nam và Cuba, hướng tới mục tiêu ""cùng thắng"" trên cơ sở tin cậy lẫn nhau, tình đoàn kết anh em, không gì có thể cản trở.","Chuyến thăm Cuba đã mở ra một chương mới trong sự phát triển quan hệ hợp tác giữa Việt Nam và Cuba, đạt được mục tiêu “đôi bên cùng có lợi” dựa trên sự tin cậy lẫn nhau và tình đoàn kết anh em không thể bị ngăn cản bởi bất kỳ khó khăn nào."
129,vi-zh-2022-test-0129,阮春福是在越南与古巴两党、两国成功举行各自党代会，国家进入新发展阶段的背景下对古巴进行正式访问的。,"Chuyến thăm chính thức Cuba của Chủ tịch nước Nguyễn Xuân Phúc diễn ra trong bối cảnh Việt Nam và Cuba bước sang giai đoạn phát triển mới sau khi hai Đảng, hai nhà nước tổ chức thành công Đại hội Đảng.","Chuyến thăm chính thức Cuba của Nguyễn Xuân Phúc diễn ra trong bối cảnh hai đảng, hai nước Việt Nam và Cuba đã tổ chức thành công đại hội đảng các cấp, đất nước bước vào giai đoạn phát triển mới.","Nguyễn Xuân Phúc thăm chính thức Cuba trong bối cảnh hai Đảng, hai nước Việt Nam và Cuba đã tổ chức thành công Đại hội Đảng, đất nước bước vào giai đoạn phát triển mới."
130,vi-zh-2022-test-0130,越南自疫情爆发以来也向古巴人民捐赠了2.3万吨大米，而此访期间捐赠6千吨，以及医用物资、电脑、玉米种子等其他物资。,"Việt Nam cũng tặng nhân dân Cuba 23.000 tấn gạo từ khi dịch COVID-19 bùng phát, riêng trong chuyến thăm này tặng 6.000 tấn gạo cùng một số thiết bị, vật tư y tế, giống ngô lai, máy tính.","Kể từ khi dịch bệnh bùng phát, Việt Nam đã viện trợ cho nhân dân Cuba 23.000 tấn gạo, và trong chuyến thăm này, chúng tôi đã quyên góp thêm 6.000 tấn gạo, cùng với các vật tư y tế, máy tính, hạt giống ngô và các vật phẩm khác.","Việt Nam cũng đã quyên góp 23.000 tấn gạo cho người dân Cuba kể từ khi dịch bệnh bùng phát và trong chuyến thăm này, Việt Nam đã tặng 6.000 tấn gạo cũng như vật tư y tế, máy tính, hạt giống ngô và các vật tư khác."
131,vi-zh-2022-test-0131,越南外交部部长裴青山在评价越南为解决全球性挑战所做出的贡献时表示：“阮春福在联合国大会上的发言聚焦国际社会共同关心的问题，同时根据越南自身的经验提出了多项解决措施，越南也对此作出承诺。,"Đánh giá về những đóng góp quan trọng của Việt Nam giải quyết các thách thức toàn cầu đó, Bộ trưởng Bộ Ngoại giao Bùi Thanh Sơn, cho rằng: Phát biểu của Chủ tịch nước tại Đại hội đồng LHQ tập trung vào mối quan tâm chung của cộng đồng quốc tế và từ kinh nghiệm của Việt Nam đã đưa ra nhiều giải pháp và cam kết.","Bộ trưởng Ngoại giao Việt Nam Bùi Thanh Sơn, khi đánh giá về đóng góp của Việt Nam trong việc giải quyết các thách thức toàn cầu, cho biết: ""Bài phát biểu của Chủ tịch nước Nguyễn Xuân Phúc tại Đại hội đồng Liên Hợp Quốc tập trung vào các vấn đề mà cộng đồng quốc tế cùng quan tâm, đồng thời đưa ra nhiều giải pháp dựa trên kinh nghiệm của Việt Nam, và Việt Nam cũng cam kết thực hiện những điều này.""","Bình luận về đóng góp của Việt Nam trong giải quyết các thách thức toàn cầu, Bộ trưởng Ngoại giao Việt Nam Bùi Thanh Sơn cho biết: “Bài phát biểu của Nguyễn Xuân Phúc tại Đại hội đồng Liên hợp quốc tập trung vào những vấn đề cộng đồng quốc tế cùng quan tâm và đề xuất một số giải pháp dựa trên kinh nghiệm của chính Việt Nam mà Việt Nam cam kết."
132,vi-zh-2022-test-0132,除了多边外交，阮春福一行还在越南与各国双边关系发展方面留下深刻烙印，其中“疫苗外交”的成果是值得一提的。,"Bên cạnh những dấu ấn tại các hoạt động đa phương, chuyến đi lần này của Chủ tịch nước Nguyễn Xuân Phúc còn để lại dấu ấn đậm nét về thúc đẩy quan hệ song phương, trong đó có thành công của ngoại giao vaccine.","Ngoài ngoại giao đa phương, đoàn của Nguyễn Xuân Phúc còn để lại dấu ấn sâu sắc trong việc phát triển quan hệ song phương giữa Việt Nam và các nước, trong đó thành quả của ""ngoại giao vắc-xin"" rất đáng được nhắc đến.","Bên cạnh ngoại giao đa phương, Nguyễn Xuân Phúc và phái đoàn còn để lại dấu ấn sâu sắc trong sự phát triển quan hệ song phương giữa Việt Nam với các nước, trong đó đáng nói đến kết quả “ngoại giao vắc xin”."
133,vi-zh-2022-test-0133,越南正逐步迈向与新冠病毒安全共处的目标。,Việt Nam đang dần từng bước hướng tới mục tiêu sống chung an toàn với COVID-19.,Việt Nam đang từng bước hướng tới mục tiêu chung sống an toàn với COVID-19.,Việt Nam đang dần hướng tới mục tiêu chung sống an toàn với virus Corona mới.
134,vi-zh-2022-test-0134,这是必然的趋势，因为实际表明不可能完全消灭新冠肺炎疫情。,"Điều này là tất yếu, bởi thực tế, không thể khống chế tuyệt đối dịch COVID-19.","Đây là xu hướng tất yếu, bởi thực tế đã chứng minh không thể loại bỏ hoàn toàn dịch bệnh COVID-19.",Đây là xu hướng tất yếu bởi thực tế cho thấy không thể xóa bỏ hoàn toàn dịch bệnh Covid-19.
135,vi-zh-2022-test-0135,因此，越南的防疫措施仍是5K原则加疫苗和技术。,"Do vậy, cách tiếp cận của Việt Nam vẫn theo phương châm 5K, vaccine và công nghệ.","Vì vậy, các biện pháp phòng chống dịch bệnh của Việt Nam vẫn là nguyên tắc 5K cộng với vaccine và công nghệ.","Vì vậy, các biện pháp phòng chống dịch của Việt Nam vẫn dựa trên nguyên tắc 5K cộng với vắc xin và công nghệ."
136,vi-zh-2022-test-0136,此外，在新常态下逐步放松生产经营活动，为形成安全教学、安全出行和安全生产等安全共处模式而进行积极调整。,"Cùng với đó, dần nới lỏng các hoạt động sản xuất, kinh doanh theo trạng thái bình thường mới, có những điều chỉnh tích cực để hình thành các mô hình chung sống an toàn, như giáo dục an toàn, đi lại an toàn, sản xuất an toàn…","Ngoài ra, trong bối cảnh bình thường mới, các hoạt động sản xuất kinh doanh sẽ dần được nới lỏng, đồng thời có những điều chỉnh tích cực để hình thành mô hình cùng tồn tại an toàn trong giảng dạy, đi lại và sản xuất.","Ngoài ra, các hoạt động sản xuất và vận hành sẽ dần được nới lỏng trong trạng thái bình thường mới, đồng thời sẽ có những điều chỉnh tích cực để hình thành các mô hình chung sống an toàn như giảng dạy an toàn, đi lại an toàn và sản xuất an toàn."
137,vi-zh-2022-test-0137,发挥农业优势，越南工贸部也正主动采取措施协助各地加强农产品在国内市场的销售。,"Xác định nông nghiệp là thế mạnh, Bộ công thương cũng đang chủ động triển khai các giải pháp hỗ trợ các địa phương đẩy mạnh tiêu thụ sản phẩm nông nghiệp tại thị trường trong nước.","Tận dụng lợi thế nông nghiệp, Bộ Công Thương Việt Nam cũng đang chủ động triển khai các biện pháp hỗ trợ địa phương tăng cường tiêu thụ nông sản trên thị trường nội địa.","Tận dụng lợi thế về nông nghiệp của mình, Bộ Công Thương Việt Nam cũng đang thực hiện các biện pháp chủ động để hỗ trợ các khu vực khác nhau trong việc tăng cường tiêu thụ nông sản tại thị trường nội địa."
138,vi-zh-2022-test-0138,据亚洲开发银行（ADB）9月22日发布的报告，该组织仍对越南中长期增长前景给予乐观评估。,"Theo báo cáo của Ngân hàng phát triển Châu Á (ADB) công bố ngày 22/9, tổ chức này vẫn đưa ra những đánh giá lạc quan về triển vọng tăng trưởng của Việt Nam trong trung và dài hạn.","Theo báo cáo được Ngân hàng Phát triển Châu Á (ADB) công bố ngày 22 tháng 9, tổ chức này vẫn giữ đánh giá lạc quan về triển vọng tăng trưởng trung và dài hạn của Việt Nam.","Theo báo cáo được Ngân hàng Phát triển Châu Á (ADB) công bố ngày 22/9, tổ chức này vẫn đưa ra đánh giá lạc quan về triển vọng tăng trưởng trung và dài hạn của Việt Nam."
139,vi-zh-2022-test-0139,自2019年以来，越南实施了一项总体计划，以落实越南在联合国人权理事会普遍定期审议机制（UPR）第三轮审议周期中采纳的13项建议。,"Kể từ năm 2019 đến nay, Việt Nam đã triển khai kế hoạch tổng thể triển khai thực hiện 13 khuyến nghị Việt Nam chấp thuận theo cơ chế rà soát định kỳ phổ quát về quyền con người chu kỳ III của Hội đồng Nhân quyền Liên hợp quốc (UPR).","Kể từ năm 2019, Việt Nam đã triển khai một kế hoạch tổng thể nhằm thực hiện 13 khuyến nghị đã được thông qua trong chu kỳ Rà soát Định kỳ Phổ quát (UPR) lần thứ ba của Hội đồng Nhân quyền Liên Hợp Quốc.","Từ năm 2019, Việt Nam đã triển khai Kế hoạch tổng thể thực hiện 13 khuyến nghị được Việt Nam thông qua trong chu kỳ rà soát thứ ba của Cơ chế Kiểm điểm định kỳ phổ quát (UPR) của Hội đồng Nhân quyền Liên hợp quốc."
140,vi-zh-2022-test-0140,目前，全国54个少数民族当中有51个享有学生和大学生职业培训优先政策，以为祖国家乡的共同发展事业服务。,"Hiện đã có 51/54 dân tộc thiểu số có học sinh, sinh viên được ưu tiên đào tạo về chuyên môn nghiệp vụ để phục vụ sự nghiệp xây dựng và phát triển quê hương.","Hiện nay, trong số 54 dân tộc thiểu số toàn quốc, có 51 dân tộc được hưởng chính sách ưu tiên đào tạo nghề cho học sinh, sinh viên, nhằm phục vụ sự nghiệp phát triển chung của quê hương đất nước.","Hiện nay, 51/54 dân tộc thiểu số trong cả nước được hưởng chính sách ưu tiên đào tạo nghề cho học sinh, sinh viên phục vụ sự phát triển chung của quê hương, quê hương."
141,vi-zh-2022-test-0141,我现在每天都要工作12个小时,Bây giờ mỗi ngày mẹ đều phải làm việc 12 tiếng.,Hiện tại mỗi ngày tôi phải làm việc 12 tiếng đồng hồ.,Bây giờ tôi phải làm việc 12 giờ một ngày
142,vi-zh-2022-test-0142,我觉得我最喜欢吃重庆的火锅，因为特别辣,"Tôi thấy tôi thích ăn lẩu Trùng Khánh nhất, bởi vì nó cực kỳ cay.",Tôi thấy mình thích nhất món lẩu Trùng Khánh vì nó rất cay.,Tôi nghĩ tôi thích ăn lẩu Trùng Khánh nhất vì nó rất cay.
143,vi-zh-2022-test-0143,迄今，广播和电视覆盖了95%的少数民族乡坊。,"Đến nay, 95% số xã vùng dân tộc thiểu số được phủ sóng phát thanh truyền hình.","Đến nay, đài phát thanh và truyền hình đã phủ sóng 95% các xã có đồng bào dân tộc thiểu số.","Đến nay đài phát thanh, truyền hình đã phủ sóng tới 95% thôn bản của người dân tộc thiểu số."
144,vi-zh-2022-test-0144,1.6万个乡级文化邮局得到建设，确保信息畅通无阻，满足少数民族同胞多样化的信息需求。,"16.000 điểm bưu điện văn hóa xã đã được xây dựng, đảm bảo thông tin liên lạc thông suốt, đáp ứng nhu cầu thông tin liên lạc đa dạng của người dân.","Đã xây dựng 16.000 bưu điện văn hóa cấp hương, đảm bảo thông tin thông suốt, đáp ứng nhu cầu thông tin đa dạng của đồng bào dân tộc thiểu số.","16.000 bưu cục văn hóa cấp thị trấn được xây dựng nhằm đảm bảo luồng thông tin thông suốt, đáp ứng nhu cầu thông tin đa dạng của đồng bào các dân tộc thiểu số."
145,vi-zh-2022-test-0145,在美国、英国和澳大利亚9月16日宣布创建“澳英美联盟”（AUKUS）后，美国与包括法国在内欧洲各国的多年盟友关系正面临风波。,"Quan hệ đồng minh lâu năm giữa Mỹ và các nước châu Âu, đứng đầu là Pháp, đang đối mặt với thách thức mới, sau sự kiện ba nước Mỹ, Anh và Australia công bố thỏa thuận thành lập liên minh mang tên AUKUS hôm 16/9.","Sau khi Hoa Kỳ, Anh và Úc tuyên bố thành lập ""Liên minh Úc-Anh-Mỹ"" (AUKUS) vào ngày 16 tháng 9, mối quan hệ đồng minh nhiều năm giữa Hoa Kỳ và các nước châu Âu, bao gồm cả Pháp, đang đối mặt với sóng gió.","Sau khi Mỹ, Anh và Australia tuyên bố thành lập ""Liên minh Australia-Anh-Mỹ"" (AUKUS) ngày 16/9, liên minh lâu đời giữa Mỹ và các nước châu Âu, trong đó có Pháp, đang đối mặt với tình trạng hỗn loạn."
146,vi-zh-2022-test-0146,过去期间，法国多次采取强硬手段。,"Trong quá khứ, Pháp đã không ít lần có phản ứng cứng rắn.","Trong thời gian qua, Pháp đã nhiều lần áp dụng các biện pháp cứng rắn.",Pháp đã nhiều lần thực hiện các biện pháp cứng rắn trong quá khứ.
147,vi-zh-2022-test-0147,2020年，法国退出北约“海上卫队”监视行动，以表达对盟友土耳其的不满。,"Năm 2020, Pháp cũng đã rút khỏi một chiến dịch giám sát hàng hải của NATO, vì mâu thuẫn với một nước thành viên khác trong khối là Thổ Nhĩ Kỳ.","Năm 2020, Pháp đã rút khỏi chiến dịch giám sát ""Lực lượng Hàng hải"" của NATO để bày tỏ sự bất mãn với đồng minh Thổ Nhĩ Kỳ.","Năm 2020, Pháp rút khỏi hoạt động giám sát của ""Hải vệ"" NATO để bày tỏ sự bất bình với đồng minh Thổ Nhĩ Kỳ."
148,vi-zh-2022-test-0148,为平息愤怒，美国国务卿布林肯16日表示，法国是美国在印度洋-太平洋地区的“重要伙伴”，美国会继续同法国密切合作。,"Để xoa dịu tình hình, Ngoại trưởng Mỹ Antony Blinken hôm 16/9 khẳng định Pháp vẫn là một ""đối tác quan trọng"" trong chiến lược của Washington ở châu Á, đồng thời nhấn mạnh rằng không có bất kỳ mối chia rẽ nào ngăn cách lợi ích của các đối tác với Mỹ ở Đại Tây Dương và Ấn Độ Dương.","Để xoa dịu sự tức giận, Ngoại trưởng Hoa Kỳ Blinken ngày 16 cho biết Pháp là ""đối tác quan trọng"" của Mỹ tại khu vực Ấn Độ Dương - Thái Bình Dương và Mỹ sẽ tiếp tục hợp tác chặt chẽ với Pháp.","Để xoa dịu cơn giận, Ngoại trưởng Mỹ Blinken ngày 16 tuyên bố Pháp là “đối tác quan trọng” của Mỹ ở khu vực Ấn Độ Dương - Thái Bình Dương và Mỹ sẽ tiếp tục hợp tác chặt chẽ với Pháp."
149,vi-zh-2022-test-0149,作为2020年1月和2021年4月联合国安理会轮值主席，越南成功举办了多场活动，如联合国宪章公开讨论会、东盟-联合国合作关系会议。,"Đặc biệt trên cương vị Chủ tịch HĐBA tháng 1/2020 và tháng 4/2021, Việt Nam đã tổ chức thành công các sự kiện điểm nhấn, như phiên thảo luận mở về Hiến chương LHQ, Phiên họp về quan hệ hợp tác ASEAN-LHQ (lần đầu tiên trong lịch sử tại HĐBA).","Với vai trò Chủ tịch luân phiên Hội đồng Bảo an Liên Hợp Quốc vào tháng 1 năm 2020 và tháng 4 năm 2021, Việt Nam đã tổ chức thành công nhiều hoạt động như Hội nghị thảo luận công khai về Hiến chương Liên Hợp Quốc, Hội nghị về quan hệ đối tác ASEAN-Liên Hợp Quốc.","Với tư cách là Chủ tịch luân phiên Hội đồng Bảo an Liên hợp quốc vào tháng 1/2020 và tháng 4/2021, Việt Nam đã tổ chức thành công một số sự kiện, như thảo luận mở về Hiến chương Liên hợp quốc và Hội nghị Quan hệ hợp tác ASEAN-Liên hợp quốc."
150,vi-zh-2022-test-0150,他老人家去世52年后，越南人民和国际友人仍对他怀有敬意。,"52 năm kể từ ngày Người đi xa, người dân Việt Nam và bạn bè quốc tế vẫn nhắc đến Người với lòng tôn kính, trân trọng.","Sau 52 năm ông qua đời, nhân dân Việt Nam và bạn bè quốc tế vẫn dành cho ông sự kính trọng.","Năm mươi hai năm sau ngày ông mất, người dân Việt Nam và bạn bè quốc tế vẫn kính trọng ông."
151,vi-zh-2022-test-0151,胡志明主席给越南人民留下了宝贵的精神遗产,Chủ tịch Hồ Chí Minh đã để lại cho dân tộc Việt Nam một di sản tinh thần vô cùng quý báu,Chủ tịch Hồ Chí Minh đã để lại cho nhân dân Việt Nam một di sản tinh thần vô giá.,Chủ tịch Hồ Chí Minh để lại di sản tinh thần quý giá cho nhân dân Việt Nam
152,vi-zh-2022-test-0152,在越南，有关胡志明主席道德榜样的文章、研究项目、观点和论述很多。,"Tại Việt Nam đã có nhiều bài viết, công trình nghiên cứu, ý kiến đánh giá, phân tích về tấm gương đạo đức Hồ Chủ tịch.","Tại Việt Nam, có rất nhiều bài viết, đề tài nghiên cứu, quan điểm và luận bàn về tấm gương đạo đức của Chủ tịch Hồ Chí Minh.","Ở Việt Nam, có rất nhiều bài viết, công trình nghiên cứu, quan điểm, bàn luận về tấm gương đạo đức Hồ Chí Minh."
153,vi-zh-2022-test-0153,阮富仲说：“他老人家是越南爱国主义和革命英雄主义的最美化身，是民族和时代光辉灿烂的道德、智慧、气魄和良心的结晶。,"Nguyễn Phú Trọng nói: “Người là biểu tượng cao đẹp nhất của chủ nghĩa yêu nước và chủ nghĩa anh hùng cách mạng Việt Nam; kết tinh rạng ngời của đạo đức, trí tuệ, khí phách, lương tri của dân tộc và thời đại.","Nguyễn Phú Trọng nói: ""Ông là hiện thân đẹp đẽ nhất của chủ nghĩa yêu nước và chủ nghĩa anh hùng cách mạng Việt Nam, là kết tinh rực rỡ của đạo đức, trí tuệ, khí phách và lương tâm của dân tộc và thời đại.""","Nguyễn Phú Trọng nói: “Người là hiện thân đẹp đẽ nhất của chủ nghĩa yêu nước, chủ nghĩa anh hùng cách mạng Việt Nam, là kết tinh của đạo đức, trí tuệ, lòng dũng cảm và lương tâm vẻ vang của dân tộc và thời đại."
154,vi-zh-2022-test-0154,他老人家把一生不断献给了祖国、同胞，献给解放民族、阶级、社会和开放人类事业。,"Trọn cả cuộc đời, Người đã cống hiến không ngừng, không nghỉ, tất thảy đều hiến dâng cho Tổ quốc, đồng bào, cho sự nghiệp giải phóng dân tộc, giải phóng giai cấp, giải phóng xã hội và giải phóng con người.","Ông đã cống hiến trọn đời mình cho Tổ quốc, đồng bào, cho sự nghiệp giải phóng dân tộc, giai cấp, xã hội và khai phóng nhân loại.","Người đã cống hiến cả cuộc đời mình cho quê hương, đồng bào, sự nghiệp giải phóng dân tộc, giai cấp, xã hội và mở cửa nhân loại."
155,vi-zh-2022-test-0155,因此胡志明主席生前就被载入史册，并成为传奇。,Một vĩ nhân đã đi vào lịch sử và trở thành huyên thoại ngay từ khi Người còn sống”.,"Vì vậy, Chủ tịch Hồ Chí Minh khi còn sống đã được ghi danh vào sử sách và trở thành huyền thoại.","Vì thế, Chủ tịch Hồ Chí Minh đã được ghi vào lịch sử và trở thành huyền thoại trong suốt cuộc đời của Người."
156,vi-zh-2022-test-0156,"因此，除了在地方运动中发挥表率作用外，我还为建设更美好的家做出一切努力，为建设更加繁荣的家乡做出贡献。""","Vì vậy bên cạnh việc vận động, tiên phong trong các phong trào của địa phương, tôi cố gắng hết sức mình để xây dựng cuộc sống gia đình ngày một tốt hơn, chung tay góp sức xây dựng quê hương ngày thêm khởi sắc”.","Vì vậy, ngoài việc làm gương trong các hoạt động địa phương, tôi còn nỗ lực hết mình để xây dựng một mái ấm tốt đẹp hơn, đóng góp vào sự phát triển ngày càng thịnh vượng của quê hương.","Vì vậy, ngoài vai trò lãnh đạo các phong trào ở địa phương, tôi còn nỗ lực hết sức để xây dựng tổ ấm tốt đẹp hơn, góp phần xây dựng quê hương ngày càng giàu đẹp hơn. """
157,vi-zh-2022-test-0157,胡志明市平正县安富西乡三村农民协会分会会长黎氏立多年来积极组织村民建设混凝土道路、升级电网和生活用水系统。,"Tại xã An Phú Tây, huyện Bình Chánh (Thành phố HCM), nhiều năm qua, bà Lê Thị Lập, Chi hội trưởng Chi hội Nông dân ấp 3, đã tích cực tổ chức cho người dân trong thôn làm đường bê tông, nâng cấp lưới điện và hệ thống nước sinh hoạt trong nhiều năm qua.","Bà Lê Thị Lập, Chủ tịch Chi hội Nông dân Làng Ba, xã An Phú Tây, huyện Bình Chánh, Thành phố Hồ Chí Minh, trong nhiều năm qua đã tích cực tổ chức cho bà con nhân dân xây dựng đường bê tông, nâng cấp hệ thống điện và nước sinh hoạt.","Bà Lê Thị Lập, Chủ tịch Chi Hội Nông dân ba thôn, xã An Phú Sai, huyện Bình Trường, TP.HCM, nhiều năm nay đã tích cực tổ chức người dân làm đường bê tông, nâng cấp lưới điện, nước sinh hoạt."
158,vi-zh-2022-test-0158,他老人家最特别的地方是朴素和真诚。,"Nét đặc biệt ở Người là sự khiêm tốn, giản dị, chân thành.",Điểm đặc biệt nhất của ông là sự giản dị và chân thành.,Điều đặc biệt nhất ở anh chính là sự giản dị và chân thành.
159,vi-zh-2022-test-0159,今天，越南进入符合进步时代趋势的新阶段。,"Ngày nay, Việt Nam đã bước sang vận hội mới, phù hợp với xu thế tiến lên của thời đại.","Hôm nay, Việt Nam bước vào một giai đoạn mới phù hợp với xu hướng thời đại tiến bộ.","Ngày nay, Việt Nam đã bước vào một giai đoạn mới phù hợp với xu thế của thời đại tiến bộ."
160,vi-zh-2022-test-0160,除了向全世界宣告一个独立自由的越南已经诞生的特殊意义外，《独立宣言》还具有重大的历史和实践价值，体现了胡志明主席超越时代的智慧和视野。,"Bên cạnh ý nghĩa đặc biệt là tuyên bố với thế giới về sự ra đời của một nước Việt Nam độc lập và tự do, Tuyên ngôn độc lập còn mang những giá trị lịch sử và thực tiễn to lớn, thể hiện trí tuệ và tầm nhìn vượt thời đại của Chủ tịch Hồ Chí Minh.","Ngoài ý nghĩa đặc biệt tuyên bố với thế giới rằng một nước Việt Nam độc lập, tự do đã ra đời, bản Tuyên ngôn Độc lập còn có giá trị lịch sử và thực tiễn to lớn, thể hiện trí tuệ và tầm nhìn vượt thời đại của Chủ tịch Hồ Chí Minh.","Ngoài ý nghĩa đặc biệt là tuyên bố với thế giới rằng một nước Việt Nam độc lập, tự do đã ra đời, Tuyên ngôn Độc lập còn có giá trị lịch sử và thực tiễn to lớn, phản ánh trí tuệ và tầm nhìn vượt thời gian của Chủ tịch Hồ Chí Minh."
161,vi-zh-2022-test-0161,胡志明主席在《独立宣言》的开头强调：“一切人皆生而平等。,"Mở đầu Tuyên ngôn độc lập, Chủ tịch Hồ Chí Minh khẳng định: ""Tất cả mọi người đều sinh ra có quyền bình đẳng.","Chủ tịch Hồ Chí Minh đã nhấn mạnh ngay từ đầu bản Tuyên ngôn Độc lập rằng: ""Tất cả mọi người sinh ra đều có quyền bình đẳng.""",Chủ tịch Hồ Chí Minh nhấn mạnh khi mở đầu Tuyên ngôn Độc lập: “Mọi người sinh ra đều bình đẳng.
162,vi-zh-2022-test-0162,他们应享有天赋的不可侵犯的权利，这是1776年7月4日公布的《美国独立宣言》中的不朽名句，从广义上说，这句话的意思是全世界的各个民族生来就是平等的，无论哪一个民族都有求生存、享受安乐与自由的权利。,"tạo hóa cho họ những quyền không ai có thể xâm phạm được; trong những quyền ấy, có quyền được sống, quyền tự do và quyền mưu cầu hạnh phúc. Lời bất hủ ấy ở trong bản Tuyên ngôn độc lập 4/7/1776 của nước Mỹ.","Họ có các quyền bẩm sinh không thể xâm phạm, đây là câu nói bất hủ trong Tuyên ngôn Độc lập Hoa Kỳ được công bố ngày 4 tháng 7 năm 1776, theo nghĩa rộng, câu này có nghĩa là các dân tộc trên thế giới sinh ra đều bình đẳng, bất kỳ dân tộc nào cũng có quyền sinh tồn, hưởng thụ hạnh phúc và tự do.","Họ phải được hưởng các quyền tự nhiên và bất khả xâm phạm. Đây là câu bất hủ trong Tuyên ngôn Độc lập của Mỹ ngày 4/7/1776. Nói rộng ra, câu này có nghĩa là tất cả các dân tộc trên thế giới sinh ra đều bình đẳng, dân tộc nào cũng có quyền sinh tồn, được hưởng hòa bình, tự do."
163,vi-zh-2022-test-0163,胡志明主席援引世界第一强国——美国《独立宣言》中的人权内容作为其论点的基础，使之成为民族权利观。,"Chủ tịch Hồ Chí Minh trích dẫn nội dung về quyền con người trong Tuyên ngôn độc lập của cường quốc số một thế giới là Mỹ, để làm căn cứ cho lập luận của mình, phát triển thành quan điểm về quyền dân tộc.","Chủ tịch Hồ Chí Minh đã trích dẫn nội dung về quyền con người trong bản Tuyên ngôn Độc lập của cường quốc số một thế giới là Hoa Kỳ để làm cơ sở cho lập luận của mình, biến nó thành quan điểm về quyền dân tộc.","Chủ tịch Hồ Chí Minh lấy nội dung nhân quyền trong Tuyên ngôn Độc lập của nước hùng mạnh nhất thế giới là Hoa Kỳ làm cơ sở cho lập luận của mình, đưa nó trở thành khái niệm về quyền dân tộc."
164,vi-zh-2022-test-0164,这就是《独立宣言》的亮点。”,"Đây là điểm nổi bật của bản ""Tuyên ngôn độc lập""","Đây chính là điểm nhấn của ""Tuyên ngôn Độc lập"".","Đây là điểm nổi bật của Tuyên ngôn Độc lập. """
165,vi-zh-2022-test-0165,几十年来，世界和地区在国防、安全、经济、政治、外交、文化等各个领域的格局发生了巨大变化。,"Trong những thập niên qua, cục diện khu vực và toàn thế giới có nhiều biến động lớn, diễn ra trên hầu hết các lĩnh vực quốc phòng, an ninh, kinh tế, chính trị, ngoại giao, văn hóa….","Trong nhiều thập kỷ, cục diện thế giới và khu vực đã có những thay đổi to lớn trên các phương diện quốc phòng, an ninh, kinh tế, chính trị, ngoại giao, văn hóa, v.v.","Trong vài thập kỷ qua, bối cảnh thế giới và khu vực đã có những thay đổi to lớn trên nhiều lĩnh vực như quốc phòng, an ninh, kinh tế, chính trị, ngoại giao và văn hóa."
166,vi-zh-2022-test-0166,这体现了胡志明主席的现实眼光和宽广的历史视野。,Điều này thể hiện tầm nhìn thực tế và tầm nhìn lịch sử rộng lớn của Chủ tịch Hồ Chí Minh,Điều này thể hiện tầm nhìn thực tế và tầm nhìn lịch sử rộng lớn của Chủ tịch Hồ Chí Minh.,Điều này phản ánh tầm nhìn hiện thực và tầm nhìn lịch sử rộng lớn của Chủ tịch Hồ Chí Minh.
167,vi-zh-2022-test-0167,无论如何也要捍卫国家的独立和自由。”,"Bằng bất cứ giá nào cũng phải giữ cho được độc lập, tự do của đất nước”.",Dù thế nào cũng phải bảo vệ độc lập và tự do của đất nước.,"Độc lập, tự do của đất nước phải được bảo vệ bằng mọi giá. """
168,vi-zh-2022-test-0168,反映客观真理，激发渴望，追随进步社会的共同理想，这是包容性的理想，也是1945年9月2日的《独立宣言》至今仍保持原有价值和生命力的最大源泉。,"Phản ánh sự thật khách quan, khơi dậy khát vọng và đáp ứng lý tưởng chung của xã hội tiến bộ, đó chính là lý tưởng bao trùm nhất, là nguồn năng lượng vô tận để Tuyên ngôn độc lập 2/9/1945 cho đến hôm nay vẫn còn nguyên sức sống và vẹn nguyên giá trị.","Phản ánh chân lý khách quan, khơi dậy khát vọng, theo đuổi lý tưởng chung của xã hội tiến bộ, đây là lý tưởng bao dung, cũng là nguồn gốc lớn nhất khiến bản Tuyên ngôn Độc lập ngày 2 tháng 9 năm 1945 đến nay vẫn giữ nguyên giá trị và sức sống.","Phản ánh chân lý khách quan, khơi dậy khát vọng, đi theo lý tưởng chung của một xã hội tiến bộ là lý tưởng bao dung, là nguồn gốc lớn nhất tạo nên giá trị nguyên gốc và sức sống của Tuyên ngôn Độc lập ngày 2/9/1945."
169,vi-zh-2022-test-0169,上述举措再次彰显越南民族相亲相爱传统，巩固民族大团结精神。,"Những điều này đã một lần nữa tô thắm truyền thống nhân ái, thương người như thể thương thân và củng cố thêm tinh thần đại đoàn kết của dân tộc Việt Nam.","Những biện pháp nêu trên một lần nữa thể hiện truyền thống yêu thương, gắn bó của dân tộc Việt Nam, củng cố tinh thần đại đoàn kết dân tộc.",Các biện pháp trên một lần nữa thể hiện truyền thống yêu thương lẫn nhau và củng cố tinh thần đoàn kết dân tộc của dân tộc Việt Nam.
170,vi-zh-2022-test-0170,面对上述现实，一些人却在网络空间非人道的加以歪曲抹黑。,"Trước thực tế nêu trên, trên không gian mạng, nhiều người đã cố tình bôi bẩn bức tranh đẹp ấy bằng những luận điệu xuyên tạc phi nhân tính.","Đối mặt với thực tế trên, một số người lại bóp méo, bôi nhọ một cách phi nhân tính trên không gian mạng.","Trước thực tế trên, một số người đã bóp méo, bôi nhọ nó một cách vô nhân đạo trên không gian mạng."
171,vi-zh-2022-test-0171,此外，在胡志明市及南部各省疫情严峻，政府决定在上述地方实施更严格社交距离措施的背景下，自由亚洲电台、法国国际广播电台、英国广播公司等却发文抨击越南防疫措施，认为这是错误、反科学的做法。,"Hơn thế nữa, trước diễn biến phức tạp của dịch COVID-19 tại các tỉnh phía Nam, đặc biệt là tại thành phố Hồ Chí Minh, khi Chính phủ quyết định việc thực hiện giãn cách ở mức độ cao hơn ở các địa phương này, thì một số trang mạng như: RFA, RFI, BBC và hệ thống truyền thông hải ngoại, phản động đã đăng các bài viết phê phán cách thức, biện pháp phòng, chống dịch của Việt Nam, cho rằng đó là “biện pháp sai lầm, phi khoa học”.","Thêm vào đó, trong bối cảnh dịch bệnh tại Thành phố Hồ Chí Minh và các tỉnh phía Nam diễn biến phức tạp, chính phủ quyết định áp dụng các biện pháp giãn cách xã hội nghiêm ngặt hơn tại những địa phương này, thì Đài Á Châu Tự Do, Đài RFI, BBC lại đăng bài chỉ trích các biện pháp phòng chống dịch của Việt Nam, cho rằng đây là cách làm sai lầm, phản khoa học.","Ngoài ra, trước tình hình dịch bệnh nghiêm trọng tại TP.HCM và các tỉnh phía Nam, cùng quyết định của Chính phủ triển khai các biện pháp giãn cách xã hội chặt chẽ hơn tại các địa điểm nêu trên, Đài Á Châu Tự Do, Đài Phát thanh Quốc tế Pháp, Đài Phát thanh Truyền hình Anh... đã có bài viết chỉ trích các biện pháp phòng chống dịch của Việt Nam, cho rằng đây là cách tiếp cận sai lầm, phản khoa học."
172,vi-zh-2022-test-0172,敌对势力也就疫苗接种问题宣称“政府的疫苗战略是在骗人”。,"Nói về vấn đề tiêm phòng vaccine ngừa COVID-19, các đối tượng thù địch dùng những giọng điệu lạc lõng rêu rao rằng ""chính quyền lừa dối dân trong chiến lược vaccine"".","Các thế lực thù địch cũng nhân vấn đề tiêm chủng vắc xin mà tuyên bố ""chiến lược vắc xin của chính phủ là lừa dối"".",Các thế lực thù địch còn cho rằng “chiến lược vắc xin của chính phủ là dối trá” về vấn đề tiêm chủng.
173,vi-zh-2022-test-0173,防疫岂容抹黑-第二张照片,"Đập tan mọi luận điệu xuyên tạc công cuộc phòng, chống dịch COVID-19",Phòng chống dịch bệnh sao có thể bị bôi nhọ - ảnh thứ hai,Làm sao chúng ta có thể làm mất uy tín của công tác phòng chống dịch bệnh - ảnh thứ hai
174,vi-zh-2022-test-0174,遵循5K原则，严格实施社交距离措施，努力推进全民接种是各国控制疫情的主要做法。,"Việc tiếp tục triển khai thông điệp 5K, áp dụng giãn cách xã hội nghiêm ngặt cùng với nỗ lực tiêm phòng vaccine cho toàn dân hiện vẫn là giải pháp chủ đạo để ngăn chặn sự lây lan bệnh ở mọi quốc gia trên thế giới.","Tuân thủ nguyên tắc 5K, thực hiện nghiêm các biện pháp giãn cách xã hội và nỗ lực đẩy mạnh tiêm chủng toàn dân là những biện pháp chính mà các quốc gia đang áp dụng để kiểm soát dịch bệnh.","Tuân thủ nguyên tắc 5K, thực hiện nghiêm túc các biện pháp giãn cách xã hội và nỗ lực thúc đẩy tiêm chủng phổ cập là những phương pháp chính để các quốc gia kiểm soát dịch bệnh."
175,vi-zh-2022-test-0175,不难看出，敌对势力抛出歪曲、错误论调就是为了否定越南防疫成果。,"Không khó để nhận thấy những luận điệu xuyên tạc, sai trái của các thế lực thù địch nhằm phủ nhận kết quả phòng chống dịch của Việt Nam.","Không khó để nhận thấy, các thế lực thù địch đưa ra những luận điệu sai lệch, xuyên tạc chính là nhằm phủ nhận thành quả phòng chống dịch bệnh của Việt Nam.","Không khó để nhận thấy các thế lực thù địch đang dùng những xuyên tạc, lý lẽ sai trái để phủ nhận thành tựu phòng chống dịch của Việt Nam."
176,vi-zh-2022-test-0176,全党、全民和全军的团结与决心将是越南战胜疫情的有力武器。,"Sức mạnh đoàn kết, quyết tâm của toàn Đảng, toàn dân, toàn quân Việt Nam sẽ tiếp tục là vũ khí hiệu quả để Việt Nam thắng trong trận chiến phòng chống COVID-19 này.","Sự đoàn kết và quyết tâm của toàn Đảng, toàn dân và toàn quân sẽ là vũ khí mạnh mẽ giúp Việt Nam chiến thắng đại dịch.","Sự đoàn kết, quyết tâm của toàn Đảng, toàn dân, toàn quân sẽ là vũ khí đắc lực của Việt Nam trong chiến thắng dịch bệnh."
177,vi-zh-2022-test-0177,美国中央司令部司令肯尼思·麦肯齐发表声明表示，撤离行动的最后一架C-17军用运输机于美国东部时间30日15时29分（阿富汗当地时间30日23时59分）从喀布尔国际机场起飞。,Tư lệnh Bộ Chỉ huy Trung tâm Hoa Kỳ Kenneth McKenzie đã ra một tuyên bố cho biết chiếc máy bay vận tải quân sự C-17 cuối cùng được rút khỏi Kabul đã khởi hành từ Kabul lúc 15:29 Giờ miền Đông Hoa Kỳ vào ngày 30 (23:59 giờ địa phương Afghanistan vào ngày 30) ra sân bay quốc tế.,"Tư lệnh Bộ Chỉ huy Trung tâm Hoa Kỳ Kenneth McKenzie tuyên bố, chiếc máy bay vận tải quân sự C-17 cuối cùng trong chiến dịch sơ tán đã cất cánh từ sân bay quốc tế Kabul lúc 15:29 giờ miền Đông Hoa Kỳ ngày 30 (23:59 giờ địa phương Afghanistan ngày 30).",Tư lệnh Bộ Tư lệnh Trung ương Hoa Kỳ Kenneth McKenzie đã đưa ra tuyên bố cho biết chiếc máy bay vận tải quân sự C-17 cuối cùng cho chiến dịch sơ tán đã cất cánh từ Sân bay Quốc tế Kabul lúc 15:29 giờ miền Đông ngày 30 (23:59 giờ địa phương ngày 30 ở Afghanistan).
178,vi-zh-2022-test-0178,共有约12.3万名美国人、阿富汗人和第三国公民从喀布尔国际机场撤离阿富汗，成为美国几十年来最大规模的空运行动。,"Tổng cộng có khoảng 123000 người Mỹ, người Afghanistan và công dân nước thứ 3 đã được đưa ra khỏi Afghanistan từ sân bay quốc tế Kabul, trở thành chiến dịch sơ tán qua đường hàng không lớn nhất mà Mỹ thực hiện trong nhiều thập niên qua.","Khoảng 123.000 người Mỹ, người Afghanistan và công dân nước thứ ba đã được sơ tán khỏi Afghanistan qua Sân bay Quốc tế Hamid Karzai, đánh dấu chiến dịch không vận quy mô lớn nhất của Mỹ trong nhiều thập kỷ.","Tổng cộng có khoảng 123.000 người Mỹ, người Afghanistan và công dân nước thứ ba đã sơ tán Afghanistan khỏi Sân bay Quốc tế Kabul, khiến đây trở thành hoạt động không vận lớn nhất của Hoa Kỳ trong nhiều thập kỷ."
179,vi-zh-2022-test-0179,在完成撤军之前，美军销毁、封存或丢弃了大批军事装备和武器。,"Trước khi hoàn tất việc rút quân, quân đội Mỹ đã buộc phải phá hủy, vô hiệu hóa hoặc bỏ lại nhiều trang thiết bị quân sự và vũ khí.","Trước khi hoàn tất rút quân, quân đội Mỹ đã phá hủy, niêm phong hoặc vứt bỏ một lượng lớn trang thiết bị và vũ khí quân sự.","Trước khi hoàn tất việc rút quân, quân đội Mỹ đã phá hủy, niêm phong hoặc vứt bỏ một lượng lớn trang thiết bị, vũ khí quân sự."
180,vi-zh-2022-test-0180,同时，布林肯要求塔利班履行维护往来自由、确保妇女和少数民族权利的承诺，并防止阿富汗成为恐怖分子基地。,"Cùng với đó, Ngoại trưởng Mỹ yêu cầu Taliban bảo đảm cam kết duy trì tự do đi lại, bảo đảm quyền cho phụ nữ và các dân tộc thiểu số, cũng như ngăn Afghanistan trở thành căn cứ khủng bố.","Đồng thời, Blinken yêu cầu Taliban thực hiện cam kết duy trì quyền tự do đi lại, đảm bảo quyền của phụ nữ và các dân tộc thiểu số, đồng thời ngăn chặn Afghanistan trở thành căn cứ của những kẻ khủng bố.","Đồng thời, Blinken yêu cầu Taliban thực hiện các cam kết duy trì quyền tự do đi lại, đảm bảo quyền của phụ nữ và người thiểu số, ngăn chặn Afghanistan trở thành căn cứ khủng bố."
181,vi-zh-2022-test-0181,越南政府总理、新冠肺炎疫情防控工作国家指导委员会主任范明政8月29日主持委员会与20个省市共209个郡县、1060个乡坊镇关于防疫工作的视频会议。,"Ngày 29/08, Thủ tướng Chính phủ Việt Nam kiêm Trưởng ban Chỉ đạo quốc gia phòng, chống dịch COVID-19 Phạm Minh Chính chủ trì Hội nghị trực tuyến với 20 tỉnh, thành phố trực thuộc trực ung ương, 209 quận huyện, thị xã và 1060 xã phường, thị trấn về công tác phòng, chống dịch.","Thủ tướng Chính phủ Việt Nam, Trưởng Ban Chỉ đạo Quốc gia phòng, chống dịch COVID-19 Phạm Minh Chính đã chủ trì cuộc họp trực tuyến của Ban Chỉ đạo với 209 quận, huyện thuộc 20 tỉnh, thành phố và 1060 xã, phường, thị trấn về công tác phòng, chống dịch vào ngày 29 tháng 8.","Ngày 29/8, ông Phạm Minh Chính, Thủ tướng Chính phủ Việt Nam, Giám đốc Ban Chỉ đạo Quốc gia phòng chống dịch Covid-19 chủ trì cuộc họp trực tuyến về công tác phòng chống dịch giữa Ban với tổng cộng 209 huyện, 1.060 thị trấn tại 20 tỉnh, thành phố."
182,vi-zh-2022-test-0182,会议展现了越南上下一心抗击疫情的决心。,"Hội nghị đã cho thấy sự đồng lòng, quyết tâm sớm đạt mục tiêu kiềm chế dịch bệnh của Việt Nam.",Cuộc họp thể hiện quyết tâm đồng lòng chống dịch của toàn Việt Nam.,Cuộc gặp thể hiện quyết tâm của Việt Nam cùng nhau chống dịch.
183,vi-zh-2022-test-0183,20个省市共209个郡县、1060个乡坊镇的领导人共同出席的这次视频会议是在政府总理范明政对南部一些省市防疫工作进行视察、检查并作出指导后召开的。,"Hội nghị trực tuyến với 20 tỉnh, thành phố trực thuộc trực ung ương, 209 quận huyện, thị xã và 1.060 xã phường, thị trấn về công tác phòng, chống dịch diễn ra sau chuyến đi thị sát, kiểm tra, chỉ đạo công tác phòng chống dịch COVID – 19 của Thủ tướng Phạm Minh Chính tại một số tỉnh, thành phía Nam.","Cuộc họp trực tuyến này, với sự tham dự của các lãnh đạo từ 209 quận huyện và 1060 xã/phường/thị trấn thuộc 20 tỉnh/thành phố, được tổ chức sau chuyến thị sát, kiểm tra và chỉ đạo công tác phòng chống dịch bệnh tại một số tỉnh/thành phố phía Nam của Thủ tướng Phạm Minh Chính.","Hội nghị truyền hình với sự tham dự của lãnh đạo tổng cộng 209 quận và 1.060 thị trấn ở 20 tỉnh, thành phố, được tổ chức sau khi Thủ tướng Fan Minzheng kiểm tra, thanh tra và chỉ đạo công tác phòng chống dịch ở một số tỉnh, thành phố phía Nam."
184,vi-zh-2022-test-0184,岘港市医生、护士启程前往胡志明市，帮助其防控疫情自4月27日，第四波疫情爆发以来，越南新增近42万例确诊病例，其中50%已经治愈出院，不过也有1万0370名患者死亡。,"Các bác sĩ, y tá Đà Nẵng đã lên đường đến TP.HCM để hỗ trợ công tác phòng chống dịch, kể từ khi đợt dịch thứ 4 bùng phát vào ngày 27/4, Việt Nam đã có thêm gần 420.000 trường hợp được xác nhận, trong đó 50% đã được chữa khỏi và xuất viện. , nhưng cũng có 10.000.370 bệnh nhân tử vong.","Đội ngũ y bác sĩ Đà Nẵng lên đường tới Thành phố Hồ Chí Minh hỗ trợ phòng chống dịch. Kể từ ngày 27 tháng 4, khi làn sóng dịch bệnh thứ tư bùng phát, Việt Nam đã ghi nhận gần 420.000 ca mắc mới, trong đó 50% đã được chữa khỏi và xuất viện, tuy nhiên cũng có 10.370 bệnh nhân tử vong.","Các bác sĩ, y tá từ TP Đà Nẵng lên đường vào TP.HCM hỗ trợ phòng, chống dịch. Kể từ khi đợt dịch thứ 4 bùng phát vào ngày 27/4, Việt Nam đã có gần 420.000 ca nhiễm mới được xác nhận, 50% trong số đó đã khỏi bệnh và xuất viện. Tuy nhiên, 10.370 bệnh nhân đã tử vong."
185,vi-zh-2022-test-0185,意识到确保社会民生是重要工作，各部门、各地方协调配合，确保粮食、食品、生活必需品供应，让居民安心执行社交距离规定。,"Xác định công tác đảm bảo an sinh xã hội là trọng yếu, các Bộ, ngành, địa phương đã tích cực phối hợp, đảm bảo cung ứng hàng hóa thiết yếu, lương thực, thực phẩm cho người dân để yên tâm thực hiện giãn cách.","Nhận thức được tầm quan trọng của việc đảm bảo đời sống xã hội, các ban ngành và địa phương đã phối hợp chặt chẽ để đảm bảo nguồn cung lương thực, thực phẩm và các nhu yếu phẩm, giúp người dân yên tâm thực hiện quy định giãn cách xã hội.","Nhận thấy việc đảm bảo sinh kế xã hội và sinh kế của người dân là một nhiệm vụ quan trọng, nhiều ban ngành, địa phương phối hợp, hợp tác để đảm bảo cung cấp lương thực, thực phẩm, nhu yếu phẩm hàng ngày để người dân yên tâm thực hiện các quy định giãn cách xã hội."
186,vi-zh-2022-test-0186,公安力量帮助胡志明市居民购买粮食食品越南政府总理范明政在会上发表讲话时强调，既然决定牺牲经济利益，实施社交距离措施，就要成功控制疫情，要尽可能早和有效击退疫情。,"Phát biểu tại hội nghị, người đứng đầu Chính phủ nhấn mạnh tinh thần chung: Việt Nam đã hy sinh về kinh tế - xã hội để thực hiện giãn cách thì phải đạt kết quả chống dịch thành công, phải ngăn chặn, đẩy lùi được dịch bệnh sớm, nhanh, hiệu quả.","Lực lượng công an hỗ trợ người dân Thành phố Hồ Chí Minh mua lương thực, thực phẩm. Thủ tướng Chính phủ Phạm Minh Chính phát biểu tại cuộc họp nhấn mạnh, đã quyết định hy sinh lợi ích kinh tế để thực hiện các biện pháp giãn cách xã hội thì phải kiểm soát được dịch bệnh thành công, phải đẩy lùi dịch bệnh sớm nhất và hiệu quả nhất có thể.",Lực lượng công an hỗ trợ người dân TP.HCM mua thực phẩm. Thủ tướng Phạm Minh Chính của Việt Nam nhấn mạnh trong bài phát biểu tại cuộc họp rằng vì quyết định hy sinh lợi ích kinh tế và thực hiện các biện pháp giãn cách xã hội nên ông phải kiểm soát thành công dịch bệnh và đánh bại nó càng sớm và hiệu quả càng tốt.
187,vi-zh-2022-test-0187,本着上述精神，范明政指出，社交距离是阻止疫情蔓延的重要措施，要认真、严格实施。,"Trên cơ sở đó, Thủ tướng Phạm Minh Chính chỉ ra, giãn cách xã hội là biện pháp chống lây lan dịch bệnh nên phải thực hiện thật nghiêm, thật chặt chẽ, kiểm soát có hiệu quả.","Với tinh thần đó, Phạm Minh Chính nhấn mạnh, giãn cách xã hội là biện pháp quan trọng để ngăn chặn dịch bệnh lây lan, cần được thực hiện một cách nghiêm túc và chặt chẽ.","Với tinh thần nêu trên, Fan Mingzheng chỉ ra rằng giãn cách xã hội là biện pháp quan trọng để ngăn chặn sự lây lan của dịch bệnh và phải được thực hiện nghiêm túc, nghiêm ngặt."
188,vi-zh-2022-test-0188,在实施社交距离期间，要同时神速进行病毒检测和疫苗接种，并确保这项工作的科学性、有效性和全面性。,"Trong thời gian thực hiện giãn cách xã hội phải thực hiện thần tốc xét nghiệm, tiêm vaccine một cách khoa học, hiệu quả và toàn diện.","Trong thời gian thực hiện giãn cách xã hội, cần tiến hành xét nghiệm virus và tiêm chủng một cách nhanh chóng, đồng thời đảm bảo tính khoa học, hiệu quả và toàn diện của công tác này.","Trong thời gian thực hiện giãn cách xã hội, việc xét nghiệm virus và tiêm chủng phải được tiến hành đồng thời nhanh chóng, bảo đảm tính khoa học, hiệu quả và toàn diện."
189,vi-zh-2022-test-0189,同时确保人民最早、最便利、在基层获得医疗服务，尽可能早的发现确诊病例并尽可能快的进行隔离和治疗，实施就地治疗措施，缓解上级医疗机构超负荷，把传统和现代医学相结合，减少重症病例、死亡病例。,"Đồng thời đảm bảo cho người dân được tiếp cận y tế từ sớm, từ xa, từ cơ sở, nhằm phát hiện sớm, cách ly nhanh, điều trị tích cực ngay tại cơ sở, không để quá tải tuyến trên; điều trị tích cực, kết hợp y học cổ truyền và y học hiện đại để giảm ca bệnh nặng, ca tử vong do COVID-19.","Đồng thời, đảm bảo người dân được tiếp cận dịch vụ y tế sớm nhất, thuận tiện nhất tại tuyến cơ sở, phát hiện và chẩn đoán ca bệnh càng sớm càng tốt, tiến hành cách ly và điều trị nhanh nhất có thể, thực hiện các biện pháp điều trị tại chỗ, giảm tải cho các cơ sở y tế tuyến trên, kết hợp y học cổ truyền và y học hiện đại, giảm thiểu các ca bệnh nặng và ca tử vong.","Đồng thời, đảm bảo người dân được tiếp cận dịch vụ y tế tuyến cơ sở sớm nhất, thuận tiện nhất, phát hiện các ca bệnh càng sớm càng tốt, cách ly và điều trị nhanh nhất có thể, triển khai các biện pháp điều trị tại chỗ, giảm bớt tình trạng quá tải cho các cơ sở y tế tuyến trên, kết hợp y học cổ truyền và hiện đại để giảm số ca nặng và tử vong."
190,vi-zh-2022-test-0190,与此同时，要主动了解人民心声、愿望，及时鼓励人民、照顾人民精神生活。,"Bên cạnh đó, chủ động nắm bắt tâm tư, tình cảm, nguyện vọng của nhân dân, động viên, chăm sóc đời sống tinh thần cho nhân dân.","Đồng thời, cần chủ động lắng nghe tâm tư, nguyện vọng của nhân dân, kịp thời động viên, quan tâm đến đời sống tinh thần của nhân dân.","Đồng thời, phải chủ động tìm hiểu tiếng nói, mong muốn của nhân dân, động viên kịp thời, quan tâm đến đời sống tinh thần của họ."
191,vi-zh-2022-test-0191,从中央到地方有了统一的意志，各级、各部门有了贴近实际、统一的领导、指导，将帮助越南逐步控制疫情。,"Việc thống nhất ý chí từ Trung ương đến địa phương, sự chỉ đạo xuyên suốt, sát sao của các cấp có thẩm quyền sẽ từng bước giúp Việt Nam kiểm soát được dịch bệnh.","Từ trung ương đến địa phương có sự thống nhất về ý chí, các cấp, các ban ngành có sự lãnh đạo, chỉ đạo sát thực tế và thống nhất, sẽ giúp Việt Nam từng bước kiểm soát dịch bệnh.","Có một ý chí thống nhất từ ​​trung ương đến địa phương, sự lãnh đạo, chỉ đạo thiết thực, thống nhất ở các cấp, ngành sẽ giúp Việt Nam từng bước kiểm soát dịch bệnh."
192,vi-zh-2022-test-0192,美国总统拜登在这起袭击事件发生仅几小时后发表声明指出，将对犯罪者采取适当还击措施，他同时强调将继续按计划于8月31日把所有美军从阿富汗撤离。,"Trong tuyên bố đưa ra chỉ ít giờ sau vụ tấn công, Tổng thống Mỹ Joe Biden nêu rõ sẽ có hành động đáp trả thích đáng với thủ phạm gây ra tội ác, đồng thời khẳng định sẽ tiếp tục thực hiện kế hoạch sơ tán và rút lực lượng Mỹ theo hạn chót là ngày 31/8.","Tổng thống Mỹ Joe Biden đã ra tuyên bố chỉ vài giờ sau vụ tấn công, nêu rõ sẽ có biện pháp đáp trả thích đáng đối với những kẻ phạm tội, đồng thời nhấn mạnh sẽ tiếp tục rút toàn bộ quân đội Mỹ khỏi Afghanistan theo kế hoạch vào ngày 31 tháng 8.","Tổng thống Mỹ Biden đã đưa ra tuyên bố chỉ vài giờ sau vụ tấn công, nêu rõ rằng các biện pháp đối phó thích hợp sẽ được thực hiện đối với thủ phạm. Ông cũng nhấn mạnh sẽ tiếp tục rút toàn bộ quân Mỹ khỏi Afghanistan theo kế hoạch vào ngày 31/8."
193,vi-zh-2022-test-0193,与此同时，塔利班也未显示会对美国撤军计划让步的迹象。,"Cùng lúc đó, Taliban chưa đưa ra bất kỳ dấu hiệu nào cho thấy lực lượng này sẽ nhượng bộ đối với kế hoạch rút quân của Mỹ.","Đồng thời, Taliban cũng không cho thấy dấu hiệu nhượng bộ kế hoạch rút quân của Mỹ.","Đồng thời, Taliban không có dấu hiệu nhượng bộ kế hoạch rút quân của Mỹ."
194,vi-zh-2022-test-0194,塔利班发言人穆贾希德（ZabihullahMujahid）表示，如果在8月31日的最后期限之后哈米德卡尔扎伊机场仍有撤离外国人的行动发生，将被视为违反协议。,"Hôm 24/8, Phát ngôn viên Taliban Zabihullah Mujahid nêu rõ: chiến dịch sơ tán người nước ngoài tại sân bay Hamid Karzai sẽ được xem là vi phạm thỏa thuận, nếu tiếp diễn sau hạn chót là ngày 31/8.","Người phát ngôn Taliban, Zabihullah Mujahid, tuyên bố rằng nếu các hoạt động sơ tán người nước ngoài vẫn tiếp diễn sau thời hạn ngày 31 tháng 8 tại sân bay Hamid Karzai, điều đó sẽ bị coi là vi phạm thỏa thuận.",Người phát ngôn của Taliban Zabihullah Mujahid cho biết bất kỳ cuộc sơ tán người nước ngoài nào khỏi sân bay Hamid Karzai sau thời hạn 31/8 sẽ bị coi là vi phạm thỏa thuận.
195,vi-zh-2022-test-0195,战争和人道主义危机的风险,Chiến sự và nguy cơ khủng hoảng nhân đạo,Nguy cơ chiến tranh và khủng hoảng nhân đạo,Nguy cơ chiến tranh và khủng hoảng nhân đạo
196,vi-zh-2022-test-0196,联合国称，近1800万名阿富汗人（占该国总人口一半）需要获得人道主义援助。,"Theo Liên hợp quốc, gần 18 triệu người (gần một nửa dân số Afghanistan) đang cần hỗ trợ nhân đạo.","Liên Hợp Quốc cho biết, gần 18 triệu người Afghanistan, tương đương một nửa dân số cả nước, đang cần viện trợ nhân đạo.","Liên Hợp Quốc cho biết gần 18 triệu người Afghanistan, một nửa dân số nước này, đang cần hỗ trợ nhân đạo."
197,vi-zh-2022-test-0197,此外，长期内战也对地区其它国家造成影响，主要是难民问题。,"Hơn thế, giao tranh kéo dài còn có nguy cơ lôi kéo hoặc ảnh hưởng tới các quốc gia trong khu vực, chủ yếu liên quan đến vấn đề người tỵ nạn.","Ngoài ra, cuộc nội chiến kéo dài cũng ảnh hưởng đến các quốc gia khác trong khu vực, chủ yếu là vấn đề người tị nạn.","Ngoài ra, cuộc nội chiến kéo dài cũng ảnh hưởng đến các nước khác trong khu vực, chủ yếu là vấn đề người tị nạn."
198,vi-zh-2022-test-0198,面对这种情况，世界许多国家和组织接连呼吁为阿富汗寻求政治解决措施。,"Trước thực tế này, nhiều quốc gia và tổ chức liên tiếp kêu gọi tìm kiếm giải pháp chính trị cho Afghanistan.","Trước tình hình này, nhiều quốc gia và tổ chức trên thế giới đã liên tục kêu gọi tìm kiếm giải pháp chính trị cho Afghanistan.","Trước thực trạng này, nhiều quốc gia, tổ chức trên thế giới đã kêu gọi một giải pháp chính trị cho Afghanistan."
199,vi-zh-2022-test-0199,落实政府总理范明政关于加强胡志明市及南部各省新冠肺炎疫情防控力量的指示，自2021年8月20日起，来自全国各地的大批干部、军队指战员、公安力量、医务人员纷纷支援南方各省防疫。,"Thực hiện Chỉ thị của Thủ tướng Chính phủ Phạm Minh Chính về tăng cường các lực lượng tham gia phòng, chống dịch Covid-19 trên địa bàn Thành phố Hồ Chí Minh và các tỉnh phía Nam, từ ngày 20/8/2021, nhiều lượt cán bộ, chiến sỹ quân đội, công an, đội ngũ y, bác sỹ ở mọi miền Tổ quốc đã gấp rút chi viện cho các tỉnh phía Nam.","Thực hiện chỉ đạo của Thủ tướng Chính phủ Phạm Minh Chính về việc tăng cường lực lượng phòng chống dịch COVID-19 tại Thành phố Hồ Chí Minh và các tỉnh phía Nam, kể từ ngày 20 tháng 8 năm 2021, đông đảo cán bộ, chỉ huy quân đội, lực lượng công an, cán bộ y tế từ khắp cả nước đã lên đường chi viện cho công tác phòng chống dịch tại các tỉnh phía Nam.","Nhằm thực hiện chỉ đạo của Thủ tướng Phạm Minh Chính về tăng cường công tác phòng, chống dịch bệnh viêm đường hô hấp cấp do chủng mới virus Corona tại Thành phố Hồ Chí Minh và các tỉnh phía Nam, từ ngày 20/8/2021, đông đảo cán bộ, chỉ huy quân sự, lực lượng công an, nhân viên y tế trên khắp cả nước đã ủng hộ công tác phòng chống dịch tại các tỉnh phía Nam."
200,vi-zh-2022-test-0200,这一如胶似漆的关系是经过历史发展而得到培养和形成的。,"Mối quan hệ keo sơn, gắn bó này được bồi đắp và hun đúc qua quá trình lịch sử.",Mối quan hệ gắn bó keo sơn này được vun đắp và hình thành qua quá trình phát triển lịch sử.,Mối quan hệ chặt chẽ này đã được vun đắp và hình thành qua quá trình phát triển lịch sử.
201,vi-zh-2022-test-0201,因此，军队不仅执行训练、战斗和捍卫祖国的本职任务，而且还经常向遭遇自然灾害的人民提供帮助。,"Vì thế, quân đội không những chỉ làm nhiệm vụ chính yếu của mình là huấn luyện, chiến đấu bảo vệ Tổ quốc mà còn thường xuyên giúp đỡ nhân dân khi nhân dân đối mặt với thiên tai, thảm họa.","Vì vậy, quân đội không chỉ thực hiện các nhiệm vụ cốt lõi như huấn luyện, chiến đấu và bảo vệ Tổ quốc, mà còn thường xuyên hỗ trợ nhân dân khi gặp thiên tai.","Vì vậy, quân đội không chỉ thực hiện nhiệm vụ huấn luyện, chiến đấu và bảo vệ Tổ quốc mà còn thường xuyên hỗ trợ đồng bào bị ảnh hưởng bởi thiên tai."
202,vi-zh-2022-test-0202,越南军队此次参加胡志明市及南部各省防疫活动正是对越南军民亲密关系精神的传承。,"Việc quân đội tham gia phòng, chống dịch Covid-19 ở Thành phố Hồ Chí Minh và các tỉnh miền Nam lần này chính là sự tiếp nối của tinh thần gắn bó mật thiết giữa quân và dân Việt Nam trong lịch sử.",Việc quân đội Việt Nam tham gia các hoạt động phòng chống dịch tại Thành phố Hồ Chí Minh và các tỉnh phía Nam lần này là sự kế thừa tinh thần gắn bó máu thịt quân dân Việt Nam.,Việc Quân đội Việt Nam tham gia hoạt động phòng chống dịch tại Thành phố Hồ Chí Minh và các tỉnh phía Nam là sự kế thừa tinh thần quan hệ quân sự - dân sự chặt chẽ ở Việt Nam.
203,vi-zh-2022-test-0203,越南整个政治体系和所有人民正遇到重重困难。,Tất cả các cơ quan của hệ thống chính trị với người dân đều đang đối diện với những khó khăn chồng chất.,Toàn bộ hệ thống chính trị và toàn thể nhân dân Việt Nam đang đối mặt với vô vàn khó khăn.,Toàn bộ hệ thống chính trị và toàn thể người dân Việt Nam đang gặp rất nhiều khó khăn.
204,vi-zh-2022-test-0204,"这不仅是胡志明市及南部各省的最高决心和目标,也是全国的任务。","Đó không chỉ là quyết tâm và mục tiêu cao nhất của thành phố Hồ Chí Minh, của các tỉnh đang bị ảnh hưởng nặng nề bởi dịch bệnh, mà còn là nhiệm vụ của cả đất nước.","Đây không chỉ là quyết tâm và mục tiêu cao nhất của Thành phố Hồ Chí Minh và các tỉnh phía Nam, mà còn là nhiệm vụ của cả nước.","Đây không chỉ là quyết tâm, mục tiêu cao nhất của TP.HCM và các tỉnh phía Nam mà còn là nhiệm vụ quốc gia."
205,vi-zh-2022-test-0205,越南人民军来自人民，服务人民,"Quân đội nhân dân Việt Nam từ nhân dân mà ra, vì nhân dân mà phục vụ","Quân đội nhân dân Việt Nam bắt nguồn từ nhân dân, phục vụ nhân dân.",Quân đội nhân dân Việt Nam xuất phát từ nhân dân và phục vụ nhân dân
206,vi-zh-2022-test-0206,在新冠肺炎疫情蔓延全球的背景下，越南军队参加防疫也符合国际惯例。,Quân đội Việt Nam tham gia chống dịch Covid-19 cũng là thông lệ quốc tế trong bối cảnh đại dịch Covid – 19 đang lây lan khắp toàn cầu.,"Trong bối cảnh dịch bệnh COVID-19 lan rộng toàn cầu, việc quân đội Việt Nam tham gia phòng chống dịch cũng phù hợp với thông lệ quốc tế.","Khi dịch Covid-19 lan rộng khắp thế giới, việc tham gia phòng chống dịch của quân đội Việt Nam cũng phù hợp với thông lệ quốc tế."
207,vi-zh-2022-test-0207,英国国防部今年初强调，防疫已成为英国和平时期的最大军事行动并派遣5千多名士兵参加大规模疫苗接种、测验计划和其他后勤活动。,"Tại Anh, Bộ Quốc phòng nước này hồi đầu năm nay khẳng định phản ứng của quân đội với dịch Covid-19 đã trở thành chiến dịch quân sự trong nước lớn nhất trong thời bình, với hơn 5.","Bộ Quốc phòng Anh nhấn mạnh vào đầu năm nay rằng công tác phòng chống dịch bệnh đã trở thành hoạt động quân sự lớn nhất trong thời bình, với hơn 5.000 binh sĩ được triển khai tham gia tiêm chủng quy mô lớn, các kế hoạch xét nghiệm và các hoạt động hậu cần khác.","Bộ Quốc phòng Anh hồi đầu năm nay nhấn mạnh rằng phòng chống dịch bệnh đã trở thành hoạt động quân sự lớn nhất của Vương quốc Anh trong thời bình và đã cử hơn 5.000 binh sĩ tham gia các chương trình tiêm chủng, xét nghiệm quy mô lớn và các hoạt động hậu cần khác."
208,vi-zh-2022-test-0208,武元甲大将的军事本领及崇高理想让国际社会折服。,Bản lĩnh quân sự và lý tưởng cao cả của Đại tướng Võ Nguyên Giáp đã thu phục cộng đồng quốc tế.,Tài năng quân sự và lý tưởng cao đẹp của Đại tướng Võ Nguyên Giáp đã chinh phục cộng đồng quốc tế.,Sức mạnh quân sự và lý tưởng cao cả của Đại tướng Võ Nguyên Giáp đã gây ấn tượng với cộng đồng quốc tế.
209,vi-zh-2022-test-0209,曾参加奠边府战役的法国军官马塞尔·比雅尔（MarcelBigeard）表示，“奠边府大捷后，武元甲大将成功指挥军队30年，形成无穷力量”。,"Đại tướng Marcel Bigeard, vị tướng danh tiếng từng tham gia chỉ huy quân đội Pháp trong trận chiến Điện biên phủ, nhận xét: ""Với trận thắng Điện biên phủ, Tướng Giáp đã chỉ huy quân đội của ông thành công trong hơn 30 năm.","Cựu sĩ quan Pháp tham gia trận Điện Biên Phủ, Marcel Bigeard, nhận định: ""Sau chiến thắng Điện Biên Phủ, Đại tướng Võ Nguyên Giáp đã chỉ huy quân đội thành công trong 30 năm, tạo nên sức mạnh vô biên"".","Marcel Bigeard, sĩ quan Pháp từng tham gia trận Điện Biên Phủ cho biết: “Sau chiến thắng Điện Biên Phủ, Đại tướng Võ Nguyên Giáp đã chỉ huy quân đội thành công trong 30 năm và hình thành sức mạnh vô biên”."
210,vi-zh-2022-test-0210,比雅尔表示“我相信，武元甲大将的生平和事业永远是每一名越南人的楷模和自豪”。,"Ông Bigeard nói thêm rằng: “Không phải hiện nay mà muôn đời sau, tôi tin rằng cuộc đời và sự nghiệp đầy huyền thoại của đại tướng Võ Nguyên Giáp mãi mãi là tấm gương, là niềm tự hào của mỗi người Việt Nam"".","Biyar bày tỏ: ""Tôi tin rằng cuộc đời và sự nghiệp của Đại tướng Võ Nguyên Giáp sẽ mãi là tấm gương và niềm tự hào của mỗi người dân Việt Nam"".","Biar nói: “Tôi tin rằng cuộc đời và sự nghiệp của Đại tướng Võ Nguyên Giáp sẽ luôn là tấm gương, niềm tự hào của mỗi người Việt Nam”."
211,vi-zh-2022-test-0211,在担任总司令30年及参政近50年的历程中，在战争的所有领域他都显示出与众不同的非凡素养。,"Trong 30 năm làm Tổng tư lệnh và gần 50 năm làm chính trị, ông đã thể hiện những phẩm chất phi thường trong mọi lĩnh vực tác chiến.","Trong suốt 30 năm giữ chức Tổng tư lệnh và gần 50 năm tham gia chính trường, ông đã thể hiện phẩm chất phi thường, xuất sắc trong mọi lĩnh vực chiến tranh.","Trong 30 năm làm tổng tư lệnh và gần 50 năm hoạt động chính trị, Người đã thể hiện những phẩm chất độc đáo, phi thường trên mọi lĩnh vực chiến tranh."
212,vi-zh-2022-test-0212,这样的结合确实是史无前例的。,Điều này tạo thành một sức mạnh chưa từng có.,Sự kết hợp như vậy quả thực là chưa từng có tiền lệ.,Sự kết hợp này thực sự là chưa từng có.
213,vi-zh-2022-test-0213,世界一流通讯社纷纷发表文章，赞扬武元甲大将。,Các hãng thông tấn nổi tiếng hàng đầu thế giới đều dành nhiều lời ngợi ca Đại tướng Võ Nguyên Giáp khi viết về ông.,Các hãng thông tấn hàng đầu thế giới đã đăng tải bài viết ca ngợi Đại tướng Võ Nguyên Giáp.,Các hãng thông tấn hàng đầu thế giới đăng bài ca ngợi Đại tướng Võ Nguyên Giáp.
214,vi-zh-2022-test-0214,法国新闻社（AFP）强调武元甲大将是越南民族英雄，也是史上最伟大的军事战略家之一。,Hãng tin AFP của Pháp cho rằng Đại tướng Võ Nguyên Giáp là “một trong những nhà chiến lược quân sự vĩ đại nhất lịch sử” và là kiến trúc sư cho chiến thắng chống thực dân Pháp và chống đế quốc Mỹ của Việt Nam.,Thông tấn xã Pháp (AFP) nhấn mạnh Đại tướng Võ Nguyên Giáp là người hùng dân tộc Việt Nam và là một trong những nhà chiến lược quân sự vĩ đại nhất trong lịch sử.,Thông tấn xã Pháp (AFP) nhấn mạnh Đại tướng Võ Nguyên Giáp là anh hùng dân tộc Việt Nam và là một trong những nhà chiến lược quân sự vĩ đại nhất trong lịch sử.
215,vi-zh-2022-test-0215,路透社表示，武元甲大将是所有时代的10位伟大将领之一。,Hãng Reuters (Anh) đánh giá Đại tướng Võ Nguyên Giáp là một trong 10 vị tướng vĩ đại nhất mọi thời đại.,"Theo Reuters, Đại tướng Võ Nguyên Giáp là một trong 10 vị tướng vĩ đại nhất mọi thời đại.",Reuters nhận định tướng Ngô Nguyên Gia là một trong 10 vị tướng vĩ đại của mọi thời đại.
216,vi-zh-2022-test-0216,古巴《拉美通讯社》（PrensaLatina）赞扬武元甲大将是杰出的军事战略家，巧妙运用人民战争战略。,"Tờ Prensa Latina (Cuba) ca ngợi Đại tướng Võ Nguyên Giáp là một chiến lược gia quân sự lỗi lạc, đã áp dụng một cách tài tình chiến lược chiến tranh nhân dân.","Thông tấn xã Mỹ Latinh của Cuba (Prensa Latina) ca ngợi Đại tướng Võ Nguyên Giáp là một nhà chiến lược quân sự xuất sắc, vận dụng tài tình chiến lược chiến tranh nhân dân.","Tờ Prensa Latina của Cuba ca ngợi Đại tướng Võ Nguyên Giáp là nhà chiến lược quân sự kiệt xuất, khéo léo sử dụng chiến lược chiến tranh nhân dân."
217,vi-zh-2022-test-0217,武元甲大将的知识和军事才华都来自于越南民族抗击外侵史及世界军事历史，也来自于自我锻炼、总结。,"Những kiến thức và tài năng quân sự của Đại tướng Võ Nguyên Giáp đều do tự học từ lịch sử chống giặc ngoại xâm của dân tộc Việt Nam và lịch sử quân sự thế giới cùng sự tự rèn luyện, tự đúc rút kinh nghiệm qua thực tế chiến đấu của Quân đội nhân dân Việt Nam mà nên.","Kiến thức và tài năng quân sự của Đại tướng Võ Nguyên Giáp đều bắt nguồn từ lịch sử chống ngoại xâm của dân tộc Việt Nam và lịch sử quân sự thế giới, cũng như từ quá trình tự rèn luyện và đúc kết.","Kiến thức, tài năng quân sự của Đại tướng Võ Nguyên Giáp đến từ lịch sử chống ngoại xâm của dân tộc Việt Nam và lịch sử quân sự thế giới cũng như từ quá trình tự rèn luyện, tổng kết."
218,vi-zh-2022-test-0218,这就是武元甲大将的独特之处，国际社会因此称赞他是人类历史上最杰出的将领之一及能改变历史走向的少数人之一。,"Chính điều ấy đã làm nên sự khác biệt của Đại tướng Võ Nguyên Giáp, khiến thế giới khâm phục, suy tôn ông là danh tướng, một trong những vị tướng kiệt xuất nhất trong lịch sử nhân loại và là một trong số ít những người có khả năng làm thay đổi dòng chảy lịch sử.","Đây chính là điểm độc đáo của Đại tướng Võ Nguyên Giáp, nhờ đó mà cộng đồng quốc tế ca ngợi ông là một trong những vị tướng kiệt xuất nhất trong lịch sử nhân loại và là một trong số ít người có khả năng thay đổi cục diện lịch sử.",Đây là nét độc đáo của Đại tướng Võ Nguyên Giáp. Cộng đồng quốc tế vì thế ca ngợi ông là một trong những vị tướng kiệt xuất nhất trong lịch sử nhân loại và là một trong số ít người có thể thay đổi hướng đi của lịch sử.
219,vi-zh-2022-test-0219,新加坡被视为美国在该地区最亲密的伙伴，而越南则是值得关注的安全伙伴，也是美国在东南亚最大的贸易伙伴。,"Singapore được coi là đối tác thân cận nhất của Mỹ trong khu vực, còn Việt Nam là đối tác an ninh được quan tâm, cũng là đối tác thương mại lớn nhất của Mỹ ở Đông Nam Á.","Singapore được xem là đối tác thân cận nhất của Mỹ trong khu vực, còn Việt Nam là đối tác an ninh đáng chú ý và là đối tác thương mại lớn nhất của Mỹ tại Đông Nam Á.","Singapore được coi là đối tác thân thiết nhất của Hoa Kỳ trong khu vực, trong khi Việt Nam là đối tác an ninh đáng chú ý và là đối tác thương mại lớn nhất của Hoa Kỳ ở Đông Nam Á."
220,vi-zh-2022-test-0220,在新加坡，哈里斯副总统与李显龙总理举行会晤和联合新闻发布会，重申美国与印度洋-太平洋地区的盟国和伙伴的合作，维护国际秩序。,"Tại Singapore, bà K.Harris có cuộc gặp và họp báo chung với Thủ tướng Lý Hiển Long, tái xác nhận cam kết của Mỹ về việc hợp tác với các đồng minh và đối tác trong khu vực Ấn Độ Dương - Thái Bình Dương để duy trì trật tự quốc tế dựa trên luật lệ và tự do hàng hải, gồm ở Biển Đông.","Tại Singapore, Phó Tổng thống Harris đã có cuộc gặp và họp báo chung với Thủ tướng Lý Hiển Long, tái khẳng định sự hợp tác của Hoa Kỳ với các đồng minh và đối tác trong khu vực Ấn Độ Dương - Thái Bình Dương nhằm duy trì trật tự quốc tế.","Tại Singapore, Phó Tổng thống Harris đã tổ chức cuộc gặp và họp báo chung với Thủ tướng Lý Hiển Long nhằm tái khẳng định sự hợp tác của Mỹ với các đồng minh và đối tác ở khu vực Ấn Độ Dương - Thái Bình Dương nhằm duy trì trật tự quốc tế."
221,vi-zh-2022-test-0221,越南和美国分享共同利益,Việt – Mỹ chia sẻ nhiều lợi ích chung,Việt Nam và Hoa Kỳ có chung lợi ích.,Việt Nam và Hoa Kỳ chia sẻ lợi ích chung
222,vi-zh-2022-test-0222,为展现美国与越南合作应对新冠肺炎疫情的承诺，哈里斯将出席美国疾控中心驻河内办事处的揭牌仪式。,"Để khẳng định cho cam kết hợp tác đối phó với COVID-19, Phó Tổng thống K.Harris sẽ dự lễ khai trương văn phòng CDC Mỹ tại Hà Nội.","Để thể hiện cam kết của Hoa Kỳ và Việt Nam trong việc hợp tác ứng phó với đại dịch COVID-19, bà Harris sẽ tham dự lễ khánh thành văn phòng Trung tâm Kiểm soát và Phòng ngừa Dịch bệnh Hoa Kỳ tại Hà Nội.","Để thể hiện cam kết của Hoa Kỳ và Việt Nam trong hợp tác ứng phó với dịch Covid-19, Harris sẽ tham dự lễ ra mắt văn phòng Trung tâm Kiểm soát và Phòng ngừa Dịch bệnh Hoa Kỳ tại Hà Nội."
223,vi-zh-2022-test-0223,这也是美国与越南在预防公共卫生合作中取得的成果。,Đây cũng là kết quả của sự hợp tác giữa Hoa Kỳ và Việt Nam trong việc phòng chống sức khỏe cộng đồng.,Đây cũng là thành quả hợp tác trong phòng chống y tế công cộng giữa Hoa Kỳ và Việt Nam.,Đây cũng là kết quả của sự hợp tác y tế công cộng phòng ngừa giữa Hoa Kỳ và Việt Nam.
224,vi-zh-2022-test-0224,随着外国投资者涌入越南生产出口到美国的商品，越南也成为从全球供应链转移趋势中受益最多的国家之一。,"Với việc các nhà đầu tư nước ngoài ồ ạt vào Việt Nam để sản xuất hàng hóa xuất khẩu sang Hoa Kỳ, Việt Nam cũng trở thành một trong những quốc gia được hưởng lợi nhiều nhất từ ​​sự chuyển dịch trong chuỗi cung ứng toàn cầu.","Với việc các nhà đầu tư nước ngoài đổ xô vào Việt Nam sản xuất hàng hóa xuất khẩu sang Mỹ, Việt Nam cũng trở thành một trong những quốc gia hưởng lợi nhiều nhất từ xu hướng dịch chuyển chuỗi cung ứng toàn cầu.",Việt Nam cũng trở thành một trong những quốc gia được hưởng lợi nhiều nhất từ ​​sự dịch chuyển chuỗi cung ứng toàn cầu khi các nhà đầu tư nước ngoài đổ xô vào Việt Nam để sản xuất hàng xuất khẩu sang Hoa Kỳ.
225,vi-zh-2022-test-0225,但是，新冠肺炎疫情在一定程度上破坏了供应链，尤其是在机械和技术行业。,"Tuy nhiên, đại dịch COVID-19 đã làm chuỗi cung ứng phần nào bị đứt gãy, đặc biệt là các ngành máy móc, công nghệ.","Tuy nhiên, dịch bệnh COVID-19 đã phần nào làm gián đoạn chuỗi cung ứng, đặc biệt là trong các ngành cơ khí và công nghệ.","Tuy nhiên, đại dịch COVID-19 đã làm gián đoạn chuỗi cung ứng ở một mức độ nào đó, đặc biệt là trong ngành máy móc và công nghệ."
226,vi-zh-2022-test-0226,这表明美国十分重视东南亚地区。,Điều này thể hiện quan điểm nước Mỹ coi trọng khu vực Đông Nam Á.,Điều này cho thấy Hoa Kỳ rất coi trọng khu vực Đông Nam Á.,Điều này cho thấy Mỹ rất coi trọng Đông Nam Á.
227,vi-zh-2022-test-0227,在今天的时事论坛节目里，请听本台记者述评：胡志明主席：民族和时代的道德和智慧典范。,"Trong chương trình diễn đàn Thời sự hôm nay, xin mời quý báo và các bạn cùng nghe phóng viên bình luận: Chủ tịch Hồ Chí Minh: tấm gương đạo đức, trí tuệ cho dân tộc và thời đại.","Trong chương trình thời sự hôm nay, mời quý vị nghe phóng viên đài chúng tôi bình luận: Chủ tịch Hồ Chí Minh: Tấm gương đạo đức và trí tuệ của dân tộc và thời đại.","Trong chương trình diễn đàn thời sự hôm nay, xin mời quý vị nghe phóng viên chúng tôi bình luận: Chủ tịch Hồ Chí Minh: tấm gương đạo đức, trí tuệ cho dân tộc và thời đại."
228,vi-zh-2022-test-0228,出席第42届东盟议会联盟大会具有特别重要的意义，因为这是新一届国会主席王庭惠出席的首次正式多边外交活动。,"AIPA-42 là sự kiện có ý nghĩa đặc biệt quan trọng, là hoạt động đối ngoại đa phương chính thức đầu tiên của Chủ tịch Quốc hội Vương Đình Huệ trong nhiệm kỳ mới.","Việc tham dự Đại hội đồng Liên minh Nghị viện Hiệp hội các Quốc gia Đông Nam Á lần thứ 42 mang ý nghĩa đặc biệt quan trọng, bởi đây là hoạt động ngoại giao đa phương chính thức đầu tiên của Chủ tịch Quốc hội khóa mới Vương Đình Huệ.",Tham dự Đại hội đồng Hiệp hội Liên nghị viện ASEAN lần thứ 42 có ý nghĩa đặc biệt vì đây là sự kiện ngoại giao đa phương chính thức đầu tiên có sự tham dự của tân Chủ tịch Quốc hội Ông Đình Huệ.
229,vi-zh-2022-test-0229,第42届东盟议会联盟大会加强东盟团结克服挑战,AIPA - 42 tăng cường đoàn kết ASEAN và vượt qua các thách thức.,"Đại hội đồng Liên minh Nghị viện Hiệp hội các Quốc gia Đông Nam Á lần thứ 42: Tăng cường đoàn kết ASEAN, vượt qua thách thức",Đại hội đồng Liên minh Nghị viện ASEAN lần thứ 42 tăng cường đoàn kết ASEAN để vượt qua thách thức
230,vi-zh-2022-test-0230,越南为多边议会联盟合作作出积极和负责任的贡献,Việt Nam đóng góp tích cực và có trách nhiệm vào sự hợp tác của liên minh nghị viện đa phương,Việt Nam đóng góp tích cực và có trách nhiệm vào hợp tác của Liên minh Nghị viện Thế giới.,Việt Nam đóng góp tích cực và có trách nhiệm vào hợp tác liên minh liên nghị viện đa phương
231,vi-zh-2022-test-0231,本着凝聚共识和共同努力的精神，第42届东盟议会联盟大会继续强调和弘扬团结精神、及时行动、积极和携手采取有效的防疫措施以及不断向前发展，为地区各国人民的幸福做出努力。,"Trên tinh thần xây dựng sự đồng thuận và cùng làm việc, Hội đồng AIPA lần thứ 42 tiếp tục nhấn mạnh và phát huy tinh thần đoàn kết, hành động kịp thời, tích cực và chung tay thực hiện các biện pháp phòng chống dịch hiệu quả, không ngừng phát triển để góp phần vào hạnh phúc của người dân trong khu vực. Nỗ lực. Dựa trên nỗ lực chung này, hãy tham gia Hội đồng Liên minh Nghị viện ASEAN 26","Với tinh thần đoàn kết và nỗ lực chung, Đại hội đồng Liên minh Nghị viện Hiệp hội các Quốc gia Đông Nam Á lần thứ 42 tiếp tục nhấn mạnh và phát huy tinh thần đoàn kết, hành động kịp thời, chủ động và cùng nhau thực hiện các biện pháp phòng chống dịch hiệu quả, đồng thời không ngừng tiến lên phía trước, nỗ lực vì hạnh phúc của nhân dân các nước trong khu vực.","Trên tinh thần xây dựng sự đồng thuận và cùng nhau làm việc, Đại hội đồng Liên minh Nghị viện ASEAN lần thứ 42 sẽ tiếp tục nhấn mạnh và phát huy tinh thần đoàn kết, hành động kịp thời, chủ động, nỗ lực chung để thực hiện các biện pháp phòng chống dịch hiệu quả, không ngừng phát triển để góp phần mang lại hạnh phúc cho người dân tất cả các nước trong khu vực."
232,vi-zh-2022-test-0232,这个话题受到国际社会的高度关注。,Chủ đề này đã nhận được sự quan tâm lớn của cộng đồng quốc tế.,Chủ đề này nhận được sự quan tâm sâu sắc của cộng đồng quốc tế.,Chủ đề này đã nhận được sự quan tâm lớn của cộng đồng quốc tế.
233,vi-zh-2022-test-0233,越南在会上提出的观点和立场不仅反映了联合国安理会大多数成员国和组织领导人的共同想法，而且还得到了国际舆论和媒体的高度评价。,"Quan điểm và lập trường của Việt Nam tại cuộc họp không chỉ phản ánh ý kiến ​​chung của hầu hết các quốc gia thành viên Hội đồng Bảo an Liên hợp quốc và lãnh đạo các tổ chức, mà còn nhận được sự đánh giá cao của dư luận quốc tế và giới truyền thông.","Quan điểm và lập trường mà Việt Nam đưa ra tại hội nghị không chỉ phản ánh suy nghĩ chung của đa số thành viên Hội đồng Bảo an Liên Hợp Quốc và các nhà lãnh đạo tổ chức, mà còn nhận được sự đánh giá cao từ dư luận và truyền thông quốc tế.","Những quan điểm, lập trường mà Việt Nam đưa ra tại kỳ họp không chỉ phản ánh suy nghĩ chung của đa số các quốc gia thành viên Hội đồng Bảo an Liên hợp quốc và lãnh đạo các tổ chức mà còn nhận được đánh giá cao từ dư luận và truyền thông quốc tế."
234,vi-zh-2022-test-0234,第二，在由联合国协调的区域海上安全机制和倡议体系的基础上制定全球解决方案，以加强信息和经验交流，及时应对全球的共同挑战。,"Thứ hai, cần có giải pháp toàn cầu dựa trên hệ thống các cơ chế, sáng kiến về an ninh biển khu vực do Liên hợp quốc điều phối để tăng cường chia sẻ thông tin, kinh nghiệm, phối hợp hành động, kịp thời ứng phó với các thách thức chung trên toàn cầu.","Thứ hai, xây dựng các giải pháp toàn cầu dựa trên cơ chế và hệ thống sáng kiến an ninh hàng hải khu vực do Liên Hợp Quốc điều phối, nhằm tăng cường trao đổi thông tin và kinh nghiệm, ứng phó kịp thời với các thách thức chung toàn cầu.","Thứ hai, phát triển các giải pháp toàn cầu dựa trên cơ chế an ninh hàng hải khu vực và hệ thống sáng kiến ​​do Liên hợp quốc điều phối nhằm tăng cường trao đổi thông tin, kinh nghiệm và ứng phó kịp thời với các thách thức chung toàn cầu."
235,vi-zh-2022-test-0235,世界高度评价越南对海上安全的观点,Thế giới đánh giá cao quan điểm của Việt Nam về an toàn hàng hải,Thế giới đánh giá cao quan điểm của Việt Nam về an ninh biển.,Thế giới đánh giá cao quan điểm của Việt Nam về an ninh hàng hải
236,vi-zh-2022-test-0236,越南政府总理范明政出席联合国安理会就加强海上安全问题举行的首次高级别讨论会并发表演讲强调包括1982年《联合国海洋法公约》在内的国际法,"Thủ tướng Chính phủ Việt Nam Phạm Minh Chính đã tham dự hội thảo cấp cao đầu tiên do Hội đồng Bảo an Liên hợp quốc tổ chức về vấn đề tăng cường an ninh hàng hải và có bài phát biểu nhấn mạnh luật pháp quốc tế, trong đó có Công ước Liên hợp quốc về Luật Biển năm 1982.","Thủ tướng Chính phủ Việt Nam Phạm Minh Chính đã tham dự và có bài phát biểu tại cuộc thảo luận cấp cao đầu tiên của Hội đồng Bảo an Liên Hợp Quốc về tăng cường an ninh hàng hải, nhấn mạnh luật pháp quốc tế, bao gồm Công ước Liên Hợp Quốc về Luật Biển năm 1982.","Thủ tướng Phạm Minh Chính của Chính phủ Việt Nam đã tham dự phiên thảo luận cấp cao đầu tiên do Hội đồng Bảo an Liên hợp quốc tổ chức về tăng cường an ninh hàng hải và có bài phát biểu nhấn mạnh tầm quan trọng của luật pháp quốc tế, trong đó có Công ước Liên hợp quốc về Luật Biển năm 1982."
237,vi-zh-2022-test-0237,他认为，建立协调机制，鼓励各国遵守1982年《联合国海洋法公约》确立的重要航行权利极为必要。,"Ông tin rằng việc thiết lập một cơ chế phối hợp để khuyến khích các quốc gia tuân thủ các quyền hàng hải quan trọng được thiết lập bởi ""Công ước Liên hợp quốc về Luật Biển năm 1982 là vô cùng cần thiết"".","Ông ấy cho rằng, việc thiết lập cơ chế phối hợp, khuyến khích các quốc gia tuân thủ quyền đi lại quan trọng được quy định trong Công ước Liên Hợp Quốc về Luật Biển năm 1982 là vô cùng cần thiết.",Ông cho rằng việc thiết lập cơ chế phối hợp để khuyến khích các nước tuân thủ các quyền hàng hải quan trọng được xác lập trong Công ước Liên hợp quốc về Luật Biển năm 1982 là vô cùng cần thiết.
238,vi-zh-2022-test-0238,8月12日，俄罗斯权威新闻网Infox.ru发表了欧亚研究基金专家理事会主席格里沃里（GrigoryTrofimchuk）题为《实现海上和平的三个步骤》的文章。,"Vào ngày 12 tháng 8, mạng tin tức có thẩm quyền của Nga Infox.ru đã đăng một bài báo có tựa đề ""Ba bước để đạt được hòa bình trên biển"" của Grigory Trofimchuk, Chủ tịch Hội đồng chuyên gia của Quỹ nghiên cứu Á-Âu.","Ngày 12 tháng 8, trang tin tức uy tín của Nga Infox.ru đã đăng tải bài viết ""Ba bước để đạt được hòa bình trên biển"" của Grigory Trofimchuk, Chủ tịch Hội đồng chuyên gia Quỹ Nghiên cứu Á-Âu.","Vào ngày 12 tháng 8, mạng tin tức có uy tín của Nga Infox.ru đã đăng một bài viết có tựa đề “Ba bước để đạt được hòa bình trên biển” của Grigory Trofimchuk, Chủ tịch Hội đồng Chuyên gia của Quỹ Nghiên cứu Á-Âu."
239,vi-zh-2022-test-0239,海上安全是全球性问题,An ninh biển là vấn đề toàn cầu,An toàn hàng hải là một vấn đề toàn cầu.,An ninh hàng hải là vấn đề toàn cầu
240,vi-zh-2022-test-0240,这种关注具有客观性、因为世界各个海域发生的对传统和非传统安全构成威胁的冲突与日俱增，而世界各国仍未找到有效的解决办法。,"Mối lo ngại này là khách quan, bởi vì những xung đột đe dọa an ninh truyền thống và phi truyền thống ở nhiều vùng biển khác nhau trên thế giới đang gia tăng từng ngày mà các nước trên thế giới vẫn chưa tìm ra giải pháp hữu hiệu.","Sự quan tâm này mang tính khách quan, bởi các xung đột đe dọa an ninh truyền thống và phi truyền thống ngày càng gia tăng ở các vùng biển trên thế giới, trong khi các quốc gia vẫn chưa tìm ra giải pháp hiệu quả.",Lo ngại này là khách quan bởi những xung đột đe dọa an ninh truyền thống và phi truyền thống đang ngày càng gia tăng ở nhiều vùng biển trên thế giới và các quốc gia trên thế giới vẫn chưa tìm được giải pháp hữu hiệu.
241,vi-zh-2022-test-0241,越共中央理论委员会高级专家黄志宝教授、博士说：“1945年八月革命是民族大团结的典型例子。,"Giáo sư Hoàng Chí Bảo, chuyên gia cao cấp của Ban Chấp hành Trung ương Đảng Cộng sản Việt Nam cho rằng: “Cách mạng Tháng Tám năm 1945 là một điển hình về đoàn kết dân tộc.","Giáo sư, Tiến sĩ Hoàng Chí Bảo, chuyên gia cao cấp của Hội đồng Lý luận Trung ương Đảng Cộng sản Việt Nam, cho biết: ""Cách mạng tháng Tám năm 1945 là một ví dụ điển hình về đại đoàn kết dân tộc.""","Giáo sư, Tiến sĩ Hoàng Chi Bảo, chuyên gia cao cấp của Ban lý luận Trung ương Đảng Cộng sản Việt Nam, cho biết: “Cách mạng tháng Tám năm 1945 là tấm gương điển hình về đại đoàn kết toàn dân tộc."
242,vi-zh-2022-test-0242,1945年八月革命的伟大胜利留下了很多宝贵范例，特别是从那年秋天开始的越南民族发展历史上以人民为本，建设和发挥全民大团结力量的范例。,"Thắng lợi vĩ đại của Cách mạng Tháng Tám năm 1945 đã để lại nhiều tấm gương quý báu, đặc biệt là tấm gương hướng về nhân dân, xây dựng và phát huy sức mạnh đại đoàn kết toàn dân trong lịch sử phát triển dân tộc Việt Nam bắt đầu từ mùa thu năm ấy.","Thắng lợi vĩ đại của Cách mạng tháng Tám năm 1945 đã để lại nhiều bài học quý báu, đặc biệt là bài học về xây dựng và phát huy sức mạnh đại đoàn kết toàn dân, lấy dân làm gốc trong lịch sử phát triển của dân tộc Việt Nam, bắt đầu từ mùa thu năm đó.","Thắng lợi vĩ đại của Cách mạng Tháng Tám năm 1945 đã để lại nhiều tấm gương quý giá, đặc biệt là tấm gương hướng tới nhân dân về xây dựng và phát huy sức mạnh đoàn kết dân tộc trong lịch sử phát triển đất nước Việt Nam bắt đầu từ mùa thu năm đó."
243,vi-zh-2022-test-0243,及时行动,Hành động kịp thời,Hành động kịp thời,Hành động kịp thời
244,vi-zh-2022-test-0244,国家主席向15届任期政府成员颁发任命书两天后，范明政于7月30日主持政府与各地方视频会议，讨论防疫问题。,"Chỉ 2 ngày sau khi Chủ tịch nước trao quyết định bổ nhiệm cho các thành viên chính phủ nhiệm kỳ khóa XV, ngày 30/7, Thủ tướng Phạm Minh Chính đã chủ trì Hội nghị trực tuyến Chính phủ với các địa phương về tình hình phòng, chống dịch COVID-19.","Hai ngày sau khi Chủ tịch nước trao quyết định bổ nhiệm cho các thành viên chính phủ nhiệm kỳ 15, ngày 30 tháng 7, Phạm Minh Chính đã chủ trì hội nghị trực tuyến của Chính phủ với các địa phương để thảo luận về công tác phòng chống dịch bệnh.","Hai ngày sau khi tổng thống ban hành thư bổ nhiệm các thành viên chính phủ nhiệm kỳ 15, Fan Mingzheng đã chủ trì cuộc họp trực tuyến giữa chính phủ và chính quyền địa phương vào ngày 30/7 để thảo luận về các vấn đề phòng chống dịch bệnh."
245,vi-zh-2022-test-0245,随后政府立即颁布防疫相关决议，以便各部门、各地方主动采取防疫措施。,"Chính phủ đã ngay lập tức ban hành các nghị quyết liên quan về phòng chống dịch để các ban ngành, địa phương chủ động các biện pháp chống dịch.","Sau đó, chính phủ đã ngay lập tức ban hành các nghị quyết liên quan đến phòng chống dịch bệnh để các ban ngành và địa phương chủ động triển khai các biện pháp phòng dịch.","Sau đó, Chính phủ đã ngay lập tức ban hành các nghị quyết liên quan về phòng chống dịch để các sở, ngành, địa phương chủ động thực hiện các biện pháp phòng chống dịch."
246,vi-zh-2022-test-0246,舆论认为，决议颁布及时，紧紧围绕当前各项问题，提出各项切实措施。,"Dư luận cho rằng nghị quyết được ban hành kịp thời, đi sâu vào các vấn đề thời sự, có nhiều biện pháp thiết thực.","Dư luận cho rằng nghị quyết được ban hành kịp thời, bám sát các vấn đề hiện tại và đề ra các biện pháp thiết thực.","Dư luận cho rằng nghị quyết được ban hành kịp thời, tập trung sát vấn đề thời sự, đề ra nhiều giải pháp thiết thực."
247,vi-zh-2022-test-0247,关于新冠疫苗政策，决议重申，疫苗是越南控制疫情的关键。,"Về chính sách vắc xin mới, nghị quyết nhắc lại rằng vắc xin là chìa khóa để Việt Nam kiểm soát dịch bệnh.","Về chính sách vắc xin phòng COVID-19, nghị quyết tái khẳng định vắc xin là yếu tố then chốt để Việt Nam kiểm soát dịch bệnh.","Về chính sách vắc xin ngừa Covid-19, nghị quyết nhắc lại vắc xin là chìa khóa để kiểm soát dịch bệnh ở Việt Nam."
248,vi-zh-2022-test-0248,范明政也主持与正实施社交距离措施各省市的视频会议，发起“全国同心协力竞赛防疫，战胜疫情”特别竞赛运动。,"Thủ tướng Phạm Minh Chính cũng chủ trì các cuộc họp trực tuyến với các tỉnh và thành phố đang thực hiện các biện pháp giãn cách xã hội, và phát động một chiến dịch đặc biệt mang tên ""Toàn dân Chung tay Ngăn chặn và Vượt qua Đại dịch"".","Phạm Minh Chính cũng chủ trì hội nghị trực tuyến với các tỉnh, thành phố đang thực hiện các biện pháp giãn cách xã hội, phát động phong trào thi đua đặc biệt ""Cả nước đồng lòng phòng chống dịch, chiến thắng đại dịch"".","Fan Mingzheng cũng đã tổ chức hội nghị truyền hình với các tỉnh, thành phố đang thực hiện các biện pháp giãn cách xã hội, đồng thời phát động chiến dịch cạnh tranh đặc biệt mang tên “Hòa nhạc toàn quốc phòng chống và đánh bại dịch bệnh”."
249,vi-zh-2022-test-0249,为减轻正实施社交距离措施各地居民的困难，范明政同意削减居民和企业用电费用。,"Để giảm bớt khó khăn của người dân ở nhiều nơi đang thực hiện các biện pháp giãn cách xã hội,Thủ tướng Phạm Minh Chính đã đồng ý cắt giảm chi phí điện cho người dân và doanh nghiệp.","Để giảm bớt khó khăn cho người dân ở những nơi đang thực hiện các biện pháp giãn cách xã hội, Phạm Minh Chính đã đồng ý giảm chi phí điện sinh hoạt và sản xuất cho người dân và doanh nghiệp.","Để giảm bớt những khó khăn mà người dân phải đối mặt ở nhiều nơi đang thực hiện các biện pháp giãn cách xã hội, Fan Mingzheng đã đồng ý giảm hóa đơn tiền điện cho người dân và doanh nghiệp."
250,vi-zh-2022-test-0250,社会民生专家莫文进表示：“这笔资金很及时，很迫切。,"Mạc Văn Tấn một chuyên gia về xã hội và sinh kế của người dân, cho biết: “Nguồn tài trợ này là kịp thời và cấp bách.","Chuyên gia xã hội và dân sinh Mạc Văn Tiến cho biết: ""Khoản tiền này rất kịp thời và cấp bách.""","Mo Wenjin, chuyên gia xã hội và sinh kế, cho biết: “Khoản tài trợ này là kịp thời và cấp bách."
251,vi-zh-2022-test-0251,15届政府决心建设革新、廉政、行动、高效、为人民服务的政府”。,"Chính phủ thứ 15 quyết tâm xây dựng chính phủ kiến tạo, trong sạch, hành động, hiệu quả, phục vụ nhân dân "".","Chính phủ khóa 15 quyết tâm xây dựng một chính phủ đổi mới, liêm chính, hành động, hiệu quả và phục vụ nhân dân.","Chính phủ nhiệm kỳ 15 quyết tâm xây dựng một chính phủ sáng tạo, trong sạch, khả thi, hiệu quả và phục vụ nhân dân”."
252,vi-zh-2022-test-0252,政府也加快体制完善工作，为经济社会顺畅运转创造条件。,Chính phủ cũng đang đẩy mạnh hoàn thiện hệ thống nhằm tạo điều kiện cho nền kinh tế - xã hội vận hành trơn tru.,"Chính phủ cũng đẩy nhanh công tác hoàn thiện thể chế, tạo điều kiện cho kinh tế xã hội vận hành thông suốt.","Chính phủ cũng đẩy mạnh công tác hoàn thiện hệ thống nhằm tạo điều kiện cho nền kinh tế, xã hội vận hành thông suốt."
253,vi-zh-2022-test-0253,当天，塔利班政治发言人纳伊姆发表声明，承诺塔利班将尽早确定阿富汗政府类型和制度形式。,"Cùng ngày, phát ngôn viên chính trị của Taliban, Naim, đã đưa ra một tuyên bố, hứa rằng Taliban sẽ xác định loại chính phủ và hình thức thể chế của Afghanistan trong thời gian sớm nhất.","Ngày hôm đó, người phát ngôn chính trị của Taliban, Naeem, đã đưa ra tuyên bố, cam kết Taliban sẽ sớm xác định loại hình chính phủ và hình thức chế độ của Afghanistan.","Cùng ngày, người phát ngôn chính trị của Taliban Naeem đã đưa ra một tuyên bố, hứa rằng Taliban sẽ xác định loại hình và hình thức thể chế của chính phủ Afghanistan càng sớm càng tốt."
254,vi-zh-2022-test-0254,8月16日，阿富汗总统加尼正式承认其政府垮台，强调他离开该国是为了避免发生血腥冲突。,"Ngày 16/8, Tổng thống Afghanistan Ghani chính thức thừa nhận sự sụp đổ của chính phủ, nhấn mạnh rằng ông rời khỏi đất nước để tránh xung đột đẫm máu.","Ngày 16 tháng 8, Tổng thống Afghanistan Ghani chính thức thừa nhận sự sụp đổ của chính phủ, nhấn mạnh rằng ông rời khỏi đất nước là để tránh xung đột đẫm máu.","Ngày 16/8, Tổng thống Afghanistan Ghani chính thức thừa nhận sự sụp đổ của chính phủ và nhấn mạnh việc ông rời đất nước để tránh xung đột đẫm máu."
255,vi-zh-2022-test-0255,加尼还指控塔利班对该国的民主进程进行武力抵抗。,Ghani cũng cáo buộc Taliban có vũ trang chống lại tiến trình dân chủ của đất nước.,Ghani cũng cáo buộc Taliban dùng vũ lực chống lại tiến trình dân chủ của đất nước.,Ghani cũng cáo buộc Taliban thực hiện cuộc kháng chiến vũ trang chống lại tiến trình dân chủ của đất nước.
256,vi-zh-2022-test-0256,特别是，塔利班承诺，新政府成员将包括该组织以外的人物，尊重妇女和少数民族的权利，以及伊斯兰教法框架内的言论自由。,"Đặc biệt, Taliban hứa rằng các thành viên của chính phủ mới sẽ bao gồm những người bên ngoài tổ chức, tôn trọng quyền của phụ nữ và dân tộc thiểu số, và tự do ngôn luận trong khuôn khổ luật Hồi giáo.","Đặc biệt, Taliban cam kết các thành viên chính phủ mới sẽ bao gồm những nhân vật ngoài tổ chức, tôn trọng quyền phụ nữ và dân tộc thiểu số, cũng như quyền tự do ngôn luận trong khuôn khổ luật Sharia.","Đặc biệt, Taliban hứa rằng chính phủ mới sẽ bao gồm các nhân vật bên ngoài nhóm và tôn trọng quyền của phụ nữ và người thiểu số, cũng như quyền tự do ngôn luận trong khuôn khổ luật Sharia."
257,vi-zh-2022-test-0257,但是，根据情报界以及美国和欧洲分析人士的评价，在塔利班领导下的阿富汗国家和人民的未来并不确定。,"Tuy nhiên, theo đánh giá của giới tình báo và giới phân tích Mỹ và châu Âu, tương lai của đất nước và người dân Afghanistan dưới sự lãnh đạo của Taliban là không chắc chắn.","Tuy nhiên, theo đánh giá của giới tình báo cũng như các nhà phân tích Mỹ và châu Âu, tương lai của quốc gia và nhân dân Afghanistan dưới sự lãnh đạo của Taliban là không chắc chắn.","Tuy nhiên, theo đánh giá của cộng đồng tình báo và các nhà phân tích Mỹ, châu Âu, tương lai của nhà nước và người dân Afghanistan dưới sự lãnh đạo của Taliban là không chắc chắn."
258,vi-zh-2022-test-0258,首先，塔利班是武装力量，而不是适合治国的民事政治组织。,"Trước hết, Taliban là một lực lượng vũ trang, không phải là một tổ chức chính trị dân sự thích hợp để điều hành đất nước.","Trước hết, Taliban là một lực lượng vũ trang, không phải là một tổ chức chính trị dân sự phù hợp để cai trị đất nước.","Trước hết, Taliban là một lực lượng vũ trang, không phải là một tổ chức chính trị dân sự phù hợp để cai trị đất nước."
259,vi-zh-2022-test-0259,同时，经过多年战争，阿富汗正处于财政枯竭和社会政治安全日益不稳定的状态。,"Đồng thời, sau nhiều năm chiến tranh, Afghanistan đang rơi vào tình trạng kiệt quệ về tài chính và an ninh chính trị xã hội ngày càng bất ổn.","Đồng thời, sau nhiều năm chiến tranh, Afghanistan đang ở trong tình trạng cạn kiệt tài chính và bất ổn an ninh chính trị xã hội ngày càng gia tăng.","Đồng thời, sau nhiều năm chiến tranh, Afghanistan đang rơi vào tình trạng cạn kiệt tài chính và an ninh chính trị - xã hội ngày càng bất ổn."
260,vi-zh-2022-test-0260,在塔利班政权之下，阿富汗人民将如何生活和建设国家，所有问题都会在不久的将来获得解答。,"Dưới chế độ Taliban, người dân Afghanistan sẽ sống và xây dựng đất nước như thế nào, tất cả câu hỏi sẽ được giải đáp trong thời gian sắp tới.","Dưới chế độ Taliban, người dân Afghanistan sẽ sống và xây dựng đất nước ra sao, mọi vấn đề sẽ được giải đáp trong tương lai không xa.",Người dân Afghanistan sẽ sống và xây dựng đất nước như thế nào dưới chế độ Taliban sẽ có câu trả lời trong thời gian sắp tới.
261,vi-zh-2022-test-0261,但从经济角度看，遭受损失最大的是企业。,"Nhưng ở góc độ kinh tế, chính doanh nghiệp là người chịu thiệt nhất.","Tuy nhiên, xét từ góc độ kinh tế, doanh nghiệp là đối tượng chịu tổn thất lớn nhất.","Nhưng xét ở góc độ kinh tế, thiệt hại lớn nhất chính là doanh nghiệp."
262,vi-zh-2022-test-0262,在力所能及的范围内，为减少企业的困难，越南政府、各部门和各地政府都为企业维持、恢复和发展生产创造了机制政策等便利条件。,"Trong phạm vi có thể, để giảm bớt khó khăn cho doanh nghiệp, Chính phủ Việt Nam, các ban ngành và chính quyền địa phương đã tạo cơ chế, chính sách để doanh nghiệp duy trì, khôi phục và phát triển sản xuất.","Trong phạm vi khả năng của mình, để giảm bớt khó khăn cho doanh nghiệp, Chính phủ Việt Nam, các bộ, ngành và chính quyền các địa phương đã tạo điều kiện thuận lợi về cơ chế, chính sách để doanh nghiệp duy trì, phục hồi và phát triển sản xuất.","Bằng khả năng tốt nhất của mình, nhằm giảm bớt khó khăn cho doanh nghiệp, Chính phủ Việt Nam, các bộ ngành và chính quyền địa phương đã tạo ra các cơ chế, chính sách và các điều kiện thuận lợi khác để doanh nghiệp duy trì, tiếp tục và phát triển sản xuất."
263,vi-zh-2022-test-0263,政府还主动颁布《关于延长2021年增值税、企业所得税、个人所得税和土地租赁费缴纳期限的第52号议定》、《关于继续在疫情期间采取解决生产经营困难、推动落实公共投资资金、保障社会秩序和安全等任务和措施的第84号决议》、《关于救助因疫遇困者的第42号决议》、《关于支持因新冠肺炎疫情而面临困难的雇员和雇主的多项政策的第68号决议》，并削减了多种行政手续。,"Chính phủ cũng đã chủ động ban hành ""Thỏa thuận số 52 về việc kéo dài thời gian nộp thuế giá trị gia tăng, thuế thu nhập doanh nghiệp, thuế thu nhập cá nhân và tiền thuê đất năm 2021"" và ""Về các biện pháp tiếp tục giải quyết khó khăn trong sản xuất và vận hành, thúc đẩy việc thực hiện các quỹ đầu tư công và bảo vệ xã hội trong thời kỳ đại dịch Nghị quyết số 84 về các nhiệm vụ và biện pháp bảo đảm trật tự và an toàn, Nghị quyết số 42 về cứu trợ người dân gặp khó khăn do giải quyết đại dịch, và cắt giảm một loạt các thủ tục hành chính.","Chính phủ còn chủ động ban hành Nghị định số 52 về việc gia hạn thời hạn nộp thuế giá trị gia tăng, thuế thu nhập doanh nghiệp, thuế thu nhập cá nhân và tiền thuê đất năm 2021; Nghị quyết số 84 về việc tiếp tục thực hiện các nhiệm vụ, giải pháp tháo gỡ khó khăn cho sản xuất kinh doanh, thúc đẩy giải ngân vốn đầu tư công, bảo đảm trật tự an toàn xã hội trong bối cảnh dịch bệnh; Nghị quyết số 42 về các biện pháp hỗ trợ người dân gặp khó khăn do dịch bệnh; Nghị quyết số 68 về các chính sách hỗ trợ người lao động và người sử dụng lao động gặp khó khăn do đại dịch COVID-19, đồng thời cắt giảm nhiều thủ tục hành chính.","Chính phủ cũng chủ động ban hành “Quyết định số 52 về gia hạn nộp thuế giá trị gia tăng, thuế thu nhập doanh nghiệp, thuế thu nhập cá nhân và tiền thuê đất năm 2021” và “Về việc tiếp tục thực hiện các giải pháp tháo gỡ khó khăn cho sản xuất kinh doanh, thúc đẩy thực hiện quỹ đầu tư công, bảo vệ xã hội trong thời kỳ dịch bệnh”. Nghị quyết số 84 về các nhiệm vụ, biện pháp như trật tự an ninh, Nghị quyết số 42 về hỗ trợ người bị mắc kẹt do dịch bệnh và Nghị quyết số 68 về nhiều chính sách hỗ trợ người lao động, người sử dụng lao động gặp khó khăn do dịch bệnh Covid-19 và cắt giảm các thủ tục hành chính."
264,vi-zh-2022-test-0264,其中向企业提供资助的一些政策已见成效，如：企业信贷政策（延长还贷期限、重组还贷期限、减免银行利息和费用）。,"Một số chính sách hỗ trợ tài chính cho doanh nghiệp đã đạt được kết quả như: chính sách tín dụng doanh nghiệp (kéo dài thời gian trả nợ, cơ cấu lại thời hạn trả nợ, miễn giảm lãi suất ngân hàng).","Một số chính sách hỗ trợ doanh nghiệp đã phát huy hiệu quả, ví dụ như chính sách tín dụng doanh nghiệp (gia hạn thời hạn trả nợ, tái cơ cấu thời hạn trả nợ, giảm và miễn lãi suất, phí ngân hàng).","Một số chính sách cấp vốn cho doanh nghiệp đã đạt được kết quả như: chính sách tín dụng doanh nghiệp (gia hạn thời gian trả nợ, cơ cấu lại thời hạn trả nợ, giảm, miễn lãi, phí ngân hàng)."
265,vi-zh-2022-test-0265,越南政府总理范明政最近在与企业、企业协会及各地政府机关代表就新冠肺炎疫情肆虐背景下，如何解决困难，促进生产经营问题举行的全国视频会议上表示：,"Thủ tướng Việt Nam Phạm Minh Chính mới đây đã phát biểu tại hội nghị truyền hình toàn quốc với đại diện các doanh nghiệp, hiệp hội doanh nghiệp và các cơ quan chính quyền địa phương về cách tháo gỡ khó khăn, thúc đẩy sản xuất và hoạt động trong bối cảnh đại dịch COVID - 19 hoành hành:","Thủ tướng Chính phủ Việt Nam Phạm Minh Chính gần đây đã phát biểu tại hội nghị trực tuyến toàn quốc về giải quyết khó khăn, thúc đẩy sản xuất kinh doanh trong bối cảnh dịch bệnh COVID-19 diễn biến phức tạp, với sự tham dự của đại diện doanh nghiệp, hiệp hội doanh nghiệp và các cơ quan chính quyền địa phương:","Thủ tướng Phạm Minh Chính của Chính phủ Việt Nam mới đây đã tổ chức Hội nghị truyền hình toàn quốc với đại diện các doanh nghiệp, hiệp hội doanh nghiệp và cơ quan chính quyền địa phương về cách tháo gỡ khó khăn, thúc đẩy sản xuất kinh doanh trong bối cảnh dịch bệnh Covid-19 đang hoành hành:"
266,vi-zh-2022-test-0266,政府将成立特别工作组，协助企业排忧解难，加强分级分权，把责任落实到人。,"Chính phủ sẽ thành lập một nhóm công tác đặc biệt để hỗ trợ doanh nghiệp giải quyết các vướng mắc, tăng cường phân loại, phân cấp, phân công trách nhiệm cho người dân.","Chính phủ sẽ thành lập một nhóm công tác đặc biệt để hỗ trợ doanh nghiệp giải quyết khó khăn, tăng cường phân cấp, phân quyền và quy trách nhiệm rõ ràng cho từng cá nhân.","Chính phủ sẽ thành lập một nhóm công tác đặc biệt để giúp các doanh nghiệp giải quyết vấn đề, tăng cường phân cấp và phân cấp, phân công trách nhiệm cho người dân."
267,vi-zh-2022-test-0267,政府也指示各地确保物流通畅，稳定供应链，为经济发展铺路。,"Chính phủ cũng chỉ đạo tất cả các địa phương phải đảm bảo hậu cần thông suốt, ổn định chuỗi cung ứng, tạo tiền đề cho phát triển kinh tế.","Chính phủ cũng chỉ đạo các địa phương đảm bảo thông suốt logistics, ổn định chuỗi cung ứng, tạo nền tảng cho phát triển kinh tế.","Chính phủ cũng đã chỉ đạo nhiều địa phương đảm bảo hoạt động hậu cần thông suốt, ổn định chuỗi cung ứng và mở đường cho phát triển kinh tế."
268,vi-zh-2022-test-0268,除了一床被子，其他什么都没有,"Trừ một cái giường đầy chăn ra, thì chẳng có gì khác cả",Ngoài một chiếc chăn ra thì không còn gì cả.,Chẳng có gì ngoài cái chăn
269,vi-zh-2022-test-0269,而角落的被子此时还无法被阳光小精灵照顾,Mà chiếc khăn trong góc lúc này vẫn chưa thể nào được những tia nắng tiểu thần tiên chăm sóc.,Và chăn ở góc phòng lúc này vẫn chưa được những tia nắng nhỏ chăm sóc.,Chiếc chăn bông trong góc lúc này không thể để cho Tinh Tinh lo liệu được.
270,vi-zh-2022-test-0270,看着看着，我的眼睛湿润了，心中感慨万千,"Cứ nhìn như vậy rồi từ từ mắt tôi ướt nhòe, trong lòng vô cùng xúc động.","Nhìn mãi, mắt tôi cay cay, lòng dâng lên muôn vàn cảm xúc.","Khi tôi nhìn nó, mắt tôi ươn ướt và tràn ngập cảm xúc."
271,vi-zh-2022-test-0271,我的意思是，这应该是挺明确的。,"Ý tôi là, điều đó rất rõ ràng.","Ý của tôi là, điều này hẳn là khá rõ ràng.","Ý tôi là, nó phải khá rõ ràng."
272,vi-zh-2022-test-0272,如果我们有了孩子我可不知道自己会不会是孩子妈妈,"Và nếu chúng ta muốn có một đứa con, em không dám chắc mình có làm mẹ được không nữa","Nếu chúng tôi có con, tôi không biết mình có trở thành một người mẹ tốt hay không.","Nếu chúng tôi có một đứa con, tôi không biết liệu mình có làm mẹ hay không."
273,vi-zh-2022-test-0273,有了温暖的港湾，我不再害怕狂风和海啸,"Có bến cảng ấm áp, tôi không còn sợ hãi cuồng phong và sóng thần nữa.","Có bến đỗ ấm áp, tôi không còn sợ bão tố và sóng thần nữa.","Có bến cảng ấm áp, tôi không còn sợ gió mạnh, sóng thần"
274,vi-zh-2022-test-0274,我永远也忘不了你扮演的小鹦我都要笑死了,Tôi không bao giờ quên tôi đã cười như thế nào khi xem bà đóng vai Kiki,"Tôi sẽ không bao giờ quên vai diễn chú vẹt nhỏ của bạn, tôi cười muốn chết mất.","Tôi sẽ không bao giờ quên vai diễn con vẹt của bạn, điều đó khiến tôi cười chết."
275,vi-zh-2022-test-0275,我们在飞机里时不能说话,"Khi ở trên máy bay, chúng ta không thể nói chuyện được","Khi ở trên máy bay, chúng ta không được nói chuyện.",Chúng ta không thể nói chuyện khi ở trên máy bay
276,vi-zh-2022-test-0276,知道吗玛丽娅在飞机里的那天你以为我没有看到可是我看到你在看我,"Cô biết không, Maria, ngày hôm đó trên máy bay cô không biết là tôi đang để ý, nhưng tôi đã thấy cô nhìn tôi","Bạn có biết không, ngày hôm đó trên máy bay, bạn tưởng tôi không nhìn thấy nhưng tôi đã thấy bạn đang nhìn tôi.","Bạn biết đấy, ngày Maria lên máy bay, bạn tưởng tôi không nhìn thấy nhưng tôi thấy bạn đang nhìn tôi"
277,vi-zh-2022-test-0277,我们爱上了对方我们为彼此疯狂,"Rằng chúng ta yêu nhau, rằng chúng ta điên cuồng vì nhau","Chúng tôi yêu nhau, chúng tôi điên cuồng vì nhau.","Chúng ta yêu nhau, chúng ta điên cuồng vì nhau"
278,vi-zh-2022-test-0278,孩子们，仅仅是凭借我们的想象， 他们会感到担忧，被威胁和危险。,"Trẻ em, như chúng ta vẫn thường nghĩ, sẽ cảm thấy lo sợ, bị đe dọa và nguy hiểm.","Trẻ em, chỉ dựa vào trí tưởng tượng của mình, chúng sẽ cảm thấy lo lắng, bị đe dọa và nguy hiểm.","Trẻ em, chỉ bằng trí tưởng tượng của chúng ta, cũng có thể cảm thấy lo lắng, bị đe dọa và gặp nguy hiểm."
279,vi-zh-2022-test-0279,我都做完了，但是没都做对，做错了两道题，所以成绩不会太好。,"Tôi đều làm hết rồi, nhưng làm không đều đúng, làm sai mất hai câu, vì vậy thành tích không quá tốt.","Tôi đã làm xong hết, nhưng không làm đúng hết, sai hai câu nên kết quả sẽ không tốt lắm.",Tôi đã hoàn thành tất cả nhưng tôi không làm được tất cả. Tôi làm sai hai câu nên điểm của tôi không được tốt lắm.
280,vi-zh-2022-test-0280,语法题不太难，我觉得都做对了。听力比较难，很多句子我没听懂。,"Câu ngữ pháp không quá khó, tôi cảm thấy làm đúng hết rồi.Phần nghe hơi khó, có nhiều câu tôi nghe không hiểu.","Bài tập ngữ pháp không khó lắm, tôi nghĩ mình làm đúng hết. Phần nghe hiểu thì hơi khó, nhiều câu tôi không nghe rõ.",Các câu hỏi ngữ pháp không quá khó và tôi nghĩ mình đã làm được hết. Nghe rất khó và tôi không hiểu được nhiều câu.
281,vi-zh-2022-test-0281,我们看了你的简历，觉得你目前的工作也不错，怎么想要换工作呢?,"Chúng tôi đã xem lý lịch của bạn, cảm thấy công việc hiện tại của bạn cũng rất tốt, sao lại muốn đổi công việc thế?","Chúng tôi đã xem hồ sơ của bạn, thấy công việc hiện tại của bạn cũng tốt, tại sao bạn lại muốn đổi việc vậy?",Chúng tôi đã xem sơ yếu lý lịch của bạn và cho rằng công việc hiện tại của bạn khá tốt. Tại sao bạn muốn thay đổi công việc?
282,vi-zh-2022-test-0282,待遇是还可以，可那是一家小公司。,"Đãi ngộ thì khá ổn, nhưng đó là một công ty nhỏ.","Lương thưởng thì cũng được, nhưng đó là một công ty nhỏ.","Mức lương thì ổn, nhưng đó là một công ty nhỏ."
283,vi-zh-2022-test-0283,我很希望能更上一层楼，所以看到贵公司的招聘信息后，就打算换个工作。,"Em rất hi vọng có thể tiến lên một bước cao hơn, cho nên sau khi đọc được thông tin tuyển dụng của quý công ty, liền dự định thay đổi công việc.","Tôi rất mong muốn được thăng tiến hơn nữa, vì vậy khi thấy thông tin tuyển dụng của quý công ty, tôi đã có ý định đổi việc.",Tôi rất mong muốn được thăng tiến lên cấp độ cao hơn nên sau khi xem thông tin tuyển dụng của công ty các bạn tôi đã quyết định chuyển việc.
284,vi-zh-2022-test-0284,总经理助理做的是办公室的日常工作。,Những việc mà trợ lý Tổng giám đốc làm là những công việc thường ngày của văn phòng.,Trợ lý tổng giám đốc phụ trách công việc hành chính hàng ngày của văn phòng.,Trợ lý cho tổng giám đốc thực hiện công việc hàng ngày của văn phòng.
285,vi-zh-2022-test-0285,我想是孩子的妈妈，就安慰她说，小孩子摔一跤没关系。,"Tôi nghĩ đó là mẹ của cậu bé, liền an ủi cô ấy nói, đứa trẻ ngã một cái không sao đâu.","Tôi nghĩ là mẹ của đứa bé, nên tôi an ủi cô ấy rằng, trẻ con bị ngã một cái không sao đâu.",Tôi tưởng đó là mẹ của đứa trẻ nên an ủi bà và nói rằng đứa trẻ có bị ngã cũng không sao.
286,vi-zh-2022-test-0286,"她双眼一瞪，对我吼道: ""你骑车也不小心一点儿，这次没摔伤算你走运!""","Cô ấy trừng mắt lên, quát lên với tôi: ""Cậu đi xe cũng không cẩn thận một chút được à, lần này ngã không bị thương coi như cậu gặp may rồi đấy!""","Cô ấy trừng mắt nhìn tôi, quát lên: ""Anh đi xe cũng không cẩn thận gì cả, lần này không bị thương coi như anh may mắn!""","Cô ấy mở to mắt và mắng tôi: “Anh đi xe đạp không cẩn thận, lần này may mắn không bị ngã và bị thương!”"
287,vi-zh-2022-test-0287,见邻居家的被子还在院子里晒着，心想，他们是双职工，恐怕不能回来收。,"Nhìn thấy chăn nhà hàng xóm vẫn đang phơi trong sân, liền nghĩ, vợ chồng họ đều là công nhân viên chức, e là không thể về để thu vào được.","Thấy chăn của nhà hàng xóm vẫn còn phơi ngoài sân, tôi nghĩ, họ là cặp vợ chồng cùng đi làm, chắc không về kịp để thu vào.","Tôi thấy chăn bông của nhà hàng xóm vẫn phơi ngoài sân, tôi nghĩ, vì họ làm cả hai việc, sợ về không được về lấy."
288,vi-zh-2022-test-0288,第五天回到宿舍，才想起邻居家的被子。,"Ngày thứ 5 quay về phòng trọ, mới nhớ đến cái chăn của nhà hàng xóm.","Ngày thứ năm về đến ký túc xá, tôi mới nhớ ra chăn của nhà hàng xóm.","Khi tôi trở lại ký túc xá vào ngày thứ năm, tôi nhớ đến chiếc chăn bông của người hàng xóm."
289,vi-zh-2022-test-0289,连忙去还，邻居却说，以为被小偷偷走了，就又买了一套新的。,"Liền vội vàng chạy đi trả, hàng xóm lại nói, tưởng rằng bị trộm lấy mất nên đã mua một bộ chăn mới.","Nhanh chóng đi trả, nhưng người hàng xóm lại nói rằng họ tưởng bị trộm mất nên đã mua một bộ mới rồi.",Tôi vội đi trả nhưng hàng xóm nói tưởng bị trộm trộm nên mua bộ mới.
290,vi-zh-2022-test-0290,大学本科及以上学历，英语，文秘或相关专业毕业。,"Trình độ học vấn đại học chính quy trở lên, tốt nghiệp chuyên ngành tiếng Anh, thư ký hoặc các chuyên ngành có liên quan.","Tốt nghiệp đại học trở lên, chuyên ngành tiếng Anh, văn thư lưu trữ hoặc các ngành liên quan.","Tốt nghiệp Đại học trở lên chuyên ngành tiếng Anh, thư ký hoặc chuyên ngành liên quan."
291,vi-zh-2022-test-0291,具有三年以上外企英语翻译或秘书相关工作经历者优先考虑。,Những người từng có kinh nghiệm 3 năm trở lên làm phiên dịch tiếng Anh hoặc công việc liên quan đến thư ký cho doanh nghiệp nước ngoài sẽ được ưu tiên xem xét.,Ưu tiên ứng viên có kinh nghiệm làm phiên dịch tiếng Anh hoặc thư ký cho công ty nước ngoài từ ba năm trở lên.,Ưu tiên ứng viên có trên 3 năm kinh nghiệm phiên dịch tiếng Anh hoặc làm thư ký ở công ty nước ngoài.
292,vi-zh-2022-test-0292,工作态度积极，认真负责; 熟悉常用办公软件。,"Thái độ làm việc tích cực, làm việc kỹ lưỡng, có tinh thần trách nhiệm; thành thạo phần mềm tin học văn phòng thông dụng.","Thái độ làm việc tích cực, nghiêm túc và có trách nhiệm; thành thạo các phần mềm văn phòng thông dụng.","Thái độ làm việc tích cực, nghiêm túc và có trách nhiệm; quen với các phần mềm văn phòng thông dụng."
293,vi-zh-2022-test-0293,我的自行车坏了，能把你的借给我吗?,"Xe đạp của tôi hỏng rồi, có thể cho tôi mượn xe của bạn không?","Xe đạp của tôi bị hỏng rồi, bạn có thể cho tôi mượn xe của bạn được không?","Xe đạp của tôi bị hỏng, bạn có thể cho tôi mượn xe đạp của bạn được không?"
294,vi-zh-2022-test-0294,没问题呀，只要我能帮得上,"Không vấn đề gì, chỉ cần tớ có thể giúp được.","Không vấn đề gì, chỉ cần tôi có thể giúp được.","Không vấn đề gì, miễn là tôi có thể giúp được"
295,vi-zh-2022-test-0295,看看这种布料是哪家公司买走的,Xem xem loại vải này là do công ty nào mua.,Xem loại vải này là công ty nào đã mua.,Tìm hiểu xem công ty nào đã mua loại vải này
296,vi-zh-2022-test-0296,我一直以为你发自肺腑说给我听的,Em cứ tưởng là anh nói từ tận tâm can cho em nghe cơ.,Tôi luôn nghĩ rằng bạn nói ra từ tận đáy lòng mình.,Anh luôn nghĩ em đang nói với anh từ tận đáy lòng
297,vi-zh-2022-test-0297,现在北京，上海，广州，深圳的房价太高了，根本就买不起房子了,"Bây giờ giá nhà ở Bắc Kinh, Thượng Hải, Quảng Châu, Thâm Quyến cao quá, căn bản là không đủ tiền để mua nhà.","Hiện tại, giá nhà ở Bắc Kinh, Thượng Hải, Quảng Châu và Thâm Quyến quá cao, hoàn toàn không thể mua nổi nhà.","Hiện nay giá nhà đất ở Bắc Kinh, Thượng Hải, Quảng Châu và Thâm Quyến quá cao và không thể mua được một căn nhà."
298,vi-zh-2022-test-0298,我们坐地铁去机场吧，不仅时间花费少，而且不拥挤,"Chúng ta đi tàu điện ngầm tới sân bay nhé, không những tiêu tốn ít thời gian, mà còn không chen lấn","Chúng ta đi tàu điện ngầm ra sân bay đi, vừa tốn ít thời gian lại không đông đúc.",Hãy đi tàu điện ngầm đến sân bay. Không những mất ít thời gian hơn mà còn không đông đúc.
299,vi-zh-2022-test-0299,家里停电了，你去超市买几根蜡烛,"Nhà mất điện rồi, anh đi siêu thị mua vài cây nến đi.","Nhà bị mất điện rồi, bạn đi siêu thị mua mấy cây nến nhé.",Nhà đang cúp điện. Đi siêu thị mua vài cây nến.
300,vi-zh-2022-test-0300,我觉得停电这种事情发生在那种乡下会比较多，像这种大城市都不会那么轻而易举就会停电了,"Tôi nghĩ việc mất điện này xảy ra ở những vùng nông thôn thì tương đối nhiều, nhưng ở các thành phố lớn thì sẽ không bị mất điện dễ dàng như vậy.","Tôi nghĩ những chuyện như mất điện thường xảy ra ở vùng nông thôn nhiều hơn, chứ ở những thành phố lớn như thế này thì không dễ dàng bị mất điện đâu.","Tôi nghĩ tình trạng mất điện xảy ra thường xuyên hơn ở khu vực nông thôn. Ở những thành phố lớn như thế này, việc mất điện sẽ không dễ dàng xảy ra."
